code,date,close,sma20,sma50,sma200,high52,dist_high52_pct,ret5_pct,ret1_pct,v20_usd,pullback_uptrend,above_sma200,near_high52,above_sma20,above_sma50,uptrend_sma20_50,breakout20,breakout50,new_high52,golden_cross_50_200,rsi_lt_30,rsi_recover_30,mom1d_ge_3,mom1d_ge_5,mom5d_ge_10,mom5d_breakout20,uptrend_breakout20,vol_2x_ma20,drop5d_above_sma200,new_low52_control
AAAA,2026-09-25,30.895,30.6621,30.5371,28.9518,31.053,-0.51,1.14,0.43,131212.0,1,1,1,1,1,1,0,0,0,0,0,0,0,0,0,0,0,0,0,0
AAAC,2026-09-24,20.12,20.087,20.0238,,20.12,0.0,0.07,0.0,2713.0,0,0,1,1,1,1,0,0,1,0,0,0,0,0,0,0,0,0,0,0
AAAP,2026-09-24,25.48,25.4068,25.2947,,,,0.16,0.08,375395.0,0,0,0,1,1,1,0,0,0,0,0,0,0,0,0,0,0,0,0,0
AADR,2026-09-24,82.44,83.7372,83.3469,85.3269,96.1107,-14.22,-1.98,-0.45,135836.0,0,0,0,0,0,0,0,0,0,0,0,0,0,0,0,0,0,0,0,0
AAEQ,2026-09-24,55.12,54.7395,54.3514,,55.527,-0.73,1.01,-0.0,129847.0,0,0,1,1,1,1,0,0,0,0,0,0,0,0,0,0,0,0,0,0
AAPR,2026-09-24,29.765,29.7517,29.6893,29.1229,29.835,-0.23,0.12,0.03,196784.0,1,1,1,1,1,1,0,0,0,0,0,0,0,0,0,0,0,0,0,0
AAPW,2026-09-24,41.452,40.2729,39.4275,34.8594,42.2574,-1.91,-0.36,-0.18,549873.0,1,1,1,1,1,1,0,0,0,0,0,0,0,0,0,0,0,0,0,0
AAPY,2026-09-24,27.901,27.1564,26.5439,23.7764,28.26,-1.27,-0.35,-0.26,192486.0,1,1,1,1,1,1,0,0,0,0,0,0,0,0,0,0,0,0,0,0
AAUA,2026-09-25,59.3467,58.6408,58.2397,,59.48,-0.22,1.45,0.52,84643.0,0,0,1,1,1,1,0,0,0,0,0,0,0,0,0,0,0,0,0,0
AAUS,2026-09-25,62.2504,61.5156,61.0923,57.6627,62.385,-0.22,1.39,0.54,130039.0,1,1,1,1,1,1,0,0,0,0,0,0,0,0,0,0,0,0,0,0
AAVM,2026-09-25,33.7747,34.1389,34.1253,32.9244,34.936,-3.32,-0.47,0.48,47232.0,1,1,1,0,0,0,0,0,0,0,0,0,0,0,0,0,0,0,0,0
AAXJ,2026-09-24,117.22,117.1475,114.6244,107.4473,124.21,-5.63,1.04,-0.54,53103576.0,1,1,0,1,1,1,0,0,0,0,0,0,0,0,0,0,0,0,0,0
ABCS,2026-09-25,34.0132,34.9858,35.4035,32.4445,36.548,-6.94,-1.13,0.67,79892.0,0,1,0,0,0,0,0,0,0,0,0,1,0,0,0,0,0,0,0,0
ABEQ,2026-09-24,38.014,38.6912,38.5847,37.6477,39.8185,-4.53,-1.47,-0.25,366089.0,1,1,1,0,0,0,0,0,0,0,0,0,0,0,0,0,0,0,0,0
ABFL,2026-09-24,80.69,81.1716,82.1951,77.5906,85.86,-6.02,0.11,-0.25,901293.0,1,1,0,0,0,0,0,0,0,0,0,0,0,0,0,0,0,0,0,0
ABI,2026-09-24,24.535,24.5867,24.6026,24.2642,24.6936,-0.64,-0.2,0.04,23638202.0,1,1,1,0,0,0,0,0,0,0,0,0,0,0,0,0,0,0,0,0
ABIG,2026-09-24,35.182,35.062,35.0949,32.9405,36.417,-3.39,0.61,0.03,204552.0,1,1,1,1,1,0,0,0,0,0,0,0,0,0,0,0,0,0,0,0
ABLD,2026-09-24,31.394,32.3929,31.9719,31.14,33.4499,-6.15,-2.6,-1.17,381975.0,0,1,0,0,0,0,0,0,0,0,0,0,0,0,0,0,0,0,0,0
ABLG,2026-09-24,30.74,31.2278,31.2681,31.4276,33.3143,-7.73,-0.87,-1.12,48018.0,0,0,0,0,0,0,0,0,0,0,0,0,0,0,0,0,0,0,0,0
ABLS,2026-09-25,20.5538,21.4584,22.313,20.703,23.775,-13.55,-2.26,-0.13,8434.0,0,0,0,0,0,0,0,0,0,0,1,0,0,0,0,0,0,0,0,0
ABND,2026-09-25,42.0138,42.5566,42.7951,42.8756,43.4366,-3.28,-0.91,0.18,786999.0,0,0,1,0,0,0,0,0,0,0,0,1,0,0,0,0,0,0,0,0
ABOT,2026-09-24,43.819,43.8317,42.7481,38.2883,44.733,-2.04,-0.4,-0.21,12950.0,1,1,1,0,1,0,0,0,0,0,0,0,0,0,0,0,0,0,0,0
ABUF,2026-09-25,27.8817,27.7151,27.5328,,27.91,-0.1,0.55,0.19,107030.0,0,0,1,1,1,1,0,0,0,0,0,0,0,0,0,0,0,0,0,0
ACEI,2026-09-25,23.955,23.7827,23.2536,22.871,24.061,-0.44,0.91,0.59,501601.0,1,1,1,1,1,1,0,0,0,0,0,0,0,0,0,0,0,0,0,0
ACEP,2026-09-24,20.02,20.4238,20.3668,18.7882,20.965,-4.51,-0.74,-0.56,139186.0,1,1,1,0,0,0,0,0,0,0,0,0,0,0,0,0,0,0,0,0
ACES,2026-09-24,28.07,29.6241,30.7146,33.9823,42.8174,-34.44,-4.63,-2.23,920956.0,0,0,0,0,0,0,0,0,0,0,0,0,0,0,0,0,0,0,0,1
ACGO,2026-09-24,39.1,38.2735,37.904,,,,2.46,0.31,21431.0,0,0,0,1,1,1,0,0,0,0,0,0,0,0,0,0,0,0,0,0
ACGR,2026-09-24,70.895,69.6106,69.1364,66.4816,72.0749,-1.64,2.44,-0.14,15556.0,1,1,1,1,1,1,0,0,0,0,0,0,0,0,0,0,0,0,0,0
ACII,2026-09-25,25.585,25.4336,25.3321,24.7096,25.64,-0.21,0.25,0.1,1407058.0,1,1,1,1,1,1,0,0,0,0,0,0,0,0,0,0,0,0,0,0
ACIO,2026-09-24,47.16,46.9042,46.7303,44.9908,47.61,-0.95,0.92,0.04,6024952.0,1,1,1,1,1,1,0,0,0,0,0,0,0,0,0,0,0,0,0,0
ACKY,2026-09-24,17.455,17.6228,17.5987,17.5476,18.4421,-5.35,0.78,0.09,420482.0,0,0,0,0,0,0,0,0,0,0,0,0,0,0,0,0,0,0,0,0
ACLC,2026-09-25,86.0662,85.5657,85.4485,81.1436,87.5698,-1.72,1.25,0.67,650948.0,1,1,1,1,1,1,0,0,0,0,0,0,0,0,0,0,0,0,0,0
ACLO,2026-09-24,50.527,50.42,50.2678,49.5225,50.527,0.0,0.16,0.09,1048236.0,0,1,1,1,1,1,0,0,1,0,0,0,0,0,0,0,0,0,0,0
ACSG,2026-09-25,46.46,47.4015,48.5013,45.0155,50.849,-8.63,-0.35,0.26,196456.0,1,1,0,0,0,0,0,0,0,0,0,0,0,0,0,0,0,0,0,0
ACSI,2026-09-25,76.6731,77.1951,77.0114,71.0702,78.639,-2.5,-0.0,0.66,34352.0,1,1,1,0,0,0,0,0,0,0,0,0,0,0,0,0,0,0,0,0
ACSV,2026-09-24,47.34,48.681,49.5594,45.7298,51.1181,-7.39,-1.65,0.19,176007.0,0,1,0,0,0,0,0,0,0,0,1,0,0,0,0,0,0,0,0,0
ACTS,2026-09-24,25.62,25.8545,26.3704,,29.38,-12.8,0.75,-0.27,71351.0,0,0,0,0,0,0,0,0,0,0,0,0,0,0,0,0,0,0,0,0
ACVF,2026-09-24,54.704,54.9262,54.9319,51.8747,56.791,-3.67,0.63,-0.18,260844.0,1,1,1,0,0,0,0,0,0,0,0,0,0,0,0,0,0,0,0,0
ACVU,2026-09-25,31.47,31.796,31.9317,29.6479,32.51,-3.2,-0.11,0.56,179408.0,1,1,1,0,0,0,0,0,0,0,0,0,0,0,0,0,0,1,0,0
ACWI,2026-09-24,160.08,160.2505,159.2054,150.2364,162.48,-1.48,0.32,-0.09,300707749.0,1,1,1,0,1,0,0,0,0,0,0,0,0,0,0,0,0,0,0,0
ACWV,2026-09-24,123.97,126.146,125.4562,121.282,128.22,-3.31,-1.33,-0.39,8931811.0,1,1,1,0,0,0,0,0,0,0,0,0,0,0,0,0,0,0,0,0
ACWX,2026-09-24,76.19,77.122,76.5526,72.6263,78.5,-2.94,-0.7,-0.47,513359005.0,1,1,1,0,0,0,0,0,0,0,0,0,0,0,0,0,0,0,0,0
ACYN,2026-09-25,20.83,20.7347,20.5533,,20.89,-0.29,0.14,-0.1,44923672.0,0,0,1,1,1,1,0,0,0,0,0,0,0,0,0,0,0,0,0,0
ACYQ,2026-09-25,21.15,20.8709,20.4067,,,,0.81,0.48,2424799.0,0,0,0,1,1,1,0,0,0,0,0,0,0,0,0,0,0,0,0,0
ACYS,2026-09-25,20.52,20.4827,20.3581,,,,-0.1,0.05,9638455.0,0,0,0,1,1,1,0,0,0,0,0,0,0,0,0,0,0,0,0,0
ADDS,2026-09-25,25.6,24.782,24.8132,,,,3.77,-1.2,128996.0,0,0,0,1,1,0,0,0,0,0,0,0,0,0,0,0,0,0,0,0
ADIV,2026-09-24,19.44,19.7213,19.5296,18.5457,20.104,-3.3,-0.49,-0.45,88961.0,1,1,1,0,0,0,0,0,0,0,0,0,0,0,0,0,0,0,0,0
ADME,2026-09-24,56.66,56.2806,56.104,53.6249,57.219,-0.98,1.05,0.12,430086.0,1,1,1,1,1,1,0,0,0,0,0,0,0,0,0,0,0,0,0,0
ADPV,2026-09-24,43.6,44.6085,45.0555,44.6964,48.8,-10.66,-2.24,0.35,273671.0,0,0,0,0,0,0,0,0,0,0,0,0,0,0,0,0,0,0,0,0
ADVE,2026-09-24,46.237,46.7981,46.2895,44.153,47.789,-3.25,-0.51,-0.67,137593.0,1,1,1,0,0,0,0,0,0,0,0,0,0,0,0,0,0,0,0,0
AELV,2026-09-25,26.4154,26.7605,26.7022,25.1075,27.305,-3.26,-0.69,0.68,196576.0,1,1,1,0,0,0,0,0,0,0,0,0,0,0,0,0,0,1,0,0
AESR,2026-09-24,20.12,19.8912,19.907,18.7987,20.81,-3.32,2.24,0.05,790863.0,1,1,1,1,1,0,0,0,0,0,0,0,0,0,0,0,0,0,0,0
AFDM,2026-09-25,90.0504,90.7746,90.5401,84.9803,92.5924,-2.75,0.27,0.96,727148.0,1,1,1,0,0,0,0,0,0,0,0,0,0,0,0,0,0,0,0,0
AFEM,2026-09-25,99.5023,98.3149,95.8358,88.46,100.1523,-0.65,1.83,0.88,285652.0,1,1,1,1,1,1,0,0,0,0,0,0,0,0,0,0,0,0,0,0
AFGR,2026-09-25,37.9962,37.214,37.0021,35.3314,38.079,-0.22,1.87,0.22,193755.0,1,1,1,1,1,1,0,0,0,0,0,0,0,0,0,0,0,0,0,0
AFK,2026-09-24,28.53,29.14,28.0116,27.3919,30.56,-6.64,-1.65,-0.45,1602443.0,1,1,0,0,1,0,0,0,0,0,0,0,0,0,0,0,0,0,0,0
AFLG,2026-09-24,44.24,44.6238,44.488,41.8667,45.3196,-2.38,-0.86,-0.34,2892474.0,1,1,1,0,0,0,0,0,0,0,0,0,0,0,0,0,0,0,0,0
AFMC,2026-09-24,39.89,40.5346,40.8796,38.3126,42.005,-5.04,-1.07,-0.37,1008797.0,1,1,0,0,0,0,0,0,0,0,0,0,0,0,0,0,0,0,0,0
AFOS,2026-09-24,45.233,45.4339,45.2135,41.1118,47.412,-4.6,0.66,-0.13,909914.0,1,1,1,0,1,0,0,0,0,0,0,0,0,0,0,0,0,0,0,0
AFSC,2026-09-25,36.9993,37.2282,38.105,34.7939,40.059,-7.64,0.72,0.4,17772.0,1,1,0,0,0,0,0,0,0,0,0,0,0,0,0,0,0,1,0,0
AFSM,2026-09-25,39.75,39.893,40.2465,36.803,41.5289,-4.28,0.14,0.4,479845.0,1,1,1,0,0,0,0,0,0,0,0,0,0,0,0,0,0,0,0,0
AGEM,2026-09-25,49.5683,49.0635,48.0888,44.5038,50.5567,-1.96,1.9,1.07,460278.0,1,1,1,1,1,1,0,0,0,0,0,0,0,0,0,0,0,0,0,0
AGIQ,2026-09-24,26.999,25.9175,25.0028,22.9819,26.999,0.0,2.81,0.07,120215.0,0,1,1,1,1,1,1,1,1,0,0,0,0,0,0,0,1,1,0,0
AGIX,2026-09-24,48.21,45.9685,44.7734,40.3107,49.4,-2.41,4.62,0.27,5850422.0,0,1,1,1,1,1,0,0,0,0,0,0,0,0,0,0,0,0,0,0
AGNG,2026-09-24,36.742,37.4333,37.5969,36.3595,39.207,-6.29,-0.72,-0.4,318321.0,1,1,0,0,0,0,0,0,0,0,0,0,0,0,0,0,0,0,0,0
AGOX,2026-09-25,33.6579,33.4034,33.6713,31.6015,35.48,-5.14,2.06,-0.02,1231909.0,1,1,0,1,0,0,0,0,0,0,0,0,0,0,0,0,0,1,0,0
AGQI,2026-09-24,18.301,18.5739,18.5356,17.6768,18.953,-3.44,-0.95,-0.16,84728.0,1,1,1,0,0,0,0,0,0,0,0,0,0,0,0,0,0,0,0,0
AGRW,2026-09-24,33.012,32.6259,32.3412,30.7005,33.64,-1.87,1.82,0.31,21356.0,1,1,1,1,1,1,0,0,0,0,0,0,0,0,0,0,0,0,0,0
AHD,2026-09-25,26.535,26.3072,25.565,,,,0.25,0.09,114931.0,0,0,0,1,1,1,0,0,0,0,0,0,0,0,0,0,0,1,0,0
AHLT,2026-09-25,31.17,30.1698,29.5357,28.7008,31.26,-0.29,2.43,-0.29,1307619.0,0,1,1,1,1,1,0,0,0,0,0,0,0,0,0,0,0,0,0,0
AIA,2026-09-24,143.11,140.848,137.2882,122.9698,150.17,-4.7,1.99,-0.45,48211503.0,1,1,1,1,1,1,0,0,0,0,0,0,0,0,0,0,0,0,0,0
AIEQ,2026-09-24,49.548,50.0198,50.1832,47.5445,51.564,-3.91,-0.17,-0.21,429698.0,1,1,1,0,0,0,0,0,0,0,0,0,0,0,0,0,0,1,0,0
AIFD,2026-09-24,54.19,52.1129,51.4577,45.8482,57.295,-5.42,3.86,0.31,517933.0,0,1,0,1,1,1,0,0,0,0,0,0,0,0,0,0,0,0,0,0
AIMS,2026-09-25,27.4381,27.5554,28.0812,,29.51,-7.02,0.95,0.25,70537.0,0,0,0,0,0,0,0,0,0,0,0,0,0,0,0,0,0,0,0,0
AINP,2026-09-24,24.17,24.4733,24.5435,24.5058,24.7478,-2.33,-1.1,-0.41,90193.0,0,0,1,0,0,0,0,0,0,0,1,0,0,0,0,0,0,0,0,0
AIOO,2026-09-25,26.48,26.4575,26.4258,26.0565,26.56,-0.3,0.19,0.0,401945.0,1,1,1,1,1,1,0,0,0,0,0,0,0,0,0,0,0,0,0,0
AIPI,2026-09-24,37.47,36.5596,35.1936,32.5078,37.498,-0.07,2.01,-0.03,7884203.0,0,1,1,1,1,1,0,0,0,0,0,0,0,0,0,0,0,0,0,0
AIPO,2026-09-24,28.63,28.4757,29.0871,28.0269,34.77,-17.66,1.52,-0.66,33065628.0,1,1,0,1,0,0,0,0,0,0,0,0,0,0,0,0,0,0,0,0
AIQ,2026-09-24,65.98,64.3125,62.5208,56.8959,70.14,-5.93,2.5,-0.02,60938580.0,1,1,0,1,1,1,0,0,0,0,0,0,0,0,0,0,0,0,0,0
AIQU,2026-09-24,21.5,18.8685,17.1592,,,,10.09,-0.69,168104.0,0,0,0,1,1,1,0,0,0,0,0,0,0,0,1,0,0,0,0,0
AIRR,2026-09-24,104.4,106.885,114.5738,116.9878,133.25,-21.65,-1.57,-0.87,87324924.0,0,0,0,0,0,0,0,0,0,0,0,0,0,0,0,0,0,0,0,0
AIS,2026-09-24,74.86,70.3615,68.93,57.9859,88.41,-15.33,5.82,-0.33,30705364.0,0,1,0,1,1,1,0,0,0,0,0,0,0,0,0,0,0,0,0,0
AIUP,2026-09-25,32.5526,30.4766,29.4285,,32.69,-0.42,4.54,-0.05,84273.0,0,0,1,1,1,1,0,0,0,0,0,0,0,0,0,0,0,0,0,0
AIVC,2026-09-24,115.644,111.6906,109.1565,90.9172,123.321,-6.23,3.73,-0.12,808081.0,0,1,0,1,1,1,0,0,0,0,0,0,0,0,0,0,0,0,0,0
AIVI,2026-09-24,58.59,59.6345,59.3822,55.219,60.83,-3.68,-1.66,0.21,158061.0,1,1,1,0,0,0,0,0,0,0,0,0,0,0,0,0,0,0,0,0
AIVL,2026-09-24,129.21,131.762,132.921,123.9912,136.29,-5.19,-1.02,-0.57,484866.0,0,1,0,0,0,0,0,0,0,0,0,0,0,0,0,0,0,0,0,0
AIX,2026-09-24,25.26,23.8815,23.4054,,,,5.38,0.12,14977.0,0,0,0,1,1,1,0,0,0,0,0,0,0,0,0,0,0,0,0,0
AIYY,2026-09-24,7.46,7.4055,7.1409,8.0131,14.297,-47.82,-0.92,-0.4,754198.0,0,0,0,1,1,1,0,0,0,0,0,0,0,0,0,0,0,0,0,0
AJAN,2026-09-25,28.615,28.5683,28.5352,28.1802,28.655,-0.14,0.23,0.07,46751.0,1,1,1,1,1,1,0,0,0,0,0,0,0,0,0,0,0,1,0,0
AJUL,2026-09-25,30.2984,30.2552,30.2397,29.66,30.474,-0.58,0.37,0.19,548901.0,1,1,1,1,1,1,0,0,0,0,0,0,0,0,0,0,0,0,0,0
AKAF,2026-09-24,31.28,32.4092,32.5064,31.4687,33.6631,-7.08,-2.4,-0.75,3400.0,0,0,0,0,0,0,0,0,0,0,0,0,0,0,0,0,0,0,0,0
AKRE,2026-09-24,54.67,57.8295,58.0284,57.3004,67.7,-19.25,-2.25,-0.22,20227735.0,0,0,0,0,0,0,0,0,0,0,0,0,0,0,0,0,0,0,0,0
ALAI,2026-09-24,46.86,45.3205,44.5615,40.0315,47.24,-0.8,3.99,0.34,2540523.0,0,1,1,1,1,1,0,0,0,0,0,0,0,0,0,0,0,0,0,0
ALDB,2026-09-24,25.86,25.7585,25.6168,,,,0.54,-0.12,66699.0,0,0,0,1,1,1,0,0,0,0,0,0,0,0,0,0,0,0,0,0
ALIL,2026-09-25,30.5169,30.5675,31.2326,30.4586,33.322,-8.42,0.96,0.51,151275.0,1,1,0,0,0,0,0,0,0,0,0,0,0,0,0,0,0,0,0,0
ALLW,2026-09-24,29.14,29.7597,29.6813,29.2549,30.435,-4.25,-1.79,-0.41,19697280.0,0,0,1,0,0,0,0,0,0,0,0,0,0,0,0,0,0,0,0,0
ALRG,2026-09-25,31.5844,31.1868,31.0568,29.0981,31.793,-0.66,1.46,0.66,14514.0,1,1,1,1,1,1,0,0,0,0,0,0,0,0,0,0,0,1,0,0
ALTL,2026-09-25,44.1,45.3842,46.1157,45.5494,51.4071,-14.21,-1.66,0.22,270095.0,0,0,0,0,0,0,0,0,0,0,1,0,0,0,0,0,0,0,0,0
ALTY,2026-09-24,11.915,12.1398,12.2007,11.9068,12.3262,-3.34,-1.45,-0.5,164740.0,0,1,1,0,0,0,0,0,0,0,0,0,0,0,0,0,0,0,0,0
AMAX,2026-09-24,7.605,7.583,7.4964,7.4952,7.7975,-2.47,0.54,0.0,747703.0,1,1,1,1,1,1,0,0,0,1,0,0,0,0,0,0,0,0,0,0
AMDW,2026-09-24,107.03,85.4992,82.1807,57.6817,107.03,0.0,18.62,2.91,7816893.0,0,1,1,1,1,1,1,1,1,0,0,0,0,0,1,1,1,0,0,0
AMDY,2026-09-24,52.36,44.5567,43.372,32.9183,52.36,0.0,13.0,1.91,13403314.0,0,1,1,1,1,1,1,1,1,0,0,0,0,0,1,1,1,0,0,0
AMEI,2026-09-25,25.9421,25.7686,26.0704,,,,1.57,0.67,50096.0,0,0,0,1,0,0,0,0,0,0,0,0,0,0,0,0,0,0,0,0
AMEM,2026-09-25,25.2629,24.8916,25.2291,,,,2.9,1.05,73805.0,0,0,0,1,1,0,0,0,0,0,0,0,0,0,0,0,0,0,0,0
AMGR,2026-09-25,25.7032,25.1942,25.2369,,,,2.12,0.88,63870.0,0,0,0,1,1,0,0,0,0,0,0,0,0,0,0,0,0,0,0,0
AMID,2026-09-24,36.277,36.1605,36.3347,34.9999,37.712,-3.81,1.26,0.09,538519.0,1,1,1,1,0,0,0,0,0,0,0,0,0,0,0,0,0,0,0,0
AMJB,2026-09-24,36.1,37.375,36.8668,33.7938,38.54,-6.33,-2.24,-0.69,1091401.0,0,1,0,0,0,0,0,0,0,0,0,0,0,0,0,0,0,0,0,0
AMLP,2026-09-24,53.4,55.1625,54.5466,50.6651,56.19,-4.97,-2.93,-0.34,58562774.0,0,1,1,0,0,0,0,0,0,0,0,0,0,0,0,0,0,0,0,0
AMOM,2026-09-24,61.225,58.9987,58.2588,54.6658,64.418,-4.96,3.47,-0.11,200028.0,0,1,1,1,1,1,0,0,0,0,0,0,0,0,0,0,0,1,0,0
AMYY,2026-09-24,13.731,13.3133,13.2097,12.1848,13.731,0.0,1.14,0.56,358141.0,0,1,1,1,1,1,1,1,1,0,0,0,0,0,0,0,1,1,0,0
AMZA,2026-09-24,48.71,50.1146,49.1626,44.2807,50.8855,-4.28,-2.89,-0.65,1807941.0,1,1,1,0,0,0,0,0,0,0,0,0,0,0,0,0,0,0,0,0
AMZP,2026-09-24,25.002,25.6284,26.0219,25.0831,29.2216,-14.44,-0.87,0.39,146776.0,0,0,0,0,0,0,0,0,0,0,0,0,0,0,0,0,0,0,0,0
AMZW,2026-09-24,34.558,35.4463,35.8172,33.7878,40.5155,-14.7,-0.89,0.13,574928.0,1,1,0,0,0,0,0,0,0,0,0,0,0,0,0,0,0,0,0,0
AMZY,2026-09-24,10.27,10.3787,10.3707,9.8854,11.1741,-8.09,-0.33,0.06,2996740.0,1,1,0,0,0,0,0,0,0,0,0,0,0,0,0,0,0,0,0,0
ANEW,2026-09-24,54.66,54.1299,53.2824,50.3448,55.231,-1.03,1.23,0.08,8407.0,1,1,1,1,1,1,0,0,0,0,0,0,0,0,0,0,0,0,0,0
ANV,2026-09-24,25.44,25.3097,25.0168,,25.46,-0.08,0.32,0.16,168767.0,0,0,1,1,1,1,0,0,0,0,0,0,0,0,0,0,0,1,0,0
AOA,2026-09-24,97.87,98.4645,98.1364,93.7771,99.89,-2.02,-0.18,-0.26,12959830.0,1,1,1,0,0,0,0,0,0,0,0,0,0,0,0,0,0,0,0,0
AOCT,2026-09-25,27.67,27.641,27.5669,27.0309,27.67,0.0,0.04,0.02,226872.0,1,1,1,1,1,1,0,0,1,0,0,0,0,0,0,0,0,0,0,0
AOK,2026-09-24,40.55,40.9679,41.0193,40.3858,41.454,-2.18,-0.81,-0.34,7893703.0,1,1,1,0,0,0,0,0,0,0,0,0,0,0,0,0,0,1,0,0
AOM,2026-09-24,49.02,49.4645,49.4808,48.4248,50.08,-2.12,-0.71,-0.37,14274349.0,1,1,1,0,0,0,0,0,0,0,0,0,0,0,0,0,0,1,0,0
AOR,2026-09-24,68.93,69.4485,69.3392,67.0397,70.4,-2.09,-0.35,-0.32,32866721.0,1,1,1,0,0,0,0,0,0,0,0,0,0,0,0,0,0,0,0,0
AOTG,2026-09-24,68.267,66.0007,64.0878,57.9885,69.297,-1.49,4.09,0.26,225245.0,0,1,1,1,1,1,0,0,0,0,0,0,0,0,0,0,0,0,0,0
APDB,2026-09-24,26.24,26.2035,26.0446,,,,0.46,-3.6,8892.0,0,0,0,1,1,1,0,0,0,0,0,0,0,0,0,0,0,0,0,0
APIE,2026-09-25,39.0,39.1391,39.1809,37.7177,40.05,-2.62,0.41,0.8,2484477.0,1,1,1,0,0,0,0,0,0,0,0,0,0,0,0,0,0,0,0,0
APLU,2026-09-25,23.54,23.854,23.9956,24.1986,24.6619,-4.55,-0.74,0.19,3460253.0,0,0,1,0,0,0,0,0,0,0,0,0,0,0,0,0,0,0,0,0
APLY,2026-09-24,11.88,11.6263,11.5201,10.7789,12.2319,-2.88,0.19,-0.18,705915.0,1,1,1,1,1,1,0,0,0,0,0,0,0,0,0,0,0,0,0,0
APOC,2026-09-25,26.63,26.5597,26.4777,26.2551,26.63,0.0,0.21,0.15,304746.0,0,1,1,1,1,1,0,0,1,0,0,0,0,0,0,0,0,0,0,0
APRB,2026-09-24,27.521,27.4329,27.2676,26.353,27.54,-0.07,0.33,-0.01,71147.0,1,1,1,1,1,1,0,0,0,0,0,0,0,0,0,0,0,0,0,0
APRH,2026-09-24,25.28,25.259,25.1762,24.512,25.295,-0.06,0.28,-0.02,161040.0,1,1,1,1,1,1,0,0,0,0,0,0,0,0,0,0,0,0,0,0
APRJ,2026-09-24,24.99,24.9954,24.9227,24.4289,25.05,-0.24,-0.02,-0.04,150449.0,1,1,1,0,1,0,0,0,0,0,0,0,0,0,0,0,0,0,0,0
APRP,2026-09-24,33.36,33.2776,33.0573,31.4497,33.456,-0.29,0.25,-0.07,106171.0,1,1,1,1,1,1,0,0,0,0,0,0,0,0,0,0,0,0,0,0
APRT,2026-09-25,47.1343,46.8787,46.5834,44.2309,47.1343,0.0,0.52,0.23,74348.0,1,1,1,1,1,1,1,1,1,0,0,0,0,0,0,0,1,0,0,0
APRW,2026-09-25,37.8801,37.7606,37.5782,36.2897,37.887,-0.02,0.3,0.11,262788.0,1,1,1,1,1,1,0,0,0,0,0,0,0,0,0,0,0,0,0,0
APRZ,2026-09-25,40.7548,40.4866,40.3968,38.6845,41.17,-1.01,1.07,0.43,32613.0,1,1,1,1,1,1,0,0,0,0,0,0,0,0,0,0,0,1,0,0
APUE,2026-09-24,47.33,47.1751,46.9907,44.1471,48.11,-1.62,0.81,0.04,5664443.0,1,1,1,1,1,1,0,0,0,0,0,0,0,0,0,0,0,0,0,0
APXM,2026-09-24,32.125,32.0792,31.9753,31.5028,32.145,-0.06,0.17,-0.05,23266.0,1,1,1,1,1,1,0,0,0,0,0,0,0,0,0,0,0,0,0,0
AQEC,2026-09-25,25.8637,25.8713,25.7641,24.965,26.315,-1.71,0.39,0.64,603005.0,1,1,1,0,1,0,0,0,0,0,0,0,0,0,0,0,0,0,0,0
AQLG,2026-09-25,26.3089,26.3509,26.3328,,,,0.15,0.22,2515.0,0,0,0,0,0,0,0,0,0,0,0,0,0,0,0,0,0,0,0,0
AQLT,2026-09-24,32.013,31.7444,31.6824,30.0552,32.55,-1.65,1.49,0.16,721567.0,1,1,1,1,1,1,0,0,0,0,0,0,0,0,0,0,0,0,0,0
AQWA,2026-09-24,18.025,18.5112,18.9926,19.1775,20.7582,-13.17,-1.93,-1.31,69733.0,0,0,0,0,0,0,0,0,0,0,0,0,0,0,0,0,0,0,0,1
ARB,2026-09-24,29.961,29.8125,29.7332,29.4213,29.971,-0.03,0.59,0.1,182820.0,1,1,1,1,1,1,0,0,0,0,0,0,0,0,0,0,0,0,0,0
ARCM,2026-09-24,100.105,100.0986,99.9366,98.9816,100.145,-0.04,-0.01,-0.01,56052.0,1,1,1,1,1,1,0,0,0,0,0,0,0,0,0,0,0,0,0,0
ARGT,2026-09-24,89.57,94.4485,93.7048,92.4275,102.5691,-12.67,-4.55,-1.68,12993567.0,0,0,0,0,0,0,0,0,0,0,0,0,0,0,0,0,0,0,0,0
ARKB,2026-09-24,27.99,26.4275,23.8169,24.6078,41.7,-32.88,10.37,-0.14,50982745.0,0,1,0,1,1,1,0,0,0,0,0,0,0,0,1,0,0,0,0,0
ARKD,2026-09-24,21.823,21.0624,20.4056,,21.826,-0.01,3.25,1.33,2317.0,0,0,1,1,1,1,0,0,0,0,0,0,0,0,0,0,0,0,0,0
ARKE,2026-09-24,21.4,20.7045,20.0584,,,,3.03,1.09,8400.0,0,0,0,1,1,1,0,0,0,0,0,0,0,0,0,0,0,1,0,0
ARKF,2026-09-24,47.4,46.0417,43.8461,42.6499,58.7686,-19.34,6.16,0.92,5533080.0,1,1,0,1,1,1,0,0,0,0,0,0,0,0,0,0,0,0,0,0
ARKG,2026-09-24,53.53,48.5945,44.8432,34.6641,53.53,0.0,3.76,5.13,201178772.0,0,1,1,1,1,1,1,1,1,0,0,0,1,1,0,0,1,0,0,0
ARKI,2026-09-24,24.04,23.0995,22.2818,,24.04,0.0,3.49,1.48,6434.0,0,0,1,1,1,1,0,0,1,0,0,0,0,0,0,0,0,0,0,0
ARKK,2026-09-24,91.7,86.2495,81.3691,77.5229,92.53,-0.9,5.5,2.15,399079801.0,0,1,1,1,1,1,0,0,0,0,0,0,0,0,0,0,0,0,0,0
ARKQ,2026-09-24,124.88,122.3287,121.9322,124.3421,143.82,-13.17,1.93,0.13,11045651.0,1,1,0,1,1,1,0,0,0,0,0,0,0,0,0,0,0,0,0,0
ARKT,2026-09-24,20.25,19.7924,19.257,18.8379,21.1146,-4.09,1.96,0.83,4857.0,1,1,1,1,1,1,0,0,0,0,0,0,0,0,0,0,0,0,0,0
ARKW,2026-09-24,165.39,158.1355,150.9259,141.9083,179.4259,-7.82,5.34,0.9,9913898.0,0,1,0,1,1,1,0,0,0,0,0,0,0,0,0,0,0,0,0,0
ARKX,2026-09-24,32.77,32.2102,32.2941,32.3533,37.74,-13.17,1.46,0.31,12026442.0,1,1,0,1,1,0,0,0,0,0,0,0,0,0,0,0,0,0,0,0
ARLI,2026-09-24,26.07,26.5475,26.6022,,27.12,-3.87,-1.44,-0.34,42381.0,0,0,1,0,0,0,0,0,0,0,0,0,0,0,0,0,0,1,0,0
ARLU,2026-09-24,32.525,32.418,32.3325,31.1122,33.016,-1.49,0.75,0.05,108466.0,1,1,1,1,1,1,0,0,0,0,0,0,0,0,0,0,0,0,0,0
ARMH,2026-09-24,13.13,11.1949,11.1043,8.8901,18.7069,-29.81,16.5,-7.54,185572.0,0,1,0,1,1,1,0,0,0,0,0,0,0,0,1,0,0,0,0,0
ARMW,2026-09-24,48.95,41.4092,41.2768,33.3584,78.1077,-37.33,18.42,-9.23,2831511.0,0,1,0,1,1,1,0,0,0,0,0,0,0,0,1,0,0,0,0,0
ARMY,2026-09-24,23.74,24.1163,25.2021,25.5627,28.739,-17.39,-0.82,-0.86,113962.0,0,0,0,0,0,0,0,0,0,0,0,0,0,0,0,0,0,0,0,0
ARP,2026-09-24,34.423,34.3333,33.7047,32.5472,34.663,-0.69,0.28,-0.13,375639.0,1,1,1,1,1,1,0,0,0,0,0,0,0,0,0,0,0,0,0,0
ARTY,2026-09-24,78.54,75.423,72.6596,61.6592,80.7026,-2.68,4.59,-0.17,32285595.0,0,1,1,1,1,1,0,0,0,0,0,0,0,0,0,0,0,0,0,0
ARVR,2026-09-24,58.427,57.4903,56.3129,51.9146,59.243,-1.38,1.79,-0.2,21230.0,1,1,1,1,1,1,0,0,0,0,0,0,0,0,0,0,0,0,0,0
ARWG,2026-09-24,25.728,25.8924,26.1126,,27.234,-5.53,-0.53,-0.44,76009.0,0,0,0,0,0,0,0,0,0,0,0,0,0,0,0,0,0,1,0,0
ASCE,2026-09-25,33.4098,34.1312,34.4246,31.2141,35.55,-6.02,-0.59,-0.42,3766396.0,1,1,0,0,0,0,0,0,0,0,0,0,0,0,0,0,0,0,0,0
ASCI,2026-09-25,36.8226,36.6262,36.5044,35.8215,38.125,-3.42,0.27,0.9,53210.0,1,1,1,1,1,1,0,0,0,0,0,0,0,0,0,0,0,0,0,0
ASD,2026-09-25,27.0249,27.348,27.4416,,,,-0.49,-0.02,3705.0,0,0,0,0,0,0,0,0,0,0,0,0,0,0,0,0,0,0,0,0
ASEA,2026-09-24,21.19,21.498,21.3674,19.7128,22.0,-3.68,-0.19,-0.33,535603.0,1,1,1,0,0,0,0,0,0,0,0,0,0,0,0,0,0,0,0,0
ASGM,2026-09-25,33.3075,33.0562,32.2466,30.1201,33.61,-0.9,1.9,-0.9,67713.0,1,1,1,1,1,1,0,0,0,0,0,0,0,0,0,0,0,1,0,0
ASHR,2026-09-24,33.19,33.8695,34.238,34.2292,37.3,-11.02,-0.72,-1.19,104564868.0,0,0,0,0,0,0,0,0,0,0,0,0,0,0,0,0,0,0,0,0
ASHS,2026-09-24,41.47,42.203,42.2004,42.8446,48.61,-14.69,-1.12,-1.82,247344.0,0,0,0,0,0,0,0,0,0,0,0,0,0,0,0,0,0,1,0,0
ASIA,2026-09-24,41.75,41.4055,40.9942,39.3248,47.375,-11.87,2.07,-0.27,90379.0,1,1,0,1,1,1,0,0,0,0,0,0,0,0,0,0,0,1,0,0
ASLV,2026-09-24,30.125,30.5284,30.7068,29.4563,31.441,-4.19,-0.6,-0.13,124215.0,1,1,1,0,0,0,0,0,0,0,0,0,0,0,0,0,0,0,0,0
ASMF,2026-09-25,27.5317,26.7218,26.2177,25.6211,27.575,-0.16,2.54,-0.16,224696.0,0,1,1,1,1,1,0,0,0,0,0,0,0,0,0,0,0,0,0,0
ASMH,2026-09-24,11.885,11.4615,11.6921,10.2504,13.6184,-12.73,6.42,-1.04,113283.0,0,1,0,1,1,0,0,0,0,0,0,0,0,0,0,0,0,0,0,0
ATC,2026-09-25,24.865,23.7299,22.0053,,,,-0.18,-0.18,3153.0,0,0,0,1,1,1,0,0,0,0,0,0,0,0,0,0,0,0,0,0
ATCL,2026-09-25,24.4714,24.3263,24.2469,,24.52,-0.2,0.54,0.13,1007343.0,0,0,1,1,1,1,0,0,0,0,0,0,0,0,0,0,0,0,0,0
ATFV,2026-09-24,41.034,39.8632,39.2679,36.8375,41.745,-1.7,3.39,0.55,1177560.0,1,1,1,1,1,1,0,0,0,0,0,0,0,0,0,0,0,0,0,0
ATTR,2026-09-25,96.1432,95.5328,95.1365,92.9659,96.144,-0.0,0.49,0.13,295223.0,0,1,1,1,1,1,0,0,0,0,0,0,0,0,0,0,0,0,0,0
AUGM,2026-09-25,35.455,35.3885,35.3263,34.6466,35.47,-0.04,0.35,0.07,1213094.0,1,1,1,1,1,1,0,0,0,0,0,0,0,0,0,0,0,0,0,0
AUGP,2026-09-25,34.18,33.9554,33.7936,32.2797,34.193,-0.04,0.77,0.34,130630.0,1,1,1,1,1,1,0,0,0,0,0,0,0,0,0,0,0,0,0,0
AUGT,2026-09-25,39.465,39.1938,39.0019,37.1089,39.495,-0.08,0.89,0.34,42572.0,1,1,1,1,1,1,0,0,0,0,0,0,0,0,0,0,0,0,0,0
AUGU,2026-09-25,32.3535,32.1269,32.0435,30.6414,32.63,-0.85,1.06,0.39,78491.0,1,1,1,1,1,1,0,0,0,0,0,0,0,0,0,0,0,0,0,0
AUGW,2026-09-25,34.8855,34.7119,34.5868,33.4496,34.89,-0.01,0.62,0.27,181012.0,1,1,1,1,1,1,0,0,0,0,0,0,0,0,0,0,0,0,0,0
AUGZ,2026-09-25,46.3418,46.0339,45.8679,43.8916,46.61,-0.58,0.99,0.33,96802.0,1,1,1,1,1,1,0,0,0,0,0,0,0,0,0,0,0,0,0,0
AUSF,2026-09-24,49.54,51.139,51.3805,48.8921,52.4,-5.46,-2.31,-0.4,2959239.0,0,1,0,0,0,0,0,0,0,0,1,0,0,0,0,0,0,0,0,0
AV,2026-09-24,25.6,26.302,27.6866,,,,-0.62,-0.58,12520.0,0,0,0,0,0,0,0,0,0,0,1,0,0,0,0,0,0,0,0,0
AVDE,2026-09-24,91.07,92.6806,92.1862,87.8174,94.4043,-3.53,-1.5,-0.2,88440387.0,1,1,1,0,0,0,0,0,0,0,0,0,0,0,0,0,0,1,0,0
AVDS,2026-09-24,78.56,79.6625,78.491,75.1226,80.8529,-2.84,-1.29,-0.52,1726190.0,1,1,1,0,1,0,0,0,0,0,0,0,0,0,0,0,0,0,0,0
AVDV,2026-09-24,110.22,111.5376,108.8022,103.1877,113.214,-2.64,-1.18,-0.24,72624188.0,1,1,1,0,1,0,0,0,0,0,0,0,0,0,0,0,0,0,0,0
AVEE,2026-09-24,68.17,68.8722,67.2561,66.3661,71.8619,-5.14,-0.32,-0.28,815071.0,1,1,0,0,1,0,0,0,0,0,0,0,0,0,0,0,0,0,0,0
AVEM,2026-09-24,94.29,94.5737,92.4276,87.3888,99.5094,-5.25,0.2,-0.47,153604201.0,1,1,0,0,1,0,0,0,0,0,0,0,0,0,0,0,0,0,0,0
AVES,2026-09-24,64.88,65.8598,64.5366,62.8086,68.1347,-4.78,-0.84,-0.63,5544046.0,1,1,1,0,1,0,0,0,0,0,0,0,0,0,0,0,0,0,0,0
AVGE,2026-09-24,99.27,100.3461,100.0986,93.9705,102.131,-2.8,-0.48,-0.07,8722361.0,1,1,1,0,0,0,0,0,0,0,0,0,0,0,0,0,0,0,0,0
AVGV,2026-09-24,85.34,87.0542,86.8229,81.3593,88.5537,-3.63,-1.33,-0.16,4406403.0,1,1,1,0,0,0,0,0,0,0,0,0,0,0,0,0,0,0,0,0
AVGW,2026-09-24,32.22,33.1741,35.3499,35.0278,48.1897,-33.14,1.1,-1.62,1092409.0,0,0,0,0,0,0,0,0,0,0,0,0,0,0,0,0,0,0,0,0
AVIE,2026-09-25,78.4114,79.9853,79.0191,73.2327,81.7231,-4.05,-1.18,-0.15,173907.0,1,1,1,0,0,0,0,0,0,0,0,0,0,0,0,0,0,0,0,0
AVIV,2026-09-24,80.62,82.2261,81.5529,76.924,83.6162,-3.58,-2.09,-0.19,7066808.0,1,1,1,0,0,0,0,0,0,0,0,0,0,0,0,0,0,0,0,0
AVLC,2026-09-24,90.91,91.0879,90.7256,84.7582,94.05,-3.34,0.51,-0.05,7733647.0,1,1,1,0,1,0,0,0,0,0,0,0,0,0,0,0,0,0,0,0
AVLV,2026-09-24,91.55,93.0547,93.0721,85.8592,94.7772,-3.41,-0.89,0.01,120288872.0,1,1,1,0,0,0,0,0,0,0,0,0,0,0,0,0,0,0,0,0
AVMA,2026-09-25,72.4831,72.9545,73.0056,70.0295,74.0486,-2.11,-0.01,0.42,932498.0,1,1,1,0,0,0,0,0,0,0,0,0,0,0,0,0,0,0,0,0
AVMC,2026-09-24,77.09,78.55,79.5872,76.1771,82.2787,-6.31,-0.63,-0.31,1654891.0,1,1,0,0,0,0,0,0,0,0,0,0,0,0,0,0,0,0,0,0
AVMV,2026-09-25,77.64,79.5865,81.0655,77.2933,83.752,-7.3,-0.77,0.22,5446761.0,0,1,0,0,0,0,0,0,0,0,1,0,0,0,0,0,0,0,0,0
AVNM,2026-09-24,83.69,84.871,83.7872,79.7141,86.2299,-2.95,-1.12,-0.2,6855612.0,1,1,1,0,0,0,0,0,0,0,0,0,0,0,0,0,0,1,0,0
AVNV,2026-09-24,85.17,86.5204,85.1255,81.1052,87.8428,-3.04,-1.48,-0.3,597932.0,1,1,1,0,1,0,0,0,0,0,0,0,0,0,0,0,0,0,0,0
AVOS,2026-09-24,27.02,27.589,27.4894,,28.13,-3.95,-1.28,-0.52,47088.0,0,0,1,0,0,0,0,0,0,0,0,0,0,0,0,0,0,0,0,0
AVRE,2026-09-24,44.91,46.2067,47.3867,45.8189,48.9606,-8.27,-1.78,-0.22,3467771.0,0,0,0,0,0,0,0,0,0,0,1,0,0,0,0,0,0,0,0,0
AVRY,2026-09-25,24.8339,25.5142,25.3615,,26.518,-6.35,0.17,-0.8,163970.0,0,0,0,0,0,0,0,0,0,0,0,0,0,0,0,0,0,0,0,0
AVSC,2026-09-24,69.89,71.5253,72.6106,66.8859,75.0363,-6.86,-1.23,-0.11,8364037.0,0,1,0,0,0,0,0,0,0,0,0,0,0,0,0,0,0,0,0,0
AVSD,2026-09-24,80.11,81.5656,81.544,77.6684,83.3839,-3.93,-1.57,-0.26,1802436.0,1,1,1,0,0,0,0,0,0,0,0,0,0,0,0,0,0,0,0,0
AVSE,2026-09-24,79.38,79.3497,77.5718,73.2486,84.0369,-5.54,0.62,-0.44,1101040.0,1,1,0,1,1,1,0,0,0,0,0,0,0,0,0,0,0,0,0,0
AVSU,2026-09-25,89.2,88.5569,88.5901,82.3521,90.7976,-1.76,1.33,0.67,859577.0,1,1,1,1,1,0,0,0,0,0,0,0,0,0,0,0,0,0,0,0
AVTM,2026-09-24,55.06,55.089,54.9151,,56.4728,-2.5,0.47,0.04,57427.0,0,0,1,0,1,0,0,0,0,0,0,0,0,0,0,0,0,0,0,0
AVUQ,2026-09-25,68.3158,67.0042,66.6501,63.1161,68.575,-0.38,1.92,0.43,854845.0,1,1,1,1,1,1,0,0,0,0,0,0,0,0,0,0,0,0,0,0
AVUS,2026-09-24,129.15,129.5312,129.2842,120.8794,132.1734,-2.29,0.31,-0.05,36847616.0,1,1,1,0,0,0,0,0,0,0,0,0,0,0,0,0,0,0,0,0
AVUV,2026-09-24,120.21,123.681,125.0399,116.1978,128.3201,-6.32,-1.93,-0.1,152632288.0,0,1,0,0,0,0,0,0,0,0,1,0,0,0,0,0,0,0,0,0
AVXC,2026-09-24,82.681,82.8041,80.6305,74.9097,87.9335,-5.97,0.03,-0.46,4307157.0,1,1,0,0,1,0,0,0,0,0,0,0,0,0,0,0,0,0,0,0
AWAY,2026-09-24,16.796,18.2229,18.9707,18.3229,22.44,-25.15,-5.0,0.3,1499524.0,0,0,0,0,0,0,0,0,0,0,1,0,0,0,0,0,0,0,0,0
AZTD,2026-09-24,30.429,31.5199,32.1373,30.9984,33.453,-9.04,-2.03,-0.4,5032.0,0,0,0,0,0,0,0,0,0,0,1,0,0,0,0,0,0,1,0,0
AZYY,2026-09-24,14.325,14.1322,13.9703,14.1775,16.828,-14.87,0.52,0.08,17555.0,0,1,0,1,1,1,0,0,0,0,0,0,0,0,0,0,0,0,0,0
BABO,2026-09-24,7.28,7.3527,7.6519,8.4547,11.1106,-34.48,0.8,0.11,240519.0,0,0,0,0,0,0,0,0,0,0,0,0,0,0,0,0,0,0,0,0
BABW,2026-09-24,20.044,20.3507,21.7188,25.3121,37.3668,-46.36,2.26,-0.2,36650.0,0,0,0,0,0,0,0,0,0,0,0,0,0,0,0,0,0,0,0,0
BAFE,2026-09-24,29.735,29.6857,29.72,28.0657,30.471,-2.42,0.87,0.32,1546815.0,1,1,1,1,1,0,0,0,0,0,0,0,0,0,0,0,0,0,0,0
BAGY,2026-09-24,24.17,23.9448,23.1251,25.2857,40.9079,-40.92,2.92,0.15,102933.0,0,0,0,1,1,1,0,0,0,0,0,0,0,0,0,0,0,0,0,0
BAI,2026-09-24,47.09,44.667,44.1606,40.8041,54.23,-13.17,6.37,0.13,207407008.0,0,1,0,1,1,1,0,0,0,0,0,0,0,0,0,0,0,0,0,0
BAIV,2026-09-25,28.115,28.5738,28.3795,,29.24,-3.85,-0.09,0.7,803930.0,0,0,1,0,0,0,0,0,0,0,0,0,0,0,0,0,0,1,0,0
BALI,2026-09-24,34.495,34.4697,34.268,31.992,34.9739,-1.37,0.36,-0.13,7885046.0,1,1,1,1,1,1,0,0,0,0,0,0,0,0,0,0,0,0,0,0
BALQ,2026-09-24,57.24,55.6041,54.8947,50.5032,57.598,-0.62,3.0,0.12,876776.0,1,1,1,1,1,1,0,0,0,0,0,0,0,0,0,0,0,0,0,0
BALT,2026-09-24,34.9,34.786,34.6473,34.0176,34.99,-0.26,0.35,0.03,16449305.0,1,1,1,1,1,1,0,0,0,0,0,0,0,0,0,0,0,0,0,0
BAMA,2026-09-25,36.9203,36.7247,36.5612,35.1935,37.143,-0.6,0.83,0.55,217174.0,1,1,1,1,1,1,0,0,0,0,0,0,0,0,0,0,0,0,0,0
BAMD,2026-09-24,32.51,33.9933,34.1803,31.9479,35.0571,-7.27,-3.9,-0.58,491248.0,0,1,0,0,0,0,0,0,0,0,1,0,0,0,0,0,0,1,0,0
BAMG,2026-09-25,45.4229,44.4288,44.2818,41.5699,45.4229,0.0,2.41,0.81,1547659.0,1,1,1,1,1,1,0,0,1,0,0,0,0,0,0,0,0,0,0,0
BAMO,2026-09-25,34.8979,34.8166,34.779,33.4824,35.2225,-0.92,0.61,0.41,236365.0,1,1,1,1,1,1,0,0,0,0,0,0,0,0,0,0,0,0,0,0
BAMV,2026-09-25,36.7851,37.4259,37.3464,34.5762,38.4504,-4.33,-0.45,0.78,1090128.0,1,1,1,0,0,0,0,0,0,0,0,0,0,0,0,0,0,0,0,0
BAMY,2026-09-25,26.7268,27.0219,27.074,26.8908,27.2695,-1.99,-0.89,-0.01,241265.0,0,0,1,0,0,0,0,0,0,0,1,0,0,0,0,0,0,0,0,0
BAPR,2026-09-24,54.666,54.4742,54.1111,51.1911,54.785,-0.22,0.36,0.02,303873.0,1,1,1,1,1,1,0,0,0,0,0,0,0,0,0,0,0,0,0,0
BASG,2026-09-25,28.3992,28.1167,28.0018,25.8317,29.12,-2.48,1.92,0.71,453013.0,1,1,1,1,1,1,0,0,0,0,0,0,0,0,0,0,0,1,0,0
BASV,2026-09-25,30.5218,31.0855,31.3334,29.3041,32.27,-5.42,-0.17,0.95,562835.0,1,1,0,0,0,0,0,0,0,0,0,0,0,0,0,0,0,1,0,0
BATT,2026-09-24,14.64,15.2071,15.0485,15.4046,18.03,-18.8,-0.95,-1.21,524825.0,0,0,0,0,0,0,0,0,0,0,0,0,0,0,0,0,0,0,0,0
BAUG,2026-09-24,55.44,55.2422,54.9422,52.1497,55.699,-0.47,0.57,0.07,424593.0,1,1,1,1,1,1,0,0,0,0,0,0,0,0,0,0,0,0,0,0
BAVA,2026-09-25,28.4433,22.5542,19.8377,,,,26.47,-0.06,137962.0,0,0,0,1,1,1,0,0,0,0,0,0,0,0,1,0,0,0,0,0
BAY,2026-09-25,30.5507,29.6605,29.104,,,,2.8,-0.29,5284.0,0,0,0,1,1,1,0,0,0,0,0,0,0,0,0,0,0,0,0,0
BBAX,2026-09-24,61.68,63.2564,63.1867,60.0169,64.9847,-5.09,-1.8,-0.08,10644516.0,1,1,0,0,0,0,0,0,0,0,0,0,0,0,0,0,0,0,0,0
BBB,2026-09-24,32.315,31.7385,30.7309,29.4639,32.732,-1.27,3.14,-0.07,62003.0,1,1,1,1,1,1,0,0,0,0,0,0,0,0,0,0,0,0,0,0
BBC,2026-09-24,45.78,50.7464,51.3752,45.1168,56.025,-18.29,-7.04,-1.86,898312.0,0,1,0,0,0,0,0,0,0,0,0,0,0,0,0,0,0,1,0,0
BBCA,2026-09-24,102.21,104.4731,104.3209,98.2738,107.547,-4.96,-1.49,-0.24,30926836.0,1,1,1,0,0,0,0,0,0,0,0,0,0,0,0,0,0,0,0,0
BBEM,2026-09-24,76.96,77.0981,75.6487,71.648,81.3048,-5.34,0.51,-0.7,876680.0,1,1,0,0,1,0,0,0,0,0,0,0,0,0,0,0,0,0,0,0
BBEU,2026-09-24,76.75,78.3146,78.8006,75.4165,80.9995,-5.25,-1.19,0.0,27055238.0,1,1,0,0,0,0,0,0,0,0,0,0,0,0,0,0,0,0,0,0
BBH,2026-09-24,243.78,236.604,224.7478,199.7998,244.02,-0.1,2.98,1.49,2846954.0,0,1,1,1,1,1,1,0,0,0,0,0,0,0,0,0,1,0,0,0
BBHL,2026-09-24,17.2,17.1611,17.2591,16.5095,17.733,-3.01,1.16,0.0,489879.0,1,1,1,1,0,0,0,0,0,0,0,0,0,0,0,0,0,0,0,0
BBHM,2026-09-24,11.51,11.6201,11.8782,11.6297,12.5,-7.92,0.68,-0.17,1706772.0,0,0,0,0,0,0,0,0,0,0,0,0,0,0,0,0,0,0,0,0
BBIN,2026-09-24,78.33,79.7376,79.6395,76.0853,81.3722,-3.74,-1.51,-0.22,6143716.0,1,1,1,0,0,0,0,0,0,0,0,0,0,0,0,0,0,0,0,0
BBJP,2026-09-24,77.26,78.3158,76.8881,72.9949,79.62,-2.96,-2.27,-1.27,94795524.0,1,1,1,0,1,0,0,0,0,0,0,0,0,0,0,0,0,0,0,0
BBLU,2026-09-24,17.37,17.357,17.1899,16.0467,17.55,-1.03,0.29,0.29,1756771.0,1,1,1,1,1,1,0,0,0,0,0,0,0,0,0,0,0,0,0,0
BBMC,2026-09-25,122.402,123.8574,125.402,117.7264,129.6331,-5.58,0.14,0.41,1384235.0,1,1,0,0,0,0,0,0,0,0,0,0,0,0,0,0,0,0,0,0
BBP,2026-09-24,104.633,105.6191,102.4337,89.397,109.904,-4.8,-0.27,0.0,1216526.0,1,1,1,0,1,0,0,0,0,0,0,0,0,0,0,0,0,0,0,0
BBRE,2026-09-24,101.06,103.6196,106.7145,100.7494,112.1464,-9.89,-1.44,-0.01,3478234.0,0,1,0,0,0,0,0,0,0,0,1,0,0,0,0,0,0,0,0,0
BBSC,2026-09-24,86.065,88.1303,89.6997,82.8871,93.096,-7.55,-1.11,-0.2,772583.0,1,1,0,0,0,0,0,0,0,0,0,0,0,0,0,0,0,0,0,0
BBUS,2026-09-24,138.53,137.8668,136.9896,128.8607,140.0482,-1.08,0.88,0.01,30273001.0,1,1,1,1,1,1,0,0,0,0,0,0,0,0,0,0,0,0,0,0
BBYY,2026-09-24,8.835,8.7993,8.9976,10.1851,12.7131,-30.5,0.67,0.06,11933.0,0,0,0,1,0,0,0,0,0,0,0,0,0,0,0,0,0,0,0,0
BCCC,2026-09-24,13.48,12.9512,12.146,12.4653,18.149,-25.73,6.65,0.0,191512.0,0,1,0,1,1,1,0,0,0,0,0,0,0,0,0,0,0,0,0,0
BCDF,2026-09-24,32.584,33.3189,32.8769,31.7252,34.389,-5.25,0.49,-0.19,23808.0,1,1,0,0,0,0,0,0,0,0,0,0,0,0,0,0,0,0,0,0
BCEM,2026-09-24,26.95,26.88,26.4398,,,,1.05,-0.92,215382.0,0,0,0,1,1,1,0,0,0,0,0,0,0,0,0,0,0,0,0,0
BCFN,2026-09-24,21.799,22.867,22.9699,,25.532,-14.62,-2.08,-0.49,58276.0,0,0,0,0,0,0,0,0,0,0,0,0,0,0,0,0,0,0,0,0
BCGD,2026-09-24,26.258,26.2922,26.4329,,27.145,-3.27,1.35,0.19,109861.0,0,0,1,0,0,0,0,0,0,0,0,0,0,0,0,0,0,0,0,0
BCGS,2026-09-24,26.97,27.2765,27.5256,,28.83,-6.45,0.6,-0.04,6235.0,0,0,0,0,0,0,0,0,0,0,0,0,0,0,0,0,0,0,0,0
BCHP,2026-09-24,37.606,37.7753,37.8153,36.6137,39.244,-4.17,1.34,0.44,844053.0,1,1,1,0,0,0,0,0,0,0,0,0,0,0,0,0,0,0,0,0
BCIL,2026-09-25,29.0842,29.2516,29.4361,28.6399,30.9423,-6.0,-0.77,1.02,84661.0,1,1,0,0,0,0,0,0,0,0,0,0,0,0,0,0,0,0,0,0
BCKT,2026-09-24,39.11,39.3128,39.3745,39.2879,39.534,-1.07,-0.37,-0.05,3931.0,0,0,1,0,0,0,0,0,0,0,1,0,0,0,0,0,0,0,0,0
BCLO,2026-09-24,49.875,49.696,49.4201,48.4124,49.875,0.0,0.15,0.08,1049015.0,0,1,1,1,1,1,0,0,1,0,0,0,0,0,0,0,0,0,0,0
BCOR,2026-09-24,28.609,26.7958,24.1197,24.4937,35.8558,-20.21,10.33,-0.27,19060.0,0,1,0,1,1,1,0,0,0,0,0,0,0,0,1,0,0,0,0,0
BCPL,2026-09-24,23.97,24.259,24.3395,,24.7996,-3.35,-1.03,-0.21,1817729.0,0,0,1,0,0,0,0,0,0,0,0,0,0,0,0,0,0,0,0,1
BCSM,2026-09-25,24.55,24.49,24.803,,26.134,-6.06,0.97,-0.24,91736.0,0,0,0,1,0,0,0,0,0,0,0,0,0,0,0,0,0,0,0,0
BCTK,2026-09-24,30.97,29.979,29.6519,,32.4299,-4.5,3.66,0.1,833559.0,0,0,1,1,1,1,0,0,0,0,0,0,0,0,0,0,0,1,0,0
BCUS,2026-09-25,34.4204,34.4983,35.2637,34.3562,37.358,-7.86,1.51,0.5,160692.0,1,1,0,0,0,0,0,0,0,0,0,0,0,0,0,0,0,0,0,0
BDEC,2026-09-24,54.806,54.5543,54.1919,51.602,55.084,-0.5,0.65,0.05,245291.0,1,1,1,1,1,1,0,0,0,0,0,0,0,0,0,0,0,0,0,0
BDGS,2026-09-25,38.1414,37.3773,36.9255,35.7717,38.191,-0.13,1.82,-0.01,150790.0,0,1,1,1,1,1,0,0,0,0,0,0,0,0,0,0,0,0,0,0
BDIV,2026-09-25,24.4785,24.6118,24.8104,23.8348,25.2668,-3.12,0.4,0.65,87958.0,1,1,1,0,0,0,0,0,0,0,0,0,0,0,0,0,0,0,0,0
BDRY,2026-09-24,15.77,15.8017,14.4602,11.9157,16.58,-4.89,-0.13,-1.19,1968737.0,1,1,1,0,1,0,0,0,0,0,0,0,0,0,0,0,0,0,0,0
BDVG,2026-09-24,14.824,15.0274,14.9933,13.8577,15.31,-3.17,-2.02,-0.38,79011.0,1,1,1,0,0,0,0,0,0,0,0,0,0,0,0,0,0,0,0,0
BDYN,2026-09-24,28.044,27.9981,27.9613,26.6622,28.695,-2.27,0.5,0.09,10220083.0,1,1,1,1,1,1,0,0,0,0,0,0,0,0,0,0,0,0,0,0
BEDY,2026-09-25,29.03,29.4747,29.5096,27.5164,30.0609,-3.43,-0.51,0.55,2803024.0,1,1,1,0,0,0,0,0,0,0,0,0,0,0,0,0,0,0,0,0
BEEX,2026-09-25,27.5875,27.6021,27.629,26.4025,28.245,-2.33,0.45,0.51,108848.0,1,1,1,0,0,0,0,0,0,0,0,0,0,0,0,0,0,0,0,0
BEEZ,2026-09-25,34.4213,34.3749,34.6355,33.5958,35.736,-3.68,1.23,0.18,5675.0,1,1,1,1,0,0,0,0,0,0,0,0,0,0,0,0,0,0,0,0
BENJ,2026-09-25,53.27,53.1932,53.0774,52.5,53.27,0.0,0.08,0.02,1062976.0,0,1,1,1,1,1,0,0,1,0,0,0,0,0,0,0,0,0,0,0
BESF,2026-09-24,38.445,40.5502,40.0036,38.44,42.4538,-9.44,-3.24,0.01,77243.0,0,1,0,0,0,0,0,0,0,0,1,0,0,0,0,0,0,0,0,0
BESO,2026-09-24,36.66,34.043,29.6446,,,,12.39,1.24,12267.0,0,0,0,1,1,1,0,0,0,0,0,0,0,0,1,0,0,0,0,0
BETE,2026-09-24,41.526,39.1366,34.7737,36.1602,69.6598,-40.39,10.08,0.21,57457.0,0,1,0,1,1,1,0,0,0,0,0,0,0,0,1,0,0,0,0,0
BETH,2026-09-24,46.93,44.3353,39.8657,41.6486,74.9188,-37.36,10.17,0.01,46860.0,0,1,0,1,1,1,0,0,0,0,0,0,0,0,1,0,0,1,0,0
BETZ,2026-09-24,17.435,18.9559,19.1514,19.0845,23.6731,-26.35,-7.63,-1.64,98640.0,0,0,0,0,0,0,0,0,0,0,1,0,0,0,0,0,0,0,0,0
BFAP,2026-09-24,16.15,15.7034,14.9729,15.5911,20.8851,-22.67,4.09,0.06,16113.0,0,1,0,1,1,1,0,0,0,0,0,0,0,0,0,0,0,1,0,0
BFEB,2026-09-24,54.16,53.9202,53.5653,51.0438,54.374,-0.39,0.56,-0.07,2979719.0,1,1,1,1,1,1,0,0,0,0,0,0,0,0,0,0,0,0,0,0
BFEW,2026-09-25,21.48,21.652,21.6506,,,,-0.14,0.19,43986.0,0,0,0,0,0,0,0,0,0,0,0,0,0,0,0,0,0,0,0,0
BFJA,2026-09-24,19.345,18.7698,18.0529,,20.615,-6.16,5.92,-0.05,16662.0,0,0,0,1,1,1,0,0,0,0,0,0,0,0,0,0,0,0,0,0
BFJL,2026-09-24,19.096,18.6772,17.9737,17.4049,21.2038,-9.94,3.1,0.02,10767.0,0,1,0,1,1,1,0,0,0,0,0,0,0,0,0,0,0,0,0,0
BFLB,2026-09-25,55.7782,55.4276,55.213,52.951,55.853,-0.13,0.78,0.31,284218.0,1,1,1,1,1,1,0,0,0,0,0,0,0,0,0,0,0,0,0,0
BFLX,2026-09-24,25.81,25.797,25.789,,,,0.58,0.08,8658594.0,0,0,0,1,1,1,0,0,0,0,0,0,0,0,0,0,0,0,0,0
BFOC,2026-09-25,17.011,17.0405,17.0173,17.3345,20.63,-17.54,-0.71,-0.21,85092.0,0,0,0,0,0,0,0,0,0,0,0,0,0,0,0,0,0,0,0,0
BFOR,2026-09-24,23.12,23.6105,23.8362,22.377,24.63,-6.13,-0.77,0.09,520575.0,0,1,0,0,0,0,0,0,0,0,0,0,0,0,0,0,0,0,0,0
BFRZ,2026-09-24,27.17,27.0176,27.0392,26.8359,27.3187,-0.54,0.7,0.11,2414932.0,1,1,1,1,1,0,0,0,0,0,0,0,0,0,0,0,0,0,0,0
BFXU,2026-09-24,23.78,23.6735,23.568,,,,0.98,0.08,6718.0,0,0,0,1,1,1,0,0,0,0,0,0,0,0,0,0,0,0,0,0
BGCG,2026-09-25,27.425,27.6067,27.4021,,,,2.1,0.57,306342.0,0,0,0,0,1,0,0,0,0,0,0,0,0,0,0,0,0,0,0,0
BGDV,2026-09-25,30.5348,30.6362,31.0336,29.4854,31.8955,-4.27,0.61,0.28,3097096.0,1,1,1,0,0,0,0,0,0,0,0,0,0,0,0,0,0,1,0,0
BGEG,2026-09-25,23.6915,23.6051,23.2572,,,,1.42,0.81,40620.0,0,0,0,1,1,1,0,0,0,0,0,0,0,0,0,0,0,0,0,0
BGGG,2026-09-25,35.0031,35.2317,35.4873,,,,1.61,-0.19,1202940.0,0,0,0,0,0,0,0,0,0,0,0,0,0,0,0,0,0,0,0,0
BGIA,2026-09-25,25.2569,25.3998,25.2379,,,,1.03,0.79,240091.0,0,0,0,0,1,0,0,0,0,0,0,0,0,0,0,0,0,0,0,0
BGIG,2026-09-24,35.63,36.2462,36.5375,34.5362,37.517,-5.03,-1.0,-0.39,6460505.0,0,1,0,0,0,0,0,0,0,0,0,0,0,0,0,0,0,1,0,0
BGRO,2026-09-25,44.4422,43.397,42.9745,40.1012,44.74,-0.67,1.82,0.36,41588.0,1,1,1,1,1,1,0,0,0,0,0,0,0,0,0,0,0,0,0,0
BHDG,2026-09-25,20.79,22.069,22.9652,,26.67,-22.05,-5.16,-0.19,71417.0,0,0,0,0,0,0,0,0,0,0,0,0,0,0,0,0,0,0,0,0
BHYP,2026-09-24,53.17,47.908,39.6992,,,,13.49,0.99,25231752.0,0,0,0,1,1,1,0,0,0,0,0,0,0,0,1,0,0,0,0,0
BIBL,2026-09-24,54.62,54.7223,55.3047,51.6198,57.88,-5.63,1.11,0.05,1715326.0,1,1,0,0,0,0,0,0,0,0,0,0,0,0,0,0,0,0,0,0
BIDD,2026-09-24,30.48,30.6925,30.3761,28.9561,31.16,-2.18,-0.26,-0.42,2015054.0,1,1,1,0,1,0,0,0,0,0,0,0,0,0,0,0,0,0,0,0
BIGY,2026-09-24,52.56,52.1991,51.717,49.5164,52.936,-0.71,0.77,0.09,494148.0,1,1,1,1,1,1,0,0,0,0,0,0,0,0,0,0,0,1,0,0
BIL,2026-09-24,91.58,91.478,91.2905,90.3303,91.59,-0.01,0.05,-0.01,936362903.0,0,1,1,1,1,1,0,0,0,0,0,0,0,0,0,0,0,0,0,0
BILD,2026-09-24,27.857,28.7108,29.2709,28.9715,30.4811,-8.61,-2.36,-0.35,8107.0,0,0,0,0,0,0,0,0,0,0,1,0,0,0,0,0,0,0,0,0
BILS,2026-09-24,99.26,99.1854,98.9951,97.9766,99.26,0.0,0.04,0.01,33574906.0,0,1,1,1,1,1,0,0,1,0,0,0,0,0,0,0,0,0,0,0
BILT,2026-09-24,25.97,27.0294,27.6568,27.1479,28.7553,-9.69,-3.53,-0.76,706115.0,0,0,0,0,0,0,0,0,0,0,1,0,0,0,0,0,0,0,0,0
BINC,2026-09-24,51.0,51.4258,51.5796,51.3071,51.9112,-1.76,-0.62,-0.29,119652739.0,0,0,1,0,0,0,0,0,0,0,0,0,0,0,0,0,0,0,0,0
BINT,2026-09-25,32.93,32.8788,32.6205,30.8393,33.38,-1.35,0.92,0.89,1745972.0,1,1,1,1,1,1,0,0,0,0,0,0,0,0,0,0,0,0,0,0
BINV,2026-09-24,43.668,44.5535,44.7184,42.3941,45.949,-4.96,-1.44,-0.19,1362076.0,1,1,1,0,0,0,0,0,0,0,0,0,0,0,0,0,0,0,0,0
BIOY,2026-09-25,20.1169,20.3576,20.0144,,,,-0.8,-1.19,40892.0,0,0,0,0,1,0,0,0,0,0,0,0,0,0,0,0,0,0,0,0
BIS,2026-09-24,11.27,11.3043,12.0864,15.6435,27.0242,-58.3,-0.67,-2.0,71320.0,0,0,0,0,0,0,0,0,0,0,0,0,0,0,0,0,0,0,0,0
BITA,2026-09-24,63.54,60.4261,55.4824,,,,8.36,0.09,1998426.0,0,0,0,1,1,1,0,0,0,0,0,0,0,0,0,0,0,0,0,0
BITB,2026-09-24,45.79,43.257,38.9826,40.2739,68.27,-32.93,10.26,-0.22,48706652.0,0,1,0,1,1,1,0,0,0,0,0,0,0,0,1,0,0,0,0,0
BITO,2026-09-24,11.34,10.7149,9.6795,10.0973,17.4571,-35.04,10.31,-0.09,868761535.0,0,1,0,1,1,1,0,0,0,0,0,0,0,0,1,0,0,0,0,0
BITQ,2026-09-24,27.79,26.089,24.4996,23.3416,30.43,-8.68,10.32,0.04,2842635.0,0,1,0,1,1,1,0,0,0,0,0,0,0,0,1,0,0,0,0,0
BITS,2026-09-24,70.2,66.178,61.0865,61.7759,94.9586,-26.07,10.25,-0.36,95895.0,0,1,0,1,1,1,0,0,0,0,0,0,0,0,1,0,0,0,0,0
BITW,2026-09-24,55.606,52.168,46.6467,48.5822,86.283,-35.55,11.17,0.52,1597875.0,0,1,0,1,1,1,0,0,0,0,0,0,0,0,1,0,0,0,0,0
BITY,2026-09-24,28.564,27.9918,26.5287,28.5098,46.7334,-38.88,4.73,0.0,73334.0,1,1,0,1,1,1,0,0,0,0,0,0,0,0,0,0,0,0,0,0
BIZD,2026-09-24,12.9,13.1805,13.042,12.755,13.8164,-6.63,-3.08,-0.31,35907548.0,1,1,0,0,0,0,0,0,0,0,0,0,0,0,0,0,0,0,0,0
BJAN,2026-09-24,60.6,60.3742,59.9584,57.1865,60.895,-0.48,0.46,-0.05,373781.0,1,1,1,1,1,1,0,0,0,0,0,0,0,0,0,0,0,0,0,0
BJUL,2026-09-24,55.58,55.417,55.1362,52.7604,55.87,-0.52,0.54,-0.02,699398.0,1,1,1,1,1,1,0,0,0,0,0,0,0,0,0,0,0,0,0,0
BJUN,2026-09-24,49.79,49.6611,49.416,48.0488,50.119,-0.66,0.46,-0.04,1531633.0,1,1,1,1,1,1,0,0,0,0,0,0,0,0,0,0,0,0,0,0
BKCG,2026-09-25,39.7487,39.0213,38.845,37.052,39.854,-0.26,1.73,0.5,98627.0,1,1,1,1,1,1,0,0,0,0,0,0,0,0,0,0,0,0,0,0
BKCH,2026-09-24,77.24,72.8627,69.159,71.8579,118.5244,-34.83,9.36,-0.97,3255033.0,0,1,0,1,1,1,0,0,0,0,0,0,0,0,0,0,0,0,0,0
BKCI,2026-09-24,52.162,52.9995,53.6171,52.5009,55.221,-5.54,-0.35,-0.21,241999.0,0,0,0,0,0,0,0,0,0,0,0,0,0,0,0,0,0,0,0,0
BKDV,2026-09-24,34.11,34.4392,34.3583,31.9043,35.075,-2.75,-0.44,-0.18,16019859.0,1,1,1,0,0,0,0,0,0,0,0,0,0,0,0,0,0,1,0,0
BKEM,2026-09-24,30.663,30.7547,30.2394,28.6786,32.6628,-6.12,0.37,-0.76,1241208.0,1,1,0,0,1,0,0,0,0,0,0,0,0,0,0,0,0,0,0,0
BKF,2026-09-24,39.34,40.133,40.3804,41.695,45.5661,-13.66,-0.28,-1.03,327681.0,0,0,0,0,0,0,0,0,0,0,0,0,0,0,0,0,0,1,0,0
BKGI,2026-09-24,42.82,43.892,44.5868,43.6078,46.1,-7.11,-2.73,-0.42,29371167.0,0,0,0,0,0,0,0,0,0,0,1,0,0,0,0,0,0,0,0,0
BKIE,2026-09-24,33.69,34.2858,34.2372,32.5175,35.05,-3.88,-1.17,-0.09,3689736.0,1,1,1,0,0,0,0,0,0,0,0,0,0,0,0,0,0,0,0,0
BKLC,2026-09-24,49.2,48.9615,48.6459,45.7145,49.73,-1.07,0.88,-0.04,17147661.0,1,1,1,1,1,1,0,0,0,0,0,0,0,0,0,0,0,0,0,0
BKLG,2026-09-24,26.02,25.6595,25.4174,,,,1.68,0.12,3082.0,0,0,0,1,1,1,0,0,0,0,0,0,0,0,0,0,0,0,0,0
BKMC,2026-09-24,39.053,40.0055,40.5727,38.9867,42.065,-7.16,-1.41,-0.55,696855.0,0,1,0,0,0,0,0,0,0,0,0,0,0,0,0,0,0,0,0,0
BKSE,2026-09-25,42.2842,43.2193,44.1656,41.2932,45.792,-7.66,-0.44,0.26,153860.0,0,1,0,0,0,0,0,0,0,0,0,0,0,0,0,0,0,0,0,0
BLCK,2026-09-24,25.54,24.519,23.4874,,,,7.72,-0.74,8592.0,0,0,0,1,1,1,0,0,0,0,0,0,0,0,0,0,0,0,0,0
BLCR,2026-09-24,49.46,49.1899,49.2128,46.2567,50.7012,-2.45,1.29,0.08,135427846.0,1,1,1,1,1,0,0,0,0,0,0,0,0,0,0,0,0,0,0,0
BLCV,2026-09-25,42.12,42.4756,42.5864,39.4618,43.5541,-3.29,0.27,0.79,298195.0,1,1,1,0,0,0,0,0,0,0,0,0,0,0,0,0,0,0,0,0
BLDG,2026-09-24,25.272,26.0279,26.542,25.4124,27.6049,-8.45,-1.56,-0.44,219190.0,0,0,0,0,0,0,0,0,0,0,1,0,0,0,0,0,0,0,0,0
BLDX,2026-09-24,24.7,25.403,25.9346,,27.3505,-9.69,-2.29,0.0,792381.0,0,0,0,0,0,0,0,0,0,0,1,0,0,0,0,0,0,0,0,1
BLES,2026-09-24,48.04,49.1161,49.148,46.5112,50.279,-4.45,-1.46,-0.44,401092.0,1,1,1,0,0,0,0,0,0,0,0,0,0,0,0,0,0,0,0,0
BLGR,2026-09-25,33.1707,32.4632,32.1587,30.2653,33.21,-0.12,2.19,0.58,1244254.0,1,1,1,1,1,1,0,0,0,0,0,0,0,0,0,0,0,0,0,0
BLOK,2026-09-24,64.94,63.7468,61.9066,59.8905,73.4912,-11.64,4.71,-0.87,14255643.0,1,1,0,1,1,1,0,0,0,0,0,0,0,0,0,0,0,1,0,0
BLOX,2026-09-24,14.59,13.8516,13.2673,13.6412,19.4432,-24.96,7.76,-0.55,4334797.0,0,1,0,1,1,1,0,0,0,0,0,0,0,0,0,0,0,0,0,0
BLUC,2026-09-25,32.35,31.9199,31.6914,29.8792,32.44,-0.28,1.51,0.4,1322356.0,1,1,1,1,1,1,0,0,0,0,0,0,0,0,0,0,0,0,0,0
BLUI,2026-09-25,25.0198,25.4083,25.521,25.1871,25.733,-2.77,-1.1,-0.04,651119.0,0,0,1,0,0,0,0,0,0,0,1,0,0,0,0,0,0,0,0,0
BLUX,2026-09-25,31.86,32.0861,32.2708,30.2769,33.134,-3.84,0.19,0.35,2028029.0,1,1,1,0,0,0,0,0,0,0,0,0,0,0,0,0,0,0,0,0
BMAR,2026-09-24,59.227,58.9917,58.608,55.7937,59.454,-0.38,0.47,0.05,581854.0,1,1,1,1,1,1,0,0,0,0,0,0,0,0,0,0,0,0,0,0
BMAY,2026-09-24,48.663,48.4527,48.1775,46.4091,48.856,-0.4,0.67,0.09,392302.0,1,1,1,1,1,1,0,0,0,0,0,0,0,0,0,0,0,0,0,0
BMED,2026-09-24,34.676,33.8439,32.7368,30.357,34.819,-0.41,1.48,1.25,66522.0,1,1,1,1,1,1,0,0,0,0,0,0,0,0,0,0,0,0,0,0
BMVP,2026-09-24,52.17,53.4994,53.6059,51.2716,54.7346,-4.69,-2.29,-0.31,38575.0,0,1,1,0,0,0,0,0,0,0,0,0,0,0,0,0,0,0,0,0
BNDD,2026-09-24,97.495,97.1245,96.4141,96.3646,100.9974,-3.47,-0.39,-0.68,110696.0,1,1,1,1,1,1,0,0,0,0,0,0,0,0,0,0,0,0,0,0
BNGE,2026-09-24,31.46,32.208,32.1011,32.5726,40.6718,-22.65,-1.77,-0.91,55411.0,0,0,0,0,0,0,0,0,0,0,0,0,0,0,0,0,0,1,0,0
BNOV,2026-09-24,49.279,49.0143,48.7001,46.3242,49.55,-0.55,0.79,0.05,330570.0,1,1,1,1,1,1,0,0,0,0,0,0,0,0,0,0,0,0,0,0
BOAT,2026-09-24,51.3,51.0685,47.3905,39.967,53.43,-3.99,-3.99,0.61,4366159.0,1,1,1,1,1,1,0,0,0,0,0,0,0,0,0,0,0,0,0,0
BOBP,2026-09-24,30.093,29.952,29.9972,28.8675,33.8,-10.97,1.77,-0.0,47319.0,1,1,0,1,1,0,0,0,0,0,0,0,0,0,0,0,0,0,0,0
BOCT,2026-09-25,55.24,54.6805,54.1824,51.5117,55.24,0.0,0.88,0.4,520519.0,1,1,1,1,1,1,0,0,1,0,0,0,0,0,0,0,0,1,0,0
BOTT,2026-09-24,42.43,42.0101,42.7578,48.9149,63.74,-33.43,1.78,-0.44,852178.0,0,0,0,1,0,0,0,0,0,0,0,0,0,0,0,0,0,0,0,0
BOTZ,2026-09-24,35.22,35.3693,35.6815,36.8905,41.6092,-15.36,0.3,-0.2,22950834.0,0,0,0,0,0,0,0,0,0,0,0,0,0,0,0,0,0,0,0,0
BOUT,2026-09-24,43.34,43.828,44.9988,42.7832,48.93,-11.42,-0.09,1.05,115371.0,1,1,0,0,0,0,0,0,0,0,0,0,0,0,0,0,0,0,0,0
BOXX,2026-09-24,118.295,118.1595,117.8996,116.561,118.3,-0.0,0.06,-0.0,493220882.0,0,1,1,1,1,1,0,0,0,0,0,0,0,0,0,0,0,0,0,0
BPAY,2026-09-24,25.178,26.6231,26.7914,25.3465,31.1814,-19.25,-2.67,0.08,79863.0,0,0,0,0,0,0,0,0,0,0,0,0,0,0,0,0,0,0,0,0
BPH,2026-09-24,70.771,69.696,68.0216,63.9625,74.0489,-4.43,-1.32,-0.07,71892.0,1,1,1,1,1,1,0,0,0,0,0,0,0,0,0,0,0,1,0,0
BPI,2026-09-24,25.963,24.6989,22.4725,23.0297,36.6667,-29.19,8.14,0.12,45823.0,0,1,0,1,1,1,0,0,0,0,0,0,0,0,0,0,0,0,0,0
BRAZ,2026-09-24,31.723,32.2008,31.0314,30.8223,35.3163,-10.17,-1.64,-1.19,14401.0,1,1,0,0,1,0,0,0,0,0,0,0,0,0,0,0,0,0,0,0
BRCE,2026-09-25,30.4288,30.2105,30.0097,27.7552,30.6712,-0.79,0.81,0.69,122989.0,1,1,1,1,1,1,0,0,0,0,0,0,0,0,0,0,0,0,0,0
BREE,2026-09-25,27.7306,27.4655,26.9036,,28.6,-3.04,1.65,0.77,26227.0,0,0,1,1,1,1,0,0,0,0,0,0,0,0,0,0,0,0,0,0
BRES,2026-09-25,26.7524,26.7326,27.0458,,27.97,-4.35,0.76,0.57,417844.0,0,0,1,1,0,0,0,0,0,0,0,0,0,0,0,0,0,0,0,0
BREW,2026-09-24,25.58,26.4695,26.8748,,,,-2.18,-0.85,12517.0,0,0,0,0,0,0,0,0,0,0,0,0,0,0,0,0,0,0,0,0
BRF,2026-09-24,16.02,16.425,16.03,17.2771,20.03,-20.02,-1.29,-1.23,103778.0,0,0,0,0,0,0,0,0,0,0,0,0,0,0,0,0,0,0,0,0
BRIE,2026-09-25,30.83,30.9638,30.7142,28.9999,31.52,-2.19,0.52,0.85,8721789.0,1,1,1,0,1,0,0,0,0,0,0,0,0,0,0,0,0,0,0,0
BRIF,2026-09-25,37.3598,37.193,37.3176,33.6509,38.445,-2.82,0.46,0.08,369881.0,1,1,1,1,1,0,0,0,0,0,0,0,0,0,0,0,0,0,0,0
BRKC,2026-09-24,39.654,39.6013,39.4463,38.7187,40.7683,-2.73,-0.43,-0.45,169199.0,1,1,1,1,1,1,0,0,0,0,0,0,0,0,0,0,0,0,0,0
BRKW,2026-09-24,38.536,38.76,38.6828,37.8714,40.7469,-5.43,-0.95,-0.54,107029.0,1,1,0,0,0,0,0,0,0,0,0,0,0,0,0,0,0,0,0,0
BRNY,2026-09-24,58.101,58.0888,58.3087,54.1293,60.07,-3.28,0.67,0.53,1015530.0,1,1,1,1,0,0,0,0,0,0,0,0,0,0,0,0,0,0,0,0
BROL,2026-09-25,26.1056,25.9283,25.8159,,,,1.15,0.29,19001.0,0,0,0,1,1,1,0,0,0,0,0,0,0,0,0,0,0,0,0,0
BRRR,2026-09-24,23.77,22.4673,20.2457,20.9222,35.461,-32.97,10.2,-0.25,1134172.0,0,1,0,1,1,1,0,0,0,0,0,0,0,0,1,0,0,0,0,0
BRSM,2026-09-25,25.015,25.5122,25.7663,,,,-0.46,0.1,15986.0,0,0,0,0,0,0,0,0,0,0,0,0,0,0,0,0,0,0,0,0
BRTR,2026-09-24,48.115,48.8742,49.124,49.3903,50.3342,-4.41,-1.29,-0.53,6086840.0,0,0,1,0,0,0,0,0,0,0,1,0,0,0,0,0,0,0,0,1
BSEP,2026-09-24,54.21,54.0372,53.7022,51.2542,54.57,-0.66,0.46,-0.07,13091854.0,1,1,1,1,1,1,0,0,0,0,0,0,0,0,0,0,0,0,0,0
BSMC,2026-09-24,38.199,39.5491,40.0873,37.8451,41.341,-7.6,-2.15,-0.94,397871.0,0,1,0,0,0,0,0,0,0,0,1,0,0,0,0,0,0,0,0,0
BSOL,2026-09-24,16.18,14.5185,12.2496,12.5311,25.55,-36.67,16.65,2.66,60666663.0,0,1,0,1,1,1,0,0,0,0,0,0,0,0,1,0,0,0,0,0
BSR,2026-09-25,30.8107,30.6155,30.5101,30.1756,31.163,-1.13,1.09,0.3,32234.0,1,1,1,1,1,1,0,0,0,0,0,0,0,0,0,0,0,1,0,0
BSTP,2026-09-25,40.431,40.1486,39.9427,38.3606,40.478,-0.12,0.91,0.37,87782.0,1,1,1,1,1,1,0,0,0,0,0,0,0,0,0,0,0,0,0,0
BSVO,2026-09-24,28.474,29.2056,29.4474,27.0826,30.15,-5.56,-2.07,0.14,4953959.0,0,1,0,0,0,0,0,0,0,0,0,0,0,0,0,0,0,0,0,0
BTAL,2026-09-24,12.02,12.24,12.1252,12.8655,15.5681,-22.79,-2.99,0.0,8757217.0,0,0,0,0,0,0,0,0,0,0,0,0,0,0,0,0,0,0,0,0
BTC,2026-09-24,37.31,35.2395,31.7604,32.8096,55.57,-32.86,10.32,-0.19,71455113.0,0,1,0,1,1,1,0,0,0,0,0,0,0,0,1,0,0,0,0,0
BTCC,2026-09-24,13.735,13.3951,12.8697,13.4541,19.8295,-30.73,4.05,-0.54,390422.0,1,1,0,1,1,1,0,0,0,0,0,0,0,0,0,0,0,0,0,0
BTCI,2026-09-24,33.93,32.156,29.6477,30.8654,48.6974,-30.32,9.17,-0.03,20288748.0,0,1,0,1,1,1,0,0,0,0,0,0,0,0,0,0,0,0,0,0
BTCO,2026-09-24,83.9,79.2725,71.443,73.8291,125.14,-32.96,10.16,-0.2,3741747.0,0,1,0,1,1,1,0,0,0,0,0,0,0,0,1,0,0,0,0,0
BTCW,2026-09-24,89.11,84.212,75.8888,78.4493,132.96,-32.98,10.2,-0.24,1454523.0,0,1,0,1,1,1,0,0,0,0,0,0,0,0,1,0,0,0,0,0
BTF,2026-09-24,23.118,22.0675,19.6864,20.5817,39.5546,-41.55,8.07,-0.21,150721.0,0,1,0,1,1,1,0,0,0,0,0,0,0,0,0,0,0,0,0,0
BTRN,2026-09-24,27.454,26.42,25.5423,26.5273,31.7245,-13.46,7.7,-0.08,10475.0,0,1,0,1,1,1,0,0,0,0,0,0,0,0,0,0,0,0,0,0
BUFB,2026-09-24,40.4,40.2233,39.9771,38.1684,40.6,-0.49,0.52,-0.01,1351197.0,1,1,1,1,1,1,0,0,0,0,0,0,0,0,0,0,0,0,0,0
BUFC,2026-09-24,43.42,43.2723,43.0885,42.0137,43.484,-0.15,0.37,0.14,3903372.0,1,1,1,1,1,1,0,0,0,0,0,0,0,0,0,0,0,0,0,0
BUFD,2026-09-24,30.42,30.3247,30.1592,29.1353,30.5,-0.26,0.43,-0.03,9901423.0,1,1,1,1,1,1,0,0,0,0,0,0,0,0,0,0,0,0,0,0
BUFE,2026-09-25,22.0431,21.9337,21.5467,,,,0.75,0.52,115874.0,0,0,0,1,1,1,0,0,0,0,0,0,0,0,0,0,0,1,0,0
BUFF,2026-09-24,53.94,53.7695,53.4704,51.5713,54.09,-0.28,0.35,-0.02,6424912.0,1,1,1,1,1,1,0,0,0,0,0,0,0,0,0,0,0,0,0,0
BUFG,2026-09-25,30.0999,29.928,29.7696,28.5533,30.14,-0.13,0.74,0.37,699274.0,1,1,1,1,1,1,0,0,0,0,0,0,0,0,0,0,0,0,0,0
BUFH,2026-09-25,21.7,21.6495,21.5823,21.1963,21.7,0.0,0.25,0.0,499394.0,1,1,1,1,1,1,0,0,1,0,0,0,0,0,0,0,0,0,0,0
BUFI,2026-09-25,42.94,43.1207,43.0182,41.6967,43.57,-1.45,0.32,0.62,322197.0,1,1,1,0,0,0,0,0,0,0,0,0,0,0,0,0,0,1,0,0
BUFM,2026-09-25,41.2611,41.0721,40.9796,39.9016,41.395,-0.32,0.93,0.39,1911262.0,1,1,1,1,1,1,0,0,0,0,0,0,0,0,0,0,0,0,0,0
BUFP,2026-09-25,33.02,32.8026,32.6094,31.2848,33.03,-0.03,0.7,0.27,1926566.0,1,1,1,1,1,1,0,0,0,0,0,0,0,0,0,0,0,0,0,0
BUFQ,2026-09-24,40.49,39.8955,39.4088,37.6332,40.65,-0.39,1.43,-0.02,6627798.0,0,1,1,1,1,1,0,0,0,0,0,0,0,0,0,0,0,0,0,0
BUFR,2026-09-24,37.56,37.4115,37.1702,35.6067,37.69,-0.34,0.48,-0.03,48611651.0,1,1,1,1,1,1,0,0,0,0,0,0,0,0,0,0,0,0,0,0
BUFS,2026-09-25,24.86,25.0694,25.1693,24.1564,25.458,-2.35,-0.24,0.08,784923.0,1,1,1,0,0,0,0,0,0,0,0,0,0,0,0,0,0,0,0,0
BUFT,2026-09-25,26.425,26.3713,26.2349,25.4507,26.478,-0.2,0.11,0.16,446215.0,1,1,1,1,1,1,0,0,0,0,0,0,0,0,0,0,0,1,0,0
BUFX,2026-09-25,22.6752,22.5882,22.4725,21.81,22.71,-0.15,0.43,0.16,145064.0,1,1,1,1,1,1,0,0,0,0,0,0,0,0,0,0,0,1,0,0
BUFY,2026-09-25,23.915,23.9422,23.8515,23.0821,24.09,-0.73,0.24,0.54,633051.0,1,1,1,0,1,0,0,0,0,0,0,0,0,0,0,0,0,0,0,0
BUFZ,2026-09-24,28.61,28.489,28.3292,27.3522,28.65,-0.14,0.42,0.16,4993334.0,1,1,1,1,1,1,0,0,0,0,0,0,0,0,0,0,0,0,0,0
BUG,2026-09-24,46.65,43.428,41.5324,32.9971,47.12,-1.0,2.93,-1.0,65492889.0,0,1,1,1,1,1,0,0,0,0,0,0,0,0,0,0,0,0,0,0
BUL,2026-09-25,61.505,62.8891,62.7313,58.4095,65.683,-6.36,-0.89,0.79,912023.0,1,1,0,0,0,0,0,0,0,0,0,0,0,0,0,0,0,0,0,0
BULD,2026-09-24,35.183,34.6014,35.063,31.6922,38.42,-8.43,4.29,-0.23,153818.0,1,1,0,1,1,0,0,0,0,0,0,0,0,0,0,0,0,0,0,0
BUSA,2026-09-24,39.87,41.4576,41.4404,38.9256,42.7,-6.63,-2.55,-0.45,932599.0,0,1,0,0,0,0,0,0,0,0,1,0,0,0,0,0,0,0,0,0
BUYB,2026-09-25,41.7246,42.1279,42.82,,,,0.26,0.61,90897.0,0,0,0,0,0,0,0,0,0,0,0,0,0,0,0,0,0,0,0,0
BUYO,2026-09-25,32.23,32.658,33.1003,30.6381,34.525,-6.65,-0.06,0.52,41558.0,1,1,0,0,0,0,0,0,0,0,0,0,0,0,0,0,0,0,0,0
BUYW,2026-09-24,14.45,14.5005,14.4474,14.0196,14.5566,-0.73,-0.53,-0.19,6817498.0,1,1,1,0,1,0,0,0,0,0,0,0,0,0,0,0,0,0,0,0
BUYZ,2026-09-24,34.675,35.3431,35.5582,35.541,44.263,-21.66,0.19,0.43,9181.0,0,0,0,0,0,0,0,0,0,0,0,0,0,0,0,0,0,0,0,0
BUZZ,2026-09-24,39.56,37.5242,36.0765,34.434,40.8,-3.04,5.05,0.8,1308238.0,0,1,1,1,1,1,0,0,0,0,0,0,0,0,0,0,0,1,0,0
BVAL,2026-09-25,31.71,31.8765,31.8936,29.9366,32.49,-2.4,0.16,0.38,1235901.0,1,1,1,0,0,0,0,0,0,0,0,0,0,0,0,0,0,0,0,0
BWET,2026-09-24,684.29,628.25,438.9525,189.7097,872.14,-21.54,-12.94,-7.45,163600471.0,0,1,0,1,1,1,0,0,0,0,0,0,0,0,0,0,0,0,1,0
BWOW,2026-09-24,15.781,14.2602,12.9081,15.9498,25.507,-38.13,18.16,4.02,51783.0,0,0,0,1,1,1,0,0,0,0,0,0,1,0,1,0,0,0,0,0
BWTG,2026-09-24,41.827,41.8209,42.1257,40.442,43.236,-3.26,0.72,0.09,57923.0,1,1,1,1,0,0,0,0,0,0,0,0,0,0,0,0,0,0,0,0
BYRE,2026-09-25,25.9908,26.6669,27.3195,26.2213,28.471,-8.71,-1.1,-0.3,62327.0,0,0,0,0,0,0,0,0,0,0,0,0,0,0,0,0,0,0,0,0
BZQ,2026-09-24,19.47,18.931,20.5199,21.7193,39.1334,-50.25,4.22,2.58,153553.0,0,0,0,1,0,0,0,0,0,0,0,0,0,0,0,0,0,0,0,0
BZZ,2026-09-25,23.0973,23.2039,24.3229,,,,1.84,0.16,52680.0,0,0,0,0,0,0,0,0,0,0,0,0,0,0,0,0,0,0,0,0
CAAA,2026-09-25,19.7865,19.9951,20.0753,20.0388,20.241,-2.25,-0.6,0.13,93135.0,0,0,1,0,0,0,0,0,0,0,1,0,0,0,0,0,0,0,0,0
CABZ,2026-09-24,20.394,20.7067,21.4754,,26.24,-22.28,0.13,-0.29,19208.0,0,0,0,0,0,0,0,0,0,0,0,0,0,0,0,0,0,0,0,0
CAFG,2026-09-25,32.2206,32.7269,33.2657,30.0902,34.7069,-7.16,-0.34,-0.8,570222.0,1,1,0,0,0,0,0,0,0,0,0,0,0,0,0,0,0,1,0,0
CAGE,2026-09-25,29.3132,28.6962,28.5131,,,,2.75,1.18,2860594.0,0,0,0,1,1,1,0,0,0,0,0,0,0,0,0,0,0,0,0,0
CAIE,2026-09-24,26.86,26.7107,26.6233,25.4019,27.1625,-1.11,1.05,0.07,17859568.0,1,1,1,1,1,1,0,0,0,0,0,0,0,0,0,0,0,0,0,0
CAIQ,2026-09-24,26.23,25.5288,25.3299,24.1348,26.36,-0.49,3.27,0.21,5833144.0,1,1,1,1,1,1,0,0,0,0,0,0,0,0,0,0,0,0,0,0
CALF,2026-09-24,53.94,56.229,55.5708,48.9706,57.85,-6.76,-3.85,-0.52,37787284.0,0,1,0,0,0,0,0,0,0,0,0,0,0,0,0,0,0,0,0,0
CAML,2026-09-25,41.0941,40.2145,40.2505,38.7635,41.942,-2.02,2.67,0.4,888348.0,1,1,1,1,1,0,0,0,0,0,0,0,0,0,0,0,0,0,0,0
CAMX,2026-09-24,33.536,34.8003,35.2396,33.6269,36.305,-7.63,-2.37,-0.55,6052.0,0,0,0,0,0,0,0,0,0,0,0,0,0,0,0,0,0,0,0,0
CANC,2026-09-24,41.463,42.6649,42.448,38.4979,45.236,-8.34,-1.31,-0.04,1208980.0,1,1,0,0,0,0,0,0,0,0,0,0,0,0,0,0,0,0,0,0
CANE,2026-09-24,11.27,11.391,10.7472,9.9289,11.82,-4.65,1.71,-0.88,5265837.0,1,1,1,0,1,0,0,0,0,0,0,0,0,0,0,0,0,0,0,0
CANQ,2026-09-24,29.735,29.8153,29.9642,29.3735,31.2175,-4.75,0.23,-0.06,32869.0,1,1,1,0,0,0,0,0,0,0,0,0,0,0,0,0,0,0,0,0
CAOS,2026-09-24,90.5,90.495,90.4845,90.4159,90.87,-0.41,0.02,0.0,3096493.0,1,1,1,1,1,1,0,0,0,0,0,0,0,0,0,0,0,0,0,0
CAPE,2026-09-24,31.239,32.2575,32.7221,32.3087,33.644,-7.15,-2.13,-0.55,1030185.0,0,0,0,0,0,0,0,0,0,0,0,0,0,0,0,0,0,0,0,0
CARK,2026-09-25,48.7571,47.6793,47.5825,45.1485,49.068,-0.63,2.35,0.69,13754.0,1,1,1,1,1,1,0,0,0,0,0,0,0,0,0,0,0,1,0,0
CARY,2026-09-24,20.3,20.5017,20.55,20.4081,20.6668,-1.77,-0.81,-0.27,8851714.0,0,0,1,0,0,0,0,0,0,0,1,0,0,0,0,0,0,0,0,0
CARZ,2026-09-24,108.9,106.4565,105.6062,97.3438,123.17,-11.59,2.46,0.04,477280.0,1,1,0,1,1,1,0,0,0,0,0,0,0,0,0,0,0,0,0,0
CAS,2026-09-24,25.256,25.4634,25.2228,25.1058,27.9532,-9.65,0.54,-1.23,76943.0,1,1,0,0,1,0,0,0,0,0,0,0,0,0,0,0,0,0,0,0
CATH,2026-09-24,91.055,91.0513,90.5745,85.7633,92.731,-1.81,0.58,-0.11,3396162.0,1,1,1,1,1,1,0,0,0,0,0,0,0,0,0,0,0,0,0,0
CBIL,2026-09-24,24.8,24.781,24.7433,,,,0.04,0.0,413780.0,0,0,0,1,1,1,0,0,0,0,0,0,0,0,0,0,0,0,0,0
CBLS,2026-09-24,31.341,30.9321,30.9845,30.7175,34.283,-8.58,1.06,0.35,71871.0,1,1,0,1,1,0,0,0,0,0,0,0,0,0,0,0,0,0,0,0
CBOA,2026-09-24,25.075,24.8895,24.5518,24.7015,26.267,-4.54,1.01,0.04,7214.0,0,1,1,1,1,1,0,0,0,0,0,0,0,0,0,0,0,0,0,0
CBOJ,2026-09-24,24.43,24.2243,23.9516,23.9,25.7003,-4.94,1.38,0.02,53917.0,0,1,1,1,1,1,0,0,0,0,0,0,0,0,0,0,0,0,0,0
CBOL,2026-09-24,24.05,23.912,23.6896,23.6265,24.5706,-2.12,0.82,0.04,3345.0,0,1,1,1,1,1,0,0,0,0,0,0,0,0,0,0,0,0,0,0
CBOO,2026-09-25,24.6796,24.656,24.6021,24.4821,24.8829,-0.82,0.04,-0.06,49367.0,1,1,1,1,1,1,0,0,0,0,0,0,0,0,0,0,0,0,0,0
CBOT,2026-09-24,24.05,24.381,24.5054,,,,-0.66,-0.41,26436.0,0,0,0,0,0,0,0,0,0,0,0,0,0,0,0,0,0,0,0,0
CBOX,2026-09-25,101.8,101.634,101.4042,,,,0.1,0.06,7001353.0,0,0,0,1,1,1,1,1,0,0,0,0,0,0,0,0,1,0,0,0
CBOY,2026-09-24,25.19,25.0484,24.7823,24.5356,25.2957,-0.42,0.78,0.02,9007.0,0,1,1,1,1,1,0,0,0,0,0,0,0,0,0,0,0,0,0,0
CBSE,2026-09-25,46.778,47.152,47.6009,45.4814,52.61,-11.09,-0.16,-0.41,184716.0,1,1,0,0,0,0,0,0,0,0,0,0,0,0,0,0,0,0,0,0
CBTA,2026-09-24,24.574,23.7113,22.3134,23.2989,33.2,-25.98,5.41,0.02,26617.0,0,1,0,1,1,1,0,0,0,0,0,0,0,0,0,0,0,0,0,0
CBTJ,2026-09-25,20.776,20.0469,18.9116,19.6078,29.9799,-30.7,2.47,-0.39,83143.0,0,1,0,1,1,1,0,0,0,0,0,0,0,0,0,0,0,0,0,0
CBTL,2026-09-25,19.855,19.3633,18.5433,18.859,24.614,-19.33,1.61,-0.15,9398.0,0,1,0,1,1,1,0,0,0,0,0,0,0,0,0,0,0,1,0,0
CBTO,2026-09-25,19.81,19.8388,19.8032,20.2956,25.0107,-20.79,-0.15,-0.05,491334.0,0,0,0,0,1,0,0,0,0,0,0,0,0,0,0,0,0,0,0,0
CBTY,2026-09-24,22.491,21.8295,20.7649,20.5116,26.6372,-15.57,4.24,0.01,13883.0,0,1,0,1,1,1,0,0,0,0,0,0,0,0,0,0,0,0,0,0
CBXA,2026-09-25,23.73,23.2183,22.3395,23.2363,29.5693,-19.75,1.3,0.03,11284.0,0,1,0,1,1,1,0,0,0,0,0,0,0,0,0,0,0,0,0,0
CBXJ,2026-09-25,22.1,21.5844,20.8211,21.2234,28.3068,-21.93,1.8,-0.3,69211.0,1,1,0,1,1,1,0,0,0,0,0,0,0,0,0,0,0,0,0,0
CBXL,2026-09-24,21.442,21.0628,20.4902,20.7387,24.5865,-12.79,2.79,0.05,7133.0,0,1,0,1,1,1,0,0,0,0,0,0,0,0,0,0,0,0,0,0
CBXO,2026-09-25,22.22,22.2036,22.1639,22.3096,24.8855,-10.71,0.02,0.09,25003.0,0,0,0,1,1,1,0,0,0,0,0,0,0,0,0,0,0,1,0,0
CBXY,2026-09-25,24.0304,23.611,22.8898,22.4893,26.0391,-7.71,1.06,0.05,33506.0,0,1,0,1,1,1,0,0,0,0,0,0,0,0,0,0,0,0,0,0
CCEF,2026-09-24,28.865,29.5029,29.4581,28.4599,29.936,-3.58,-1.15,-0.67,121209.0,0,1,1,0,0,0,0,0,0,0,0,0,0,0,0,0,0,0,0,0
CCFE,2026-09-25,24.0916,25.0172,26.4717,27.3652,31.656,-23.9,-0.64,0.7,164078.0,0,0,0,0,0,0,0,0,0,0,0,0,0,0,0,0,0,0,0,0
CCOR,2026-09-25,25.535,25.9141,26.188,26.1225,27.4139,-6.85,-0.43,0.09,148502.0,0,0,0,0,0,0,0,0,0,0,0,0,0,0,0,0,0,0,0,0
CCSO,2026-09-24,24.86,25.6157,26.3357,26.8194,29.966,-17.04,-1.61,-1.05,68023.0,0,0,0,0,0,0,0,0,0,0,0,0,0,0,0,0,0,0,0,0
CDEI,2026-09-24,94.115,93.65,92.9831,86.2444,94.886,-0.81,0.77,0.27,48708.0,1,1,1,1,1,1,0,0,0,0,0,0,0,0,0,0,0,0,0,0
CDIG,2026-09-25,25.4526,26.2933,26.0911,25.8244,27.186,-6.38,-0.52,-0.05,218797.0,0,0,0,0,0,0,0,0,0,0,0,0,0,0,0,0,0,1,0,0
CEFA,2026-09-24,40.333,41.1093,40.9221,38.9319,41.852,-3.63,-1.46,-0.39,399616.0,1,1,1,0,0,0,0,0,0,0,0,0,0,0,0,0,0,1,0,0
CEFS,2026-09-24,24.704,25.0592,25.0405,23.6113,25.6573,-3.72,-0.47,-0.31,2028651.0,1,1,1,0,0,0,0,0,0,0,0,0,0,0,0,0,0,0,0,0
CEFZ,2026-09-24,7.95,8.1186,8.1387,7.9092,8.3365,-4.64,-1.49,-0.93,204000.0,1,1,1,0,0,0,0,0,0,0,0,0,0,0,0,0,0,0,0,0
CEPI,2026-09-24,31.975,30.9506,30.16,27.8512,32.125,-0.47,2.96,0.28,1444465.0,0,1,1,1,1,1,0,0,0,0,0,0,0,0,0,0,0,0,0,0
CGBL,2026-09-24,37.29,37.7065,37.7858,36.5434,38.57,-3.32,-0.43,-0.24,47598425.0,1,1,1,0,0,0,0,0,0,0,0,0,0,0,0,0,0,0,0,0
CGCP,2026-09-24,21.4,21.7473,21.8513,21.9582,22.2527,-3.83,-1.52,-0.47,43409266.0,0,0,1,0,0,0,0,0,0,0,1,0,0,0,0,0,0,0,0,1
CGCV,2026-09-24,32.42,32.7735,33.114,31.6424,33.85,-4.22,-0.25,-0.09,7959360.0,1,1,1,0,0,0,0,0,0,0,0,0,0,0,0,0,0,0,0,0
CGDG,2026-09-24,37.54,38.217,38.4096,36.9001,39.07,-3.92,-1.13,-0.13,22925891.0,0,1,1,0,0,0,0,0,0,0,0,0,0,0,0,0,0,0,0,0
CGDV,2026-09-24,49.29,49.519,49.8206,46.6174,51.44,-4.18,0.57,-0.02,159439792.0,1,1,1,0,0,0,0,0,0,0,0,0,0,0,0,0,0,0,0,0
CGGE,2026-09-24,34.89,34.9565,35.054,33.341,35.99,-3.06,0.49,-0.17,15943218.0,1,1,1,0,0,0,0,0,0,0,0,0,0,0,0,0,0,0,0,0
CGGG,2026-09-25,29.14,28.6189,28.4941,28.1135,29.7248,-1.97,1.92,0.28,953809.0,1,1,1,1,1,1,0,0,0,0,0,0,0,0,0,0,0,0,0,0
CGGO,2026-09-24,40.0,39.9905,40.072,37.9146,42.59,-6.08,1.09,-0.2,44402949.0,1,1,0,1,0,0,0,0,0,0,0,0,0,0,0,0,0,0,0,0
CGGR,2026-09-24,48.09,47.008,46.4498,44.8944,48.32,-0.48,2.93,0.52,120025259.0,1,1,1,1,1,1,0,0,0,0,0,0,0,0,0,0,0,0,0,0
CGIC,2026-09-24,36.41,36.7645,36.5033,34.9296,37.29,-2.36,-0.55,-0.33,14984007.0,1,1,1,0,0,0,0,0,0,0,0,0,0,0,0,0,0,0,0,0
CGIE,2026-09-24,36.83,37.3635,37.3316,35.848,38.37,-4.01,-1.07,-0.46,14030868.0,1,1,1,0,0,0,0,0,0,0,0,0,0,0,0,0,0,0,0,0
CGMM,2026-09-24,31.42,32.0535,32.4287,31.197,33.72,-6.82,-0.63,-0.22,24925675.0,1,1,0,0,0,0,0,0,0,0,0,0,0,0,0,0,0,0,0,0
CGMS,2026-09-24,26.56,26.8805,26.9383,26.8206,27.1196,-2.06,-1.19,-0.41,28250343.0,0,0,1,0,0,0,0,0,0,0,1,0,0,0,0,0,0,0,0,0
CGNG,2026-09-24,36.81,36.8005,36.3918,34.7298,38.11,-3.41,0.74,-0.43,19254536.0,1,1,1,1,1,1,0,0,0,0,0,0,0,0,0,0,0,0,0,0
CGOV,2026-09-24,25.03,25.0082,24.9568,,,,0.04,0.04,663124.0,0,0,0,1,1,1,0,0,0,0,0,0,0,0,0,0,0,0,0,0
CGRO,2026-09-24,20.65,21.2463,21.9683,23.8859,31.334,-34.1,-0.26,-0.61,20523.0,0,0,0,0,0,0,0,0,0,0,0,0,0,0,0,0,0,0,0,0
CGUS,2026-09-24,44.69,44.732,44.9188,42.3215,46.38,-3.64,0.86,0.11,51350544.0,1,1,1,0,0,0,0,0,0,0,0,0,0,0,0,0,0,0,0,0
CGV,2026-09-24,15.86,16.1255,15.9447,15.6587,16.7438,-5.28,-1.37,0.09,424377.0,1,1,0,0,0,0,0,0,0,0,0,0,0,0,0,0,0,0,0,0
CGVV,2026-09-24,31.35,31.65,31.6257,29.3831,32.58,-3.78,0.0,-0.03,1582087.0,1,1,1,0,0,0,0,0,0,0,0,0,0,0,0,0,0,0,0,0
CGW,2026-09-24,62.48,63.8655,64.8026,64.6666,68.86,-9.27,-1.5,-0.67,1311264.0,0,0,0,0,0,0,0,0,0,0,0,0,0,0,0,0,0,0,0,0
CGXU,2026-09-24,34.62,34.9875,34.5372,32.2497,35.83,-3.38,-1.11,-1.37,36155910.0,1,1,1,0,1,0,0,0,0,0,0,0,0,0,0,0,0,0,0,0
CHAT,2026-09-24,92.26,88.8535,87.4058,76.9707,104.07,-11.35,4.39,-0.27,24659592.0,0,1,0,1,1,1,0,0,0,0,0,0,0,0,0,0,0,0,0,0
CHGX,2026-09-24,33.208,33.2433,33.193,30.3308,34.311,-3.21,0.72,0.02,828509.0,1,1,1,0,1,0,0,0,0,0,0,0,0,0,0,0,0,0,0,0
CHIQ,2026-09-24,16.02,16.591,17.4266,19.1384,24.2393,-33.91,-1.05,-0.56,288784.0,0,0,0,0,0,0,0,0,0,0,0,0,0,0,0,0,0,1,0,0
CHNL,2026-09-24,30.71,27.4823,23.4449,,30.71,0.0,17.3,7.75,16493.0,0,0,1,1,1,1,0,0,1,0,0,0,1,1,1,0,0,0,0,0
CHPS,2026-09-24,88.75,83.7726,83.4269,71.3835,107.2219,-17.23,7.09,-0.45,2466226.0,0,1,0,1,1,1,0,0,0,0,0,0,0,0,0,0,0,0,0,0
CHPX,2026-09-24,101.477,95.1872,93.1739,78.2306,110.74,-8.36,6.67,0.09,1996621.0,0,1,0,1,1,1,0,0,0,0,0,0,0,0,0,0,0,0,0,0
CHPY,2026-09-24,69.64,65.534,65.5417,56.8476,79.7836,-12.71,7.21,-0.31,38657393.0,0,1,0,1,1,0,0,0,0,0,0,0,0,0,0,0,0,0,0,0
CHRI,2026-09-25,91.8476,90.9578,90.469,85.3301,92.405,-0.6,1.29,0.53,93479.0,1,1,1,1,1,1,0,0,0,0,0,0,0,0,0,0,0,0,0,0
CIBR,2026-09-24,103.19,98.5946,95.9538,78.998,104.007,-0.79,1.51,-0.79,172567270.0,0,1,1,1,1,1,0,0,0,0,0,0,0,0,0,0,0,0,0,0
CJUL,2026-09-25,25.76,25.6415,25.4994,,,,0.62,0.23,2564.0,0,0,0,1,1,1,0,0,0,0,0,0,0,0,0,0,0,0,0,0
CJUN,2026-09-24,25.48,25.402,25.283,,,,0.51,0.0,3805.0,0,0,0,1,1,1,0,0,0,0,0,0,0,0,0,0,0,0,0,0
CLCG,2026-09-25,29.3262,28.8812,28.7247,27.4872,29.793,-1.57,1.61,0.68,75384.0,1,1,1,1,1,1,0,0,0,0,0,0,0,0,0,0,0,1,0,0
CLCV,2026-09-25,30.7887,31.2173,31.0878,28.7321,31.836,-3.29,-0.42,0.68,67870.0,1,1,1,0,0,0,0,0,0,0,0,0,0,0,0,0,0,0,0,0
CLIM,2026-09-25,24.7293,25.4785,26.33,,27.7,-10.72,-1.12,0.16,6468.0,0,0,0,0,0,0,0,0,0,0,1,0,0,0,0,0,0,0,0,0
CLIP,2026-09-24,100.27,100.157,99.9454,98.8728,100.27,0.0,0.05,0.0,28125168.0,0,1,1,1,1,1,0,0,1,0,0,0,0,0,0,0,0,0,0,0
CLNK,2026-09-25,25.33,21.8279,18.7178,,25.637,-1.2,11.88,4.98,1392427.0,0,0,1,1,1,1,1,1,0,0,0,0,1,0,1,1,1,0,0,0
CLOA,2026-09-24,51.97,51.8669,51.6986,50.9611,51.97,0.0,0.1,0.01,24844773.0,0,1,1,1,1,1,0,0,1,0,0,0,0,0,0,0,0,0,0,0
CLOB,2026-09-24,50.44,50.2914,50.1071,49.3138,50.44,0.0,0.2,0.26,919499.0,1,1,1,1,1,1,0,0,1,0,0,0,0,0,0,0,0,1,0,0
CLOC,2026-09-25,25.15,24.9908,24.9085,24.4872,25.15,0.0,0.56,0.2,145807.0,0,1,1,1,1,1,0,0,1,0,0,0,0,0,0,0,0,0,0,0
CLOD,2026-09-24,35.524,35.0099,33.7649,30.7202,36.083,-1.55,1.23,-0.26,17087.0,1,1,1,1,1,1,0,0,0,0,0,0,0,0,0,0,0,0,0,0
CLOI,2026-09-24,52.93,52.8615,52.687,51.8614,52.94,-0.02,-0.02,0.04,22756350.0,0,1,1,1,1,1,0,0,0,0,0,0,0,0,0,0,0,0,0,0
CLOU,2026-09-24,28.94,28.1875,26.9622,22.7384,29.14,-0.69,2.12,-0.69,9071986.0,1,1,1,1,1,1,0,0,0,0,0,0,0,0,0,0,0,0,0,0
CLOX,2026-09-24,25.605,25.5397,25.4592,25.1022,25.605,0.0,0.14,0.04,3280671.0,0,1,1,1,1,1,1,1,1,0,0,0,0,0,0,0,1,0,0,0
CLOZ,2026-09-24,26.33,26.1586,26.1356,25.6185,26.33,0.0,0.46,0.08,12196027.0,0,1,1,1,1,1,1,1,1,0,0,0,0,0,0,0,1,0,0,0
CLSM,2026-09-24,27.837,27.4348,27.2104,25.5098,28.113,-0.98,1.75,-0.26,111747.0,1,1,1,1,1,1,0,0,0,0,0,0,0,0,0,0,0,1,0,0
CLUB,2026-09-24,25.86,26.0445,25.7344,,,,-1.15,-0.65,9296.0,0,0,0,0,1,0,0,0,0,0,0,0,0,0,0,0,0,0,0,0
CMAG,2026-09-25,27.1161,26.4833,25.8801,,,,1.83,0.69,154018.0,0,0,0,1,1,1,0,0,0,0,0,0,0,0,0,0,0,0,0,0
CMAY,2026-09-24,25.98,25.936,25.8244,,,,0.39,0.0,52212.0,0,0,0,1,1,1,0,0,0,0,0,0,0,0,0,0,0,0,0,0
CMBO,2026-09-25,101.74,101.572,101.3369,100.1259,101.74,0.0,0.11,0.04,48291.0,0,1,1,1,1,1,1,1,1,0,0,0,0,0,0,0,1,0,0,0
CNAV,2026-09-24,41.447,39.6702,39.3999,36.9144,48.17,-13.96,2.41,0.27,312797.0,0,1,0,1,1,1,1,1,0,0,0,0,0,0,0,0,1,0,0,0
CNBS,2026-09-24,29.653,28.8535,27.2486,26.7816,40.29,-26.4,3.33,-3.67,157614.0,1,1,0,1,1,1,0,0,0,0,0,0,0,0,0,0,0,0,0,0
CNEQ,2026-09-24,40.81,39.883,39.4892,36.7753,41.83,-2.44,3.03,0.27,7806825.0,1,1,1,1,1,1,0,0,0,0,0,0,0,0,0,0,0,0,0,0
CNQQ,2026-09-24,22.355,22.6416,23.4002,23.7559,26.7592,-16.46,0.19,-1.24,134224.0,0,0,0,0,0,0,0,0,0,0,0,0,0,0,0,0,0,0,0,0
CNRG,2026-09-24,83.85,87.3024,90.738,97.6105,125.0646,-32.95,-4.46,-2.55,561043.0,0,0,0,0,0,0,0,0,0,0,0,0,0,0,0,0,0,0,0,0
CNXT,2026-09-24,47.42,48.0907,49.2945,49.7045,62.41,-24.02,-0.38,-1.94,4408748.0,0,0,0,0,0,0,0,0,0,0,0,0,0,0,0,0,0,0,0,0
CNYA,2026-09-24,34.47,35.2147,35.4757,35.7168,38.67,-10.86,-1.01,-1.46,1361249.0,0,0,0,0,0,0,0,0,0,0,0,0,0,0,0,0,0,0,0,0
COAL,2026-09-24,24.46,26.6744,25.2519,25.2653,28.45,-14.02,-5.2,-0.85,1304983.0,0,0,0,0,0,0,0,0,0,0,0,0,0,0,0,0,0,0,0,0
COIW,2026-09-24,9.75,8.8985,8.1175,9.4325,23.4325,-58.39,17.21,0.72,2101499.0,0,1,0,1,1,1,0,0,0,0,0,0,0,0,1,0,0,0,0,0
COLO,2026-09-24,47.71,49.7865,48.1046,41.6141,51.68,-7.68,-3.73,-2.01,8752709.0,0,1,0,0,0,0,0,0,0,0,0,0,0,0,0,0,0,1,0,0
CONY,2026-09-24,21.08,19.6755,18.2303,19.4268,36.6229,-42.44,11.73,0.34,13382635.0,0,1,0,1,1,1,0,0,0,0,0,0,0,0,1,0,0,0,0,0
COPY,2026-09-24,15.44,15.7545,15.7008,14.4833,16.05,-3.8,-1.91,0.06,3553165.0,1,1,1,0,0,0,0,0,0,0,0,0,0,0,0,0,0,0,0,0
CORN,2026-09-24,19.68,19.977,18.9086,18.0934,20.29,-3.01,-0.76,-0.4,10408704.0,1,1,1,0,1,0,0,0,0,0,0,0,0,0,0,0,0,0,0,0
CORO,2026-09-24,36.6,36.9103,36.5303,34.3525,37.54,-2.5,-0.76,-0.38,289380779.0,1,1,1,0,1,0,0,0,0,0,0,0,0,0,0,0,0,0,0,0
COSW,2026-09-24,36.02,36.8641,38.0192,39.6948,46.3799,-22.34,0.24,-1.02,118733.0,0,0,0,0,0,0,0,0,0,0,0,0,0,0,0,0,0,0,0,0
COWG,2026-09-24,40.021,39.5404,38.9088,36.7668,40.3824,-0.89,1.6,-0.54,9982514.0,1,1,1,1,1,1,0,0,0,0,0,0,0,0,0,0,0,0,0,0
COWS,2026-09-24,36.745,38.7788,38.9351,35.4093,40.5138,-9.3,-2.95,-1.39,376999.0,0,1,0,0,0,0,0,0,0,0,1,0,0,0,0,0,0,0,0,0
COWZ,2026-09-24,67.54,70.1279,68.8307,63.8656,72.23,-6.49,-3.14,-0.59,73688435.0,0,1,0,0,0,0,0,0,0,0,0,0,0,0,0,0,0,0,0,0
COYY,2026-09-24,15.36,15.4522,15.6433,18.1064,37.672,-59.23,1.79,0.46,401150.0,0,0,0,0,0,0,0,0,0,0,0,0,0,0,0,0,0,0,0,0
CPAI,2026-09-24,52.15,52.0487,51.6375,46.8925,53.59,-2.69,-0.95,-0.21,3624599.0,1,1,1,1,1,1,0,0,0,0,0,0,0,0,0,0,0,0,0,0
CPII,2026-09-24,19.1,19.0486,18.9557,18.6741,19.14,-0.21,0.39,0.37,17831.0,1,1,1,1,1,1,0,0,0,0,0,0,0,0,0,0,0,1,0,0
CPNJ,2026-09-24,27.807,27.6471,27.5937,27.3628,27.829,-0.08,0.71,0.13,134232.0,1,1,1,1,1,1,0,0,0,0,0,0,0,0,0,0,0,0,0,0
CPNM,2026-09-25,27.14,27.055,26.9524,26.5071,27.145,-0.02,0.18,0.07,13940.0,0,1,1,1,1,1,0,0,0,0,0,0,0,0,0,0,0,0,0,0
CPNQ,2026-09-25,27.8795,27.7387,27.5939,27.0379,27.8795,0.0,0.3,0.18,86598.0,0,1,1,1,1,1,1,1,1,0,0,0,0,0,0,0,1,0,0,0
CPNS,2026-09-25,28.5563,28.3927,28.3257,27.7702,28.5563,0.0,0.71,0.15,363148.0,0,1,1,1,1,1,0,0,1,0,0,0,0,0,0,0,0,0,0,0
CPRA,2026-09-25,27.8503,27.8743,27.8455,27.2604,27.935,-0.3,-0.0,0.06,27350.0,1,1,1,0,1,0,0,0,0,0,0,0,0,0,0,0,0,0,0,0
CPRJ,2026-09-24,27.42,27.5749,27.6642,27.3167,27.89,-1.69,-0.26,0.11,261230.0,1,1,1,0,0,0,0,0,0,0,0,0,0,0,0,0,0,0,0,0
CPRO,2026-09-24,28.584,28.5154,28.4207,27.7455,28.584,0.0,0.26,0.03,122220.0,0,1,1,1,1,1,1,1,1,0,0,0,0,0,0,0,1,0,0,0
CPRY,2026-09-25,28.25,28.2407,28.1815,27.6147,28.3,-0.18,0.04,0.07,70866.0,1,1,1,1,1,1,0,0,0,0,0,0,0,0,0,0,0,1,0,0
CPSA,2026-09-25,28.1387,28.076,28.0315,27.4621,28.14,-0.0,0.26,0.12,68619.0,1,1,1,1,1,1,0,0,0,0,0,0,0,0,0,0,0,0,0,0
CPSD,2026-09-24,27.14,27.076,26.972,26.4538,27.143,-0.01,0.24,0.1,58395.0,0,1,1,1,1,1,0,0,0,0,0,0,0,0,0,0,0,0,0,0
CPSF,2026-09-25,26.64,26.5579,26.4694,26.0132,26.64,0.0,0.34,0.18,54463.0,1,1,1,1,1,1,0,0,1,0,0,0,0,0,0,0,0,0,0,0
CPSJ,2026-09-25,28.0139,27.9523,27.895,27.3862,28.03,-0.06,0.34,0.09,44883.0,1,1,1,1,1,1,0,0,0,0,0,0,0,0,0,0,0,0,0,0
CPSL,2026-09-24,28.31,28.2754,28.2047,27.7035,28.37,-0.21,0.11,-0.04,815008.0,1,1,1,1,1,1,0,0,0,0,0,0,0,0,0,0,0,0,0,0
CPSM,2026-09-24,29.587,29.5487,29.4694,29.0656,29.62,-0.11,0.19,0.01,74200.0,1,1,1,1,1,1,0,0,0,0,0,0,0,0,0,0,0,0,0,0
CPSN,2026-09-24,28.205,28.1161,27.9849,27.3932,28.207,-0.01,0.21,0.09,37974.0,0,1,1,1,1,1,0,0,0,0,0,0,0,0,0,0,0,0,0,0
CPSO,2026-09-25,28.3197,28.2588,28.1412,27.5688,28.3197,0.0,0.1,0.03,19296.0,0,1,1,1,1,1,1,1,1,0,0,0,0,0,0,0,1,0,0,0
CPSP,2026-09-24,27.24,27.1976,27.1175,26.6405,27.249,-0.03,0.18,0.02,13461.0,0,1,1,1,1,1,0,0,0,0,0,0,0,0,0,0,0,0,0,0
CPSR,2026-09-24,26.181,26.1427,26.0579,25.635,26.197,-0.06,0.1,-0.02,60314.0,1,1,1,1,1,1,0,0,0,0,0,0,0,0,0,0,0,1,0,0
CPST,2026-09-25,28.1399,28.0851,28.0292,27.5143,28.177,-0.13,0.28,0.16,424507.0,1,1,1,1,1,1,0,0,0,0,0,0,0,0,0,0,0,0,0,0
CPSU,2026-09-25,27.949,27.8698,27.8295,27.4766,27.95,-0.0,0.34,0.28,55611.0,1,1,1,1,1,1,0,0,0,0,0,0,0,0,0,0,0,0,0,0
CPSY,2026-09-24,26.094,26.0342,25.9364,25.4777,26.11,-0.06,0.09,-0.06,27465.0,1,1,1,1,1,1,0,0,0,0,0,0,0,0,0,0,0,0,0,0
CPTL,2026-09-24,48.675,48.5369,48.5368,45.5524,49.686,-2.03,0.78,-0.01,193907.0,1,1,1,1,1,1,0,0,0,0,0,0,0,0,0,0,0,0,0,0
CQQQ,2026-09-24,46.58,47.3915,49.3698,51.5062,59.1636,-21.27,0.67,-1.17,39776745.0,0,0,0,0,0,0,0,0,0,0,0,0,0,0,0,0,0,0,0,0
CQTM,2026-09-24,24.15,23.254,24.0438,,,,3.78,1.73,369147.0,0,0,0,1,1,0,0,0,0,0,0,0,0,0,0,0,0,0,0,0
CRBN,2026-09-24,258.02,257.9478,256.379,242.6694,261.31,-1.26,0.48,0.16,2360447.0,1,1,1,1,1,1,0,0,0,0,0,0,0,0,0,0,0,0,0,0
CRCO,2026-09-24,14.42,14.3703,12.7437,13.4531,22.2042,-35.06,8.75,0.47,2127225.0,1,1,0,1,1,1,0,0,0,0,0,0,0,0,0,0,0,0,0,0
CRDD,2026-09-24,18.81,16.4084,15.0542,,22.7616,-17.36,22.26,3.58,40636.0,0,0,0,1,1,1,0,0,0,0,0,0,1,0,1,0,0,0,0,0
CRDT,2026-09-25,21.404,22.4128,22.941,22.7226,23.8733,-10.34,-3.04,-0.56,37349.0,0,0,0,0,0,0,0,0,0,0,1,0,0,0,0,0,0,0,0,0
CRIB,2026-09-24,23.85,24.514,25.24,,,,-1.57,-0.13,22961.0,0,0,0,0,0,0,0,0,0,0,1,0,0,0,0,0,0,0,0,0
CRPT,2026-09-24,16.39,15.171,13.2606,13.9058,24.3721,-32.75,14.62,-0.55,896456.0,0,1,0,1,1,1,0,0,0,0,0,0,0,0,1,0,0,0,0,0
CRTC,2026-09-24,41.454,40.795,40.2163,37.9969,41.571,-0.28,1.67,0.31,306077.0,1,1,1,1,1,1,0,0,0,0,0,0,0,0,0,0,0,0,0,0
CRY,2026-09-24,16.8,16.7481,16.2048,,,,1.3,0.48,176511.0,0,0,0,1,1,1,0,0,0,0,0,0,0,0,0,0,0,0,0,0
CSD,2026-09-24,128.45,129.647,132.994,124.5797,149.75,-14.22,0.24,-0.93,1029130.0,1,1,0,0,0,0,0,0,0,0,0,0,0,0,0,0,0,0,0,0
CSEN,2026-09-24,25.47,25.9335,25.3896,,,,-2.53,-0.04,1661018.0,0,0,0,0,1,0,0,0,0,0,0,0,0,0,0,0,0,0,0,0
CSHI,2026-09-24,49.68,49.6027,49.489,48.7877,49.68,0.0,0.1,0.02,40723808.0,0,1,1,1,1,1,0,0,1,0,0,0,0,0,0,0,0,0,0,0
CSIO,2026-09-25,27.1248,28.1517,28.4142,,29.122,-6.86,-2.57,-0.11,464547.0,0,0,0,0,0,0,0,0,0,0,1,0,0,0,0,0,0,0,0,0
CSM,2026-09-25,87.73,87.7469,87.5802,82.3357,89.7845,-2.29,0.51,0.45,430620.0,1,1,1,0,1,0,0,0,0,0,0,0,0,0,0,0,0,0,0,0
CSMD,2026-09-25,34.2341,33.7669,34.4713,33.6096,36.52,-6.26,2.28,-0.02,1154100.0,1,1,0,1,0,0,0,0,0,0,0,0,0,0,0,0,0,0,0,0
CSNR,2026-09-25,37.1651,38.2484,37.1821,35.5614,39.3,-5.43,-1.88,-0.46,993459.0,1,1,0,0,0,0,0,0,0,0,0,0,0,0,0,0,0,0,0,0
CSRE,2026-09-25,27.13,27.969,28.7017,27.6425,29.87,-9.17,-1.45,-0.51,3949131.0,0,0,0,0,0,0,0,0,0,0,1,0,0,0,0,0,0,1,0,0
CSTK,2026-09-25,33.1,33.3236,33.3723,31.1832,34.0153,-2.69,0.31,0.69,393502.0,1,1,1,0,0,0,0,0,0,0,0,0,0,0,0,0,0,0,0,0
CTA,2026-09-24,29.67,29.3796,27.9605,28.104,31.9784,-7.22,-1.03,-0.1,23963196.0,1,1,0,1,1,1,0,0,0,0,0,0,0,0,0,0,0,0,0,0
CTAP,2026-09-25,29.94,30.4369,28.9187,,32.0803,-6.67,-2.61,-2.63,1253416.0,0,0,0,0,1,0,0,0,0,0,0,0,0,0,0,0,0,0,0,0
CTEC,2026-09-24,55.661,57.4094,56.9758,60.8016,78.0144,-28.65,-3.07,-1.8,79412.0,0,0,0,0,0,0,0,0,0,0,0,0,0,0,0,0,0,1,0,0
CTEF,2026-09-24,84.485,86.8564,88.5421,79.5947,94.37,-10.47,-1.13,-0.25,693938.0,1,1,0,0,0,0,0,0,0,0,0,0,0,0,0,0,0,0,0,0
CTEX,2026-09-24,30.655,31.9669,33.5201,37.7956,51.304,-40.25,-4.75,-2.91,28747.0,0,0,0,0,0,0,0,0,0,0,0,0,0,0,0,0,0,0,0,0
CTIF,2026-09-24,52.242,53.2523,53.9467,51.3699,56.171,-6.99,-0.71,-0.88,100484.0,1,1,0,0,0,0,0,0,0,0,0,0,0,0,0,0,0,1,0,0
CTJL,2026-09-25,25.66,25.542,25.4446,,,,0.63,0.23,3833.0,0,0,0,1,1,1,0,0,0,0,0,0,0,0,0,0,0,0,0,0
CTJN,2026-09-24,25.37,25.3205,25.2088,,,,0.4,0.04,9710.0,0,0,0,1,1,1,0,0,0,0,0,0,0,0,0,0,0,0,0,0
CTMA,2026-09-24,25.78,25.7455,25.6484,,,,0.43,0.0,51403.0,0,0,0,1,1,1,0,0,0,0,0,0,0,0,0,0,0,0,0,0
CUT,2026-09-24,28.69,29.3345,29.6074,29.0779,32.75,-12.4,-2.15,-2.08,37371.0,0,0,0,0,0,0,0,0,0,0,0,0,0,0,0,0,0,1,0,0
CVAR,2026-09-24,30.48,31.1686,30.7987,29.3753,31.966,-4.65,-1.64,-0.29,44567.0,1,1,1,0,0,0,0,0,0,0,0,0,0,0,0,0,0,0,0,0
CVGD,2026-09-25,25.8897,26.486,26.5042,,,,-0.31,0.5,108185.0,0,0,0,0,0,0,0,0,0,0,0,0,0,0,0,0,0,0,0,0
CVIE,2026-09-24,83.762,84.6675,84.0688,78.592,86.1216,-2.74,-0.52,-0.24,1819550.0,1,1,1,0,0,0,0,0,0,0,0,0,0,0,0,0,0,0,0,0
CVLC,2026-09-25,95.66,95.0487,95.0915,88.9892,97.6937,-2.08,1.17,0.72,1750192.0,1,1,1,1,1,0,0,0,0,0,0,0,0,0,0,0,0,0,0,0
CVMC,2026-09-25,74.11,75.0377,76.128,70.2862,78.6701,-5.8,0.15,0.37,484206.0,1,1,0,0,0,0,0,0,0,0,0,0,0,0,0,0,0,0,0,0
CVNY,2026-09-24,17.952,19.3319,19.1441,19.6195,24.6108,-27.06,-2.95,-1.25,525980.0,0,0,0,0,0,0,0,0,0,0,0,0,0,0,0,0,0,0,0,0
CVRD,2026-09-24,18.37,18.6769,18.5579,18.1593,18.987,-3.25,-1.08,-0.33,4376.0,1,1,1,0,0,0,0,0,0,0,0,0,0,0,0,0,0,0,0,0
CVRT,2026-09-24,46.656,46.9236,47.5241,45.4822,53.8874,-13.42,-0.01,-0.16,260813.0,1,1,0,0,0,0,0,0,0,0,0,0,0,0,0,0,0,0,0,0
CVSM,2026-09-25,25.0946,25.6977,26.1815,,,,-0.5,0.58,102185.0,0,0,0,0,0,0,0,0,0,0,0,1,0,0,0,0,0,0,0,0
CVY,2026-09-25,28.8187,29.8833,29.9706,28.0734,30.5766,-5.75,-2.65,-0.07,159405.0,0,1,0,0,0,0,0,0,0,0,1,0,0,0,0,0,0,0,0,0
CWB,2026-09-24,102.27,102.2151,102.7117,98.6108,110.2498,-7.24,0.7,-0.13,58332755.0,1,1,0,1,0,0,0,0,0,0,0,0,0,0,0,0,0,0,0,0
CWI,2026-09-24,40.7,41.1635,40.8822,38.7908,41.9,-2.86,-0.83,-0.32,10904316.0,1,1,1,0,0,0,0,0,0,0,0,0,0,0,0,0,0,0,0,0
CWS,2026-09-24,67.253,69.6234,70.7816,68.7562,73.488,-8.48,-1.07,-0.64,356706.0,0,0,0,0,0,0,0,0,0,0,1,0,0,0,0,0,0,0,0,0
CWY,2026-09-24,15.54,15.3267,15.3038,,,,3.17,0.45,59219.0,0,0,0,1,1,1,0,0,0,0,0,0,0,0,0,0,0,0,0,0
CXSE,2026-09-24,36.12,36.825,37.7476,39.3014,44.8486,-19.46,0.22,-1.04,717784.0,0,0,0,0,0,0,0,0,0,0,0,0,0,0,0,0,0,0,0,0
CZA,2026-09-24,119.28,122.771,124.748,117.8659,127.81,-6.67,-1.77,-0.67,240911.0,0,1,0,0,0,0,0,0,0,0,1,0,0,0,0,0,0,0,0,0
DABS,2026-09-25,49.795,49.9823,50.069,49.7343,50.3205,-1.04,-0.1,0.17,828957.0,1,1,1,0,0,0,0,0,0,0,0,0,0,0,0,0,0,0,0,0
DADS,2026-09-24,20.21,20.0751,19.9529,19.6603,21.6195,-6.52,1.46,-0.47,61436.0,1,1,0,1,1,1,0,0,0,0,0,0,0,0,0,0,0,0,0,0
DAK,2026-09-25,30.1153,29.8431,29.7131,27.9932,30.241,-0.42,1.17,0.48,50851.0,1,1,1,1,1,1,0,0,0,0,0,0,0,0,0,0,0,0,0,0
DALI,2026-09-25,28.7569,29.0808,28.8324,29.135,30.9809,-7.18,0.14,0.87,68632.0,0,0,0,0,0,0,0,0,0,0,0,0,0,0,0,0,0,0,0,0
DAPP,2026-09-24,20.96,20.0155,18.9144,18.6226,26.49,-20.88,8.43,-0.43,24508236.0,0,1,0,1,1,1,0,0,0,0,0,0,0,0,0,0,0,0,0,0
DAPR,2026-09-25,41.8644,41.6467,41.4442,40.3456,41.886,-0.05,0.61,0.35,389587.0,1,1,1,1,1,1,0,0,0,0,0,0,0,0,0,0,0,0,0,0
DARP,2026-09-24,58.314,57.3679,56.897,53.1077,60.42,-3.49,2.25,0.26,393405.0,1,1,1,1,1,1,0,0,0,0,0,0,0,0,0,0,0,0,0,0
DAT,2026-09-24,51.541,50.0531,48.0825,42.0336,52.01,-0.9,3.35,-0.9,49105.0,1,1,1,1,1,1,0,0,0,0,0,0,0,0,0,0,0,0,0,0
DAUG,2026-09-25,47.7728,47.5386,47.4163,45.7563,47.82,-0.1,0.7,0.31,1694966.0,1,1,1,1,1,1,0,0,0,0,0,0,0,0,0,0,0,0,0,0
DAX,2026-09-24,44.708,46.0148,46.041,44.7078,47.72,-6.31,-1.86,0.03,1012603.0,1,1,0,0,0,0,0,0,0,0,0,0,0,0,0,0,0,0,0,0
DBAW,2026-09-24,47.97,48.178,48.0642,45.4397,49.19,-2.48,-0.39,-0.48,1258373.0,1,1,1,0,0,0,0,0,0,0,0,0,0,0,0,0,0,0,0,0
DBB,2026-09-24,25.93,25.6575,25.3636,24.4893,26.63,-2.63,0.86,0.46,5383924.0,1,1,1,1,1,1,0,0,0,0,0,0,0,0,0,0,0,0,0,0
DBE,2026-09-24,37.62,35.9585,33.0614,27.2336,38.99,-3.51,0.72,1.46,2087460.0,0,1,1,1,1,1,0,0,0,0,0,0,0,0,0,0,0,0,0,0
DBEF,2026-09-24,55.14,55.2865,55.3918,52.1562,56.64,-2.65,-0.29,-0.04,23049243.0,1,1,1,0,0,0,0,0,0,0,0,0,0,0,0,0,0,0,0,0
DBEM,2026-09-24,39.43,39.3205,38.7834,36.7487,42.54,-7.31,0.41,-0.66,268585.0,1,1,0,1,1,1,0,0,0,0,0,0,0,0,0,0,0,0,0,0
DBEU,2026-09-24,53.99,54.132,54.3948,51.395,55.47,-2.67,-0.28,0.32,1428707.0,1,1,1,0,0,0,0,0,0,0,0,0,0,0,0,0,0,0,0,0
DBEZ,2026-09-24,62.308,62.4619,62.8349,59.1598,64.618,-3.57,0.02,0.16,345341.0,1,1,1,0,0,0,0,0,0,0,0,0,0,0,0,0,0,0,0,0
DBJP,2026-09-24,115.81,115.5185,114.7158,106.7167,119.06,-2.73,-0.39,-0.81,1838023.0,1,1,1,1,1,1,0,0,0,0,0,0,0,0,0,0,0,0,0,0
DBMF,2026-09-24,32.77,31.806,31.3956,30.2785,32.77,0.0,2.34,0.96,91958870.0,0,1,1,1,1,1,1,1,1,0,0,0,0,0,0,0,1,0,0,0
DBP,2026-09-24,98.71,100.9955,99.1994,106.7828,136.43,-27.65,-1.76,-0.31,536604.0,0,0,0,0,0,0,0,0,0,0,0,0,0,0,0,0,0,0,0,0
DCOR,2026-09-24,83.42,83.7308,83.6304,78.3519,85.5209,-2.46,0.22,0.02,9737675.0,1,1,1,0,0,0,0,0,0,0,0,0,0,0,0,0,0,0,0,0
DCRE,2026-09-24,51.07,51.2125,51.2207,50.8231,51.3866,-0.62,-0.16,-0.12,2090563.0,0,1,1,0,0,0,0,0,0,0,0,0,0,0,0,0,0,0,0,0
DDDD,2026-09-24,32.72,33.5805,33.3996,,34.37,-4.8,-1.74,-0.52,136980.0,0,0,1,0,0,0,0,0,0,0,0,0,0,0,0,0,0,0,0,0
DDEC,2026-09-24,48.627,48.426,48.13,46.4043,48.725,-0.2,0.39,0.03,1150443.0,1,1,1,1,1,1,0,0,0,0,0,0,0,0,0,0,0,1,0,0
DDFA,2026-09-25,20.6152,20.5308,20.4249,,20.6152,0.0,0.37,0.12,232122.0,0,0,1,1,1,1,0,0,1,0,0,0,0,0,0,0,0,1,0,0
DDFD,2026-09-25,20.4003,20.3162,20.2222,19.64,20.405,-0.02,0.3,0.1,187165.0,0,1,1,1,1,1,0,0,0,0,0,0,0,0,0,0,0,0,0,0
DDFF,2026-09-25,20.375,20.2848,20.1931,,20.375,0.0,0.37,0.27,269404.0,0,0,1,1,1,1,0,0,1,0,0,0,0,0,0,0,0,0,0,0
DDFJ,2026-09-25,20.15,20.0778,19.9899,,20.15,0.0,0.29,0.25,196157.0,0,0,1,1,1,1,0,0,1,0,0,0,0,0,0,0,0,0,0,0
DDFL,2026-09-24,21.6,21.5833,21.4818,20.9655,21.72,-0.55,0.05,-0.18,437294.0,1,1,1,1,1,1,0,0,0,0,0,0,0,0,0,0,0,0,0,0
DDFM,2026-09-25,20.155,20.0882,19.9937,,20.17,-0.07,0.32,0.12,148078.0,0,0,1,1,1,1,0,0,0,0,0,0,0,0,0,0,0,0,0,0
DDFN,2026-09-24,20.54,20.4382,20.3335,19.7228,20.54,0.0,0.59,0.17,281411.0,1,1,1,1,1,1,0,0,1,0,0,0,0,0,0,0,0,0,0,0
DDFO,2026-09-25,22.9352,22.8624,22.7547,22.1328,22.9352,0.0,0.2,0.02,268239.0,0,1,1,1,1,1,0,0,1,0,0,0,0,0,0,0,0,1,0,0
DDFS,2026-09-25,22.365,22.277,22.2093,21.6771,22.4,-0.16,0.49,0.2,4189417.0,1,1,1,1,1,1,0,0,0,0,0,0,0,0,0,0,0,0,0,0
DDFY,2026-09-25,20.48,20.41,20.3008,,,,0.49,0.2,105630.0,0,0,0,1,1,1,0,0,0,0,0,0,0,0,0,0,0,0,0,0
DDFZ,2026-09-25,19.7749,19.7117,19.6157,,,,0.38,0.18,524174.0,0,0,0,1,1,1,0,0,0,0,0,0,0,0,0,0,0,0,0,0
DDIV,2026-09-24,44.217,45.3462,46.3566,43.7322,47.5655,-7.04,-1.51,-0.45,491473.0,0,1,0,0,0,0,0,0,0,0,0,0,0,0,0,0,0,0,0,0
DDLS,2026-09-24,45.9,46.0956,45.6863,44.3117,46.613,-1.53,-0.84,0.11,510003.0,1,1,1,0,1,0,0,0,0,0,0,0,0,0,0,0,0,0,0,0
DDNQ,2026-09-25,21.05,20.8911,20.6539,,21.14,-0.43,0.33,0.24,258467.0,0,0,1,1,1,1,0,0,0,0,0,0,0,0,0,0,0,0,0,0
DDSQ,2026-09-25,21.6271,21.5099,21.3806,,21.66,-0.15,0.73,0.5,330557.0,0,0,1,1,1,1,0,0,0,0,0,0,0,0,0,0,0,0,0,0
DDTA,2026-09-25,21.0036,20.8817,20.7509,,21.0036,0.0,0.59,0.26,13736.0,0,0,1,1,1,1,1,1,1,0,0,0,0,0,0,0,1,1,0,0
DDTD,2026-09-24,20.865,20.7912,20.6632,19.8157,20.955,-0.43,0.46,-0.12,71281.0,1,1,1,1,1,1,0,0,0,0,0,0,0,0,0,0,0,0,0,0
DDTF,2026-09-24,20.75,20.6775,20.5464,,20.82,-0.34,0.44,-0.1,9006.0,0,0,1,1,1,1,0,0,0,0,0,0,0,0,0,0,0,0,0,0
DDTJ,2026-09-25,20.645,20.5317,20.414,,20.665,-0.1,0.58,0.19,33543.0,0,0,1,1,1,1,0,0,0,0,0,0,0,0,0,0,0,0,0,0
DDTL,2026-09-25,22.6,22.4337,22.2996,21.5578,22.6,0.0,0.92,0.43,237359.0,1,1,1,1,1,1,0,0,1,0,0,0,0,0,0,0,0,0,0,0
DDTM,2026-09-25,20.585,20.4907,20.3743,,20.62,-0.17,0.51,0.22,15988.0,0,0,1,1,1,1,0,0,0,0,0,0,0,0,0,0,0,0,0,0
DDTN,2026-09-24,20.986,20.8933,20.7546,19.8772,21.08,-0.45,0.53,-0.07,172192.0,1,1,1,1,1,1,0,0,0,0,0,0,0,0,0,0,0,0,0,0
DDTO,2026-09-25,23.62,23.5187,23.3462,22.4078,23.66,-0.17,0.19,-0.02,212731.0,1,1,1,1,1,1,0,0,0,0,0,0,0,0,0,0,0,0,0,0
DDTS,2026-09-25,23.054,22.9509,22.8655,22.0477,23.114,-0.26,0.63,0.1,741387.0,1,1,1,1,1,1,0,0,0,0,0,0,0,0,0,0,0,0,0,0
DDTY,2026-09-25,20.791,20.6545,20.53,,,,0.73,0.29,63397.0,0,0,0,1,1,1,0,0,0,0,0,0,0,0,0,0,0,1,0,0
DDTZ,2026-09-25,19.9101,19.7685,19.6666,,,,0.86,0.3,116942.0,0,0,0,1,1,1,0,0,0,0,0,0,0,0,0,0,0,0,0,0
DDWM,2026-09-24,46.3,46.913,47.0295,45.3182,47.83,-3.2,-1.2,0.11,5065472.0,1,1,1,0,0,0,0,0,0,0,0,0,0,0,0,0,0,0,0,0
DECM,2026-09-24,34.275,34.1872,34.0561,33.3835,34.29,-0.04,0.25,0.06,717037.0,0,1,1,1,1,1,0,0,0,0,0,0,0,0,0,0,0,0,0,0
DECO,2026-09-24,78.273,74.1733,73.8106,62.1709,82.943,-5.63,4.95,-1.35,58175.0,0,1,0,1,1,1,0,0,0,0,0,0,0,0,0,0,0,0,0,0
DECP,2026-09-24,33.477,33.3244,33.0831,31.6241,33.6,-0.37,0.51,0.02,103967.0,1,1,1,1,1,1,0,0,0,0,0,0,0,0,0,0,0,0,0,0
DECT,2026-09-25,40.6048,40.2755,40.0133,38.1389,40.65,-0.11,0.92,0.46,282846.0,1,1,1,1,1,1,0,0,0,0,0,0,0,0,0,0,0,0,0,0
DECU,2026-09-25,29.8,29.6066,29.5536,28.3788,30.146,-1.15,1.12,0.47,141703.0,1,1,1,1,1,1,0,0,0,0,0,0,0,0,0,0,0,0,0,0
DECW,2026-09-25,36.6102,36.4081,36.1971,34.9605,36.6102,0.0,0.49,0.14,428093.0,1,1,1,1,1,1,0,0,1,0,0,0,0,0,0,0,0,0,0,0
DECZ,2026-09-25,44.2675,43.9497,43.8178,41.8736,44.636,-0.83,1.07,0.44,45827.0,1,1,1,1,1,1,0,0,0,0,0,0,0,0,0,0,0,0,0,0
DEEF,2026-09-24,39.31,40.0893,39.9191,38.4125,40.8049,-3.66,-2.2,-0.11,25918.0,1,1,1,0,0,0,0,0,0,0,0,0,0,0,0,0,0,0,0,0
DEEP,2026-09-24,41.307,42.8979,43.1308,39.6371,44.178,-6.5,-2.93,-0.65,36916.0,0,1,0,0,0,0,0,0,0,0,0,0,0,0,0,0,0,0,0,0
DEFR,2026-09-25,26.1236,26.3991,26.5298,26.6692,27.34,-4.45,-0.67,0.24,425866.0,0,0,1,0,0,0,0,0,0,0,0,0,0,0,0,0,0,0,0,0
DEHP,2026-09-24,41.485,41.4062,40.4219,37.6647,44.4938,-6.76,1.0,-0.16,1381101.0,1,1,0,1,1,1,0,0,0,0,0,0,0,0,0,0,0,0,0,0
DEM,2026-09-24,56.3,56.336,54.9948,51.5187,57.22,-1.61,-0.2,-0.12,10532314.0,1,1,1,0,1,0,0,0,0,0,0,0,0,0,0,0,0,0,0,0
DEMZ,2026-09-25,48.74,47.6814,47.5841,44.6767,48.74,0.0,3.05,0.66,133629.0,1,1,1,1,1,1,1,1,1,0,0,0,0,0,0,0,1,0,0,0
DES,2026-09-24,38.58,39.578,40.3898,37.6752,41.6529,-7.38,-1.36,0.05,4167837.0,0,1,0,0,0,0,0,0,0,0,1,0,0,0,0,0,0,0,0,0
DESK,2026-09-24,38.026,39.3404,40.9418,37.4077,43.52,-12.62,-1.59,0.17,114814.0,0,1,0,0,0,0,0,0,0,0,0,0,0,0,0,0,0,0,0,0
DEUS,2026-09-24,64.016,65.8296,66.5568,62.7893,68.0871,-5.98,-1.93,-0.49,504372.0,0,1,0,0,0,0,0,0,0,0,1,0,0,0,0,0,0,0,0,0
DEW,2026-09-24,70.33,71.7895,72.032,67.2974,73.32,-4.08,-1.98,0.06,429486.0,0,1,1,0,0,0,0,0,0,0,0,0,0,0,0,0,0,0,0,0
DEXC,2026-09-24,80.0,79.6961,77.3396,71.6899,85.2119,-6.12,0.46,-0.49,2339079.0,1,1,0,1,1,1,0,0,0,0,0,0,0,0,0,0,0,0,0,0
DFAC,2026-09-24,44.83,45.0848,45.0659,42.2428,46.1211,-2.8,0.08,-0.16,89204054.0,1,1,1,0,0,0,0,0,0,0,0,0,0,0,0,0,0,0,0,0
DFAE,2026-09-24,39.5,39.6453,38.7583,36.7045,41.463,-4.73,0.16,-0.58,34942254.0,1,1,1,0,1,0,0,0,0,0,0,0,0,0,0,0,0,0,0,0
DFAI,2026-09-24,41.73,42.5093,42.3928,40.3794,43.3617,-3.76,-1.48,-0.29,73981752.0,1,1,1,0,0,0,0,0,0,0,0,0,0,0,0,0,0,0,0,0
DFAL,2026-09-25,51.9567,51.4734,51.2276,,,,1.25,0.52,1775327.0,0,0,0,1,1,1,0,0,0,0,0,0,0,0,0,0,0,0,0,0
DFAR,2026-09-24,24.53,25.2386,25.9353,24.7235,27.0671,-9.37,-1.77,-0.28,73864583.0,0,0,0,0,0,0,0,0,0,0,1,0,0,0,0,0,0,0,0,0
DFAS,2026-09-24,78.37,80.2896,81.4108,76.4751,84.2672,-7.0,-1.17,-0.28,37070211.0,0,1,0,0,0,0,0,0,0,0,0,0,0,0,0,0,0,0,0,0
DFAT,2026-09-24,67.66,69.8215,70.6114,65.9464,72.4587,-6.62,-2.17,-0.34,19818919.0,0,1,0,0,0,0,0,0,0,0,1,0,0,0,0,0,0,0,0,0
DFAU,2026-09-24,52.72,52.7137,52.5398,49.3742,53.7267,-1.87,0.52,-0.11,29073749.0,1,1,1,1,1,1,0,0,0,0,0,0,0,0,0,0,0,0,0,0
DFAW,2026-09-24,83.65,84.3037,84.0825,79.2107,85.868,-2.58,-0.2,-0.18,7270459.0,1,1,1,0,0,0,0,0,0,0,0,0,0,0,0,0,0,0,0,0
DFAX,2026-09-24,37.26,37.7731,37.2924,35.5004,38.3853,-2.93,-0.93,-0.35,24327721.0,1,1,1,0,0,0,0,0,0,0,0,0,0,0,0,0,0,0,0,0
DFE,2026-09-24,75.42,76.78,76.2832,73.5882,78.19,-3.54,-1.5,-0.28,431923.0,1,1,1,0,0,0,0,0,0,0,0,0,0,0,0,0,0,0,0,0
DFEB,2026-09-25,51.8075,51.5212,51.2349,49.4547,51.8075,0.0,0.53,0.29,446422.0,1,1,1,1,1,1,0,0,1,0,0,0,0,0,0,0,0,0,0,0
DFEM,2026-09-24,39.85,40.0398,39.1404,37.1954,41.8022,-4.67,0.15,-0.5,32348488.0,1,1,1,0,1,0,0,0,0,0,0,0,0,0,0,0,0,0,0,0
DFEV,2026-09-24,42.37,42.5773,41.3332,38.6039,43.9993,-3.7,-0.41,-0.54,10127138.0,1,1,1,0,1,0,0,0,0,0,0,0,0,0,0,0,0,0,0,0
DFGR,2026-09-24,27.4,28.1991,28.9331,27.8678,29.9763,-8.59,-1.7,-0.36,13922496.0,0,0,0,0,0,0,0,0,0,0,1,0,0,0,0,0,0,0,0,0
DFIC,2026-09-24,37.96,38.6645,38.4566,36.657,39.4106,-3.68,-1.47,-0.25,73411196.0,1,1,1,0,0,0,0,0,0,0,0,0,0,0,0,0,0,0,0,0
DFII,2026-09-24,14.458,13.6963,12.5969,13.1538,21.7013,-33.38,8.98,0.27,115078.0,0,1,0,1,1,1,0,0,0,0,0,0,0,0,0,0,0,1,0,0
DFIP,2026-09-24,39.15,39.8915,40.1306,40.319,40.7939,-4.03,-1.37,-0.51,6576035.0,0,0,1,0,0,0,0,0,0,0,1,0,0,0,0,0,0,0,0,1
DFIS,2026-09-24,36.41,36.9695,36.5836,34.9879,37.679,-3.37,-1.1,-0.52,17509880.0,1,1,1,0,0,0,0,0,0,0,0,0,0,0,0,0,0,0,0,0
DFIV,2026-09-24,56.62,57.7549,57.2552,53.7268,58.7909,-3.69,-2.25,-0.02,73848694.0,1,1,1,0,0,0,0,0,0,0,0,0,0,0,0,0,0,0,0,0
DFJ,2026-09-24,115.4,115.2305,111.9982,104.9443,117.31,-1.63,-1.63,-0.25,3346020.0,1,1,1,1,1,1,0,0,0,0,0,0,0,0,0,0,0,0,0,0
DFLV,2026-09-24,40.8,41.3733,41.1895,37.8184,42.0406,-2.95,-0.74,-0.02,24975985.0,1,1,1,0,0,0,0,0,0,0,0,0,0,0,0,0,0,0,0,0
DFMC,2026-09-25,58.2107,59.0015,60.1308,,62.37,-6.67,0.07,0.47,1153095.0,0,0,0,0,0,0,0,0,0,0,0,0,0,0,0,0,0,0,0,0
DFNL,2026-09-24,48.795,50.9567,51.4748,48.4457,53.002,-7.94,-2.85,-0.05,1574109.0,0,1,0,0,0,0,0,0,0,0,1,0,0,0,0,0,0,0,0,0
DFSE,2026-09-24,48.557,48.7203,47.6863,45.6134,50.3576,-3.58,0.23,-0.5,1527352.0,1,1,1,0,1,0,0,0,0,0,0,0,0,0,0,0,0,0,0,0
DFSI,2026-09-24,45.55,46.3845,46.3214,44.3954,47.5788,-4.26,-1.48,-0.36,2808394.0,1,1,1,0,0,0,0,0,0,0,0,0,0,0,0,0,0,0,0,0
DFSU,2026-09-24,47.64,47.7955,47.7757,45.0408,48.8842,-2.55,0.3,-0.08,5055572.0,1,1,1,0,0,0,0,0,0,0,0,0,0,0,0,0,0,0,0,0
DFSV,2026-09-24,38.22,39.3426,39.6613,36.8202,40.7019,-6.1,-2.15,-0.21,48067722.0,0,1,0,0,0,0,0,0,0,0,1,0,0,0,0,0,0,0,0,0
DFTT,2026-09-25,31.3598,30.1763,30.0102,27.9651,32.4843,-3.46,3.67,0.38,43063.0,0,1,1,1,1,1,1,0,0,0,0,0,0,0,0,0,1,0,0,0
DFUS,2026-09-24,83.64,83.3189,82.9435,77.9504,84.8825,-1.46,0.85,-0.08,53958168.0,1,1,1,1,1,1,0,0,0,0,0,0,0,0,0,0,0,0,0,0
DFUV,2026-09-24,55.85,56.5594,56.3357,51.7131,57.4675,-2.81,-0.59,0.02,20789781.0,1,1,1,0,0,0,0,0,0,0,0,0,0,0,0,0,0,0,0,0
DFVE,2026-09-24,35.442,36.4636,36.7414,34.46,37.72,-6.04,-1.76,-0.62,580169.0,0,1,0,0,0,0,0,0,0,0,0,0,0,0,0,0,0,0,0,0
DFVX,2026-09-24,84.17,84.5161,84.3182,79.4099,86.0341,-2.17,0.19,0.09,848338.0,1,1,1,0,0,0,0,0,0,0,0,0,0,0,0,0,0,0,0,0
DGAP,2026-09-24,31.16,31.076,30.8976,,,,0.26,0.0,10573.0,0,0,0,1,1,1,0,0,0,0,0,0,0,0,0,0,0,0,0,0
DGIN,2026-09-24,35.53,36.9523,36.7061,36.042,42.46,-16.32,-2.47,-2.95,95824.0,0,0,0,0,0,0,0,0,0,0,0,0,0,0,0,0,0,0,0,0
DGJA,2026-09-24,32.215,32.138,31.9803,,32.24,-0.08,0.22,-0.05,14147.0,0,0,1,1,1,1,0,0,0,0,0,0,0,0,0,0,0,0,0,0
DGLO,2026-09-25,22.6449,23.3535,23.9114,22.8797,24.9531,-9.25,-1.71,-0.19,49498.0,0,0,0,0,0,0,0,0,0,0,1,0,0,0,0,0,0,0,0,0
DGOC,2026-09-24,32.965,32.9,32.7845,31.9254,32.965,0.0,0.12,0.02,11852.0,0,1,1,1,1,1,1,1,1,0,0,0,0,0,0,0,1,1,0,0
DGRE,2026-09-24,40.925,40.9791,39.8697,36.6875,42.057,-2.69,0.19,-0.67,382078.0,1,1,1,0,1,0,0,0,0,0,0,0,0,0,0,0,0,0,0,0
DGRO,2026-09-24,76.14,77.7819,78.1598,73.4614,79.6459,-4.4,-1.37,-0.48,112502101.0,0,1,1,0,0,0,0,0,0,0,0,0,0,0,0,0,0,0,0,0
DGRS,2026-09-24,56.94,58.2585,59.492,55.6237,61.5476,-7.49,-0.58,-0.26,1172447.0,0,1,0,0,0,0,0,0,0,0,0,0,0,0,0,0,0,0,0,0
DGRW,2026-09-24,98.12,98.6895,98.2437,93.6683,100.2645,-2.14,0.11,-0.18,39470431.0,1,1,1,0,0,0,0,0,0,0,0,0,0,0,0,0,0,0,0,0
DGS,2026-09-24,63.59,64.2,63.2954,61.7573,65.7301,-3.26,-0.58,-0.11,2042897.0,1,1,1,0,1,0,0,0,0,0,0,0,0,0,0,0,0,0,0,0
DGT,2026-09-24,187.35,189.7678,189.0297,178.5546,192.2341,-2.54,-1.18,-0.32,1687156.0,1,1,1,0,0,0,0,0,0,0,0,0,0,0,0,0,0,0,0,0
DHDG,2026-09-25,37.9116,37.64,37.4167,35.628,37.945,-0.09,0.71,0.3,211230.0,1,1,1,1,1,1,0,0,0,0,0,0,0,0,0,0,0,0,0,0
DHLX,2026-09-25,13.5056,13.5986,13.6599,13.3037,14.014,-3.63,0.08,0.24,416324.0,1,1,1,0,0,0,0,0,0,0,0,0,0,0,0,0,0,0,0,0
DHS,2026-09-24,113.81,116.826,117.1985,110.1515,119.5143,-4.77,-1.81,-0.25,4710559.0,0,1,1,0,0,0,0,0,0,0,1,0,0,0,0,0,0,0,0,0
DHSB,2026-09-25,27.695,27.5561,27.4309,26.6166,27.712,-0.06,0.5,0.26,44595.0,1,1,1,1,1,1,0,0,0,0,0,0,0,0,0,0,0,1,0,0
DIA,2026-09-24,512.68,523.5806,526.3825,498.5334,541.1131,-5.25,-0.87,-0.31,1773047961.0,1,1,0,0,0,0,0,0,0,0,0,0,0,0,0,0,0,0,0,0
DIEM,2026-09-25,43.4111,43.1983,42.1038,38.8264,45.0658,-3.67,0.78,0.49,576530.0,1,1,1,1,1,1,0,0,0,0,0,0,0,0,0,0,0,0,0,0
DIHP,2026-09-24,33.83,34.5505,34.6586,33.3301,35.7077,-5.26,-1.45,-0.47,24532044.0,1,1,0,0,0,0,0,0,0,0,0,0,0,0,0,0,0,0,0,0
DIM,2026-09-25,87.611,88.911,88.4228,84.7572,90.4,-3.09,-0.54,-0.08,403269.0,1,1,1,0,0,0,0,0,0,0,0,0,0,0,0,0,0,1,0,0
DIME,2026-09-24,11.489,9.3579,8.3303,9.2247,26.015,-55.84,26.29,4.24,77620.0,0,1,0,1,1,1,0,0,0,0,0,0,1,0,1,0,0,1,0,0
DINE,2026-09-25,24.555,24.9968,25.0545,,,,-1.86,-0.91,36659.0,0,0,0,0,0,0,0,0,0,0,1,0,0,0,0,0,0,0,0,0
DINT,2026-09-24,28.235,29.3344,29.6291,28.8516,30.495,-7.41,-1.9,-0.95,408062.0,0,0,0,0,0,0,0,0,0,0,0,0,0,0,0,0,0,0,0,0
DIPR,2026-09-24,23.07,22.4595,22.7656,,,,0.35,1.45,22858.0,0,0,0,1,1,0,0,0,0,0,0,0,0,0,0,0,0,0,0,0
DISK,2026-09-24,38.74,38.017,36.4308,,,,3.64,-3.42,5585811.0,0,0,0,1,1,1,0,0,0,0,0,0,0,0,0,0,0,0,0,0
DISV,2026-09-24,43.37,44.0562,43.2451,40.6518,44.7029,-2.98,-1.63,-0.21,13625178.0,1,1,1,0,1,0,0,0,0,0,0,0,0,0,0,0,0,0,0,0
DIV,2026-09-24,19.05,19.5856,19.5899,18.5958,19.8957,-4.25,-2.95,-0.16,3840685.0,0,1,1,0,0,0,0,0,0,0,1,0,0,0,0,0,0,0,0,0
DIVB,2026-09-24,65.34,67.7072,66.8219,58.8001,69.2513,-5.65,-3.33,-1.04,23128495.0,0,1,0,0,0,0,0,0,0,0,0,0,0,0,0,0,0,0,0,0
DIVD,2026-09-24,43.411,44.3671,44.5212,41.785,45.6528,-4.91,-1.9,-0.28,372725.0,0,1,1,0,0,0,0,0,0,0,0,0,0,0,0,0,0,0,0,0
DIVE,2026-09-25,27.2315,27.7119,27.4705,25.9812,28.424,-4.2,0.0,0.23,50964.0,1,1,1,0,0,0,0,0,0,0,0,0,0,0,0,0,0,1,0,0
DIVG,2026-09-24,36.19,37.4293,37.7011,35.1917,38.5441,-6.11,-2.59,-0.48,32771.0,0,1,0,0,0,0,0,0,0,0,1,0,0,0,0,0,0,0,0,0
DIVI,2026-09-24,42.89,43.7131,43.6518,41.3218,44.5613,-3.75,-1.64,-0.35,7052394.0,1,1,1,0,0,0,0,0,0,0,0,0,0,0,0,0,0,0,0,0
DIVL,2026-09-24,24.669,25.1863,25.3155,24.5036,25.9107,-4.79,-1.04,-0.25,25236.0,0,1,1,0,0,0,0,0,0,0,1,0,0,0,0,0,0,0,0,0
DIVN,2026-09-25,29.7557,30.2474,30.1612,28.4797,30.8738,-3.62,-1.25,-0.15,1264239.0,1,1,1,0,0,0,0,0,0,0,0,0,0,0,0,0,0,0,0,0
DIVO,2026-09-24,46.94,47.7762,47.5257,45.4076,48.71,-3.63,-1.01,-0.32,39744380.0,1,1,1,0,0,0,0,0,0,0,0,0,0,0,0,0,0,0,0,0
DIVP,2026-09-25,26.7007,27.2324,27.384,26.1368,27.8509,-4.13,-0.68,0.43,346797.0,0,1,1,0,0,0,0,0,0,0,0,1,0,0,0,0,0,1,0,0
DIVS,2026-09-24,33.413,33.8402,34.0196,32.2399,34.8974,-4.25,-0.22,-0.22,46454.0,1,1,1,0,0,0,0,0,0,0,0,0,0,0,0,0,0,0,0,0
DIVY,2026-09-25,29.63,30.3932,30.4888,28.2818,31.2707,-5.25,-1.23,0.14,86730.0,0,1,0,0,0,0,0,0,0,0,0,0,0,0,0,0,0,1,0,0
DIVZ,2026-09-24,36.912,37.8978,38.2282,37.3445,39.2441,-5.94,-2.04,-0.48,865891.0,0,0,0,0,0,0,0,0,0,0,1,0,0,0,0,0,0,0,0,0
DJAN,2026-09-25,46.7895,46.508,46.2398,44.6271,46.7895,0.0,0.63,0.26,2183180.0,1,1,1,1,1,1,0,0,1,0,0,0,0,0,0,0,0,1,0,0
DJD,2026-09-24,63.59,64.8159,64.8378,61.0996,66.3326,-4.13,-0.94,-0.2,2705647.0,1,1,1,0,0,0,0,0,0,0,0,0,0,0,0,0,0,0,0,0
DJIA,2026-09-24,22.2,22.5607,22.4732,21.4197,22.9388,-3.22,-0.72,-0.45,1145714.0,1,1,1,0,0,0,0,0,0,0,0,0,0,0,0,0,0,0,0,0
DJUL,2026-09-25,51.44,51.1827,50.99,49.0943,51.486,-0.09,0.65,0.19,501588.0,1,1,1,1,1,1,0,0,0,0,0,0,0,0,0,0,0,0,0,0
DJUN,2026-09-24,50.19,50.0509,49.8741,48.5394,50.377,-0.37,0.56,0.0,588203.0,1,1,1,1,1,1,0,0,0,0,0,0,0,0,0,0,0,0,0,0
DLAG,2026-09-25,33.875,33.6711,33.5108,32.3054,33.892,-0.05,0.76,0.33,215000.0,1,1,1,1,1,1,0,0,0,0,0,0,0,0,0,0,0,0,0,0
DLFE,2026-09-25,32.555,32.4013,32.2071,,32.57,-0.05,0.39,0.17,113676.0,0,0,1,1,1,1,0,0,0,0,0,0,0,0,0,0,0,0,0,0
DLMY,2026-09-25,30.695,30.5102,30.3469,,,,0.71,0.31,334807.0,0,0,0,1,1,1,0,0,0,0,0,0,0,0,0,0,0,0,0,0
DLN,2026-09-24,98.32,99.688,99.6233,93.7526,101.4593,-3.09,-0.71,-0.16,10976784.0,1,1,1,0,0,0,0,0,0,0,0,0,0,0,0,0,0,0,0,0
DLNV,2026-09-24,33.76,33.632,33.4226,32.1662,33.825,-0.19,0.31,-0.01,50253.0,1,1,1,1,1,1,0,0,0,0,0,0,0,0,0,0,0,1,0,0
DLS,2026-09-24,87.74,88.802,87.6902,84.4152,90.06,-2.58,-1.46,-0.26,1149086.0,1,1,1,0,1,0,0,0,0,0,0,0,0,0,0,0,0,0,0,0
DLUX,2026-09-25,50.0752,50.1473,50.093,,50.19,-0.23,-0.19,-0.05,312333.0,0,0,1,0,0,0,0,0,0,0,0,0,0,0,0,0,0,0,0,0
DMAR,2026-09-25,45.7753,45.5754,45.3359,43.6079,45.79,-0.03,0.45,0.2,913334.0,1,1,1,1,1,1,0,0,0,0,0,0,0,0,0,0,0,0,0,0
DMAX,2026-09-25,27.8302,27.7237,27.6196,27.0906,27.8302,0.0,0.36,0.11,162680.0,0,1,1,1,1,1,1,1,1,0,0,0,0,0,0,0,1,0,0,0
DMAY,2026-09-25,48.2003,47.9172,47.7235,46.4172,48.225,-0.05,0.73,0.31,323008.0,1,1,1,1,1,1,0,0,0,0,0,0,0,0,0,0,0,0,0,0
DMBS,2026-09-24,46.55,47.5068,47.8099,48.0955,48.9374,-4.88,-2.02,-0.75,4342289.0,0,0,1,0,0,0,0,0,0,0,1,0,0,0,0,0,0,0,0,1
DMX,2026-09-24,49.305,49.6839,49.6913,49.1572,49.8938,-1.18,-0.65,-0.24,517438.0,0,1,1,0,0,0,0,0,0,0,1,0,0,0,0,0,0,0,0,0
DMXF,2026-09-24,84.56,85.7786,85.4616,80.5153,87.76,-3.65,-0.64,-0.33,5568038.0,1,1,1,0,0,0,0,0,0,0,0,0,0,0,0,0,0,0,0,0
DMXU,2026-09-25,38.4245,38.6538,38.7376,36.9811,39.511,-2.75,0.72,1.03,122074.0,1,1,1,0,0,0,0,0,0,0,0,0,0,0,0,0,0,0,0,0
DNL,2026-09-24,44.57,45.3555,45.6656,43.7575,47.24,-5.65,-0.22,-0.31,611773.0,1,1,0,0,0,0,0,0,0,0,0,0,0,0,0,0,0,0,0,0
DNOV,2026-09-25,52.78,52.5008,52.1624,50.2927,52.78,0.0,0.51,0.19,490826.0,0,1,1,1,1,1,0,0,1,0,0,0,0,0,0,0,0,0,0,0
DOCK,2026-09-24,25.07,26.2035,27.0096,,,,-2.87,-1.53,11625.0,0,0,0,0,0,0,0,0,0,0,1,0,0,0,0,0,0,0,0,0
DOCT,2026-09-24,48.0,47.7878,47.4501,45.6646,48.045,-0.09,0.29,0.01,342541.0,0,1,1,1,1,1,0,0,0,0,0,0,0,0,0,0,0,0,0,0
DOGG,2026-09-24,21.24,21.8557,21.9086,21.0429,22.7,-6.43,-1.48,-0.75,457726.0,0,1,0,0,0,0,0,0,0,0,0,0,0,0,0,0,0,0,0,0
DOJE,2026-09-24,8.9,8.0384,7.2791,9.0627,25.09,-64.53,17.96,4.24,278022.0,0,0,0,1,1,1,0,0,0,0,0,0,1,0,1,0,0,1,0,0
DOL,2026-09-24,75.72,76.4915,76.0078,71.4308,77.68,-2.52,-0.93,0.16,1070895.0,1,1,1,0,0,0,0,0,0,0,0,0,0,0,0,0,0,0,0,0
DON,2026-09-24,54.72,56.6405,57.3746,54.7157,58.7884,-6.92,-2.55,-0.78,10254167.0,0,1,0,0,0,0,0,0,0,0,1,0,0,0,0,0,0,1,0,0
DPRE,2026-09-25,24.8715,25.3807,25.9525,,,,-0.81,-0.07,28779.0,0,0,0,0,0,0,0,0,0,0,0,0,0,0,0,0,0,0,0,0
DQJN,2026-09-25,30.287,29.6828,29.3539,,,,2.15,0.22,104367.0,0,0,0,1,1,1,0,0,0,0,0,0,0,0,0,0,0,0,0,0
DRAI,2026-09-24,33.12,33.1323,33.3291,32.1116,35.8822,-7.7,-0.07,-0.15,25486.0,1,1,0,0,0,0,0,0,0,0,0,0,0,0,0,0,0,0,0,0
DRAM,2026-09-24,60.72,58.36,55.7068,,80.72,-24.78,5.09,-1.91,1679180589.0,0,0,0,1,1,1,0,0,0,0,0,0,0,0,0,0,0,0,0,0
DRAY,2026-09-24,12.5,13.5161,13.707,15.0134,25.1879,-50.37,-4.87,0.3,90753.0,0,0,0,0,0,0,0,0,0,0,0,0,0,0,0,0,0,0,0,0
DRES,2026-09-25,28.6513,29.45,30.4882,29.2473,31.997,-10.46,-0.27,0.57,111467.0,0,0,0,0,0,0,0,0,0,0,0,1,0,0,0,0,0,0,0,0
DRGN,2026-09-24,33.345,33.7913,34.8905,34.9282,40.88,-18.43,0.88,-0.72,250770.0,0,0,0,0,0,0,0,0,0,0,0,0,0,0,0,0,0,0,0,0
DRIV,2026-09-24,33.459,34.0698,34.3519,34.3006,42.4451,-21.17,-1.16,-0.76,1185263.0,0,0,0,0,0,0,0,0,0,0,0,0,0,0,0,0,0,0,0,0
DRKY,2026-09-25,22.6235,21.6713,20.9367,19.6233,22.658,-0.15,3.9,-0.15,229039.0,0,1,1,1,1,1,0,0,0,0,0,0,0,0,0,0,0,1,0,0
DRLL,2026-09-24,40.85,41.5655,39.8522,35.5416,43.39,-5.85,-2.99,0.79,583796.0,1,1,0,0,1,0,0,0,0,0,0,0,0,0,0,0,0,0,0,0
DRMP,2026-09-24,22.1,21.0011,20.987,,,,8.23,-1.47,216013.0,0,0,0,1,1,1,0,0,0,0,0,0,0,0,0,0,0,0,0,0
DRNZ,2026-09-24,20.75,20.8312,21.5175,24.0108,29.35,-29.3,-0.81,0.86,1816486.0,0,0,0,0,0,0,0,0,0,0,0,0,0,0,0,0,0,0,0,0
DRSK,2026-09-24,27.53,28.0025,28.3437,28.1739,29.3906,-6.33,-1.15,-0.54,5736789.0,0,0,0,0,0,0,0,0,0,0,0,0,0,0,0,0,0,1,0,0
DRUP,2026-09-24,71.639,69.5542,67.7072,62.7807,71.639,0.0,2.33,0.79,211464.0,1,1,1,1,1,1,1,1,1,0,0,0,0,0,0,0,1,0,0,0
DSEP,2026-09-25,49.08,48.7361,48.3367,46.3992,49.15,-0.14,0.53,0.22,2047025.0,0,1,1,1,1,1,0,0,0,0,0,0,0,0,0,0,0,0,0,0
DSI,2026-09-24,146.26,145.9014,144.3888,135.1348,148.3146,-1.39,0.76,-0.14,15778479.0,1,1,1,1,1,1,0,0,0,0,0,0,0,0,0,0,0,0,0,0
DSMC,2026-09-25,42.2589,43.2867,43.1428,39.3621,44.3168,-4.64,-0.86,0.38,304476.0,1,1,1,0,0,0,0,0,0,0,0,0,0,0,0,0,0,0,0,0
DSPY,2026-09-25,66.8148,66.5164,66.4161,62.2599,68.42,-2.35,1.09,0.46,1184233.0,1,1,1,1,1,1,0,0,0,0,0,0,0,0,0,0,0,0,0,0
DSTL,2026-09-24,64.62,67.6039,66.8498,61.2067,70.0072,-7.7,-3.36,-0.74,8413330.0,0,1,0,0,0,0,0,0,0,0,0,0,0,0,0,0,0,0,0,0
DSTX,2026-09-24,34.386,35.3821,35.2466,33.3014,36.5575,-5.94,-2.15,-0.49,169060.0,1,1,0,0,0,0,0,0,0,0,0,0,0,0,0,0,0,0,0,0
DTAN,2026-09-25,33.2401,33.5577,33.4076,31.9287,34.335,-3.19,0.2,0.79,47047.0,1,1,1,0,0,0,0,0,0,0,0,0,0,0,0,0,0,0,0,0
DTCR,2026-09-24,27.965,27.9768,28.0722,26.7851,32.3415,-13.53,0.3,-0.69,16314019.0,1,1,0,0,0,0,0,0,0,0,0,0,0,0,0,0,0,0,0,0
DTD,2026-09-24,94.38,95.9965,96.1376,90.529,97.9892,-3.68,-0.95,-0.25,3716399.0,1,1,1,0,0,0,0,0,0,0,0,0,0,0,0,0,0,0,0,0
DTEC,2026-09-24,51.514,51.8187,51.2514,48.0956,53.888,-4.41,-0.3,-0.07,378255.0,1,1,1,0,1,0,0,0,0,0,0,0,0,0,0,0,0,0,0,0
DTH,2026-09-24,57.1,58.166,57.7908,54.5103,59.11,-3.4,-2.11,-0.05,1233413.0,1,1,1,0,0,0,0,0,0,0,0,0,0,0,0,0,0,0,0,0
DTRE,2026-09-25,40.4151,41.7883,42.4785,41.275,43.56,-7.22,-2.71,-0.55,18145.0,0,0,0,0,0,0,0,0,0,0,0,0,0,0,0,0,0,0,0,0
DUBS,2026-09-24,43.305,43.015,42.669,39.7059,43.622,-0.73,0.92,0.03,738855.0,1,1,1,1,1,1,0,0,0,0,0,0,0,0,0,0,0,0,0,0
DUG,2026-09-24,14.93,14.4748,15.736,20.3547,35.6222,-58.09,4.52,-0.86,2633357.0,0,0,0,1,0,0,0,0,0,0,0,0,0,0,0,0,0,0,0,0
DUHP,2026-09-24,42.14,41.9529,41.92,39.7083,42.7969,-1.54,1.23,-0.02,32383246.0,1,1,1,1,1,1,0,0,0,0,0,0,0,0,0,0,0,0,0,0
DUKH,2026-09-25,23.3441,23.5547,23.6,23.5912,23.8469,-2.11,-0.66,0.02,146378.0,0,0,1,0,0,0,0,0,0,0,0,0,0,0,0,0,0,0,0,0
DUKQ,2026-09-25,31.5761,31.5634,31.606,29.7789,32.477,-2.77,0.67,0.35,42994.0,1,1,1,1,0,0,0,0,0,0,0,0,0,0,0,0,0,0,0,0
DUKX,2026-09-25,28.8246,28.9587,28.6665,27.7859,29.451,-2.13,0.4,0.83,19985.0,1,1,1,0,1,0,0,0,0,0,0,0,0,0,0,0,0,0,0,0
DUKZ,2026-09-25,24.747,24.9387,25.0566,24.9741,25.4565,-2.79,-0.47,0.07,211441.0,0,0,1,0,0,0,0,0,0,0,0,0,0,0,0,0,0,0,0,0
DUNK,2026-09-25,28.35,27.9832,27.5527,24.274,28.84,-1.7,2.88,0.71,260794.0,1,1,1,1,1,1,0,0,0,0,0,0,0,0,0,0,0,1,0,0
DURA,2026-09-25,38.6752,39.2908,39.1721,37.0648,40.25,-3.91,-0.5,0.27,55879.0,1,1,1,0,0,0,0,0,0,0,0,0,0,0,0,0,0,1,0,0
DUSA,2026-09-24,55.57,56.5765,57.0578,54.3083,58.37,-4.8,-0.96,0.0,2152454.0,1,1,1,0,0,0,0,0,0,0,0,0,0,0,0,0,0,0,0,0
DUSG,2026-09-25,49.9947,50.8217,51.9039,,,,0.13,0.59,450009.0,0,0,0,0,0,0,0,0,0,0,0,0,0,0,0,0,0,0,0,0
DUTY,2026-09-24,27.31,26.716,26.8684,,,,1.0,-0.26,85630.0,0,0,0,1,1,0,0,0,0,0,0,0,0,0,0,0,0,1,0,0
DVAL,2026-09-25,15.9354,16.3116,16.3943,15.4101,16.737,-4.79,-0.98,0.63,47243.0,1,1,1,0,0,0,0,0,0,0,0,1,0,0,0,0,0,0,0,0
DVDN,2026-09-25,14.1721,14.9136,15.3159,16.3396,19.1674,-26.06,-2.57,0.16,29276.0,0,0,0,0,0,0,0,0,0,0,1,0,0,0,0,0,0,0,0,0
DVGR,2026-09-25,25.8215,26.3733,26.8193,25.8897,27.794,-7.1,-0.61,0.6,167194.0,0,0,0,0,0,0,0,0,0,0,0,0,0,0,0,0,0,0,0,0
DVLU,2026-09-25,39.4525,40.1613,40.8088,37.8234,42.2411,-6.6,-0.87,1.47,215066.0,1,1,0,0,0,0,0,0,0,0,0,0,0,0,0,0,0,0,0,0
DVND,2026-09-25,38.8982,39.2218,39.2568,37.3485,39.966,-2.67,0.19,0.62,28386.0,1,1,1,0,0,0,0,0,0,0,0,0,0,0,0,0,0,0,0,0
DVVY,2026-09-24,26.72,27.1676,27.1988,,27.6928,-3.51,-0.84,-0.37,5052.0,0,0,1,0,0,0,0,0,0,0,0,0,0,0,0,0,0,0,0,0
DVY,2026-09-24,154.35,160.1003,161.0801,152.0021,164.1455,-5.97,-3.34,-0.57,48753188.0,0,1,0,0,0,0,0,0,0,0,1,0,0,0,0,0,0,0,0,0
DVYA,2026-09-24,50.05,50.8851,50.528,47.8425,51.808,-3.39,-1.24,0.0,307847.0,1,1,1,0,0,0,0,0,0,0,0,0,0,0,0,0,0,0,0,0
DVYE,2026-09-24,34.14,35.0068,34.1392,32.9145,35.5873,-4.07,-2.6,-0.64,5666773.0,1,1,1,0,1,0,0,0,0,0,0,0,0,0,0,0,0,0,0,0
DWAS,2026-09-24,109.08,109.5114,113.1659,108.3427,127.2692,-14.29,-0.05,0.06,768289.0,1,1,0,0,0,0,0,0,0,0,0,0,0,0,0,0,0,0,0,0
DWAW,2026-09-25,49.84,50.226,50.4645,47.6295,51.918,-4.0,0.03,0.01,101560.0,1,1,1,0,0,0,0,0,0,0,0,0,0,0,0,0,0,0,0,0
DWLD,2026-09-24,45.229,46.606,47.3658,46.6442,49.14,-7.96,-1.55,-0.8,572403.0,0,0,0,0,0,0,0,0,0,0,0,0,0,0,0,0,0,0,0,0
DWM,2026-09-24,74.02,75.33,75.3766,72.1802,77.18,-4.09,-1.5,-0.05,987650.0,1,1,1,0,0,0,0,0,0,0,0,0,0,0,0,0,0,0,0,0
DWMF,2026-09-24,33.53,33.935,33.9556,33.3535,34.9896,-4.17,-1.0,0.03,35531.0,1,1,1,0,0,0,0,0,0,0,0,0,0,0,0,0,0,0,0,0
DWUS,2026-09-25,59.2372,59.0957,59.1308,57.0139,63.933,-7.34,0.83,0.25,106263.0,1,1,0,1,1,0,0,0,0,0,0,0,0,0,0,0,0,0,0,0
DWX,2026-09-24,46.35,47.2247,47.3087,45.4846,48.1055,-3.65,-2.34,-0.34,1075102.0,1,1,1,0,0,0,0,0,0,0,0,0,0,0,0,0,0,0,0,0
DXD,2026-09-24,17.82,17.0578,16.8168,18.5907,22.7797,-21.77,1.85,0.56,42952174.0,0,0,0,1,1,1,0,0,0,0,0,0,0,0,0,0,0,0,0,0
DXIV,2026-09-24,72.66,73.9045,73.1884,69.556,75.2206,-3.4,-1.65,-0.12,1010458.0,1,1,1,0,0,0,0,0,0,0,0,0,0,0,0,0,0,0,0,0
DXJ,2026-09-24,179.03,178.479,177.4732,164.8343,182.64,-1.98,-0.44,-0.42,48889414.0,1,1,1,1,1,1,0,0,0,0,0,0,0,0,0,0,0,0,0,0
DXUV,2026-09-25,68.15,68.6048,68.732,64.1536,70.3865,-3.18,0.32,0.5,3025666.0,1,1,1,0,0,0,0,0,0,0,0,0,0,0,0,0,0,1,0,0
DYLD,2026-09-24,22.12,22.2005,22.2107,22.1741,22.312,-0.86,-0.45,-0.11,240038.0,0,0,1,0,0,0,0,0,0,0,0,0,0,0,0,0,0,1,0,0
DYLG,2026-09-24,27.779,28.2691,28.2807,26.8264,28.8106,-3.58,-0.69,-0.2,23379.0,1,1,1,0,0,0,0,0,0,0,0,0,0,0,0,0,0,0,0,0
DYNF,2026-09-24,69.72,69.4508,68.8286,64.1726,70.37,-0.92,0.72,0.04,156040897.0,1,1,1,1,1,1,0,0,0,0,0,0,0,0,0,0,0,0,0,0
DYTA,2026-09-24,31.732,31.6517,31.6238,30.3035,32.22,-1.51,0.5,-0.25,279798.0,1,1,1,1,1,1,0,0,0,0,0,0,0,0,0,0,0,0,0,0
EAFG,2026-09-24,25.161,25.5067,25.5221,24.8902,26.8515,-6.3,-0.27,-0.26,5200.0,1,1,0,0,0,0,0,0,0,0,0,0,0,0,0,0,0,0,0,0
EAGL,2026-09-24,34.41,35.1638,34.6822,32.8543,36.24,-5.05,-0.69,-0.06,8446974.0,1,1,0,0,0,0,0,0,0,0,0,0,0,0,0,0,0,0,0,0
EALT,2026-09-25,36.9,36.5914,36.4174,35.6034,37.05,-0.4,1.28,0.42,821457.0,1,1,1,1,1,1,0,0,0,0,0,0,0,0,0,0,0,0,0,0
EAPR,2026-09-25,34.0718,33.8454,33.2213,31.6513,34.305,-0.68,0.84,0.57,293431.0,1,1,1,1,1,1,0,0,0,0,0,0,0,0,0,0,0,0,0,0
EART,2026-09-24,28.319,29.9007,29.207,30.4828,36.4964,-22.41,-2.62,-0.98,371292.0,0,0,0,0,0,0,0,0,0,0,0,0,0,0,0,0,0,1,0,0
EASY,2026-09-25,26.0447,26.6988,27.0856,26.5794,27.9354,-6.77,-1.09,0.09,172284.0,0,0,0,0,0,0,0,0,0,0,0,1,0,0,0,0,0,0,0,0
EBI,2026-09-25,66.336,66.8935,66.7847,62.0582,68.125,-2.63,-0.23,0.5,1075341.0,1,1,1,0,0,0,0,0,0,0,0,0,0,0,0,0,0,0,0,0
EBIT,2026-09-25,38.258,39.2004,39.8228,37.4386,40.901,-6.46,-0.72,0.33,14996.0,0,1,0,0,0,0,0,0,0,0,0,1,0,0,0,0,0,0,0,0
EBIZ,2026-09-24,28.05,28.8786,29.7097,29.3298,35.2798,-20.49,-1.16,-0.28,95051.0,0,0,0,0,0,0,0,0,0,0,0,0,0,0,0,0,0,0,0,0
EBUF,2026-09-25,31.8278,32.0252,31.7196,30.4899,32.414,-1.81,-0.2,0.06,312384.0,1,1,1,0,1,0,0,0,0,0,0,0,0,0,0,0,0,0,0,0
ECH,2026-09-24,38.97,40.109,40.1168,40.7024,46.6338,-16.43,-1.59,-1.54,17329735.0,0,0,0,0,0,0,0,0,0,0,0,0,0,0,0,0,0,0,0,0
ECML,2026-09-24,39.736,41.3438,41.0071,37.7772,42.432,-6.35,-3.92,-0.49,6386.0,0,1,0,0,0,0,0,0,0,0,1,0,0,0,0,0,0,0,0,0
ECNS,2026-09-24,27.58,28.3345,28.7634,31.6389,37.6315,-26.71,0.07,-0.83,295361.0,0,0,0,0,0,0,0,0,0,0,0,0,0,0,0,0,0,0,0,0
ECON,2026-09-24,35.66,35.7345,34.7826,32.2407,37.97,-6.08,0.54,-0.61,752913.0,1,1,0,0,1,0,0,0,0,0,0,0,0,0,0,0,0,0,0,0
ECOW,2026-09-24,26.591,27.0907,26.9789,26.2676,27.9387,-4.82,-1.06,-0.67,1465678.0,1,1,1,0,0,0,0,0,0,0,0,0,0,0,0,0,0,0,0,0
EDEN,2026-09-24,110.71,115.542,115.0844,111.248,123.4599,-10.33,-3.48,-0.39,1202159.0,0,0,0,0,0,0,0,0,0,0,0,0,0,0,0,0,0,0,0,0
EDGE,2026-09-24,52.06,51.8176,51.2684,47.8899,52.331,-0.52,0.84,-0.1,24398.0,1,1,1,1,1,1,0,0,0,0,0,0,0,0,0,0,0,1,0,0
EDGH,2026-09-24,34.34,34.7102,34.2522,33.4921,35.944,-4.46,-0.15,-0.09,1039984.0,1,1,1,0,1,0,0,0,0,0,0,0,0,0,0,0,0,0,0,0
EDGI,2026-09-24,31.45,31.8886,31.5068,30.2442,32.44,-3.05,-1.27,-0.63,1237411.0,1,1,1,0,0,0,0,0,0,0,0,0,0,0,0,0,0,0,0,0
EDGQ,2026-09-25,28.2051,27.3782,27.0302,,28.22,-0.05,2.78,0.52,354725.0,0,0,1,1,1,1,0,0,0,0,0,0,0,0,0,0,0,0,0,0
EDGU,2026-09-25,31.86,31.7934,31.7695,30.1479,32.575,-2.19,0.95,0.06,4143056.0,1,1,1,1,1,1,0,0,0,0,0,0,0,0,0,0,0,0,0,0
EDGX,2026-09-25,27.0553,26.736,26.564,,27.0553,0.0,1.13,0.61,229296.0,0,0,1,1,1,1,0,0,1,0,0,0,0,0,0,0,0,0,0,0
EDIV,2026-09-24,40.65,41.0889,41.1076,39.9103,41.865,-2.9,-0.71,-0.07,3642358.0,1,1,1,0,0,0,0,0,0,0,0,0,0,0,0,0,0,0,0,0
EDOG,2026-09-24,23.95,24.7105,24.4935,24.2868,25.9935,-7.86,-2.44,-0.83,82070.0,0,0,0,0,0,0,0,0,0,0,0,0,0,0,0,0,0,0,0,0
EDOW,2026-09-24,44.819,45.5473,45.5311,43.0482,46.59,-3.8,-0.77,-0.23,623374.0,1,1,1,0,0,0,0,0,0,0,0,0,0,0,0,0,0,0,0,0
EEE,2026-09-25,23.2659,22.7408,21.7751,,23.51,-1.04,1.38,0.33,23791.0,0,0,1,1,1,1,0,0,0,0,0,0,0,0,0,0,0,0,0,0
EEM,2026-09-24,67.25,67.4155,66.0486,62.388,71.21,-5.56,0.51,-0.68,1217984315.0,1,1,0,0,1,0,0,0,0,0,0,0,0,0,0,0,0,0,0,0
EEMA,2026-09-24,117.41,117.1885,114.8238,107.2254,121.51,-3.37,1.1,-0.47,10371502.0,1,1,1,1,1,1,0,0,0,0,0,0,0,0,0,0,0,0,0,0
EEMO,2026-09-24,22.6,22.3535,21.5159,20.1282,25.6161,-11.77,1.97,-0.22,621084.0,1,1,0,1,1,1,0,0,0,0,0,0,0,0,0,0,0,0,0,0
EEMS,2026-09-24,75.18,76.028,74.3006,72.8022,78.7646,-4.55,-0.31,-0.36,4887552.0,1,1,1,0,1,0,0,0,0,0,0,0,0,0,0,0,0,0,0,0
EEMV,2026-09-24,74.93,75.62,74.1308,69.7967,76.94,-2.61,-0.52,-0.6,12945903.0,1,1,1,0,1,0,0,0,0,0,0,0,0,0,0,0,0,0,0,0
EEMX,2026-09-24,53.254,53.2959,52.1873,49.0316,56.253,-5.33,0.56,-0.7,159019.0,1,1,0,0,1,0,0,0,0,0,0,0,0,0,0,0,0,0,0,0
EES,2026-09-24,65.64,67.017,67.8194,62.7365,69.88,-6.07,-1.13,0.15,1128657.0,1,1,0,0,0,0,0,0,0,0,0,0,0,0,0,0,0,0,0,0
EETH,2026-09-24,32.57,30.5685,26.7383,27.8043,59.6269,-45.38,9.92,0.52,1854400.0,0,1,0,1,1,1,0,0,0,0,0,0,0,0,0,0,0,0,0,0
EEV,2026-09-24,10.47,10.447,10.9404,13.2966,20.2619,-48.33,-1.01,1.36,379117.0,0,0,0,1,0,0,0,0,0,0,0,0,0,0,0,0,0,0,0,0
EFA,2026-09-24,104.5,106.4595,106.384,101.293,108.81,-3.96,-1.45,-0.29,1186317023.0,1,1,1,0,0,0,0,0,0,0,0,0,0,0,0,0,0,0,0,0
EFAA,2026-09-24,55.04,55.8872,55.7611,53.2841,56.7701,-3.05,-1.13,-0.22,4254759.0,1,1,1,0,0,0,0,0,0,0,0,0,0,0,0,0,0,0,0,0
EFAD,2026-09-24,43.306,44.0399,44.0208,42.3458,45.418,-4.65,-1.32,-0.12,105247.0,1,1,1,0,0,0,0,0,0,0,0,0,0,0,0,0,0,0,0,0
EFAS,2026-09-24,22.31,22.8898,22.7902,21.0553,23.3237,-4.35,-3.02,0.27,470442.0,1,1,1,0,0,0,0,0,0,0,0,0,0,0,0,0,0,0,0,0
EFAV,2026-09-24,92.21,93.7745,93.193,89.6612,95.16,-3.1,-2.09,-0.21,41733377.0,1,1,1,0,0,0,0,0,0,0,0,0,0,0,0,0,0,0,0,0
EFAX,2026-09-24,53.88,54.9296,55.0328,52.5708,56.383,-4.44,-1.45,-0.23,620012.0,1,1,1,0,0,0,0,0,0,0,0,0,0,0,0,0,0,0,0,0
EFFE,2026-09-24,27.826,28.3693,27.5551,25.8071,29.879,-6.87,-0.9,-0.59,4245.0,1,1,0,0,1,0,0,0,0,0,0,0,0,0,0,0,0,0,0,0
EFFI,2026-09-24,26.42,27.1405,26.879,25.2521,27.673,-4.53,-2.37,-0.64,5439.0,1,1,1,0,0,0,0,0,0,0,0,0,0,0,0,0,0,0,0,0
EFG,2026-09-24,119.84,122.091,122.851,119.1323,127.15,-5.75,-0.65,-0.51,191188648.0,1,1,0,0,0,0,0,0,0,0,0,0,0,0,0,0,0,0,0,0
EFIV,2026-09-24,74.1,74.2445,73.8492,69.3302,75.913,-2.39,0.71,0.01,2614059.0,1,1,1,0,1,0,0,0,0,0,0,0,0,0,0,0,0,0,0,0
EFNL,2026-09-24,54.84,55.0705,53.684,51.788,57.9,-5.28,-1.15,-0.24,3758208.0,1,1,0,0,1,0,0,0,0,0,0,0,0,0,0,0,0,0,0,0
EFRA,2026-09-24,34.486,35.0676,35.6494,34.9697,37.0868,-7.01,-1.25,-0.74,21377.0,0,0,0,0,0,0,0,0,0,0,0,0,0,0,0,0,0,0,0,0
EFU,2026-09-24,7.19,6.9186,6.9112,7.679,10.0323,-28.33,3.02,0.7,67852.0,0,0,0,1,1,1,1,0,0,0,0,0,0,0,0,0,1,0,0,0
EFV,2026-09-24,80.07,81.6775,81.1446,75.8595,83.08,-3.62,-2.33,-0.06,173445437.0,1,1,1,0,0,0,0,0,0,0,0,0,0,0,0,0,0,0,0,0
EGGQ,2026-09-24,54.436,52.2395,51.5504,49.0465,65.5516,-16.96,4.57,-0.88,181896.0,0,1,0,1,1,1,0,0,0,0,0,0,0,0,0,0,0,0,0,0
EGGS,2026-09-24,36.95,36.0509,36.1745,35.1474,42.1361,-12.31,3.68,-0.8,490635.0,1,1,0,1,1,0,0,0,0,0,0,0,0,0,0,0,0,0,0,0
EGGY,2026-09-24,35.19,33.6599,33.1336,31.5307,41.812,-15.84,4.48,-0.93,2936340.0,0,1,0,1,1,1,0,0,0,0,0,0,0,0,0,0,0,0,0,0
EGLE,2026-09-24,31.996,32.3003,31.9965,29.8633,32.932,-2.84,-0.13,-0.26,5152.0,1,1,1,0,0,0,0,0,0,0,0,0,0,0,0,0,0,0,0,0
EGUS,2026-09-24,59.122,58.3228,58.1448,54.5761,59.8612,-1.23,1.77,0.09,153117.0,1,1,1,1,1,1,0,0,0,0,0,0,0,0,0,0,0,0,0,0
EHCC,2026-09-24,24.1,22.8427,20.8225,,24.36,-1.07,7.14,0.58,10235.0,0,0,1,1,1,1,0,0,0,0,0,0,0,0,0,0,0,1,0,0
EHY,2026-09-24,8.593,8.313,7.7918,8.801,15.7143,-45.32,3.71,1.45,87300.0,0,0,0,1,1,1,0,0,0,0,0,0,0,0,0,0,0,1,0,0
EIDO,2026-09-24,12.05,12.727,12.5994,14.776,18.8649,-36.12,-5.34,-1.71,16056743.0,0,0,0,0,0,0,0,0,0,0,0,0,0,0,0,0,0,0,0,0
EINC,2026-09-24,115.96,119.8255,120.0294,112.048,123.397,-6.03,-2.11,-0.51,626005.0,0,1,0,0,0,0,0,0,0,0,0,0,0,0,0,0,0,0,0,0
EIPI,2026-09-24,21.69,22.5298,22.4234,21.3677,22.96,-5.53,-3.13,-1.09,1462132.0,0,1,0,0,0,0,0,0,0,0,1,0,0,0,0,0,0,0,0,0
EIPX,2026-09-24,31.92,32.9975,32.6908,30.6328,33.5801,-4.94,-2.58,-0.38,1214654.0,0,1,1,0,0,0,0,0,0,0,0,0,0,0,0,0,0,0,0,0
EIRL,2026-09-24,81.73,83.2785,82.022,75.235,84.91,-3.75,-1.73,0.12,349016.0,1,1,1,0,0,0,0,0,0,0,0,0,0,0,0,0,0,0,0,0
EIS,2026-09-24,122.77,124.3065,122.383,121.7308,136.8721,-10.3,-2.08,-1.67,3481920.0,1,1,0,0,1,0,0,0,0,0,0,0,0,0,0,0,0,0,0,0
EJAN,2026-09-25,37.21,37.0715,36.5409,35.3533,37.38,-0.45,0.28,0.26,696231.0,1,1,1,1,1,1,0,0,0,0,0,0,0,0,0,0,0,0,0,0
EJUL,2026-09-25,31.6,31.474,30.9708,30.5386,31.945,-1.08,0.85,0.54,1175567.0,1,1,1,1,1,1,0,0,0,0,0,0,0,0,0,0,0,0,0,0
EKG,2026-09-25,23.65,22.2896,21.1815,18.6812,23.65,0.0,3.8,0.49,88032.0,0,1,1,1,1,1,1,1,1,0,0,0,0,0,0,0,1,1,0,0
ELCV,2026-09-24,30.69,31.2774,31.5866,29.9209,32.87,-6.63,-0.87,-0.45,2442317.0,1,1,0,0,0,0,0,0,0,0,0,0,0,0,0,0,0,0,0,0
ELD,2026-09-24,28.1,28.6805,28.6241,28.3232,29.105,-3.45,-1.58,-0.74,346601.0,0,0,1,0,0,0,0,0,0,0,0,0,0,0,0,0,0,0,0,0
ELFY,2026-09-24,38.584,39.7964,40.8114,40.5741,45.3742,-14.96,-1.67,-1.27,813015.0,0,0,0,0,0,0,0,0,0,0,0,0,0,0,0,0,0,0,0,0
ELM,2026-09-24,29.38,29.5531,29.4716,28.5364,29.84,-1.54,-0.1,-0.22,766812.0,1,1,1,0,0,0,0,0,0,0,0,0,0,0,0,0,0,0,0,0
EMC,2026-09-24,37.64,37.4222,36.625,34.5729,39.1015,-3.74,1.35,-0.53,165967.0,1,1,1,1,1,1,0,0,0,0,0,0,0,0,0,0,0,0,0,0
EMCR,2026-09-24,43.485,43.696,43.0702,41.0883,46.004,-5.48,0.34,-0.7,75517.0,1,1,0,0,1,0,0,0,0,0,0,0,0,0,0,0,0,1,0,0
EMCS,2026-09-24,46.931,46.5664,45.2438,41.7216,49.072,-4.36,0.42,-0.42,4817896.0,1,1,1,1,1,1,0,0,0,0,0,0,0,0,0,0,0,0,0,0
EMDM,2026-09-24,42.252,42.6735,41.441,38.457,44.7722,-5.63,-0.9,-1.38,453183.0,1,1,0,0,1,0,0,0,0,0,0,0,0,0,0,0,0,1,0,0
EMDV,2026-09-24,45.985,46.759,46.6445,46.2109,47.8581,-3.91,-0.39,-0.14,10983.0,0,0,1,0,0,0,0,0,0,0,0,0,0,0,0,0,0,0,0,0
EMEM,2026-09-25,25.3899,25.857,25.4536,,,,-0.39,0.4,4209462.0,0,0,0,0,0,0,0,0,0,0,0,0,0,0,0,0,0,0,0,0
EMEQ,2026-09-24,66.39,65.6713,64.2957,56.0897,78.104,-15.0,2.22,-1.06,5855872.0,1,1,0,1,1,1,0,0,0,0,0,0,0,0,0,0,0,0,0,0
EMES,2026-09-25,28.8276,28.4093,27.945,26.0713,29.718,-3.0,2.35,1.09,11138.0,1,1,1,1,1,1,0,0,0,0,0,0,0,0,0,0,0,0,0,0
EMFI,2026-09-25,48.26,49.427,49.6229,,,,-2.45,-1.07,22178.0,0,0,0,0,0,0,0,0,0,0,0,0,0,0,0,0,0,1,0,0
EMGF,2026-09-24,72.09,72.3133,70.6946,66.4317,76.28,-5.49,0.61,-0.65,9210596.0,1,1,0,0,1,0,0,0,0,0,0,0,0,0,0,0,0,0,0,0
EMIF,2026-09-24,26.36,26.3795,26.1092,27.2795,30.4545,-13.44,-0.38,0.34,80516.0,0,0,0,0,1,0,0,0,0,0,0,0,0,0,0,0,0,0,0,0
EMJL,2026-09-25,24.53,24.7185,24.4884,,,,-0.2,-0.08,22109.0,0,0,0,0,1,0,0,0,0,0,0,0,0,0,0,0,0,0,0,0
EMJN,2026-09-24,23.2,23.2545,22.8792,,,,0.48,-1.02,4647.0,0,0,0,0,1,0,0,0,0,0,0,0,0,0,0,0,0,0,0,0
EMKT,2026-09-25,31.8608,31.4731,31.075,28.9438,33.18,-3.98,1.94,0.9,387451.0,1,1,1,1,1,1,0,0,0,0,0,0,0,0,0,0,0,0,0,0
EMLP,2026-09-24,41.61,43.564,43.8978,42.2915,44.84,-7.2,-3.97,-1.35,12044663.0,0,0,0,0,0,0,0,0,0,0,1,0,0,0,0,0,0,0,0,0
EMM,2026-09-24,44.792,44.7519,43.301,40.0849,47.1778,-5.06,0.65,-0.55,200571.0,1,1,0,1,1,1,0,0,0,0,0,0,0,0,0,0,0,0,0,0
EMMF,2026-09-24,38.34,38.365,37.614,35.6632,40.5299,-5.4,0.63,-0.47,527542.0,1,1,0,0,1,0,0,0,0,0,0,0,0,0,0,0,0,0,0,0
EMMY,2026-09-25,24.652,24.8196,24.4942,,,,0.25,0.54,65465.0,0,0,0,0,1,0,0,0,0,0,0,0,0,0,0,0,0,1,0,0
EMOP,2026-09-24,51.47,51.2959,50.3346,47.7818,54.01,-4.7,0.87,-0.35,3039294.0,1,1,1,1,1,1,0,0,0,0,0,0,0,0,0,0,0,0,0,0
EMOT,2026-09-25,26.01,26.3381,26.6865,25.3037,27.471,-5.32,-0.03,0.36,16182.0,1,1,0,0,0,0,0,0,0,0,0,0,0,0,0,0,0,0,0,0
EMPB,2026-09-25,35.1091,34.7222,34.2551,31.3542,35.73,-1.74,1.14,0.4,209937.0,1,1,1,1,1,1,0,0,0,0,0,0,0,0,0,0,0,0,0,0
EMQQ,2026-09-24,31.24,32.6123,33.4314,35.0116,45.4206,-31.22,-1.11,-1.79,1214785.0,0,0,0,0,0,0,0,0,0,0,0,0,0,0,0,0,0,0,0,0
EMSC,2026-09-25,25.01,25.4225,25.1682,,,,1.01,0.0,2350328.0,0,0,0,0,0,0,0,0,0,0,0,0,0,0,0,0,0,0,0,0
EMSF,2026-09-24,39.616,39.3711,38.7944,35.6681,43.942,-9.84,2.45,-0.64,130995.0,1,1,0,1,1,1,0,0,0,0,0,0,0,0,0,0,0,0,0,0
EMTY,2026-09-24,24.693,24.5762,23.9375,23.5171,25.0934,-1.6,-0.48,-0.3,9389.0,1,1,1,1,1,1,0,0,0,0,0,0,0,0,0,0,0,0,0,0
EMXC,2026-09-24,99.76,99.5165,96.4452,88.4669,106.49,-6.32,0.53,-0.67,162505418.0,1,1,0,1,1,1,0,0,0,0,0,0,0,0,0,0,0,0,0,0
EMXF,2026-09-24,57.733,57.8563,56.6851,52.7031,59.819,-3.49,0.17,-0.78,414646.0,1,1,1,0,1,0,0,0,0,0,0,0,0,0,0,0,0,1,0,0
ENDW,2026-09-25,34.6712,35.0835,34.8391,33.1267,35.495,-2.32,-0.43,0.29,712304.0,1,1,1,0,0,0,0,0,0,0,0,0,0,0,0,0,0,0,0,0
ENFR,2026-09-24,38.02,39.3915,39.3284,36.4756,40.33,-5.73,-2.26,-0.42,3233512.0,0,1,0,0,0,0,0,0,0,0,0,0,0,0,0,0,0,0,0,0
ENHI,2026-09-25,27.095,27.2937,27.2971,,27.93,-2.99,0.46,0.87,9533.0,0,0,1,0,0,0,0,0,0,0,0,0,0,0,0,0,0,0,0,0
ENHU,2026-09-24,28.639,28.5079,28.3438,26.5583,28.9882,-1.2,0.88,0.03,8994.0,1,1,1,1,1,1,0,0,0,0,0,0,0,0,0,0,0,1,0,0
ENOR,2026-09-24,36.14,36.843,35.704,33.2356,37.77,-4.32,-2.4,-0.28,6139750.0,1,1,1,0,1,0,0,0,0,0,0,0,0,0,0,0,0,0,0,0
ENZL,2026-09-24,45.43,46.5175,47.0086,45.4256,49.01,-7.3,-0.63,0.09,2630571.0,1,1,0,0,0,0,0,0,0,0,0,0,0,0,0,0,0,0,0,0
EOCT,2026-09-24,35.297,35.1825,34.732,33.4052,35.32,-0.07,0.33,-0.07,331610.0,0,1,1,1,1,1,0,0,0,0,0,0,0,0,0,0,0,0,0,0
EPAI,2026-09-24,27.362,26.5294,26.9218,,31.74,-13.79,5.5,-0.23,19995.0,0,0,0,1,1,0,0,0,0,0,0,0,0,0,0,0,0,0,0,0
EPEM,2026-09-24,30.351,30.3468,29.7239,27.5212,31.104,-2.42,0.43,-0.5,3339.0,1,1,1,1,1,1,0,0,0,0,0,0,0,0,0,0,0,0,0,0
EPHE,2026-09-24,22.92,23.841,24.8438,24.8843,27.8253,-17.63,-3.58,-0.65,3529002.0,0,0,0,0,0,0,0,0,0,0,1,0,0,0,0,0,0,0,0,0
EPI,2026-09-24,41.51,42.355,42.642,43.3615,46.96,-11.61,-0.34,-0.62,16043676.0,0,0,0,0,0,0,0,0,0,0,0,0,0,0,0,0,0,0,0,0
EPIN,2026-09-25,28.5793,28.5156,28.4605,26.0682,29.31,-2.49,1.67,0.64,11266.0,1,1,1,1,1,1,0,0,0,0,0,0,0,0,0,0,0,1,0,0
EPMB,2026-09-24,26.12,26.1817,26.4311,25.2323,27.264,-4.2,0.88,-0.1,4050.0,1,1,1,0,0,0,0,0,0,0,0,0,0,0,0,0,0,0,0,0
EPMV,2026-09-25,25.5644,25.9987,26.5804,25.198,27.486,-6.99,0.17,0.52,10176.0,1,1,0,0,0,0,0,0,0,0,0,0,0,0,0,0,0,1,0,0
EPOL,2026-09-24,44.72,44.7345,43.704,39.0278,45.76,-2.27,-0.13,0.31,20101010.0,1,1,1,0,1,0,0,0,0,0,0,0,0,0,0,0,0,0,0,0
EPP,2026-09-24,55.18,56.7565,56.7744,54.0665,58.55,-5.76,-1.76,-0.16,10555364.0,1,1,0,0,0,0,0,0,0,0,0,0,0,0,0,0,0,0,0,0
EPS,2026-09-24,80.76,80.634,80.0398,74.7907,81.81,-1.28,0.56,0.04,3247616.0,1,1,1,1,1,1,0,0,0,0,0,0,0,0,0,0,0,0,0,0
EPSB,2026-09-24,26.429,26.7395,27.2322,25.8814,28.311,-6.65,-0.13,-0.34,98685.0,1,1,0,0,0,0,0,0,0,0,0,0,0,0,0,0,0,0,0,0
EPSV,2026-09-25,29.58,29.7452,30.4645,28.1038,31.828,-7.06,0.83,0.44,24510.0,1,1,0,0,0,0,0,0,0,0,0,0,0,0,0,0,0,0,0,0
EPU,2026-09-24,90.68,91.4315,89.6394,83.3425,94.97,-4.52,0.09,-0.97,3079275.0,1,1,1,0,1,0,0,0,0,0,0,0,0,0,0,0,0,0,0,0
EPV,2026-09-24,18.27,17.5415,17.3123,19.1122,24.8368,-26.44,2.47,-0.44,295701.0,0,0,0,1,1,1,0,0,0,0,0,0,0,0,0,0,0,0,0,0
EQAL,2026-09-24,58.09,59.7078,59.9659,56.9057,61.5734,-5.66,-1.62,-0.48,2164298.0,0,1,0,0,0,0,0,0,0,0,0,0,0,0,0,0,0,0,0,0
EQIN,2026-09-24,52.16,53.6986,53.6804,50.652,54.702,-4.65,-2.5,-0.2,863851.0,0,1,1,0,0,0,0,0,0,0,1,0,0,0,0,0,0,0,0,0
EQL,2026-09-24,50.6,51.459,51.5764,49.4611,52.5,-3.62,-1.23,-0.41,1724823.0,1,1,1,0,0,0,0,0,0,0,0,0,0,0,0,0,0,0,0,0
EQLT,2026-09-24,38.329,39.0367,38.5336,35.5693,40.549,-5.47,-0.77,-0.84,61741.0,1,1,0,0,0,0,0,0,0,0,0,0,0,0,0,0,0,0,0,0
EQRR,2026-09-24,85.113,86.5136,84.8643,74.8437,87.7711,-3.03,-1.79,0.03,961994.0,1,1,1,0,1,0,0,0,0,0,0,0,0,0,0,0,0,0,0,0
EQTY,2026-09-24,29.07,29.2683,29.3151,27.7503,30.015,-3.15,0.22,-0.03,910043.0,1,1,1,0,0,0,0,0,0,0,0,0,0,0,0,0,0,0,0,0
EQWL,2026-09-24,130.32,132.2645,132.0714,123.7398,135.0473,-3.5,-0.48,-0.39,11609248.0,1,1,1,0,0,0,0,0,0,0,0,0,0,0,0,0,0,0,0,0
ERET,2026-09-24,27.362,28.1963,28.9843,28.2532,30.09,-9.07,-1.84,-0.24,48997.0,0,0,0,0,0,0,0,0,0,0,1,0,0,0,0,0,0,0,0,0
ERTH,2026-09-24,43.08,44.6638,45.7035,47.232,50.8438,-15.27,-2.03,-1.28,226869.0,0,0,0,0,0,0,0,0,0,0,0,0,0,0,0,0,0,0,0,1
ESG,2026-09-24,181.032,180.8403,179.5955,167.0319,183.4904,-1.34,0.55,-0.1,111257.0,1,1,1,1,1,1,0,0,0,0,0,0,0,0,0,0,0,0,0,0
ESGD,2026-09-24,103.67,105.4797,105.4309,100.2087,107.78,-3.81,-1.3,-0.29,31238121.0,1,1,1,0,0,0,0,0,0,0,0,0,0,0,0,0,0,0,0,0
ESGE,2026-09-24,54.53,54.538,53.2059,50.0447,56.8,-4.0,0.29,-0.77,36502763.0,1,1,1,0,1,0,0,0,0,0,0,0,0,0,0,0,0,0,0,0
ESGG,2026-09-25,241.111,238.9047,237.4395,219.5137,243.0975,-0.82,1.26,0.72,292280.0,1,1,1,1,1,1,0,0,0,0,0,0,0,0,0,0,0,0,0,0
ESGU,2026-09-24,167.88,167.2605,166.413,156.0595,170.0896,-1.3,0.87,-0.07,61017156.0,1,1,1,1,1,1,0,0,0,0,0,0,0,0,0,0,0,0,0,0
ESGV,2026-09-24,136.28,135.488,134.4978,125.8126,137.57,-0.94,0.97,-0.01,26527188.0,1,1,1,1,1,1,0,0,0,0,0,0,0,0,0,0,0,1,0,0
ESIM,2026-09-25,29.06,29.1646,29.186,,29.9886,-3.1,0.45,0.73,518920.0,0,0,1,0,0,0,0,0,0,0,0,0,0,0,0,0,0,1,0,0
ESLG,2026-09-25,28.5124,28.3582,28.4647,26.3823,29.685,-3.95,1.42,0.25,100074.0,1,1,1,1,1,0,0,0,0,0,0,0,0,0,0,0,0,1,0,0
ESLV,2026-09-25,28.1391,28.589,28.8802,27.3228,29.565,-4.82,-0.39,0.28,212069.0,0,1,1,0,0,0,0,0,0,0,0,0,0,0,0,0,0,0,0,0
ESML,2026-09-24,52.74,53.8454,54.4275,51.0075,56.4805,-6.62,-0.92,-0.3,4464354.0,1,1,0,0,0,0,0,0,0,0,0,0,0,0,0,0,0,0,0,0
ESMV,2026-09-25,30.9024,31.2666,31.196,29.6435,32.0812,-3.67,-0.01,0.05,19500.0,1,1,1,0,0,0,0,0,0,0,0,0,0,0,0,0,0,0,0,0
ESN,2026-09-24,20.597,20.6046,20.4226,18.9198,20.795,-0.95,-0.41,0.11,1017107.0,1,1,1,0,1,0,0,0,0,0,0,0,0,0,0,0,0,1,0,0
ESPO,2026-09-24,97.15,97.322,96.2034,94.9815,120.6175,-19.46,-0.49,-0.64,1383759.0,1,1,0,0,1,0,0,0,0,0,0,0,0,0,0,0,0,0,0,0
ESSC,2026-09-25,29.0877,29.6463,30.4129,28.6218,31.795,-8.51,-0.2,0.21,112440.0,1,1,0,0,0,0,0,0,0,0,0,0,0,0,0,0,0,0,0,0
ESUM,2026-09-25,30.56,30.4814,30.6101,28.6321,31.797,-3.89,1.09,0.46,826839.0,1,1,1,1,0,0,0,0,0,0,0,0,0,0,0,0,0,0,0,0
ETCO,2026-09-25,9.1321,8.8366,8.4025,9.2464,16.1508,-43.46,0.58,-0.45,51087.0,0,0,0,1,1,1,0,0,0,0,0,0,0,0,0,0,0,0,0,0
ETEC,2026-09-24,24.153,25.1619,26.2029,27.4003,32.0038,-24.53,-2.25,-1.88,13376.0,0,0,0,0,0,0,0,0,0,0,0,0,0,0,0,0,0,0,0,0
ETFT,2026-09-25,9.9101,9.9161,9.9352,9.7636,10.23,-3.13,1.12,0.25,23946.0,1,1,1,0,0,0,0,0,0,0,0,0,0,0,0,0,0,1,0,0
ETH,2026-09-24,25.74,24.0811,21.0014,21.4533,44.4618,-42.11,10.19,0.66,85614731.0,0,1,0,1,1,1,0,0,0,0,0,0,0,0,1,0,0,0,0,0
ETHA,2026-09-24,20.33,19.043,16.6274,17.093,35.79,-43.2,10.07,0.59,860194140.0,0,1,0,1,1,1,0,0,0,0,0,0,0,0,1,0,0,0,0,0
ETHB,2026-09-24,34.7,32.4782,28.3315,,35.57,-2.45,10.19,0.61,22172313.0,0,0,1,1,1,1,0,0,0,0,0,0,0,0,1,0,0,0,0,0
ETHD,2026-09-24,24.38,28.9212,42.8768,54.4372,94.4142,-74.18,-20.09,-1.26,24282660.0,0,0,0,0,0,0,0,0,0,0,1,0,0,0,0,0,0,0,0,0
ETHE,2026-09-24,21.67,20.2954,17.725,18.2603,38.354,-43.5,10.11,0.65,64872924.0,0,1,0,1,1,1,0,0,0,0,0,0,0,0,1,0,0,0,0,0
ETHO,2026-09-24,79.81,80.1021,80.679,73.53,83.638,-4.58,0.26,0.12,216861.0,1,1,1,0,0,0,0,0,0,0,0,0,0,0,0,0,0,0,0,0
ETHV,2026-09-24,39.36,36.8907,32.2022,33.1007,69.22,-43.14,10.01,0.59,3003816.0,0,1,0,1,1,1,0,0,0,0,0,0,0,0,1,0,0,0,0,0
ETHW,2026-09-24,19.28,18.051,15.7602,16.2025,33.89,-43.11,10.11,0.73,16308210.0,0,1,0,1,1,1,0,0,0,0,0,0,0,0,1,0,0,0,0,0
ETTY,2026-09-24,10.12,9.7047,8.9124,9.7463,17.7255,-42.91,5.34,1.0,43060.0,0,1,0,1,1,1,0,0,0,0,0,0,0,0,0,0,0,0,0,0
EUAD,2026-09-24,42.77,43.3518,44.5173,43.3928,48.28,-11.41,-0.65,-0.42,5290598.0,0,0,0,0,0,0,0,0,0,0,0,0,0,0,0,0,0,1,0,0
EUDG,2026-09-24,38.21,39.0696,39.439,38.1152,40.585,-5.85,-1.07,0.13,137904.0,1,1,0,0,0,0,0,0,0,0,0,0,0,0,0,0,0,0,0,0
EUDV,2026-09-24,52.367,53.5064,53.9726,52.6435,55.9731,-6.44,-0.91,-0.02,8312.0,0,0,0,0,0,0,0,0,0,0,0,0,0,0,0,0,0,0,0,0
EUFN,2026-09-24,40.55,41.8455,41.7036,37.6987,43.07,-5.85,-2.92,0.62,73149209.0,0,1,0,0,0,0,0,0,0,0,0,0,0,0,0,0,0,0,0,0
EUSA,2026-09-24,112.74,114.8987,115.6412,109.0675,119.2595,-5.47,-0.7,-0.52,7856611.0,1,1,0,0,0,0,0,0,0,0,0,0,0,0,0,0,0,1,0,0
EUV,2026-09-24,24.47,23.5005,24.2992,,,,7.0,-0.16,10649364.0,0,0,0,1,1,0,0,0,0,0,0,0,0,0,0,0,0,0,0,0
EVLN,2026-09-24,48.72,48.8142,48.5475,47.7286,48.97,-0.51,-0.27,-0.31,3270985.0,1,1,1,0,1,0,0,0,0,0,0,0,0,0,0,0,0,0,0,0
EVLU,2026-09-24,41.582,42.1632,41.2974,37.5122,43.5942,-4.62,-0.9,-0.54,226269.0,1,1,1,0,1,0,0,0,0,0,0,0,0,0,0,0,0,0,0,0
EVMO,2026-09-24,48.42,49.0742,49.3418,49.3369,49.8579,-2.88,-0.96,-0.21,4565672.0,0,0,1,0,0,0,0,0,0,0,1,0,0,0,0,0,0,1,0,0
EVNT,2026-09-24,12.273,12.2496,12.2664,11.9039,12.39,-0.94,0.43,-0.22,33734.0,1,1,1,1,1,0,0,0,0,0,0,0,0,0,0,0,0,0,0,0
EVUS,2026-09-25,36.84,36.8535,36.6043,34.1564,37.3779,-1.44,0.82,0.4,1012404.0,1,1,1,0,1,0,0,0,0,0,0,0,0,0,0,0,0,0,0,0
EVX,2026-09-24,39.08,39.9735,40.6676,40.1061,42.32,-7.66,-1.61,-0.61,310207.0,0,0,0,0,0,0,0,0,0,0,0,0,0,0,0,0,0,0,0,0
EWA,2026-09-24,28.31,29.3765,29.4764,28.3125,30.43,-6.97,-2.81,-0.18,90803677.0,0,0,0,0,0,0,0,0,0,0,0,0,0,0,0,0,0,0,0,0
EWC,2026-09-24,59.44,60.8355,60.7268,57.3809,62.64,-5.11,-1.61,-0.35,114765717.0,1,1,0,0,0,0,0,0,0,0,0,0,0,0,0,0,0,0,0,0
EWD,2026-09-24,51.07,52.2065,52.2014,50.5643,54.35,-6.03,-0.99,-0.49,10621241.0,1,1,0,0,0,0,0,0,0,0,0,0,0,0,0,0,0,0,0,0
EWG,2026-09-24,41.87,43.0885,43.0342,41.8528,44.59,-6.1,-1.92,0.0,44706217.0,1,1,0,0,0,0,0,0,0,0,0,0,0,0,0,0,0,0,0,0
EWH,2026-09-24,22.47,22.697,22.696,22.4811,24.1594,-6.99,-0.22,0.27,59372765.0,0,0,0,0,0,0,0,0,0,0,0,0,0,0,0,0,0,0,0,0
EWI,2026-09-24,59.94,61.2095,61.707,57.1178,63.35,-5.38,-2.03,-0.07,17188773.0,1,1,0,0,0,0,0,0,0,0,0,0,0,0,0,0,0,0,0,0
EWJ,2026-09-24,95.81,97.0505,95.253,89.5866,98.78,-3.01,-2.14,-1.28,376287314.0,1,1,1,0,1,0,0,0,0,0,0,0,0,0,0,0,0,0,0,0
EWJV,2026-09-24,47.97,48.8448,47.6032,44.1395,50.12,-4.29,-3.4,-1.44,6565091.0,1,1,1,0,1,0,0,0,0,0,0,0,0,0,0,0,0,0,0,0
EWK,2026-09-24,26.48,27.1605,27.0284,25.8848,27.9,-5.09,-2.03,0.23,1397827.0,1,1,0,0,0,0,0,0,0,0,0,0,0,0,0,0,0,0,0,0
EWL,2026-09-24,60.44,61.4395,62.6332,60.8975,64.7,-6.58,0.17,0.12,31422452.0,0,0,0,0,0,0,0,0,0,0,0,0,0,0,0,0,0,0,0,0
EWM,2026-09-24,27.74,27.9145,28.0744,28.0125,29.8019,-6.92,0.91,0.36,4887016.0,0,0,0,0,0,0,0,0,0,0,0,0,0,0,0,0,0,0,0,0
EWN,2026-09-24,67.5,67.774,68.1584,63.5977,71.61,-5.74,1.15,0.34,17414140.0,1,1,0,0,0,0,0,0,0,0,0,0,0,0,0,0,0,0,0,0
EWO,2026-09-24,43.51,43.9215,43.3952,38.9837,44.88,-3.05,-0.14,0.18,3073477.0,1,1,1,0,1,0,0,0,0,0,0,0,0,0,0,0,0,0,0,0
EWP,2026-09-24,60.78,61.63,61.5452,56.8136,63.23,-3.87,-1.4,0.71,26183110.0,1,1,1,0,0,0,0,0,0,0,0,0,0,0,0,0,0,0,0,0
EWQ,2026-09-24,43.72,44.88,45.8706,44.7397,47.9,-8.73,-1.55,0.21,15003937.0,0,0,0,0,0,0,0,0,0,0,0,0,0,0,0,0,0,0,0,0
EWS,2026-09-24,33.27,33.6285,33.1314,29.4586,34.57,-3.76,0.7,-0.18,43904753.0,1,1,1,0,1,0,0,0,0,0,0,0,0,0,0,0,0,0,0,0
EWT,2026-09-24,113.08,110.503,104.9906,87.1908,115.64,-2.21,2.21,0.52,473444561.0,1,1,1,1,1,1,0,0,0,0,0,0,0,0,0,0,0,0,0,0
EWU,2026-09-24,47.16,47.944,48.0116,46.1306,49.39,-4.52,-1.65,0.15,55895971.0,1,1,1,0,0,0,0,0,0,0,0,0,0,0,0,0,0,0,0,0
EWUS,2026-09-24,43.22,44.379,44.6164,42.5334,46.45,-6.95,-1.8,-0.46,80219.0,1,1,0,0,0,0,0,0,0,0,0,0,0,0,0,0,0,0,0,0
EWV,2026-09-24,16.44,16.0343,16.6907,19.5019,27.8408,-40.95,4.51,2.49,197529.0,0,0,0,1,0,0,0,0,0,0,0,0,0,0,0,0,0,0,0,0
EWW,2026-09-24,72.51,75.155,75.7762,74.9913,80.052,-9.42,-2.4,-1.24,75637314.0,0,0,0,0,0,0,0,0,0,0,0,0,0,0,0,0,0,0,0,0
EWX,2026-09-24,71.64,72.7695,71.3156,69.861,76.46,-6.3,-0.51,-0.42,2236837.0,1,1,0,0,1,0,0,0,0,0,0,0,0,0,0,0,0,0,0,0
EWY,2026-09-24,182.53,183.0695,174.3968,153.4263,219.2,-16.73,0.08,-1.68,2318388135.0,1,1,0,0,1,0,0,0,0,0,0,0,0,0,0,0,0,0,0,0
EWZ,2026-09-24,36.91,37.5135,36.1884,35.9969,41.3365,-10.71,-2.2,-1.23,966765971.0,1,1,0,0,1,0,0,0,0,0,0,0,0,0,0,0,0,0,0,0
EWZS,2026-09-24,13.04,13.2355,12.9108,13.7619,16.0454,-18.73,-0.91,-1.58,3901865.0,0,0,0,0,1,0,0,0,0,0,0,0,0,0,0,0,0,0,0,0
EXEQ,2026-09-24,26.81,27.394,27.578,,28.77,-6.81,-0.59,0.19,11818.0,0,0,0,0,0,0,0,0,0,0,0,0,0,0,0,0,0,0,0,0
EXI,2026-09-24,191.39,194.657,198.275,191.426,206.84,-7.47,-0.59,-0.88,11029495.0,0,0,0,0,0,0,0,0,0,0,0,0,0,0,0,0,0,0,0,0
EXUS,2026-09-25,28.505,28.5353,28.4722,27.1382,29.345,-2.86,0.59,1.26,131115.0,1,1,1,0,1,0,0,0,0,0,0,0,0,0,0,0,0,0,0,0
EYES,2026-09-24,29.33,28.866,28.406,,,,2.02,0.1,15655.0,0,0,0,1,1,1,0,0,0,0,1,0,0,0,0,0,0,0,0,0
EYLD,2026-09-24,48.01,48.6821,47.1434,43.5736,49.6117,-3.23,-1.04,-0.02,4356067.0,1,1,1,0,1,0,0,0,0,0,0,0,0,0,0,0,0,0,0,0
EZA,2026-09-24,65.9,69.494,67.5312,68.1758,79.8501,-17.47,-4.06,-0.81,12841802.0,0,0,0,0,0,0,0,0,0,0,0,0,0,0,0,0,0,0,0,0
EZBC,2026-09-24,48.78,46.0435,41.4969,42.8752,72.69,-32.89,10.39,-0.08,6710959.0,0,1,0,1,1,1,0,0,0,0,0,0,0,0,1,0,0,0,0,0
EZET,2026-09-24,20.41,19.1275,16.6966,17.1638,35.89,-43.13,10.03,0.64,1445982.0,0,1,0,1,1,1,0,0,0,0,0,0,0,0,1,0,0,0,0,0
EZM,2026-09-25,72.97,74.586,75.6982,71.7903,77.83,-6.24,-1.12,0.41,1075331.0,0,1,0,0,0,0,0,0,0,0,0,1,0,0,0,0,0,0,0,0
EZMO,2026-09-24,26.895,26.6045,26.2634,26.7124,29.053,-7.43,1.56,-0.15,101923.0,1,1,0,1,1,1,0,0,0,0,0,0,0,0,0,0,0,0,0,0
EZPZ,2026-09-24,21.447,20.1344,18.0134,18.7824,33.58,-36.13,11.1,0.32,118958.0,0,1,0,1,1,1,0,0,0,0,0,0,0,0,1,0,0,0,0,0
EZRO,2026-09-24,25.353,24.8334,24.5187,25.3687,27.55,-7.97,2.23,0.21,235742.0,0,0,0,1,1,1,0,0,0,0,0,0,0,0,0,0,0,0,0,0
EZU,2026-09-24,68.2,69.3765,69.8386,66.4429,71.99,-5.26,-0.8,0.18,74417112.0,1,1,0,0,0,0,0,0,0,0,0,0,0,0,0,0,0,0,0,0
FAAA,2026-09-24,50.42,50.3259,50.1741,,50.42,0.0,0.12,0.06,2728901.0,0,0,1,1,1,1,0,0,1,0,0,0,0,0,0,0,0,0,0,0
FAAR,2026-09-24,32.565,31.728,31.273,31.1512,34.04,-4.33,1.17,0.62,1284891.0,0,1,1,1,1,1,1,1,0,0,0,0,0,0,0,0,1,0,0,0
FAB,2026-09-25,100.6009,103.9415,105.0124,97.7565,107.5941,-6.5,-1.49,0.32,1963585.0,0,1,0,0,0,0,0,0,0,0,1,0,0,0,0,0,0,0,0,0
FAD,2026-09-25,183.26,182.3583,185.6958,176.8508,199.9131,-8.33,1.18,0.42,1980177.0,1,1,0,1,0,0,0,0,0,0,0,0,0,0,0,0,0,0,0,0
FAI,2026-09-24,56.795,54.8302,53.2282,46.7802,57.82,-1.77,3.36,0.19,1588725.0,0,1,1,1,1,1,0,0,0,0,0,0,0,0,0,0,0,0,0,0
FAN,2026-09-24,22.79,23.477,23.7646,23.8334,27.1332,-16.01,-2.81,-1.77,2099865.0,0,0,0,0,0,0,0,0,0,0,0,0,0,0,0,0,0,0,0,0
FAPR,2026-09-25,48.065,47.7422,47.4659,45.855,48.087,-0.05,0.75,0.32,2003315.0,1,1,1,1,1,1,0,0,0,0,0,0,0,0,0,0,0,0,0,0
FARX,2026-09-25,30.0879,29.9481,29.6034,28.5892,30.133,-0.15,0.32,-0.15,232976.0,0,1,1,1,1,1,0,0,0,0,0,0,0,0,0,0,0,0,0,0
FAUG,2026-09-25,58.03,57.667,57.3877,54.9662,58.12,-0.15,0.83,0.4,7289699.0,1,1,1,1,1,1,0,0,0,0,0,0,0,0,0,0,0,0,0,0
FB,2026-09-24,45.521,45.238,44.9419,43.2362,45.61,-0.2,0.14,-0.2,39859.0,0,1,1,1,1,1,0,0,0,0,0,0,0,0,0,0,0,0,0,0
FBCG,2026-09-24,63.49,62.0298,61.4743,57.74,64.23,-1.15,2.75,0.11,37219334.0,1,1,1,1,1,1,0,0,0,0,0,0,0,0,0,0,0,0,0,0
FBCV,2026-09-24,41.614,42.4605,42.142,38.5335,43.3341,-3.97,-1.58,-0.35,693091.0,1,1,1,0,0,0,0,0,0,0,0,0,0,0,0,0,0,0,0,0
FBDC,2026-09-25,16.9592,17.4037,17.3263,17.03,18.4738,-8.2,-2.02,0.23,205735.0,0,0,0,0,0,0,0,0,0,0,0,0,0,0,0,0,0,0,0,0
FBOT,2026-09-24,38.541,38.63,38.691,36.9399,40.712,-5.33,1.26,-0.46,418279.0,1,1,0,0,0,0,0,0,0,0,0,0,0,0,0,0,0,0,0,0
FBT,2026-09-24,273.3,268.359,260.492,225.4469,273.91,-0.22,0.76,1.52,8778173.0,1,1,1,1,1,1,0,0,0,0,0,0,0,0,0,0,0,0,0,0
FBTC,2026-09-24,73.41,69.338,62.5,64.5777,109.44,-32.92,10.34,-0.23,279500346.0,0,1,0,1,1,1,0,0,0,0,0,0,0,0,1,0,0,0,0,0
FBUF,2026-09-25,33.621,33.4403,33.2371,31.7302,33.745,-0.37,0.68,0.45,156540.0,1,1,1,1,1,1,0,0,0,0,0,0,0,0,0,0,0,0,0,0
FBY,2026-09-24,10.22,8.904,8.5908,8.9165,10.7935,-5.31,11.33,3.34,1539900.0,0,1,0,1,1,1,1,1,0,0,0,0,1,0,1,1,1,1,0,0
FBYY,2026-09-24,10.87,10.6275,10.6448,12.1943,17.6222,-38.32,1.31,0.09,56907.0,0,0,0,1,1,0,1,0,0,0,0,0,0,0,0,0,0,1,0,0
FCA,2026-09-24,25.86,26.403,26.3777,28.8741,32.9816,-21.59,-0.53,-0.42,187198.0,0,0,0,0,0,0,0,0,0,0,0,0,0,0,0,0,0,0,0,0
FCEF,2026-09-25,22.875,23.4503,23.636,22.845,24.153,-5.29,-1.29,0.09,309132.0,0,1,0,0,0,0,0,0,0,0,1,0,0,0,0,0,0,0,0,0
FCFY,2026-09-25,29.2752,30.0894,29.6351,27.5343,30.8873,-5.22,-1.94,0.46,92461.0,1,1,0,0,0,0,0,0,0,0,0,0,0,0,0,0,0,1,0,0
FCLD,2026-09-24,45.24,44.5133,42.3986,34.4484,45.445,-0.45,1.82,-0.45,1306860.0,1,1,1,1,1,1,0,0,0,0,0,0,0,0,0,0,0,0,0,0
FCLO,2026-09-25,50.61,50.429,50.1368,,50.61,0.0,0.14,0.04,809331.0,0,0,1,1,1,1,0,0,1,0,0,0,0,0,0,0,0,0,0,0
FCOM,2026-09-24,74.07,71.9136,70.8069,71.5762,75.2507,-1.57,2.2,1.66,22461875.0,1,1,1,1,1,1,0,0,0,0,0,0,0,0,0,0,0,0,0,0
FCPI,2026-09-24,56.12,56.5288,55.9095,52.5371,57.2027,-1.89,-0.99,-0.09,1180616.0,1,1,1,0,1,0,0,0,0,0,0,0,0,0,0,0,0,0,0,0
FCTE,2026-09-24,28.991,28.6349,29.146,27.2361,30.614,-5.3,3.02,0.07,554630.0,1,1,0,1,0,0,0,0,0,0,0,0,0,0,0,0,0,0,0,0
FCTR,2026-09-25,38.2403,39.4764,39.5092,38.0193,41.1709,-7.12,-1.79,0.16,68267.0,0,1,0,0,0,0,0,0,0,0,0,0,0,0,0,0,0,1,0,0
FCUS,2026-09-24,42.3,38.7364,37.8144,38.497,47.09,-10.17,5.1,0.62,732048.0,0,1,0,1,1,1,0,0,0,0,0,0,0,0,0,0,0,1,0,0
FCVT,2026-09-24,49.472,49.2346,49.6801,48.0873,54.4849,-9.2,1.31,0.34,1568573.0,1,1,0,1,0,0,0,0,0,0,0,0,0,0,0,0,0,0,0,0
FDAT,2026-09-25,22.2152,22.4281,22.5104,22.0693,22.982,-3.34,-0.54,0.11,22084.0,1,1,1,0,0,0,0,0,0,0,0,0,0,0,0,0,0,0,0,0
FDCF,2026-09-24,52.27,50.9408,50.2913,48.2272,52.506,-0.45,2.44,0.66,278640.0,1,1,1,1,1,1,0,0,0,0,0,0,0,0,0,0,0,0,0,0
FDD,2026-09-24,19.54,20.339,20.1574,18.4892,20.71,-5.65,-4.64,-1.21,3275680.0,0,1,0,0,0,0,0,0,0,0,0,0,0,0,0,0,0,0,0,0
FDEC,2026-09-24,56.025,55.7956,55.4116,53.0028,56.235,-0.37,0.53,0.01,821692.0,1,1,1,1,1,1,0,0,0,0,0,0,0,0,0,0,0,0,0,0
FDEM,2026-09-24,35.97,36.0093,35.3464,33.7265,37.417,-3.87,0.51,-0.19,3978987.0,1,1,1,0,1,0,0,0,0,0,0,0,0,0,0,0,0,0,0,0
FDEV,2026-09-24,36.685,37.3848,37.1529,35.7135,38.0089,-3.48,-1.98,-0.58,1020773.0,1,1,1,0,0,0,0,0,0,0,0,0,0,0,0,0,0,0,0,0
FDFF,2026-09-24,34.998,36.6259,36.398,34.1613,38.2533,-8.51,-1.8,0.12,194779.0,0,1,0,0,0,0,0,0,0,0,0,0,0,0,0,0,0,0,0,0
FDG,2026-09-24,134.815,132.4504,130.9665,127.9241,140.79,-4.24,2.54,-0.03,903800.0,1,1,1,1,1,1,0,0,0,0,0,0,0,0,0,0,0,1,0,0
FDIF,2026-09-25,41.9366,41.2859,40.677,37.4834,42.237,-0.71,2.22,-0.01,161817.0,1,1,1,1,1,1,0,0,0,0,0,0,0,0,0,0,0,0,0,0
FDIG,2026-09-24,45.602,44.5608,42.9344,40.9244,57.8908,-21.23,5.27,-0.23,1059835.0,1,1,0,1,1,1,0,0,0,0,0,0,0,0,0,0,0,0,0,0
FDIQ,2026-09-25,69.6575,72.0897,72.121,68.6094,76.008,-8.35,-1.57,-0.26,93069.0,0,1,0,0,0,0,0,0,0,0,0,0,0,0,0,0,0,0,0,0
FDIS,2026-09-24,96.08,98.5967,100.4187,100.4793,106.4333,-9.73,-0.8,-0.41,9420235.0,0,0,0,0,0,0,0,0,0,0,0,0,0,0,0,0,0,0,0,0
FDIV,2026-09-24,26.261,27.5812,27.9488,27.5634,28.697,-8.49,-3.55,-0.81,245812.0,0,0,0,0,0,0,0,0,0,0,1,0,0,0,0,0,0,0,0,0
FDL,2026-09-24,49.67,52.085,52.0804,49.1832,53.46,-7.09,-3.87,-1.45,30458738.0,0,1,0,0,0,0,0,0,0,0,1,0,0,0,0,0,0,0,0,0
FDLS,2026-09-24,41.58,42.5372,42.6842,39.8136,43.968,-5.43,-1.38,-0.11,911003.0,1,1,0,0,0,0,0,0,0,0,0,0,0,0,0,0,0,0,0,0
FDM,2026-09-24,88.57,91.4575,92.3926,86.8505,95.69,-7.44,-2.43,-0.03,902579.0,0,1,0,0,0,0,0,0,0,0,1,0,0,0,0,0,0,0,0,0
FDMO,2026-09-24,95.59,94.2501,94.2053,89.3786,98.396,-2.85,1.81,0.04,6504259.0,1,1,1,1,1,1,0,0,0,0,0,0,0,0,0,0,0,1,0,0
FDN,2026-09-24,292.55,290.684,284.0794,265.5271,296.85,-1.45,0.33,0.77,45016510.0,1,1,1,1,1,1,0,0,0,0,0,0,0,0,0,0,0,0,0,0
FDND,2026-09-24,22.678,22.7334,22.2102,20.9167,23.17,-2.12,-0.84,0.11,16001.0,1,1,1,0,1,0,0,0,0,0,0,0,0,0,0,0,0,0,0,0
FDNI,2026-09-24,26.13,26.8265,27.5618,29.0776,39.3867,-33.66,0.77,-0.42,112829.0,0,0,0,0,0,0,0,0,0,0,0,0,0,0,0,0,0,0,0,0
FDRR,2026-09-24,68.716,69.3235,68.685,63.5954,70.1212,-2.0,-1.43,-0.15,1418176.0,1,1,1,0,1,0,0,0,0,0,0,0,0,0,0,0,0,1,0,0
FDRS,2026-09-24,26.26,25.2445,24.2667,,26.26,0.0,3.59,0.61,2451167.0,0,0,1,1,1,1,1,1,1,0,0,0,0,0,0,0,1,1,0,0
FDRV,2026-09-24,16.291,16.7825,17.4237,17.732,21.4611,-24.09,-1.34,-1.3,71344.0,0,0,0,0,0,0,0,0,0,0,0,0,0,0,0,0,0,0,0,0
FDT,2026-09-24,94.2,95.7482,93.5381,90.393,99.5512,-5.38,-1.59,-0.65,8884953.0,1,1,0,0,1,0,0,0,0,0,0,0,0,0,0,0,0,0,0,0
FDTS,2026-09-24,69.97,70.5849,68.4975,65.8197,71.9006,-2.69,-1.66,-0.82,77072.0,1,1,1,0,1,0,0,0,0,0,0,0,0,0,0,0,0,0,0,0
FDTX,2026-09-24,58.839,55.1708,53.8552,46.9267,58.839,0.0,6.69,0.59,1759232.0,0,1,1,1,1,1,1,1,1,0,0,0,0,0,0,0,1,0,0,0
FDV,2026-09-24,31.86,33.0136,33.1339,31.0692,34.0304,-6.38,-2.6,-0.72,4498298.0,0,1,0,0,0,0,0,0,0,0,1,0,0,0,0,0,0,0,0,0
FDVV,2026-09-24,61.22,62.396,62.6294,58.8023,63.9592,-4.28,-1.95,-0.55,43878502.0,1,1,1,0,0,0,0,0,0,0,0,0,0,0,0,0,0,0,0,0
FEAC,2026-09-24,32.972,33.0284,32.9616,30.7027,33.9662,-2.93,0.36,-0.05,128198.0,1,1,1,0,1,0,0,0,0,0,0,0,0,0,0,0,0,0,0,0
FEBM,2026-09-25,31.735,31.6436,31.5413,30.9397,31.735,0.0,0.28,0.13,74738.0,0,1,1,1,1,1,1,1,1,0,0,0,0,0,0,0,1,0,0,0
FEBP,2026-09-24,34.987,34.8437,34.6074,33.143,35.098,-0.32,0.47,0.0,116190.0,1,1,1,1,1,1,0,0,0,0,0,0,0,0,0,0,0,0,0,0
FEBT,2026-09-25,42.4151,42.1144,41.8445,39.9393,42.43,-0.04,0.77,0.33,289751.0,1,1,1,1,1,1,0,0,0,0,0,0,0,0,0,0,0,0,0,0
FEBU,2026-09-25,30.2968,30.0832,30.0318,28.8213,30.62,-1.06,1.05,0.41,49521.0,1,1,1,1,1,1,0,0,0,0,0,0,0,0,0,0,0,1,0,0
FEBW,2026-09-25,36.435,36.2512,36.0591,34.9147,36.435,0.0,0.47,0.19,313280.0,1,1,1,1,1,1,0,0,1,0,0,0,0,0,0,0,0,0,0,0
FEBZ,2026-09-24,41.048,40.9348,40.8208,39.0926,41.542,-1.19,0.66,-0.07,105928.0,1,1,1,1,1,1,0,0,0,0,0,0,0,0,0,0,0,0,0,0
FEDM,2026-09-24,64.163,65.3256,64.9376,61.2469,66.6779,-3.77,-1.57,-0.29,211952.0,1,1,1,0,0,0,0,0,0,0,0,0,0,0,0,0,0,0,0,0
FEGE,2026-09-24,51.11,52.2555,51.7809,49.4531,53.45,-4.38,-1.52,-0.12,18107755.0,1,1,1,0,0,0,0,0,0,0,0,0,0,0,0,0,0,0,0,0
FELC,2026-09-24,43.58,43.5088,43.1989,40.1467,44.1224,-1.23,0.57,-0.07,31308940.0,1,1,1,1,1,1,0,0,0,0,0,0,0,0,0,0,0,0,0,0
FELG,2026-09-24,45.12,44.2609,43.79,41.9911,45.51,-0.86,2.14,0.09,13881693.0,1,1,1,1,1,1,0,0,0,0,0,0,0,0,0,0,0,0,0,0
FELV,2026-09-24,41.77,42.3388,42.1934,38.0783,43.042,-2.96,-0.94,-0.17,11726434.0,1,1,1,0,0,0,0,0,0,0,0,0,0,0,0,0,0,0,0,0
FEM,2026-09-24,32.48,32.8485,32.0548,30.6809,33.5159,-3.09,-0.5,0.02,2578360.0,1,1,1,0,1,0,0,0,0,0,0,0,0,0,0,0,0,0,0,0
FEMD,2026-09-24,34.36,35.245,36.1248,,38.4,-10.52,-0.61,-0.41,4912.0,0,0,0,0,0,0,0,0,0,0,0,0,0,0,0,0,0,1,0,0
FEMG,2026-09-25,26.2371,25.9562,26.1376,,,,1.93,0.29,49271.0,0,0,0,1,1,0,0,0,0,0,0,0,0,0,0,0,0,0,0,0
FEMR,2026-09-24,41.63,41.3334,40.3992,37.7346,44.0128,-5.41,0.89,-0.32,1413714.0,1,1,0,1,1,1,0,0,0,0,0,0,0,0,0,0,0,1,0,0
FEMS,2026-09-24,44.64,45.7647,45.1235,44.8306,48.3885,-7.75,0.15,-0.07,2264915.0,0,0,0,0,0,0,0,0,0,0,0,0,0,0,0,0,0,0,0,0
FEMV,2026-09-25,26.6252,27.0786,27.2788,,,,-0.54,0.17,48443.0,0,0,0,0,0,0,0,0,0,0,0,0,0,0,0,0,0,0,0,0
FENI,2026-09-24,40.09,40.7405,40.7473,38.807,41.764,-4.01,-1.26,-0.25,52802896.0,1,1,1,0,0,0,0,0,0,0,0,0,0,0,0,0,0,0,0,0
FENY,2026-09-24,34.53,35.2664,34.0026,30.7521,36.2999,-4.88,-2.53,0.38,38351194.0,1,1,1,0,1,0,0,0,0,0,0,0,0,0,0,0,0,0,0,0
FEOE,2026-09-25,54.65,55.278,55.4126,52.9243,56.95,-4.04,0.35,0.53,11989996.0,1,1,1,0,0,0,0,0,0,0,0,0,0,0,0,0,0,0,0,0
FEP,2026-09-24,57.88,59.118,58.9454,56.445,60.6199,-4.52,-1.86,-0.08,1041214.0,1,1,1,0,0,0,0,0,0,0,0,0,0,0,0,0,0,0,0,0
FEPI,2026-09-24,43.093,42.0107,40.5907,39.0596,43.31,-0.5,1.82,0.03,8059337.0,0,1,1,1,1,1,0,0,0,0,0,0,0,0,0,0,0,0,0,0
FESC,2026-09-25,22.9902,23.2855,23.7232,,,,-0.04,0.57,74194.0,0,0,0,0,0,0,0,0,0,0,0,0,0,0,0,0,0,1,0,0
FESM,2026-09-24,45.26,46.3618,47.0877,42.8689,48.7695,-7.2,-1.43,-0.15,40291744.0,0,1,0,0,0,0,0,0,0,0,0,0,0,0,0,0,0,0,0,0
FETH,2026-09-24,26.83,25.14,21.9476,22.5648,47.205,-43.16,10.05,0.6,66704709.0,0,1,0,1,1,1,0,0,0,0,0,0,0,0,1,0,0,0,0,0
FEUS,2026-09-24,83.438,83.5976,82.9557,77.3855,84.7836,-1.59,0.0,-0.04,564534.0,1,1,1,0,1,0,0,0,0,0,0,0,0,0,0,0,0,0,0,0
FEUZ,2026-09-24,65.625,67.1639,67.2806,64.6302,68.6741,-4.44,-1.86,-0.07,375319.0,1,1,1,0,0,0,0,0,0,0,0,0,0,0,0,0,0,0,0,0
FEX,2026-09-24,133.76,135.7768,137.1236,129.4051,142.008,-5.81,-0.67,-0.26,1876983.0,1,1,0,0,0,0,0,0,0,0,0,0,0,0,0,0,0,0,0,0
FFDI,2026-09-24,31.99,32.3671,32.4943,31.3618,33.6279,-4.87,-0.77,-0.13,85107.0,1,1,1,0,0,0,0,0,0,0,0,0,0,0,0,0,0,0,0,0
FFEB,2026-09-24,62.7,62.4337,62.0319,59.2697,62.849,-0.24,0.5,0.13,3616845.0,1,1,1,1,1,1,0,0,0,0,0,0,0,0,0,0,0,0,0,0
FFEM,2026-09-24,42.283,42.3576,41.6433,38.9802,45.2224,-6.5,0.56,-0.76,435547.0,1,1,0,0,1,0,0,0,0,0,0,0,0,0,0,0,0,0,0,0
FFF,2026-09-24,27.415,26.6751,25.7561,,27.54,-0.45,2.36,0.09,81849.0,0,0,1,1,1,1,0,0,0,0,0,0,0,0,0,0,0,0,0,0
FFGX,2026-09-25,34.51,34.3956,34.2632,32.7607,35.4495,-2.65,1.27,1.12,72404.0,1,1,1,1,1,1,0,0,0,0,0,0,0,0,0,0,0,0,0,0
FFLC,2026-09-24,59.54,59.5592,59.4399,56.2228,60.7717,-2.03,0.6,-0.09,4570199.0,1,1,1,0,1,0,0,0,0,0,0,0,0,0,0,0,0,0,0,0
FFLG,2026-09-24,34.2,33.2856,32.9633,31.5887,35.1731,-2.77,2.89,0.41,1486901.0,1,1,1,1,1,1,0,0,0,0,0,0,0,0,0,0,0,0,0,0
FFLV,2026-09-24,27.855,28.5734,28.6448,26.5135,29.1547,-4.46,-1.8,-0.39,123735.0,0,1,1,0,0,0,0,0,0,0,0,0,0,0,0,0,0,0,0,0
FFND,2026-09-24,32.404,32.6023,32.8391,31.3832,33.999,-4.69,0.13,0.31,244355.0,1,1,1,0,0,0,0,0,0,0,0,0,0,0,0,0,0,0,0,0
FFOG,2026-09-24,52.02,50.1495,49.3871,47.3955,52.31,-0.55,3.71,0.59,1353104.0,0,1,1,1,1,1,0,0,0,0,0,0,0,0,0,0,0,1,0,0
FFOX,2026-09-25,28.495,28.6358,29.3972,28.5634,31.215,-8.71,0.94,0.33,527975.0,0,0,0,0,0,0,0,0,0,0,0,0,0,0,0,0,0,1,0,0
FFSM,2026-09-24,34.31,35.4378,36.527,34.609,38.3782,-10.6,-1.44,-0.49,16459281.0,0,0,0,0,0,0,0,0,0,0,0,0,0,0,0,0,0,0,0,0
FFTY,2026-09-24,35.138,35.6211,36.6724,37.6889,43.95,-20.05,-0.06,0.53,389452.0,0,0,0,0,0,0,0,0,0,0,0,0,0,0,0,0,0,0,0,0
FFUT,2026-09-24,65.59,63.6842,62.0245,58.1838,65.59,0.0,1.56,0.02,1895114.0,0,1,1,1,1,1,0,0,1,0,0,0,0,0,0,0,0,1,0,0
FGD,2026-09-24,33.7,35.288,34.9562,32.6394,36.02,-6.44,-4.61,-1.98,4471720.0,0,1,0,0,0,0,0,0,0,0,1,0,0,0,0,0,0,0,0,0
FGM,2026-09-24,60.38,62.7167,62.8592,63.2214,69.0016,-12.49,-3.01,-0.54,310779.0,0,0,0,0,0,0,0,0,0,0,0,0,0,0,0,0,0,0,0,0
FGSI,2026-09-25,20.41,20.3904,20.5669,19.5917,21.2224,-3.83,0.99,0.27,11439.0,1,1,1,1,0,0,0,0,0,0,0,0,0,0,0,0,0,0,0,0
FGSM,2026-09-25,34.7688,35.1935,35.2944,33.2369,36.206,-3.97,-0.15,0.55,232578.0,1,1,1,0,0,0,0,0,0,0,0,0,0,0,0,0,0,0,0,0
FHDG,2026-09-25,37.35,37.1387,36.9004,35.3798,37.376,-0.07,0.63,0.27,222975.0,1,1,1,1,1,1,0,0,0,0,0,0,0,0,0,0,0,0,0,0
FHEQ,2026-09-24,33.79,33.8608,33.782,32.0041,34.5116,-2.09,0.35,0.03,2905206.0,1,1,1,0,1,0,0,0,0,0,0,0,0,0,0,0,0,0,0,0
FHIL,2026-09-24,23.91,24.5235,24.7986,,,,-1.56,-0.54,22111.0,0,0,0,0,0,0,0,0,0,0,0,0,0,0,0,0,0,0,0,0
FHLC,2026-09-24,82.25,81.9215,81.0888,74.8433,84.926,-3.15,0.68,0.61,23302604.0,1,1,1,1,1,1,0,0,0,0,0,0,0,0,0,0,0,0,0,0
FICS,2026-09-24,40.505,41.4178,41.9291,40.4812,43.0795,-5.98,-1.33,-0.13,311783.0,1,1,0,0,0,0,0,0,0,0,0,0,0,0,0,0,0,0,0,0
FID,2026-09-24,22.47,22.7944,22.6383,21.3918,23.1288,-2.85,-1.41,-0.24,228528.0,1,1,1,0,0,0,0,0,0,0,0,0,0,0,0,0,0,0,0,0
FIDI,2026-09-24,28.19,28.895,28.8427,27.2668,29.37,-4.02,-2.69,-0.32,1417259.0,0,1,1,0,0,0,0,0,0,0,0,0,0,0,0,0,0,0,0,0
FIDU,2026-09-24,89.63,91.1745,94.3658,91.6378,99.3806,-9.81,-0.04,-0.83,19290710.0,0,0,0,0,0,0,0,0,0,0,0,0,0,0,0,0,0,0,0,0
FINT,2026-09-25,36.6737,36.8264,36.5207,34.5877,37.436,-2.04,0.39,0.74,104044.0,1,1,1,0,1,0,0,0,0,0,0,0,0,0,0,0,0,0,0,0
FINX,2026-09-24,25.443,26.3275,26.2702,25.9818,34.9497,-27.2,0.19,0.06,1209190.0,0,0,0,0,0,0,0,0,0,0,0,0,0,0,0,0,0,0,0,0
FINY,2026-09-25,25.3491,25.4773,25.2773,,,,-0.12,0.83,25791.0,0,0,0,0,1,0,0,0,0,0,0,0,0,0,0,0,0,0,0,0
FITE,2026-09-24,112.705,109.794,110.6615,99.545,119.514,-5.7,1.25,-0.03,766300.0,1,1,0,1,1,0,0,0,0,0,0,0,0,0,0,0,0,0,0,0
FITZ,2026-09-24,26.0,25.3771,25.0893,,,,1.79,0.12,908927.0,0,0,0,1,1,1,0,0,0,0,0,0,0,0,0,0,0,0,0,0
FIVA,2026-09-24,38.48,39.3791,39.2769,36.7002,40.1562,-4.17,-2.3,-0.67,3606291.0,1,1,1,0,0,0,0,0,0,0,0,0,0,0,0,0,0,0,0,0
FIW,2026-09-24,104.25,106.9025,108.9554,108.2159,115.4241,-9.68,-1.29,-1.32,7884299.0,0,0,0,0,0,0,0,0,0,0,0,0,0,0,0,0,0,0,0,0
FJAN,2026-09-24,56.704,56.4628,56.0914,53.6622,56.895,-0.34,0.51,0.13,1928143.0,1,1,1,1,1,1,0,0,0,0,0,0,0,0,0,0,0,0,0,0
FJP,2026-09-24,77.29,77.6925,76.3922,74.492,81.3267,-4.96,-1.49,-0.78,713185.0,1,1,1,0,1,0,0,0,0,0,0,0,0,0,0,0,0,0,0,0
FJUL,2026-09-25,61.6,61.2188,60.8922,58.086,61.68,-0.13,0.77,0.28,5435077.0,1,1,1,1,1,1,0,0,0,0,0,0,0,0,0,0,0,0,0,0
FJUN,2026-09-25,61.5348,61.1289,60.8557,58.8667,61.62,-0.14,0.84,0.43,2913377.0,1,1,1,1,1,1,0,0,0,0,0,0,0,0,0,0,0,0,0,0
FKU,2026-09-24,54.05,55.2266,55.304,52.3289,57.2371,-5.57,-1.75,-0.11,63169.0,1,1,0,0,0,0,0,0,0,0,0,0,0,0,0,0,0,0,0,0
FLAG,2026-09-24,27.537,28.1672,28.3241,27.4717,29.024,-5.12,-1.34,-0.34,4092.0,1,1,0,0,0,0,0,0,0,0,0,0,0,0,0,0,0,1,0,0
FLAO,2026-09-24,28.71,28.6657,28.5538,28.2827,28.78,-0.24,0.07,0.0,13335.0,0,1,1,1,1,1,0,0,0,0,0,0,0,0,0,0,0,0,0,0
FLAU,2026-09-24,33.92,35.1424,35.2359,33.7887,36.394,-6.8,-2.67,-0.09,324181.0,0,1,0,0,0,0,0,0,0,0,0,0,0,0,0,0,0,0,0,0
FLAX,2026-09-24,36.821,36.7822,36.0112,33.834,38.8404,-5.2,0.69,-0.59,165605.0,1,1,0,1,1,1,0,0,0,0,0,0,0,0,0,0,0,0,0,0
FLBR,2026-09-24,23.0,23.3058,22.4442,22.2169,25.7447,-10.66,-2.29,-1.67,4930170.0,1,1,0,0,1,0,0,0,0,0,0,0,0,0,0,0,0,0,0,0
FLCA,2026-09-24,53.09,54.3145,54.197,51.1733,55.92,-5.06,-1.56,-0.38,2719802.0,1,1,0,0,0,0,0,0,0,0,0,0,0,0,0,0,0,0,0,0
FLCC,2026-09-24,36.43,36.5403,36.4352,34.02,37.429,-2.67,0.02,0.0,2393564.0,1,1,1,0,0,0,0,0,0,0,0,0,0,0,0,0,0,0,0,0
FLCE,2026-09-25,31.945,31.7352,31.6465,29.9432,32.309,-1.13,1.19,0.52,174885.0,1,1,1,1,1,1,0,0,0,0,0,0,0,0,0,0,0,0,0,0
FLCG,2026-09-25,35.8,35.1399,34.7613,33.1656,35.97,-0.47,1.62,0.56,1701698.0,1,1,1,1,1,1,0,0,0,0,0,0,0,0,0,0,0,0,0,0
FLCH,2026-09-24,20.885,21.2727,21.5963,22.6127,25.8138,-19.09,0.36,-0.59,2376464.0,0,0,0,0,0,0,0,0,0,0,0,0,0,0,0,0,0,0,0,0
FLCV,2026-09-25,36.5445,37.0406,37.1635,34.1324,38.075,-4.02,-0.5,0.62,1817684.0,1,1,1,0,0,0,0,0,0,0,0,0,0,0,0,0,0,0,0,0
FLDZ,2026-09-24,28.751,29.0923,30.458,30.0582,34.122,-15.74,0.3,0.46,10058.0,0,0,0,0,0,0,0,0,0,0,0,0,0,0,0,0,0,0,0,0
FLEE,2026-09-24,38.35,39.1945,39.4211,37.7305,40.497,-5.3,-1.25,0.03,307184.0,1,1,0,0,0,0,0,0,0,0,0,0,0,0,0,0,0,0,0,0
FLEU,2026-09-24,35.242,35.9278,36.1188,34.3888,37.15,-5.14,-0.96,0.16,238239.0,1,1,0,0,0,0,0,0,0,0,0,0,0,0,0,0,0,0,0,0
FLGB,2026-09-24,36.22,36.891,36.9454,35.3643,38.005,-4.7,-1.76,0.36,2771727.0,1,1,1,0,0,0,0,0,0,0,0,0,0,0,0,0,0,0,0,0
FLGR,2026-09-24,32.603,33.5483,33.52,32.6395,34.74,-6.15,-1.9,0.02,76844.0,0,0,0,0,0,0,0,0,0,0,0,0,0,0,0,0,0,1,0,0
FLIN,2026-09-24,34.24,35.0435,35.3422,35.8252,39.5616,-13.45,-0.93,-0.98,6189946.0,0,0,0,0,0,0,0,0,0,0,0,0,0,0,0,0,0,0,0,0
FLJH,2026-09-24,46.028,45.883,45.5854,42.6449,47.147,-2.37,-0.16,-0.52,2011314.0,1,1,1,1,1,1,0,0,0,0,0,0,0,0,0,0,0,0,0,0
FLJJ,2026-09-25,34.5843,34.376,34.2442,33.0208,34.596,-0.03,0.76,0.29,13993.0,1,1,1,1,1,1,0,0,0,0,0,0,0,0,0,0,0,0,0,0
FLJP,2026-09-24,40.81,41.301,40.5824,38.2856,41.97,-2.76,-2.06,-1.09,31620776.0,1,1,1,0,1,0,0,0,0,0,0,0,0,0,0,0,0,0,0,0
FLKR,2026-09-24,59.84,60.2305,57.3868,49.9147,71.929,-16.81,-0.2,-1.64,53827351.0,1,1,0,0,1,0,0,0,0,0,0,0,0,0,0,0,0,0,0,0
FLLA,2026-09-24,27.45,27.987,27.4168,27.1029,30.0509,-8.66,-2.0,-1.29,510411.0,1,1,0,0,1,0,0,0,0,0,0,0,0,0,0,0,0,0,0,0
FLMX,2026-09-24,35.126,36.513,36.8265,36.4858,39.059,-10.07,-2.74,-1.41,395462.0,0,0,0,0,0,0,0,0,0,0,0,0,0,0,0,0,0,0,0,0
FLN,2026-09-24,25.67,26.0883,25.6196,25.0654,27.4355,-6.44,-2.46,-1.83,300255.0,1,1,0,0,1,0,0,0,0,0,0,0,0,0,0,0,0,0,0,0
FLOW,2026-09-25,41.933,43.5621,42.8732,38.1835,45.266,-7.36,-2.05,-0.09,240165.0,0,1,0,0,0,0,0,0,0,0,0,0,0,0,0,0,0,0,0,0
FLQL,2026-09-24,78.6,78.305,78.0991,73.7572,79.622,-1.28,0.74,-0.09,8340453.0,1,1,1,1,1,1,0,0,0,0,0,0,0,0,0,0,0,0,0,0
FLQM,2026-09-24,58.21,59.6862,60.1875,57.3719,61.8248,-5.85,-1.72,-0.33,5894613.0,0,1,0,0,0,0,0,0,0,0,0,0,0,0,0,0,0,1,0,0
FLQS,2026-09-25,47.1614,48.2294,49.1004,45.9377,50.4914,-6.6,-0.7,0.2,91851.0,0,1,0,0,0,0,0,0,0,0,0,1,0,0,0,0,0,0,0,0
FLRG,2026-09-24,41.365,41.9201,41.9019,39.5319,42.8307,-3.42,-0.91,-0.15,518661.0,1,1,1,0,0,0,0,0,0,0,0,0,0,0,0,0,0,0,0,0
FLRT,2026-09-24,46.55,46.5446,46.3255,45.5284,46.6508,-0.22,-0.22,-0.11,10083916.0,1,1,1,1,1,1,0,0,0,0,0,0,0,0,0,0,0,1,0,0
FLSA,2026-09-24,31.86,32.8335,32.5884,32.471,34.4068,-7.4,-1.73,-0.75,14867.0,0,0,0,0,0,0,0,0,0,0,0,0,0,0,0,0,0,0,0,0
FLSP,2026-09-24,28.6,28.6249,28.3202,27.4581,28.92,-1.11,-1.0,-0.03,4565290.0,1,1,1,0,1,0,0,0,0,0,0,0,0,0,0,0,0,0,0,0
FLSW,2026-09-24,41.692,42.4943,43.3294,42.0195,44.846,-7.03,-0.12,0.14,446110.0,0,0,0,0,0,0,0,0,0,0,0,0,0,0,0,0,0,0,0,0
FLTR,2026-09-24,25.59,25.5504,25.4831,25.1252,25.59,0.0,0.04,0.0,40672103.0,0,1,1,1,1,1,0,0,1,0,0,0,0,0,0,0,0,0,0,0
FLTW,2026-09-24,109.64,106.361,100.973,84.15,111.46,-1.63,3.05,0.85,89491866.0,0,1,1,1,1,1,0,0,0,0,0,0,0,0,0,0,0,0,0,0
FLV,2026-09-25,83.91,85.2275,85.6821,80.2629,87.4903,-4.09,-0.22,0.56,836375.0,1,1,1,0,0,0,0,0,0,0,0,0,0,0,0,0,0,0,0,0
FLXI,2026-09-24,46.92,47.9049,48.1261,,48.7668,-3.79,-1.41,-0.87,5996.0,0,0,1,0,0,0,0,0,0,0,1,0,0,0,0,0,0,0,0,1
FLXN,2026-09-25,24.23,24.6497,24.6513,24.2487,24.85,-2.49,-1.6,-0.84,229130.0,0,0,1,0,0,0,0,0,0,0,1,0,0,0,0,0,0,0,0,0
FLXR,2026-09-24,38.01,38.4572,38.5737,38.3376,38.8393,-2.14,-0.94,-0.3,18478970.0,0,0,1,0,0,0,0,0,0,0,1,0,0,0,0,0,0,0,0,0
FMAG,2026-09-24,36.21,35.7296,35.9833,34.9699,37.1919,-2.64,2.84,0.3,654332.0,1,1,1,1,1,0,0,0,0,0,0,0,0,0,0,0,0,0,0,0
FMAR,2026-09-25,53.7547,53.4771,53.1349,50.4843,53.7547,0.0,0.52,0.21,472263.0,1,1,1,1,1,1,0,0,1,0,0,0,0,0,0,0,0,0,0,0
FMAT,2026-09-24,56.86,58.6425,58.848,58.0231,61.8596,-8.08,-1.25,-1.04,2551062.0,0,0,0,0,0,0,0,0,0,0,0,0,0,0,0,0,0,0,0,0
FMAY,2026-09-25,57.74,57.3575,57.0731,55.1319,57.82,-0.14,0.8,0.33,2789549.0,1,1,1,1,1,1,0,0,0,0,0,0,0,0,0,0,0,0,0,0
FMCE,2026-09-24,28.54,28.6207,28.6042,27.2973,29.413,-2.97,0.39,0.12,4596.0,1,1,1,0,0,0,0,0,0,0,0,0,0,0,0,0,0,0,0,0
FMCX,2026-09-24,36.472,36.5367,36.5385,35.3498,37.727,-3.33,0.82,0.02,13680.0,1,1,1,0,0,0,0,0,0,0,0,0,0,0,0,0,0,0,0,0
FMDE,2026-09-24,40.755,41.3513,41.4761,38.656,42.839,-4.86,-0.75,-0.21,33967724.0,1,1,1,0,0,0,0,0,0,0,0,0,0,0,0,0,0,0,0,0
FMED,2026-09-24,32.236,31.6886,30.5592,27.2297,32.888,-1.98,0.45,2.05,231648.0,1,1,1,1,1,1,0,0,0,0,0,0,0,0,0,0,0,0,0,0
FMET,2026-09-24,39.392,38.6629,38.1452,36.0431,39.9513,-1.4,1.82,-0.15,90956.0,1,1,1,1,1,1,0,0,0,0,0,0,0,0,0,0,0,0,0,0
FMF,2026-09-25,52.1815,51.7076,50.892,49.9469,52.85,-1.26,-1.26,-0.45,1538191.0,1,1,1,1,1,1,0,0,0,0,0,0,0,0,0,0,0,0,0,0
FMKT,2026-09-24,22.205,22.4149,22.3303,21.9817,23.7797,-6.62,0.65,-0.44,34635.0,1,1,0,0,0,0,0,0,0,0,0,0,0,0,0,0,0,0,0,0
FMQQ,2026-09-24,12.072,12.6045,12.5712,12.4109,15.2595,-20.89,-2.05,-2.71,183412.0,0,0,0,0,0,0,0,0,0,0,0,0,0,0,0,0,0,0,0,0
FMTL,2026-09-25,35.4988,36.7599,35.5317,34.1537,39.481,-10.09,-0.68,0.81,150850.0,0,1,0,0,0,0,0,0,0,0,0,0,0,0,0,0,0,0,0,0
FMTM,2026-09-24,39.013,38.7531,38.8084,37.6101,43.64,-10.6,-0.12,1.24,8080472.0,1,1,0,1,1,0,0,0,0,0,0,0,0,0,0,0,0,0,0,0
FNCL,2026-09-24,77.24,80.4144,80.9681,75.8695,83.0047,-6.95,-2.35,-0.1,10590605.0,0,1,0,0,0,0,0,0,0,0,1,0,0,0,0,0,0,0,0,0
FNDA,2026-09-24,35.42,36.2992,37.0853,34.9501,38.3778,-7.71,-1.05,-0.28,71832788.0,0,1,0,0,0,0,0,0,0,0,0,0,0,0,0,0,0,0,0,0
FNDB,2026-09-24,30.96,31.3509,31.2785,29.0199,31.8117,-2.68,-0.97,-0.19,21527227.0,1,1,1,0,0,0,0,0,0,0,0,0,0,0,0,0,0,0,0,0
FNDC,2026-09-24,49.97,50.9115,50.3634,48.3394,51.66,-3.27,-1.61,-0.48,4803087.0,1,1,1,0,0,0,0,0,0,0,0,0,0,0,0,0,0,0,0,0
FNDE,2026-09-24,42.07,42.458,41.6758,39.6302,43.08,-2.34,-0.66,-0.52,87626729.0,1,1,1,0,1,0,0,0,0,0,0,0,0,0,0,0,0,0,0,0
FNDF,2026-09-24,54.38,55.408,54.7994,51.1896,56.31,-3.43,-2.0,-0.28,117649794.0,1,1,1,0,0,0,0,0,0,0,0,0,0,0,0,0,0,0,0,0
FNDX,2026-09-24,31.85,32.2139,32.0712,29.7049,32.6678,-2.5,-0.93,-0.16,105962723.0,1,1,1,0,0,0,0,0,0,0,0,0,0,0,0,0,0,0,0,0
FNGS,2026-09-24,83.07,80.9014,78.5532,70.9969,83.55,-0.57,2.7,-0.57,2161900.0,1,1,1,1,1,1,0,0,0,0,0,0,0,0,0,0,0,0,0,0
FNK,2026-09-24,60.23,62.9406,63.3317,59.5404,64.6655,-6.86,-3.21,-0.62,392442.0,0,1,0,0,0,0,0,0,0,0,1,0,0,0,0,0,0,0,0,0
FNOV,2026-09-25,60.3833,59.9604,59.5332,56.9167,60.41,-0.04,0.69,0.34,646715.0,1,1,1,1,1,1,0,0,0,0,0,0,0,0,0,0,0,0,0,0
FNX,2026-09-25,137.297,140.824,143.1934,136.7006,147.5091,-6.92,-0.97,0.26,1315243.0,0,1,0,0,0,0,0,0,0,0,0,1,0,0,0,0,0,0,0,0
FNY,2026-09-25,99.7213,100.7691,103.1466,99.5884,110.85,-10.04,0.19,0.11,1208827.0,1,1,0,0,0,0,0,0,0,0,0,0,0,0,0,0,0,0,0,0
FOCT,2026-09-25,54.2,53.807,53.368,50.9206,54.215,-0.03,0.57,0.26,762795.0,1,1,1,1,1,1,0,0,0,0,0,0,0,0,0,0,0,0,0,0
FORH,2026-09-24,23.91,24.4535,24.5194,24.7693,26.9665,-11.33,-1.49,-1.06,15102.0,0,0,0,0,0,0,0,0,0,0,0,0,0,0,0,0,0,1,0,0
FOTO,2026-09-24,17.84,17.6355,18.7608,,,,3.84,-0.28,3978304.0,0,0,0,1,0,0,0,0,0,0,0,0,0,0,0,0,0,0,0,0
FOWF,2026-09-25,34.1864,34.5492,35.197,33.6185,37.3474,-8.46,-0.09,0.07,32058.0,1,1,0,0,0,0,0,0,0,0,0,0,0,0,0,0,0,0,0,0
FPA,2026-09-24,49.31,49.7167,48.2106,46.7247,57.8951,-14.83,0.17,-0.53,572332.0,1,1,0,0,1,0,0,0,0,0,0,0,0,0,0,0,0,1,0,0
FPAA,2026-09-24,25.14,25.4285,25.4974,,,,-0.36,0.04,195761.0,0,0,0,0,0,0,0,0,0,0,0,0,0,0,0,0,0,1,0,0
FPAG,2026-09-25,41.52,41.8258,41.8599,39.304,43.0255,-3.5,1.0,0.48,2115106.0,1,1,1,0,0,0,0,0,0,0,0,0,0,0,0,0,0,0,0,0
FPRO,2026-09-25,23.505,24.2069,24.8663,23.8605,25.7821,-8.83,-1.31,-0.26,83497.0,0,0,0,0,0,0,0,0,0,0,1,0,0,0,0,0,0,0,0,0
FPWR,2026-09-25,34.5586,35.9197,36.5168,36.0294,37.8448,-8.68,-3.03,-0.04,201592.0,0,0,0,0,0,0,0,0,0,0,1,0,0,0,0,0,0,0,0,0
FPX,2026-09-24,179.78,180.1835,182.1054,177.0162,206.18,-12.8,1.15,-0.26,4100261.0,1,1,0,0,0,0,0,0,0,0,0,0,0,0,0,0,0,0,0,0
FPXE,2026-09-24,32.58,32.8765,33.197,32.8255,35.9236,-9.31,-0.48,-0.72,12201.0,0,0,0,0,0,0,0,0,0,0,0,0,0,0,0,0,0,0,0,0
FPXI,2026-09-24,67.92,69.0654,70.0886,68.4767,85.8037,-20.84,0.67,-1.25,1008338.0,0,0,0,0,0,0,0,0,0,0,0,0,0,0,0,0,0,0,0,0
FQAL,2026-09-24,83.77,83.8003,83.467,78.5192,85.2296,-1.71,0.54,0.06,3136798.0,1,1,1,0,1,0,0,0,0,0,0,0,0,0,0,0,0,1,0,0
FRDM,2026-09-24,71.12,70.2515,67.996,62.564,75.8413,-6.23,1.47,-0.88,19812752.0,1,1,0,1,1,1,0,0,0,0,0,0,0,0,0,0,0,0,0,0
FREI,2026-09-24,24.2,24.614,24.8104,,,,-1.51,-0.41,539554.0,0,0,0,0,0,0,0,0,0,0,1,0,0,0,0,0,0,0,0,0
FREL,2026-09-24,27.645,28.5203,29.2908,28.1403,30.4137,-9.1,-1.96,-0.38,7552158.0,0,0,0,0,0,0,0,0,0,0,1,0,0,0,0,0,0,1,0,0
FRGN,2026-09-25,31.7075,31.7036,31.4564,29.4396,32.299,-1.83,0.83,1.02,605467.0,1,1,1,1,1,1,0,0,0,0,0,0,0,0,0,0,0,0,0,0
FRI,2026-09-24,29.98,30.8965,31.7758,30.042,33.34,-10.08,-1.9,-0.6,1123737.0,0,0,0,0,0,0,0,0,0,0,1,0,0,0,0,0,0,0,0,0
FRIZ,2026-09-24,26.586,26.9099,27.0956,26.0305,27.8083,-4.4,-0.08,-0.26,15406.0,1,1,1,0,0,0,0,0,0,0,0,0,0,0,0,0,0,0,0,0
FRNW,2026-09-24,21.12,21.9654,22.3503,23.0211,27.5305,-23.29,-3.92,-2.2,528646.0,0,0,0,0,0,0,0,0,0,0,0,0,0,0,0,0,0,0,0,0
FRTY,2026-09-24,23.77,22.6734,22.7604,21.8098,24.817,-4.22,4.82,2.0,468644.0,0,1,1,1,1,0,1,0,0,0,0,0,0,0,0,0,0,1,0,0
FRWD,2026-09-24,32.675,31.8526,31.6752,,34.465,-5.19,4.56,-0.2,1317918.0,0,0,0,1,1,1,0,0,0,0,0,0,0,0,0,0,0,0,0,0
FSCC,2026-09-25,34.01,34.8167,35.4013,33.2372,37.33,-8.89,-1.16,0.09,5209048.0,0,1,0,0,0,0,0,0,0,0,0,0,0,0,0,0,0,0,0,0
FSCS,2026-09-25,35.9078,36.6521,37.282,36.3141,38.314,-6.28,-0.76,0.3,239894.0,0,0,0,0,0,0,0,0,0,0,1,0,0,0,0,0,0,0,0,0
FSEG,2026-09-25,26.1312,26.5753,27.1254,,,,-0.49,0.2,46571.0,0,0,0,0,0,0,0,0,0,0,0,0,0,0,0,0,0,0,0,0
FSEP,2026-09-24,57.32,56.8781,56.2875,53.6181,57.555,-0.41,0.63,-0.05,7541044.0,1,1,1,1,1,1,0,0,0,0,0,0,0,0,0,0,0,0,0,0
FSEV,2026-09-25,25.82,26.3343,26.6874,,,,-0.77,0.39,86883.0,0,0,0,0,0,0,0,0,0,0,0,0,0,0,0,0,0,0,0,0
FSGS,2026-09-25,32.0463,32.8661,33.0411,31.3479,34.155,-6.17,-0.99,0.13,37313.0,0,1,0,0,0,0,0,0,0,0,0,0,0,0,0,0,0,0,0,0
FSMD,2026-09-24,49.63,50.4579,51.0793,48.1607,53.1632,-6.65,-0.69,-0.18,8183822.0,1,1,0,0,0,0,0,0,0,0,0,0,0,0,0,0,0,0,0,0
FSML,2026-09-25,29.238,29.6654,30.0591,,31.1495,-6.14,-0.32,0.28,46250.0,0,0,0,0,0,0,0,0,0,0,0,0,0,0,0,0,0,0,0,0
FSOL,2026-09-24,13.83,12.505,10.5743,10.9895,17.4,-20.52,16.32,2.44,6175038.0,0,1,0,1,1,1,0,0,0,0,0,0,0,0,1,0,0,0,0,0
FSTA,2026-09-24,51.5,52.4943,53.1419,52.3701,55.9643,-7.98,-1.23,-0.98,9662050.0,0,0,0,0,0,0,0,0,0,0,0,0,0,0,0,0,0,1,0,0
FSZ,2026-09-24,79.0,79.856,81.219,80.7667,84.6856,-6.71,1.36,-0.67,163785.0,0,0,0,0,0,0,0,0,0,0,0,0,0,0,0,0,0,0,0,0
FTA,2026-09-24,96.64,100.4103,101.0308,94.0701,103.6585,-6.77,-2.91,-0.48,2785440.0,0,1,0,0,0,0,0,0,0,0,1,0,0,0,0,0,0,0,0,0
FTBI,2026-09-25,21.2254,21.5247,21.5668,20.9879,21.9037,-3.1,-1.05,0.26,201616.0,1,1,1,0,0,0,0,0,0,0,0,0,0,0,0,0,0,0,0,0
FTC,2026-09-24,177.9,175.9567,178.483,171.391,194.0224,-8.31,1.68,-0.04,2835096.0,1,1,0,1,0,0,0,0,0,0,0,0,0,0,0,0,0,0,0,0
FTCE,2026-09-25,27.525,27.4062,27.4108,25.9492,28.3863,-3.03,1.99,0.49,195433.0,1,1,1,1,1,0,0,0,0,0,0,0,0,0,0,0,0,0,0,0
FTCS,2026-09-24,94.87,97.7181,98.6342,95.0651,101.9239,-6.92,-1.67,-0.46,29971652.0,0,0,0,0,0,0,0,0,0,0,1,0,0,0,0,0,0,0,0,0
FTDS,2026-09-25,62.8373,64.8036,64.8537,60.955,66.4535,-5.44,-1.86,0.21,117934.0,0,1,0,0,0,0,0,0,0,0,0,1,0,0,0,0,0,0,0,0
FTEC,2026-09-24,298.85,289.5546,283.2619,251.5359,301.52,-0.89,3.16,-0.34,63102374.0,0,1,1,1,1,1,0,0,0,0,0,0,0,0,0,0,0,0,0,0
FTGS,2026-09-24,38.15,38.3649,38.652,36.6673,39.9796,-4.58,0.68,-0.23,3995086.0,1,1,1,0,0,0,0,0,0,0,0,0,0,0,0,0,0,0,0,0
FTHB,2026-09-24,24.43,24.8739,25.0114,,25.2778,-3.35,-1.65,-0.61,56977.0,0,0,1,0,0,0,0,0,0,0,1,0,0,0,0,0,0,0,0,0
FTHF,2026-09-24,49.294,49.2441,46.8382,42.2245,52.229,-5.62,-0.37,-0.75,1536096.0,1,1,0,1,1,1,0,0,0,0,0,0,0,0,0,0,0,0,0,0
FTHI,2026-09-24,23.64,23.6663,23.5863,22.8268,23.9863,-1.44,-0.13,-0.05,17398245.0,1,1,1,0,1,0,0,0,0,0,0,0,0,0,0,0,0,0,0,0
FTIF,2026-09-24,28.124,29.1223,28.6515,26.746,29.8134,-5.67,-3.22,-0.32,14131.0,0,1,0,0,0,0,0,0,0,0,0,0,0,0,0,0,0,0,0,0
FTKI,2026-09-24,19.274,19.8744,19.8845,18.9345,20.386,-5.45,-2.74,-1.15,144179.0,0,1,0,0,0,0,0,0,0,0,0,0,0,0,0,0,0,0,0,0
FTQI,2026-09-24,22.27,21.9029,21.7058,20.288,22.27,0.0,1.18,0.19,9659040.0,0,1,1,1,1,1,0,0,1,0,0,0,0,0,0,0,0,0,0,0
FTRI,2026-09-24,17.41,18.1003,17.5405,17.1194,18.8366,-7.57,-3.74,-0.57,292307.0,0,1,0,0,0,0,0,0,0,0,0,0,0,0,0,0,0,0,0,0
FTWO,2026-09-24,45.483,46.9243,45.9095,44.9156,49.4734,-8.07,-2.13,-1.11,275345.0,0,1,0,0,0,0,0,0,0,0,0,0,0,0,0,0,0,0,0,0
FTXG,2026-09-24,21.619,22.4939,22.7607,22.1459,23.6161,-8.46,-3.52,-0.99,510834.0,0,0,0,0,0,0,0,0,0,0,1,0,0,0,0,0,0,0,0,0
FTXH,2026-09-24,41.565,41.2815,40.4349,35.9533,42.7496,-2.77,0.44,0.72,2642353.0,1,1,1,1,1,1,0,0,0,0,0,0,0,0,0,0,0,0,0,0
FTXL,2026-09-24,251.0,231.425,229.8146,198.723,297.0106,-15.49,7.92,-0.13,28775969.0,0,1,0,1,1,1,0,0,0,0,0,0,0,0,0,0,0,0,0,0
FTXO,2026-09-24,39.36,41.1319,41.9128,39.0705,43.6404,-9.81,-2.82,0.32,2693997.0,0,1,0,0,0,0,0,0,0,0,1,0,0,0,0,0,0,0,0,0
FTXR,2026-09-24,41.306,42.7749,43.9546,41.7863,45.6355,-9.49,-2.69,-1.53,2132836.0,0,0,0,0,0,0,0,0,0,0,0,0,0,0,0,0,0,1,0,0
FUSI,2026-09-24,50.465,50.4593,50.3596,49.5561,50.602,-0.27,0.07,-0.07,916712.0,1,1,1,1,1,1,0,0,0,0,0,0,0,0,0,0,0,0,0,0
FUTY,2026-09-24,51.0,53.84,55.6187,56.6352,60.1785,-15.25,-4.65,-0.89,25692239.0,0,0,0,0,0,0,0,0,0,0,1,0,0,0,0,0,0,0,0,1
FV,2026-09-24,73.95,72.9485,72.2096,68.0149,75.88,-2.54,1.5,0.05,6448094.0,1,1,1,1,1,1,0,0,0,0,0,0,0,0,0,0,0,0,0,0
FVAL,2026-09-24,81.48,82.0797,81.5768,75.8181,83.2421,-2.12,-0.62,-0.13,3046656.0,1,1,1,0,0,0,0,0,0,0,0,0,0,0,0,0,0,0,0,0
FVC,2026-09-25,42.8488,42.0652,41.7044,39.282,43.798,-2.17,2.39,0.37,139979.0,1,1,1,1,1,1,0,0,0,0,0,0,0,0,0,0,0,0,0,0
FVD,2026-09-24,47.39,49.2705,49.938,47.9794,51.05,-7.17,-2.87,-1.21,26382075.0,0,0,0,0,0,0,0,0,0,0,1,0,0,0,0,0,0,0,0,0
FWD,2026-09-24,132.26,128.575,129.2212,123.5504,148.84,-11.14,3.31,-0.06,19977638.0,1,1,0,1,1,0,0,0,0,0,0,0,0,0,0,0,0,0,0,0
FXD,2026-09-24,64.57,66.585,68.7574,68.0875,72.0003,-10.32,-1.06,-0.12,468258.0,0,0,0,0,0,0,0,0,0,0,0,0,0,0,0,0,0,0,0,0
FXG,2026-09-24,58.71,62.647,64.2004,63.4331,68.7241,-14.57,-4.86,-1.38,941087.0,0,0,0,0,0,0,0,0,0,0,1,0,0,0,0,0,0,0,0,1
FXH,2026-09-25,131.46,131.668,130.3118,118.57,135.3,-2.84,0.53,0.47,8337748.0,1,1,1,0,1,0,0,0,0,0,0,0,0,0,0,0,0,0,0,0
FXI,2026-09-24,34.24,34.8395,35.2158,36.2021,40.9939,-16.48,0.15,-0.35,588610812.0,0,0,0,0,0,0,0,0,0,0,0,0,0,0,0,0,0,0,0,0
FXL,2026-09-24,221.08,215.389,211.1368,189.0212,224.92,-1.71,2.61,-0.56,3776840.0,1,1,1,1,1,1,0,0,0,0,0,0,0,0,0,0,0,0,0,0
FXN,2026-09-24,22.63,23.601,22.793,20.6436,24.35,-7.06,-3.78,-0.4,11303343.0,0,1,0,0,0,0,0,0,0,0,0,0,0,0,0,0,0,0,0,0
FXO,2026-09-25,61.98,64.5515,65.3862,60.977,66.98,-7.46,-2.78,0.44,3001579.0,0,1,0,0,0,0,0,0,0,0,1,0,0,0,0,0,0,0,0,0
FXP,2026-09-24,21.58,20.913,20.4756,19.7032,25.5052,-15.39,-1.04,0.89,84984.0,0,1,0,1,1,1,0,0,0,0,0,0,0,0,0,0,0,0,0,0
FXR,2026-09-25,83.1857,84.6773,87.7367,86.3064,92.27,-9.85,-0.14,1.05,2196709.0,0,0,0,0,0,0,0,0,0,0,0,0,0,0,0,0,0,0,0,0
FXU,2026-09-24,43.81,46.2285,47.7316,47.8473,51.1054,-14.28,-4.82,-1.46,9402540.0,0,0,0,0,0,0,0,0,0,0,1,0,0,0,0,0,0,0,0,0
FXZ,2026-09-25,79.93,83.4035,82.2496,77.5066,87.56,-8.71,-1.81,0.3,2870847.0,0,1,0,0,0,0,0,0,0,0,0,0,0,0,0,0,0,1,0,0
FYC,2026-09-24,116.62,118.0995,120.0486,109.7289,127.34,-8.42,-0.77,0.11,8052525.0,1,1,0,0,0,0,0,0,0,0,0,0,0,0,0,0,0,0,0,0
FYEE,2026-09-24,29.78,29.6952,29.4199,27.7867,30.03,-0.83,0.42,-0.07,4208988.0,1,1,1,1,1,1,0,0,0,0,0,0,0,0,0,0,0,0,0,0
FYLD,2026-09-24,40.15,40.5509,39.7063,36.8709,40.9896,-2.05,-1.88,0.22,2373154.0,1,1,1,0,1,0,0,0,0,0,0,0,0,0,0,0,0,0,0,0
FYT,2026-09-25,68.0892,69.8827,71.0546,64.9228,73.1582,-6.93,-0.73,0.28,1077926.0,0,1,0,0,0,0,0,0,0,0,0,1,0,0,0,0,0,0,0,0
FYX,2026-09-25,136.7731,139.0472,141.4485,129.6446,146.1229,-6.4,-0.24,0.21,4895844.0,1,1,0,0,0,0,0,0,0,0,0,0,0,0,0,0,0,1,0,0
GAA,2026-09-24,35.2,35.9211,35.5779,34.2754,36.302,-3.04,-2.01,-0.37,191970.0,1,1,1,0,0,0,0,0,0,0,0,0,0,0,0,0,0,0,0,0
GABF,2026-09-24,42.906,45.0156,45.6362,44.7211,48.033,-10.67,-2.03,-0.53,89892.0,0,0,0,0,0,0,0,0,0,0,1,0,0,0,0,0,0,1,0,0
GAL,2026-09-24,53.09,53.5755,53.369,51.5472,54.06,-1.79,-0.6,-0.26,575454.0,1,1,1,0,0,0,0,0,0,0,0,0,0,0,0,0,0,0,0,0
GAMR,2026-09-24,100.787,97.9134,95.973,88.1976,101.892,-1.08,2.75,0.06,59921.0,1,1,1,1,1,1,0,0,0,0,0,0,0,0,0,0,0,0,0,0
GAPR,2026-09-25,42.7199,42.4875,42.2653,41.066,42.7199,0.0,0.64,0.24,278928.0,1,1,1,1,1,1,0,0,1,0,0,0,0,0,0,0,0,0,0,0
GARA,2026-09-24,25.868,26.596,27.1796,,28.0007,-7.62,-2.39,-0.36,3436.0,0,0,0,0,0,0,0,0,0,0,1,0,0,0,0,0,0,1,0,0
GARP,2026-09-24,85.35,83.3904,82.243,74.5698,85.66,-0.36,3.44,0.31,35022446.0,1,1,1,1,1,1,0,0,0,0,0,0,0,0,0,0,0,0,0,0
GARY,2026-09-24,27.825,26.9514,26.6233,,27.903,-0.28,3.85,0.28,129065.0,0,0,1,1,1,1,1,0,0,0,0,0,0,0,0,0,1,1,0,0
GAUG,2026-09-25,42.3068,42.087,41.9373,40.5088,42.339,-0.08,0.69,0.35,3302815.0,1,1,1,1,1,1,0,0,0,0,0,0,0,0,0,0,0,0,0,0
GAVA,2026-09-24,25.49,19.8557,17.5944,,26.99,-5.56,38.16,1.19,90251.0,0,0,0,1,1,1,0,0,0,0,0,0,0,0,1,0,0,0,0,0
GBHI,2026-09-25,24.845,25.1758,25.207,24.9532,25.37,-2.07,-1.23,-0.28,4200.0,0,0,1,0,0,0,0,0,0,0,1,0,0,0,0,0,0,1,0,0
GBTC,2026-09-24,65.24,61.6315,55.5848,57.6659,98.43,-33.72,10.31,-0.11,116753125.0,0,1,0,1,1,1,0,0,0,0,0,0,0,0,1,0,0,0,0,0
GCAD,2026-09-24,49.47,50.4225,53.3891,52.4366,57.737,-14.32,-0.16,-0.36,292894.0,0,0,0,0,0,0,0,0,0,0,0,0,0,0,0,0,0,0,0,0
GCOW,2026-09-24,45.43,46.5022,46.2287,44.3785,47.5386,-4.44,-2.19,0.02,12482200.0,1,1,1,0,0,0,0,0,0,0,0,0,0,0,0,0,0,0,0,0
GCPU,2026-09-25,36.9509,35.3948,34.923,35.628,54.4805,-32.18,-1.8,-2.93,224943.0,0,1,0,1,1,1,0,0,0,0,0,0,0,0,0,0,0,0,0,0
GDEC,2026-09-25,40.9075,40.6838,40.4453,38.9778,40.93,-0.05,0.51,0.2,1881121.0,1,1,1,1,1,1,0,0,0,0,0,0,0,0,0,0,0,1,0,0
GDIV,2026-09-24,18.383,18.7015,18.8445,17.8871,19.178,-4.15,-0.39,-0.14,239727.0,1,1,1,0,0,0,0,0,0,0,0,0,0,0,0,0,0,0,0,0
GDLC,2026-09-24,38.79,36.5295,32.6844,33.9949,61.63,-37.06,10.51,0.21,1116911.0,0,1,0,1,1,1,0,0,0,0,0,0,0,0,1,0,0,0,0,0
GDMA,2026-09-24,41.17,41.9065,42.1662,41.4488,44.04,-6.52,-0.72,-0.22,377143.0,0,0,0,0,0,0,0,0,0,0,0,0,0,0,0,0,0,0,0,0
GDOG,2026-09-24,11.297,10.2226,9.2453,11.4198,18.288,-38.23,17.68,4.41,583601.0,0,0,0,1,1,1,0,0,0,0,0,0,1,0,1,0,0,0,0,0
GEME,2026-09-25,42.025,41.8678,41.9173,38.9633,45.135,-6.89,1.9,0.71,1467383.0,1,1,0,1,1,0,0,0,0,0,0,0,0,0,0,0,0,0,0,0
GEND,2026-09-24,12.985,13.3432,13.3133,12.5401,13.619,-4.66,-1.81,-0.51,12633.0,0,1,1,0,0,0,0,0,0,0,0,0,0,0,0,0,0,1,0,0
GENT,2026-09-24,9.947,10.0511,10.0967,10.1127,10.2267,-2.73,-0.68,-0.43,377865.0,0,0,1,0,0,0,0,0,0,0,1,0,0,0,0,0,0,0,0,0
GENW,2026-09-24,14.772,15.1985,15.3045,14.5178,15.621,-5.43,-3.32,0.03,5496.0,0,1,0,0,0,0,0,0,0,0,0,0,0,0,0,0,0,0,0,0
GENZ,2026-09-24,37.11,38.5445,38.6412,37.5129,44.5867,-16.77,-0.91,-0.56,40421.0,0,0,0,0,0,0,0,0,0,0,0,0,0,0,0,0,0,0,0,0
GEQ,2026-09-25,51.435,51.5658,51.6275,,,,0.66,0.46,29667.0,0,0,0,0,0,0,0,0,0,0,0,0,0,0,0,0,0,0,0,0
GEW,2026-09-24,55.593,56.2441,56.2191,53.5652,57.404,-3.15,-0.59,-0.28,22013.0,1,1,1,0,0,0,0,0,0,0,0,0,0,0,0,0,0,0,0,0
GFEB,2026-09-25,45.145,44.9181,44.664,43.0619,45.16,-0.03,0.52,0.21,815940.0,1,1,1,1,1,1,0,0,0,0,0,0,0,0,0,0,0,0,0,0
GFGF,2026-09-24,36.298,36.3922,36.2816,34.9638,37.013,-1.93,0.55,0.13,11619.0,1,1,1,0,1,0,0,0,0,0,0,0,0,0,0,0,0,0,0,0
GFLW,2026-09-24,33.547,33.4744,33.2119,30.2434,34.6913,-3.3,1.3,-0.28,7212022.0,1,1,1,1,1,1,0,0,0,0,0,0,0,0,0,0,0,1,0,0
GGM,2026-09-25,31.0234,31.2784,31.224,29.2566,31.888,-2.71,-0.05,0.22,71969.0,1,1,1,0,0,0,0,0,0,0,0,0,0,0,0,0,0,0,0,0
GGME,2026-09-24,67.33,65.1016,63.3902,58.6099,67.85,-0.77,2.46,0.4,45774.0,0,1,1,1,1,1,0,0,0,0,0,0,0,0,0,0,0,0,0,0
GGRW,2026-09-24,37.67,37.1274,37.2915,35.9283,38.724,-2.72,2.53,0.29,12371.0,1,1,1,1,1,0,0,0,0,0,0,0,0,0,0,0,0,1,0,0
GGTL,2026-09-25,40.7531,39.1366,38.4727,35.5079,41.498,-1.8,3.54,0.85,134998.0,0,1,1,1,1,1,0,0,0,0,0,0,0,0,0,0,0,0,0,0
GHTA,2026-09-25,30.2244,30.9222,30.8165,30.5552,31.492,-4.03,-1.63,0.25,97888.0,0,0,1,0,0,0,0,0,0,0,0,0,0,0,0,0,0,0,0,0
GIAX,2026-09-24,16.44,15.941,15.543,14.7657,17.3569,-5.28,3.47,0.06,1061089.0,0,1,0,1,1,1,0,0,0,0,0,0,0,0,0,0,0,0,0,0
GII,2026-09-24,70.66,72.8155,74.4498,74.2035,77.9343,-9.33,-2.11,-0.35,3177575.0,0,0,0,0,0,0,0,0,0,0,1,0,0,0,0,0,0,0,0,0
GINX,2026-09-25,36.21,36.6365,36.4881,34.1105,37.315,-2.96,-0.17,0.72,241853.0,1,1,1,0,0,0,0,0,0,0,0,0,0,0,0,0,0,0,0,0
GJAN,2026-09-24,46.09,45.9559,45.6813,44.0406,46.2,-0.24,0.37,-0.02,330515.0,1,1,1,1,1,1,0,0,0,0,0,0,0,0,0,0,0,0,0,0
GJUL,2026-09-25,44.75,44.5062,44.3023,42.6471,44.775,-0.06,0.67,0.29,421624.0,1,1,1,1,1,1,0,0,0,0,0,0,0,0,0,0,0,0,0,0
GJUN,2026-09-25,42.1566,41.9103,41.7364,40.6039,42.185,-0.07,0.72,0.35,6724675.0,1,1,1,1,1,1,0,0,0,0,0,0,0,0,0,0,0,0,0,0
GK,2026-09-24,29.01,28.7685,28.8036,27.2044,30.181,-3.88,1.04,0.22,29019.0,1,1,1,1,1,0,0,0,0,0,0,0,0,0,0,0,0,1,0,0
GKAT,2026-09-25,44.68,45.2692,45.01,43.0609,46.372,-3.65,0.46,0.0,111868.0,1,1,1,0,0,0,0,0,0,0,0,0,0,0,0,0,0,0,0,0
GLAM,2026-09-25,28.1493,28.3485,28.394,,,,1.18,0.25,82219.0,0,0,0,0,0,0,0,0,0,0,0,0,0,0,0,0,0,0,0,0
GLBL,2026-09-25,28.7998,28.3784,28.2276,26.5444,28.954,-0.53,1.66,0.49,7920.0,1,1,1,1,1,1,0,0,0,0,0,0,0,0,0,0,0,0,0,0
GLCR,2026-09-24,24.275,24.7314,24.5709,25.6368,28.68,-15.36,0.91,-0.23,13204.0,0,0,0,0,0,0,0,0,0,0,0,0,0,0,0,0,0,0,0,0
GLDB,2026-09-24,23.023,22.8802,21.6069,23.2709,30.42,-24.32,2.55,-0.31,332052.0,0,0,0,1,1,1,0,0,0,0,0,0,0,0,0,0,0,1,0,0
GLIN,2026-09-24,43.82,45.0925,45.2956,45.0674,47.93,-8.58,-1.53,-1.04,274248.0,0,0,0,0,0,0,0,0,0,0,0,0,0,0,0,0,0,0,0,0
GLIX,2026-09-25,25.54,26.2037,26.9405,26.6244,28.0158,-8.84,-1.6,-0.06,243818.0,0,0,0,0,0,0,0,0,0,0,0,0,0,0,0,0,0,1,0,0
GLNK,2026-09-24,11.78,10.5175,9.0224,8.8001,33.51,-64.85,17.33,8.27,5021889.0,0,1,0,1,1,1,1,1,0,0,0,0,1,1,1,1,1,1,0,0
GLOF,2026-09-24,60.97,61.0495,60.4175,56.4986,61.76,-1.28,-0.02,-0.33,1601540.0,1,1,1,0,1,0,0,0,0,0,0,0,0,0,0,0,0,0,0,0
GLOW,2026-09-24,34.71,34.9171,34.82,32.7615,35.559,-2.39,0.07,-0.05,604291.0,1,1,1,0,0,0,0,0,0,0,0,0,0,0,0,0,0,0,0,0
GLRY,2026-09-24,37.789,38.4198,39.9373,39.5086,43.69,-13.51,0.78,-0.71,591517.0,0,0,0,0,0,0,0,0,0,0,0,0,0,0,0,0,0,0,0,0
GMAR,2026-09-24,45.24,45.0967,44.8437,43.0006,45.32,-0.18,0.29,-0.18,3312382.0,1,1,1,1,1,1,0,0,0,0,0,0,0,0,0,0,0,1,0,0
GMAY,2026-09-25,44.1,43.8625,43.6643,42.4155,44.154,-0.12,0.64,0.32,3684561.0,1,1,1,1,1,1,0,0,0,0,0,0,0,0,0,0,0,0,0,0
GMEY,2026-09-24,26.544,23.7755,23.7805,25.8968,33.1879,-20.02,6.38,2.66,37882.0,0,1,0,1,1,0,1,1,0,0,0,0,0,0,0,0,0,0,0,0
GMF,2026-09-24,157.56,157.048,155.0496,148.3865,160.71,-1.96,1.0,-0.22,824080.0,1,1,1,1,1,1,0,0,0,0,0,0,0,0,0,0,0,0,0,0
GMMA,2026-09-24,21.999,21.9214,21.8296,21.2629,22.151,-0.69,0.57,0.02,3621.0,1,1,1,1,1,1,0,0,0,0,0,0,0,0,0,0,0,1,0,0
GMMF,2026-09-24,100.245,100.1338,99.9335,98.9055,100.245,0.0,0.07,0.01,1921748.0,0,1,1,1,1,1,0,0,1,0,0,0,0,0,0,0,0,0,0,0
GMOD,2026-09-25,27.678,27.8668,27.8151,26.8773,28.215,-1.9,0.06,0.57,296491.0,1,1,1,0,0,0,0,0,0,0,0,0,0,0,0,0,0,0,0,0
GMOI,2026-09-24,40.343,41.2281,40.7031,37.4512,42.06,-4.08,-2.58,-0.07,2169949.0,1,1,1,0,0,0,0,0,0,0,0,0,0,0,0,0,0,0,0,0
GMOM,2026-09-25,38.4291,38.5107,37.6482,36.3233,38.8983,-1.21,-0.14,-0.06,273037.0,1,1,1,0,1,0,0,0,0,0,0,0,0,0,0,0,0,0,0,0
GMOV,2026-09-25,32.3271,32.6461,32.2404,29.6677,33.28,-2.86,0.24,0.54,618656.0,1,1,1,0,1,0,0,0,0,0,0,0,0,0,0,0,0,0,0,0
GNMX,2026-09-25,38.003,35.7052,33.4747,,,,4.72,0.01,38735.0,0,0,0,1,1,1,1,1,0,0,0,0,0,0,0,0,1,0,0,0
GNOM,2026-09-24,70.249,65.2767,61.0357,50.9148,70.249,0.0,4.97,3.67,2153615.0,0,1,1,1,1,1,1,1,1,0,0,0,1,0,0,0,1,0,0,0
GNOV,2026-09-25,42.94,42.7188,42.4546,40.9232,42.94,0.0,0.43,0.2,304479.0,0,1,1,1,1,1,0,0,1,0,0,0,0,0,0,0,0,0,0,0
GNR,2026-09-24,76.02,78.0315,75.51,71.2447,79.84,-4.78,-2.9,-0.64,37566890.0,1,1,1,0,1,0,0,0,0,0,0,0,0,0,0,0,0,0,0,0
GOCT,2026-09-25,42.7424,42.5089,42.2203,40.6283,42.7424,0.0,0.43,0.13,780604.0,0,1,1,1,1,1,0,0,1,0,0,0,0,0,0,0,0,0,0,0
GOLS,2026-09-25,26.0733,26.394,26.7072,,27.925,-6.63,0.39,-0.11,104351.0,0,0,0,0,0,0,0,0,0,0,0,0,0,0,0,0,0,0,0,0
GOOP,2026-09-24,35.566,35.4944,36.1807,36.7686,44.6521,-20.35,-1.55,1.36,327783.0,0,0,0,1,0,0,0,0,0,0,0,0,0,0,0,0,0,0,0,0
GOOW,2026-09-24,59.4,59.2835,59.9577,59.5679,73.364,-19.03,-1.62,1.75,1609226.0,0,0,0,1,0,0,0,0,0,0,0,0,0,0,0,0,0,0,0,0
GOOY,2026-09-24,11.96,11.9759,12.0016,11.8323,13.6828,-12.59,-1.4,0.84,3788071.0,1,1,0,0,0,0,0,0,0,0,0,0,0,0,0,0,0,0,0,0
GOP,2026-09-24,44.953,44.5237,44.3789,41.2324,45.715,-1.67,1.37,0.22,347115.0,1,1,1,1,1,1,0,0,0,0,0,0,0,0,0,0,0,0,0,0
GPT,2026-09-24,34.509,34.0244,34.0162,32.4359,34.894,-1.1,1.39,0.7,26994.0,1,1,1,1,1,1,0,0,0,0,0,0,0,0,0,0,0,1,0,0
GPTY,2026-09-24,43.79,42.0424,40.6764,36.5197,44.8366,-2.33,3.4,0.25,2394597.0,0,1,1,1,1,1,0,0,0,0,0,0,0,0,0,0,0,0,0,0
GPZ,2026-09-24,21.69,23.446,23.8951,23.8743,28.8,-24.69,-3.43,-1.54,4451631.0,0,0,0,0,0,0,0,0,0,0,1,0,0,0,0,0,0,0,0,0
GQGU,2026-09-24,26.49,26.0805,26.1994,26.0023,27.448,-3.49,2.0,0.23,4703001.0,1,1,1,1,1,0,0,0,0,0,0,0,0,0,0,0,0,1,0,0
GQI,2026-09-24,60.68,60.2301,59.6388,56.2392,61.047,-0.6,0.75,0.05,1553193.0,1,1,1,1,1,1,0,0,0,0,0,0,0,0,0,0,0,0,0,0
GQQQ,2026-09-24,36.249,35.6523,35.4692,32.9302,36.572,-0.88,2.12,0.14,809618.0,1,1,1,1,1,1,0,0,0,0,0,0,0,0,0,0,0,0,0,0
GQRE,2026-09-24,60.17,61.8629,63.5508,61.9988,66.2124,-9.13,-1.69,-0.51,3464651.0,0,0,0,0,0,0,0,0,0,0,1,0,0,0,0,0,0,0,0,0
GREK,2026-09-24,82.94,85.5215,82.6148,73.1953,87.51,-5.22,-2.78,-0.06,3239359.0,0,1,0,0,1,0,0,0,0,0,0,0,0,0,0,0,0,0,0,0
GRID,2026-09-24,178.26,177.8583,179.8127,175.3572,198.606,-10.24,1.0,-0.55,89503587.0,1,1,0,1,0,0,0,0,0,0,0,0,0,0,0,0,0,0,0,0
GRIN,2026-09-24,32.527,33.0685,32.9249,30.7414,34.5018,-5.72,-0.25,-1.15,726571.0,1,1,0,0,0,0,0,0,0,0,0,0,0,0,0,0,0,0,0,0
GRNI,2026-09-25,21.42,21.0711,20.8813,19.8824,31.9397,-32.94,1.44,0.07,430379.0,1,1,0,1,1,1,0,0,0,0,0,0,0,0,0,0,0,0,0,0
GRNJ,2026-09-24,29.69,29.0667,29.3956,28.5491,32.6,-8.93,2.98,0.2,3522790.0,1,1,0,1,1,0,0,0,0,0,0,0,0,0,0,0,0,0,0,0
GRNY,2026-09-24,28.33,27.8605,27.6756,26.2646,28.52,-0.67,2.5,-0.04,30734935.0,1,1,1,1,1,1,0,0,0,0,0,0,0,0,0,0,0,0,0,0
GROZ,2026-09-25,34.1455,33.1605,32.7571,30.8397,34.1455,0.0,2.51,0.7,716231.0,1,1,1,1,1,1,0,0,1,0,0,0,0,0,0,0,0,0,0,0
GRPM,2026-09-25,137.01,141.0033,140.0022,127.7082,145.9908,-6.15,-1.08,0.31,1699312.0,1,1,0,0,0,0,0,0,0,0,0,0,0,0,0,0,0,0,0,0
GRPZ,2026-09-24,30.832,32.0008,32.5372,29.7338,33.8136,-8.82,-2.05,0.03,8883.0,0,1,0,0,0,0,0,0,0,0,1,0,0,0,0,0,0,0,0,0
GRW,2026-09-24,30.81,30.8249,31.4495,30.6727,32.931,-6.44,1.63,-0.17,262379.0,1,1,0,0,0,0,0,0,0,0,0,0,0,0,0,0,0,0,0,0
GSEP,2026-09-25,42.315,42.013,41.6766,40.0604,42.36,-0.11,0.56,0.2,4206512.0,0,1,1,1,1,1,0,0,0,0,0,0,0,0,0,0,0,0,0,0
GSIB,2026-09-24,62.876,64.8777,64.3468,57.2496,66.632,-5.64,-2.66,0.06,757126.0,0,1,0,0,0,0,0,0,0,0,0,0,0,0,0,0,0,0,0,0
GSKH,2026-09-24,70.589,69.8749,70.9241,72.4952,83.3504,-15.31,-1.67,-0.11,21725.0,0,0,0,1,0,0,0,0,0,0,0,0,0,0,0,0,0,0,0,0
GSOL,2026-09-24,8.89,7.9967,6.7482,6.9193,17.8687,-50.25,16.36,2.54,26867424.0,0,1,0,1,1,1,0,0,0,0,0,0,0,0,1,0,0,0,0,0
GSPY,2026-09-24,42.53,42.4439,42.0029,39.1221,42.937,-0.95,0.46,0.0,193507.0,1,1,1,1,1,1,0,0,0,0,0,0,0,0,0,0,0,0,0,0
GSSC,2026-09-25,86.8742,88.4254,89.8548,83.1722,92.667,-6.25,-0.61,0.31,2779085.0,1,1,0,0,0,0,0,0,0,0,0,0,0,0,0,0,0,0,0,0
GSUI,2026-09-24,14.81,11.6092,10.8562,,18.9638,-21.9,39.45,6.47,849255.0,0,0,0,1,1,1,0,0,0,0,0,0,1,1,1,0,0,0,0,0
GTND,2026-09-24,25.92,25.5295,25.3352,,,,1.93,0.04,59555.0,0,0,0,1,1,1,0,0,0,0,0,0,0,0,0,0,0,0,0,0
GTR,2026-09-25,27.55,27.665,27.5454,26.3608,27.87,-1.15,-0.05,-0.13,161496.0,1,1,1,0,1,0,0,0,0,0,0,0,0,0,0,0,0,0,0,0
GUNR,2026-09-24,54.04,55.7564,54.0827,51.9276,57.2143,-5.55,-3.06,-0.61,17382265.0,0,1,0,0,0,0,0,0,0,0,0,0,0,0,0,0,0,0,0,0
GURU,2026-09-24,68.2,69.043,68.974,65.0116,70.95,-3.88,0.07,0.09,60033.0,1,1,1,0,0,0,0,0,0,0,0,0,0,0,0,0,0,0,0,0
GVAL,2026-09-24,38.61,38.7829,37.9867,34.9341,39.51,-2.28,-0.19,-0.8,7393628.0,1,1,1,0,1,0,0,0,0,0,0,0,0,0,0,0,0,0,0,0
GVLU,2026-09-25,27.384,28.3461,28.3754,26.5258,29.392,-6.83,-1.87,0.34,135298.0,0,1,0,0,0,0,0,0,0,0,0,1,0,0,0,0,0,1,0,0
GWX,2026-09-24,45.71,46.3015,45.3642,43.9315,46.94,-2.62,-1.3,-0.46,1887583.0,1,1,1,0,1,0,0,0,0,0,0,0,0,0,0,0,0,0,0,0
GXC,2026-09-24,87.52,89.016,89.9372,93.8698,104.4688,-16.22,0.3,-0.78,2493965.0,0,0,0,0,0,0,0,0,0,0,0,0,0,0,0,0,0,0,0,0
GXDW,2026-09-24,24.979,24.3976,24.0703,25.0726,30.6317,-18.45,0.68,-0.2,14175.0,0,0,0,1,1,1,0,0,0,0,0,0,0,0,0,0,0,1,0,0
GXLC,2026-09-24,92.692,92.1774,91.5983,86.094,93.616,-0.99,0.91,0.06,17084.0,1,1,1,1,1,1,0,0,0,0,0,0,0,0,0,0,0,1,0,0
GXPC,2026-09-24,31.37,30.2665,29.9241,30.1266,33.2068,-5.53,2.02,2.12,1625568.0,0,1,0,1,1,1,0,0,0,0,0,0,0,0,0,0,0,0,0,0
GXPD,2026-09-24,25.08,25.6161,25.91,25.988,27.7164,-9.51,-0.79,-0.24,851806.0,0,0,0,0,0,0,0,0,0,0,0,0,0,0,0,0,0,0,0,0
GXPE,2026-09-24,36.707,37.3408,36.0131,32.5417,38.431,-4.49,-2.21,0.47,21324.0,1,1,1,0,1,0,0,0,0,0,0,0,0,0,0,0,0,0,0,0
GXPS,2026-09-24,26.09,26.375,26.6445,26.339,28.1793,-7.41,-0.84,-0.87,677473.0,0,0,0,0,0,0,0,0,0,0,0,0,0,0,0,0,0,0,0,0
GXPT,2026-09-24,35.08,34.0062,33.2433,29.7814,35.391,-0.88,3.03,-0.11,1044350.0,0,1,1,1,1,1,0,0,0,0,0,0,0,0,0,0,0,0,0,0
GXRP,2026-09-24,29.59,27.3283,23.9137,27.6113,44.94,-34.16,18.08,2.18,1408768.0,0,1,0,1,1,1,0,0,0,0,0,0,0,0,1,0,0,0,0,0
GYLD,2026-09-24,14.06,14.2185,14.2223,13.6031,14.4366,-2.61,-0.99,-0.5,139378.0,1,1,1,0,0,0,0,0,0,0,0,0,0,0,0,0,0,0,0,0
HACK,2026-09-24,122.18,116.2555,113.2558,91.6637,124.07,-1.52,1.41,-1.52,42825857.0,0,1,1,1,1,1,0,0,0,0,0,0,0,0,0,0,0,0,0,0
HAIL,2026-09-24,34.495,35.2046,36.2746,36.2937,44.3936,-22.3,-0.89,-0.77,45134.0,0,0,0,0,0,0,0,0,0,0,0,0,0,0,0,0,0,0,0,0
HAKY,2026-09-24,32.35,30.947,30.2667,,32.85,-1.52,1.41,-1.52,396487.0,0,0,1,1,1,1,0,0,0,0,0,0,0,0,0,0,0,0,0,0
HALX,2026-09-24,24.56,25.4425,25.5872,,,,-2.46,-0.77,43092.0,0,0,0,0,0,0,0,0,0,0,1,0,0,0,0,0,0,0,0,0
HAP,2026-09-24,74.74,76.785,74.3606,70.5072,78.49,-4.78,-2.88,-0.56,2479918.0,1,1,1,0,1,0,0,0,0,0,0,0,0,0,0,0,0,0,0,0
HAPI,2026-09-24,46.084,46.0731,45.7729,43.1,46.68,-1.28,0.51,0.35,158830.0,1,1,1,1,1,1,0,0,0,0,0,0,0,0,0,0,0,1,0,0
HAPS,2026-09-24,36.937,37.6429,37.8729,34.5396,38.856,-4.94,-1.07,0.36,6562.0,1,1,1,0,0,0,0,0,0,0,0,0,0,0,0,0,0,0,0,0
HAUS,2026-09-24,17.206,17.8272,18.404,18.0014,19.301,-10.85,-2.24,-0.33,62879.0,0,0,0,0,0,0,0,0,0,0,1,0,0,0,0,0,0,0,0,0
HAUZ,2026-09-24,21.41,22.1395,22.6324,23.1562,25.3258,-15.46,-2.01,-0.51,2344322.0,0,0,0,0,0,0,0,0,0,0,0,0,0,0,0,0,0,0,0,1
HBMX,2026-09-24,24.14,23.1145,23.414,,,,7.58,-1.19,535420.0,0,0,0,1,1,0,0,0,0,0,0,0,0,0,0,0,0,0,0,0
HBR,2026-09-24,12.569,10.8376,10.0194,12.2127,27.42,-54.16,23.27,2.28,1232562.0,0,1,0,1,1,1,0,0,0,0,0,0,0,0,1,0,0,1,0,0
HBTA,2026-09-25,33.29,32.2134,32.0498,30.5161,33.314,-0.07,3.22,0.6,597726.0,0,1,1,1,1,1,0,0,0,0,0,0,0,0,0,0,0,0,0,0
HBTC,2026-09-24,22.075,21.2089,19.5349,20.29,30.045,-26.53,7.83,-0.18,2121.0,0,1,0,1,1,1,0,0,0,0,0,0,0,0,0,0,0,0,0,0
HCMT,2026-09-24,42.917,41.4144,40.7701,39.0285,43.58,-1.52,4.27,0.04,1163476.0,0,1,1,1,1,1,0,0,0,0,0,0,0,0,0,0,0,0,0,0
HCOW,2026-09-24,23.907,25.0431,25.0735,23.3294,26.0966,-8.39,-2.19,-1.3,163566.0,0,1,0,0,0,0,0,0,0,0,1,0,0,0,0,0,0,0,0,0
HDEF,2026-09-24,32.91,33.4824,33.5261,31.9308,34.2986,-4.05,-1.77,0.24,4879261.0,1,1,1,0,0,0,0,0,0,0,0,0,0,0,0,0,0,0,0,0
HDG,2026-09-24,54.1,54.4122,54.3487,52.8042,54.9176,-1.49,-0.33,-0.11,25583.0,1,1,1,0,0,0,0,0,0,0,0,0,0,0,0,0,0,0,0,0
HDUS,2026-09-25,73.31,73.5032,73.2489,68.7902,74.866,-2.08,0.3,0.07,1192163.0,1,1,1,0,1,0,0,0,0,0,0,0,0,0,0,0,0,0,0,0
HDV,2026-09-24,28.33,29.0665,28.9412,26.9008,29.8728,-5.16,-1.87,-0.32,112502285.0,0,1,0,0,0,0,0,0,0,0,0,0,0,0,0,0,0,0,0,0
HEAL,2026-09-24,28.99,29.2484,28.6406,27.2915,33.4386,-13.3,-1.56,-0.21,193239.0,1,1,0,0,1,0,0,0,0,0,0,0,0,0,0,0,0,0,0,0
HECA,2026-09-24,27.36,27.627,27.5883,28.1609,30.82,-11.23,-0.22,-0.09,1217337.0,0,0,0,0,0,0,0,0,0,0,0,0,0,0,0,0,0,0,0,0
HECO,2026-09-25,67.0475,64.7166,64.3969,54.0844,70.028,-4.26,-1.55,-1.33,30156.0,0,1,1,1,1,1,0,0,0,0,0,0,0,0,0,0,0,0,0,0
HEDG,2026-09-25,30.76,30.7732,30.5445,29.6969,30.99,-0.74,-0.39,0.11,1050220.0,1,1,1,0,1,0,0,0,0,0,0,0,0,0,0,0,0,0,0,0
HEDJ,2026-09-24,56.27,56.502,56.9232,54.6084,58.22,-3.35,0.14,0.36,2048856.0,1,1,1,0,0,0,0,0,0,0,0,0,0,0,0,0,0,0,0,0
HEFT,2026-09-25,26.44,26.5361,26.463,26.5192,28.02,-5.64,-0.06,-0.23,507914.0,0,0,0,0,0,0,0,0,0,0,0,0,0,0,0,0,0,0,0,0
HEGD,2026-09-24,26.96,26.9318,26.9272,26.0551,27.42,-1.68,0.6,-0.07,1920990.0,1,1,1,1,1,1,0,0,0,0,0,0,0,0,0,0,0,0,0,0
HELO,2026-09-24,69.34,69.2442,68.9883,67.1431,70.0585,-1.03,0.68,-0.01,20778434.0,1,1,1,1,1,1,0,0,0,0,0,0,0,0,0,0,0,0,0,0
HELS,2026-09-25,23.7401,23.7861,24.0781,,26.18,-9.32,0.35,-0.5,290187.0,0,0,0,0,0,0,0,0,0,0,0,0,0,0,0,0,0,1,0,0
HELX,2026-09-24,44.285,42.3348,41.1936,36.8264,44.285,0.0,2.62,3.03,39511.0,0,1,1,1,1,1,1,1,1,0,0,0,1,0,0,0,1,0,0,0
HEMI,2026-09-25,41.987,41.4354,41.4066,,42.1525,-0.39,1.24,0.49,69045.0,0,0,1,1,1,1,1,0,0,0,0,0,0,0,0,0,1,0,0,0
HEQQ,2026-09-25,62.7022,61.452,60.9467,59.5909,62.877,-0.28,1.82,0.2,45784.0,0,1,1,1,1,1,0,0,0,0,0,0,0,0,0,0,0,0,0,0
HEQT,2026-09-24,34.51,34.37,34.1782,32.863,34.69,-0.52,0.58,-0.03,3179199.0,1,1,1,1,1,1,0,0,0,0,0,0,0,0,0,0,0,0,0,0
HERD,2026-09-25,49.6154,50.9117,50.544,47.0143,52.3662,-5.25,-1.22,0.47,248398.0,1,1,0,0,0,0,0,0,0,0,0,0,0,0,0,0,0,0,0,0
HERO,2026-09-24,26.96,27.147,26.7354,26.9181,33.5227,-19.58,-0.99,-0.88,308899.0,1,1,0,0,1,0,0,0,0,0,0,0,0,0,0,0,0,0,0,0
HF,2026-09-24,22.523,22.6536,22.5733,21.815,22.859,-1.47,-0.69,-0.01,10656.0,1,1,1,0,0,0,0,0,0,0,0,0,0,0,0,0,0,0,0,0
HFGM,2026-09-24,32.185,31.7971,31.4076,31.9874,35.0,-8.04,1.02,0.87,1107918.0,1,1,0,1,1,1,0,0,0,0,0,0,0,0,0,0,0,0,0,0
HFGO,2026-09-24,30.37,29.6273,29.2536,27.8227,30.88,-1.65,2.64,0.07,737386.0,1,1,1,1,1,1,0,0,0,0,0,0,0,0,0,0,0,0,0,0
HFMF,2026-09-25,22.415,22.0167,21.7706,22.33,24.82,-9.69,0.61,-0.88,231298.0,1,1,0,1,1,1,0,0,0,0,0,0,0,0,0,0,0,1,0,0
HFND,2026-09-24,24.07,24.2845,24.3715,23.8731,24.745,-2.73,-0.04,-0.39,231827.0,1,1,1,0,0,0,0,0,0,0,0,0,0,0,0,0,0,1,0,0
HFSI,2026-09-24,33.94,34.4959,34.6457,34.5268,34.9737,-2.96,-1.39,-0.44,8909647.0,0,0,1,0,0,0,0,0,0,0,1,0,0,0,0,0,0,0,0,0
HFSP,2026-09-25,13.415,13.3122,13.3671,14.5113,18.235,-26.43,0.04,0.15,1736.0,0,0,0,1,1,0,0,0,0,0,0,0,0,0,0,0,0,0,0,0
HGRO,2026-09-24,30.46,30.0782,30.3962,29.7542,31.779,-4.15,1.53,0.48,1056627.0,1,1,1,1,1,0,0,0,0,0,0,0,0,0,0,0,0,0,0,0
HIDE,2026-09-25,24.605,24.749,24.6163,24.0037,24.848,-0.98,-0.37,-0.28,605883.0,1,1,1,0,0,0,0,0,0,0,0,0,0,0,0,0,0,0,0,0
HIDV,2026-09-25,90.1053,90.8814,90.8165,84.5658,92.734,-2.83,-0.1,0.59,859873.0,1,1,1,0,0,0,0,0,0,0,0,0,0,0,0,0,0,0,0,0
HIGH,2026-09-24,21.404,21.4466,21.4975,21.3042,22.4296,-4.57,0.11,0.21,336768.0,1,1,1,0,0,0,0,0,0,0,0,0,0,0,0,0,0,0,0,0
HIPS,2026-09-24,11.045,11.5275,11.5322,11.2817,11.772,-6.18,-3.75,-1.39,1322774.0,0,0,0,0,0,0,0,0,0,0,1,0,0,0,0,0,0,0,0,0
HIS,2026-09-25,26.42,26.162,26.0248,,,,1.23,0.49,3648246.0,0,0,0,1,1,1,0,0,0,0,0,0,0,0,0,0,0,0,0,0
HISF,2026-09-24,42.597,43.267,43.4441,43.5487,44.0946,-3.4,-1.36,-0.54,421203.0,0,0,1,0,0,0,0,0,0,0,1,0,0,0,0,0,0,1,0,1
HIYY,2026-09-24,11.7,11.3218,11.7298,11.1942,22.7238,-48.51,4.7,1.77,591528.0,0,1,0,1,0,0,0,0,0,0,0,0,0,0,0,0,0,0,0,0
HJLY,2026-09-25,25.41,25.3645,25.3204,,,,0.32,0.08,4813.0,0,0,0,1,1,1,0,0,0,0,0,0,0,0,0,0,0,0,0,0
HJUN,2026-09-24,25.3,25.2505,25.1788,,,,0.24,-0.04,55592.0,0,0,0,1,1,1,0,0,0,0,0,0,0,0,0,0,0,0,0,0
HLAL,2026-09-24,74.946,73.2145,72.1509,66.9141,75.4312,-0.64,2.21,0.19,3895847.0,1,1,1,1,1,1,0,0,0,0,0,0,0,0,0,0,0,0,0,0
HMAY,2026-09-24,25.37,25.36,25.3112,,,,0.2,-0.04,51170.0,0,0,0,1,1,1,0,0,0,0,0,0,0,0,0,0,0,0,0,0
HMYY,2026-09-24,5.475,5.3254,5.4656,6.408,11.9587,-54.22,2.6,0.66,26531.0,0,0,0,1,1,0,0,0,0,0,0,0,0,0,0,0,0,0,0,0
HNDL,2026-09-24,21.78,22.1604,22.3063,21.823,22.6579,-3.87,-1.07,-0.46,2901981.0,0,0,1,0,0,0,0,0,0,0,0,0,0,0,0,0,0,0,0,0
HODL,2026-09-24,23.85,22.5345,20.3098,20.9734,35.49,-32.8,10.26,-0.25,26062946.0,0,1,0,1,1,1,0,0,0,0,0,0,0,0,1,0,0,0,0,0
HOLA,2026-09-25,55.8329,56.2737,56.2659,54.4353,57.205,-2.4,0.03,0.69,1200399.0,1,1,1,0,0,0,0,0,0,0,0,0,0,0,0,0,0,0,0,0
HOLD,2026-09-24,33.03,32.484,32.2314,32.0407,34.717,-4.86,1.83,0.5,12941.0,1,1,1,1,1,1,1,1,0,0,0,0,0,0,0,0,1,0,0,0
HOMZ,2026-09-24,41.453,43.359,45.0485,44.9373,48.8624,-15.16,-2.3,-0.87,115274.0,0,0,0,0,0,0,0,0,0,0,0,0,0,0,0,0,0,0,0,0
HOOW,2026-09-24,29.75,27.9317,25.1058,23.2692,43.5609,-31.7,11.78,-2.01,6162009.0,0,1,0,1,1,1,0,0,0,0,0,0,0,0,1,0,0,0,0,0
HOOY,2026-09-24,28.55,27.6453,25.6959,24.0384,37.116,-23.08,6.41,-3.42,4216338.0,0,1,0,1,1,1,0,0,0,0,0,0,0,0,0,0,0,0,0,0
HOYY,2026-09-24,4.9,4.915,4.801,5.2835,9.3952,-47.85,0.62,-0.81,214591.0,0,0,0,0,1,0,0,0,0,0,0,0,0,0,0,0,0,0,0,0
HQGO,2026-09-25,67.8002,67.0017,66.7266,62.7185,68.456,-0.96,1.48,0.27,12037.0,1,1,1,1,1,1,0,0,0,0,0,0,0,0,0,0,0,0,0,0
HRSK,2026-09-25,25.4227,25.3496,25.4703,,,,0.76,0.37,75404.0,0,0,0,1,0,0,0,0,0,0,0,0,0,0,0,0,0,0,0,0
HRTS,2026-09-24,36.241,36.7939,37.0485,35.3593,38.865,-6.75,-0.64,0.57,84212.0,1,1,0,0,0,0,0,0,0,0,0,0,0,0,0,0,0,0,0,0
HSBH,2026-09-24,112.094,113.7331,113.4552,99.7055,118.23,-5.19,-1.64,0.06,795088.0,1,1,0,0,0,0,0,0,0,0,0,0,0,0,0,0,0,0,0,0
HTEC,2026-09-24,44.168,42.3424,40.9584,36.5555,44.168,0.0,3.51,1.91,836357.0,0,1,1,1,1,1,1,1,1,0,0,0,0,0,0,0,1,0,0,0
HTUS,2026-09-24,45.802,45.5623,45.1826,42.0699,46.252,-0.97,1.15,-0.14,632003.0,1,1,1,1,1,1,0,0,0,0,0,0,0,0,0,0,0,0,0,0
HULL,2026-09-25,26.7466,27.3928,26.7685,,,,-4.68,-0.09,9563.0,0,0,0,0,0,0,0,0,0,0,0,0,0,0,0,0,0,0,0,0
HUMN,2026-09-24,29.57,29.643,30.6156,32.0824,38.92,-24.02,0.82,0.03,1901482.0,0,0,0,0,0,0,0,0,0,0,0,0,0,0,0,0,0,0,0,0
HVAC,2026-09-24,34.05,33.4863,34.8455,36.2592,43.19,-21.16,2.63,-0.23,197086.0,0,0,0,1,0,0,0,0,0,0,0,0,0,0,0,0,0,0,0,0
HWSM,2026-09-25,30.2613,31.0878,31.4914,29.4108,32.361,-6.49,-1.36,0.6,4653.0,0,1,0,0,0,0,0,0,0,0,0,1,0,0,0,0,0,0,0,0
HYBL,2026-09-24,27.705,27.8877,27.7904,27.3674,28.005,-1.07,-0.47,-0.16,2979352.0,0,1,1,0,0,0,0,0,0,0,0,0,0,0,0,0,0,0,0,0
HYDR,2026-09-24,43.299,44.1176,43.3206,44.7177,72.7699,-40.5,-4.1,-3.05,2070436.0,0,0,0,0,0,0,0,0,0,0,0,0,0,0,0,0,0,0,0,0
HYPG,2026-09-24,33.44,30.1348,24.9667,,,,13.39,0.87,3098280.0,0,0,0,1,1,1,0,0,0,0,0,0,0,0,1,0,0,0,0,0
IAI,2026-09-24,181.08,188.8804,189.0004,179.6863,197.521,-8.32,-0.78,-0.96,15605052.0,0,1,0,0,0,0,0,0,0,0,0,0,0,0,0,0,0,0,0,0
IAK,2026-09-24,137.69,143.016,144.7648,135.3746,151.5396,-9.14,-4.1,-0.39,15455325.0,0,1,0,0,0,0,0,0,0,0,0,0,0,0,0,0,0,0,0,0
IALT,2026-09-24,29.75,29.3582,29.0311,,29.9,-0.5,0.1,0.07,80175660.0,0,0,1,1,1,1,0,0,0,0,0,0,0,0,0,0,0,0,0,0
IAPR,2026-09-24,33.624,33.9541,33.841,32.4322,34.259,-1.85,-0.88,-0.28,455524.0,1,1,1,0,0,0,0,0,0,0,0,0,0,0,0,0,0,0,0,0
IAT,2026-09-24,57.83,60.7272,62.4083,58.1919,65.2751,-11.41,-3.07,-0.03,8859118.0,0,0,0,0,0,0,0,0,0,0,1,0,0,0,0,0,0,0,0,0
IAUG,2026-09-25,30.527,30.6691,30.6915,29.6287,31.043,-1.66,0.24,0.55,1512648.0,1,1,1,0,0,0,0,0,0,0,0,0,0,0,0,0,0,0,0,0
IBAT,2026-09-24,40.05,40.5276,39.9963,37.8372,47.79,-16.2,-0.89,-0.6,631103.0,1,1,0,0,1,0,0,0,0,0,0,0,0,0,0,0,0,0,0,0
IBB,2026-09-24,209.25,207.7928,201.3148,179.7904,216.9483,-3.55,1.05,1.28,313631781.0,1,1,1,1,1,1,0,0,0,0,0,0,0,0,0,0,0,0,0,0
IBBQ,2026-09-24,34.97,35.0143,34.092,30.4982,36.5769,-4.39,0.22,0.6,992794.0,1,1,1,0,1,0,0,0,0,0,0,0,0,0,0,0,0,0,0,0
IBFR,2026-09-25,50.4845,50.8277,50.8483,,51.53,-2.03,0.11,0.65,115474.0,0,0,1,0,0,0,0,0,0,0,0,0,0,0,0,0,0,0,0,0
IBIT,2026-09-24,47.81,45.143,40.688,42.0371,71.29,-32.94,10.42,-0.15,2380131001.0,0,1,0,1,1,1,0,0,0,0,0,0,0,0,1,0,0,0,0,0
IBLC,2026-09-24,49.886,47.3734,45.4717,45.1397,62.2247,-19.83,8.1,-0.49,706850.0,0,1,0,1,1,1,0,0,0,0,0,0,0,0,0,0,0,0,0,0
IBOT,2026-09-24,63.99,63.9906,65.03,60.9382,69.07,-7.35,2.28,-0.37,888930.0,1,1,0,0,0,0,0,0,0,0,0,0,0,0,0,0,0,0,0,0
IBRN,2026-09-24,33.525,37.3236,38.028,34.8275,40.666,-17.56,-8.28,-1.71,97831.0,0,0,0,0,0,0,0,0,0,0,1,0,0,0,0,0,0,0,0,0
IBUF,2026-09-25,31.9072,32.021,31.942,30.5289,32.241,-1.04,0.2,0.81,303215.0,1,1,1,0,0,0,0,0,0,0,0,0,0,0,0,0,0,0,0,0
IBUY,2026-09-24,66.235,69.5089,71.3272,69.2335,77.372,-14.39,-2.34,-0.2,834344.0,0,0,0,0,0,0,0,0,0,0,0,0,0,0,0,0,0,0,0,0
ICAP,2026-09-24,28.077,28.291,28.4341,27.2271,29.4307,-4.6,0.22,-0.51,632123.0,1,1,1,0,0,0,0,0,0,0,0,0,0,0,0,0,0,0,0,0
ICF,2026-09-24,63.78,65.7348,67.4007,64.6356,69.9273,-8.79,-2.04,-0.45,17571770.0,0,0,0,0,0,0,0,0,0,0,0,0,0,0,0,0,0,0,0,0
ICLN,2026-09-24,16.97,17.6155,17.827,18.7758,23.6864,-28.36,-4.29,-2.58,124792990.0,0,0,0,0,0,0,0,0,0,0,0,0,0,0,0,0,0,0,0,0
ICOW,2026-09-24,42.69,43.9144,43.5252,41.8403,45.0782,-5.3,-2.97,-0.56,5198006.0,1,1,0,0,0,0,0,0,0,0,0,0,0,0,0,0,0,0,0,0
ICPY,2026-09-24,13.04,13.2133,13.0978,12.0484,13.405,-2.72,-1.58,0.0,227878.0,1,1,1,0,0,0,0,0,0,0,0,0,0,0,0,0,0,0,0,0
IDEC,2026-09-25,34.9767,35.1127,35.0279,33.7795,35.515,-1.52,0.44,0.79,34306.0,1,1,1,0,0,0,0,0,0,0,0,0,0,0,0,0,0,0,0,0
IDEF,2026-09-24,31.77,32.0962,32.8795,33.2713,36.7375,-13.52,-0.69,-0.38,72596234.0,0,0,0,0,0,0,0,0,0,0,0,0,0,0,0,0,0,0,0,0
IDEQ,2026-09-24,35.49,35.8015,35.4152,33.6153,36.3,-2.23,-0.87,-0.39,12165854.0,1,1,1,0,1,0,0,0,0,0,0,0,0,0,0,0,0,1,0,0
IDEV,2026-09-24,90.11,91.7825,91.6028,87.2174,93.83,-3.96,-1.4,-0.31,159056378.0,1,1,1,0,0,0,0,0,0,0,0,0,0,0,0,0,0,0,0,0
IDGT,2026-09-24,114.37,114.7449,115.5332,106.9811,132.2776,-13.54,-0.79,-1.79,2648393.0,1,1,0,0,0,0,0,0,0,0,0,0,0,0,0,0,0,0,0,0
IDHQ,2026-09-24,43.46,44.3623,44.4299,39.7149,46.2283,-5.99,-1.19,-0.53,7725076.0,1,1,0,0,0,0,0,0,0,0,0,0,0,0,0,0,0,0,0,0
IDJL,2026-09-25,24.96,25.328,25.2938,,,,-0.79,0.08,3664.0,0,0,0,0,0,0,0,0,0,0,0,0,0,0,0,0,0,0,0,0
IDJN,2026-09-24,25.03,25.412,25.3156,,,,-1.11,-0.67,8875.0,0,0,0,0,0,0,0,0,0,0,0,0,0,0,0,0,0,0,0,0
IDMO,2026-09-24,61.01,61.9965,61.4368,58.2305,63.2037,-3.47,-1.36,-0.33,22580479.0,1,1,1,0,0,0,0,0,0,0,0,0,0,0,0,0,0,0,0,0
IDMY,2026-09-24,25.18,25.6555,25.5772,,,,-1.41,-0.71,56403.0,0,0,0,0,0,0,0,0,0,0,0,0,0,0,0,0,0,0,0,0
IDNA,2026-09-24,41.69,39.6775,36.7988,31.2099,41.74,-0.12,4.22,2.23,5551551.0,0,1,1,1,1,1,0,0,0,0,0,0,0,0,0,0,0,0,0,0
IDOG,2026-09-24,42.92,43.7791,43.4645,41.0255,44.557,-3.67,-2.39,0.33,1312028.0,1,1,1,0,0,0,0,0,0,0,0,0,0,0,0,0,0,0,0,0
IDRV,2026-09-24,33.53,35.6504,36.1438,38.7979,45.1482,-25.73,-4.93,-1.79,11701979.0,0,0,0,0,0,0,0,0,0,0,0,0,0,0,0,0,0,1,0,1
IDU,2026-09-24,100.9,106.2934,109.6946,111.4169,118.6734,-14.98,-4.47,-0.8,22032983.0,0,0,0,0,0,0,0,0,0,0,1,0,0,0,0,0,0,1,0,1
IDUB,2026-09-24,27.75,28.1426,27.8835,26.253,28.607,-3.0,-1.24,-0.82,736374.0,1,1,1,0,0,0,0,0,0,0,0,0,0,0,0,0,0,0,0,0
IDV,2026-09-24,43.13,44.1092,43.8133,41.6608,44.7046,-3.52,-2.64,0.26,27212147.0,1,1,1,0,0,0,0,0,0,0,0,0,0,0,0,0,0,0,0,0
IDVO,2026-09-24,42.29,42.7387,42.5681,40.8949,43.35,-2.45,-0.94,-0.28,11307549.0,1,1,1,0,0,0,0,0,0,0,0,0,0,0,0,0,0,0,0,0
IDVY,2026-09-25,26.4471,26.6771,26.6101,,27.3144,-3.18,0.22,1.21,36057.0,0,0,1,0,0,0,0,0,0,0,0,0,0,0,0,0,0,1,0,0
IDVZ,2026-09-24,33.478,34.1575,34.4346,33.6,35.0675,-4.53,-2.17,-0.25,558456.0,0,0,1,0,0,0,0,0,0,0,0,0,0,0,0,0,0,0,0,0
IDX,2026-09-24,10.98,11.5485,11.3106,13.2619,17.23,-36.27,-4.36,-1.35,290818.0,0,0,0,0,0,0,0,0,0,0,0,0,0,0,0,0,0,0,0,0
IDYN,2026-09-25,30.6454,30.8645,30.672,29.7848,31.4324,-2.5,-0.05,1.2,208599.0,1,1,1,0,0,0,0,0,0,0,0,0,0,0,0,0,0,0,0,0
IEFA,2026-09-24,97.48,99.3195,99.15,94.4505,101.41,-3.88,-1.47,-0.35,819414427.0,1,1,1,0,0,0,0,0,0,0,0,0,0,0,0,0,0,0,0,0
IEMG,2026-09-24,81.7,82.086,80.3868,76.0914,86.0,-5.0,0.25,-0.63,954879936.0,1,1,0,0,1,0,0,0,0,0,0,0,0,0,0,0,0,0,0,0
IETC,2026-09-24,114.57,109.983,107.6367,101.9827,118.0383,-2.94,4.4,0.03,2058201.0,0,1,1,1,1,1,0,0,0,0,0,0,0,0,0,0,0,1,0,0
IEUR,2026-09-24,74.81,76.242,76.6836,73.3114,78.77,-5.03,-1.02,-0.03,79443228.0,1,1,0,0,0,0,0,0,0,0,0,0,0,0,0,0,0,0,0,0
IEUS,2026-09-24,70.69,72.4905,72.4592,69.98,74.71,-5.38,-1.52,-0.59,551969.0,1,1,0,0,0,0,0,0,0,0,0,0,0,0,0,0,0,1,0,0
IEV,2026-09-24,72.22,73.652,74.162,70.9675,76.28,-5.32,-1.11,0.25,6103596.0,1,1,0,0,0,0,0,0,0,0,0,0,0,0,0,0,0,0,0,0
IFEB,2026-09-25,31.72,31.8952,31.8476,30.9291,32.239,-1.61,0.21,0.67,160324.0,1,1,1,0,0,0,0,0,0,0,0,0,0,0,0,0,0,1,0,0
IFED,2026-09-24,46.9,47.049,47.8307,45.0446,55.2,-15.04,-0.21,0.0,54239.0,1,1,0,0,0,0,0,0,0,0,0,0,0,0,0,0,0,0,0,0
IFGL,2026-09-24,21.01,21.712,22.2757,22.6797,24.8236,-15.36,-2.1,-0.28,419704.0,0,0,0,0,0,0,0,0,0,0,1,0,0,0,0,0,0,0,0,1
IFLN,2026-09-25,17.6333,17.907,17.9767,17.8519,18.1494,-2.84,-1.11,-0.32,864803.0,0,0,1,0,0,0,0,0,0,0,1,0,0,0,0,0,0,0,0,0
IFLO,2026-09-24,35.879,36.738,35.8871,32.2683,37.6784,-4.78,-2.3,-0.79,1807000.0,1,1,1,0,0,0,0,0,0,0,0,0,0,0,0,0,0,0,0,0
IFLR,2026-09-25,53.56,53.69,53.8526,52.1119,54.84,-2.33,0.8,0.98,781279.0,1,1,1,0,0,0,0,0,0,0,0,0,0,0,0,0,0,0,0,0
IFRA,2026-09-24,55.49,57.6599,59.563,58.5362,63.781,-13.0,-2.58,-0.77,15669640.0,0,0,0,0,0,0,0,0,0,0,1,0,0,0,0,0,0,0,0,0
IFV,2026-09-24,25.181,25.7762,25.6981,26.0601,28.036,-10.18,-1.46,-0.54,1643324.0,0,0,0,0,0,0,0,0,0,0,0,0,0,0,0,0,0,0,0,0
IGE,2026-09-24,63.15,65.0424,62.8769,59.0281,66.3363,-4.8,-2.79,-0.32,12857563.0,1,1,1,0,1,0,0,0,0,0,0,0,0,0,0,0,0,0,0,0
IGF,2026-09-24,62.22,64.0485,65.4226,65.1353,68.4073,-9.04,-2.17,-0.24,52705858.0,0,0,0,0,0,0,0,0,0,0,1,0,0,0,0,0,0,0,0,0
IGGY,2026-09-24,28.413,28.9704,29.1161,28.4952,31.019,-8.4,0.36,-0.33,5876.0,0,0,0,0,0,0,0,0,0,0,0,0,0,0,0,0,0,0,0,0
IGM,2026-09-24,169.26,162.7724,159.826,143.7176,170.8638,-0.94,3.88,0.09,52526589.0,0,1,1,1,1,1,0,0,0,0,0,0,0,0,0,0,0,0,0,0
IGPT,2026-09-24,103.02,95.8225,92.7408,78.7384,108.11,-4.71,6.72,0.36,14786888.0,0,1,1,1,1,1,0,0,0,0,0,0,0,0,0,0,0,0,0,0
IGRO,2026-09-24,89.47,91.2909,91.2624,86.412,93.3858,-4.19,-2.04,-0.22,4833401.0,1,1,1,0,0,0,0,0,0,0,0,0,0,0,0,0,0,0,0,0
IGV,2026-09-24,107.15,105.727,101.1366,93.6626,117.0581,-8.46,1.3,-0.88,1091929994.0,1,1,0,1,1,1,0,0,0,0,0,0,0,0,0,0,0,0,0,0
IHAK,2026-09-24,68.22,65.2315,63.9882,53.324,68.81,-0.86,1.91,-0.86,9814721.0,0,1,1,1,1,1,0,0,0,0,0,0,0,0,0,0,0,0,0,0
IHDG,2026-09-24,52.26,52.5708,52.8642,50.4479,54.02,-3.26,-0.33,-0.04,5007922.0,1,1,1,0,0,0,0,0,0,0,0,0,0,0,0,0,0,0,0,0
IHE,2026-09-24,102.34,102.5965,102.7506,92.0942,107.8636,-5.12,0.07,1.01,19553654.0,1,1,0,0,0,0,0,0,0,0,0,0,0,0,0,0,0,0,0,0
IHF,2026-09-24,54.97,56.6039,56.6225,50.2453,57.9769,-5.19,-2.79,0.02,35097539.0,1,1,0,0,0,0,0,0,0,0,0,0,0,0,0,0,0,0,0,0
IHI,2026-09-24,51.34,52.5707,53.19,54.6694,64.1578,-19.98,-0.7,-0.85,129627923.0,0,0,0,0,0,0,0,0,0,0,0,0,0,0,0,0,0,0,0,0
IINC,2026-09-25,25.2002,25.7165,25.7115,,,,-0.75,0.12,63858.0,0,0,0,0,0,0,0,0,0,0,0,1,0,0,0,0,0,0,0,0
IJAN,2026-09-25,38.7943,38.9045,38.7705,37.5273,39.222,-1.09,0.05,0.53,1595921.0,1,1,1,0,1,0,0,0,0,0,0,0,0,0,0,0,0,0,0,0
IJH,2026-09-24,72.73,74.151,75.4581,71.8957,78.4291,-7.27,-0.66,-0.41,442180634.0,1,1,0,0,0,0,0,0,0,0,0,0,0,0,0,0,0,0,0,0
IJJ,2026-09-24,139.72,144.0707,146.6903,140.0377,151.0597,-7.51,-1.9,-0.65,23227021.0,0,0,0,0,0,0,0,0,0,0,1,0,0,0,0,0,0,0,0,0
IJK,2026-09-24,110.39,111.4536,113.358,107.8957,118.9011,-7.16,0.47,-0.27,36082748.0,1,1,0,0,0,0,0,0,0,0,0,0,0,0,0,0,0,1,0,0
IJR,2026-09-24,137.78,141.632,144.6637,134.4793,149.8979,-8.08,-1.23,-0.26,441308169.0,0,1,0,0,0,0,0,0,0,0,1,0,0,0,0,0,0,0,0,0
IJS,2026-09-24,129.93,133.8605,135.8975,126.5925,140.0895,-7.25,-1.74,-0.22,36349200.0,0,1,0,0,0,0,0,0,0,0,1,0,0,0,0,0,0,0,0,0
IJT,2026-09-24,162.27,166.3275,171.0126,158.7683,178.6792,-9.18,-0.69,-0.21,30494453.0,0,1,0,0,0,0,0,0,0,0,0,0,0,0,0,0,0,0,0,0
IJUL,2026-09-25,36.4249,36.6182,36.6046,35.0847,37.045,-1.67,0.12,0.68,821085.0,1,1,1,0,0,0,0,0,0,0,0,0,0,0,0,0,0,0,0,0
IJUN,2026-09-25,31.5815,31.7132,31.6931,30.5424,32.116,-1.66,0.35,0.62,1077542.0,1,1,1,0,0,0,0,0,0,0,0,0,0,0,0,0,0,0,0,0
ILCB,2026-09-24,106.44,105.8766,105.2413,98.8975,107.5855,-1.06,0.91,0.01,1339783.0,1,1,1,1,1,1,0,0,0,0,0,0,0,0,0,0,0,0,0,0
ILCG,2026-09-24,117.41,115.056,114.639,108.7309,119.9746,-2.14,2.64,0.11,5215287.0,1,1,1,1,1,1,0,0,0,0,0,0,0,0,0,0,0,1,0,0
ILCV,2026-09-25,107.03,107.3311,106.5413,99.2681,109.0041,-1.81,0.4,0.52,2308609.0,1,1,1,0,1,0,0,0,0,0,0,0,0,0,0,0,0,0,0,0
ILDR,2026-09-25,39.96,38.9372,38.4246,35.2935,40.54,-1.43,2.15,0.09,1768460.0,1,1,1,1,1,1,0,0,0,0,0,0,0,0,0,0,0,0,0,0
ILF,2026-09-24,34.65,35.537,34.9026,34.2697,37.6201,-7.89,-2.26,-1.39,88339520.0,1,1,0,0,0,0,0,0,0,0,0,0,0,0,0,0,0,0,0,0
ILIT,2026-09-24,13.205,14.3905,14.4536,17.1068,23.7303,-44.35,-3.47,-3.2,98418.0,0,0,0,0,0,0,0,0,0,0,0,0,0,0,0,0,0,0,0,0
IMAR,2026-09-25,30.8133,30.9801,30.9724,30.2139,31.381,-1.81,0.34,0.58,374706.0,1,1,1,0,0,0,0,0,0,0,0,0,0,0,0,0,0,0,0,0
IMAY,2026-09-25,32.202,32.3324,32.2977,31.1377,32.7,-1.52,0.23,0.58,242091.0,1,1,1,0,0,0,0,0,0,0,0,0,0,0,0,0,0,0,0,0
IMCB,2026-09-25,95.97,96.9515,97.8129,90.4248,100.8722,-4.86,0.01,0.41,3806608.0,1,1,1,0,0,0,0,0,0,0,0,0,0,0,0,0,0,0,0,0
IMCG,2026-09-24,94.75,95.2351,96.3485,88.5331,100.342,-5.57,0.81,-0.16,16316820.0,1,1,0,0,0,0,0,0,0,0,0,0,0,0,0,0,0,0,0,0
IMCV,2026-09-24,92.93,95.5195,95.7874,88.7386,97.9599,-5.13,-2.26,-0.4,1858695.0,0,1,0,0,0,0,0,0,0,0,0,0,0,0,0,0,0,0,0,0
IMF,2026-09-24,53.931,53.4066,52.6717,50.4305,54.12,-0.35,0.58,0.13,466978.0,0,1,1,1,1,1,0,0,0,0,0,0,0,0,0,0,0,0,0,0
IMFL,2026-09-24,33.7,34.1788,34.0607,32.4881,34.9707,-3.63,-1.12,-0.33,1378478.0,1,1,1,0,0,0,0,0,0,0,0,0,0,0,0,0,0,0,0,0
IMOM,2026-09-24,40.43,40.9269,41.0335,42.0073,46.13,-12.36,-1.05,-0.69,471453.0,0,0,0,0,0,0,0,0,0,0,0,0,0,0,0,0,0,0,0,0
IMTM,2026-09-24,52.76,53.383,53.1105,51.0553,54.64,-3.44,-0.81,-0.32,17154224.0,1,1,1,0,0,0,0,0,0,0,0,0,0,0,0,0,0,0,0,0
IMVP,2026-09-24,19.25,19.5875,19.9156,21.1102,24.1101,-20.16,-0.1,-0.1,353109.0,0,0,0,0,0,0,0,0,0,0,0,0,0,0,0,0,0,0,0,0
INCE,2026-09-24,66.7,68.0849,68.1622,64.8873,69.4459,-3.95,-1.55,-0.33,2655169.0,0,1,1,0,0,0,0,0,0,0,0,0,0,0,0,0,0,0,0,0
INCM,2026-09-24,28.77,29.246,29.2072,28.4942,29.5693,-2.7,-1.57,-0.62,11706564.0,0,1,1,0,0,0,0,0,0,0,0,0,0,0,0,0,0,0,0,0
INCO,2026-09-24,59.42,60.4585,61.0298,60.4918,67.77,-12.32,-0.67,-0.74,941107.0,0,0,0,0,0,0,0,0,0,0,0,0,0,0,0,0,0,0,0,0
IND,2026-09-24,22.15,22.6642,22.8131,23.0186,25.1613,-11.97,-0.32,-0.96,18526.0,0,0,0,0,0,0,0,0,0,0,0,0,0,0,0,0,0,0,0,0
INDA,2026-09-24,47.56,48.726,49.1742,50.043,55.29,-13.98,-0.94,-1.02,247199835.0,0,0,0,0,0,0,0,0,0,0,0,0,0,0,0,0,0,0,0,0
INDE,2026-09-24,29.265,29.7496,29.7184,28.6157,30.8837,-5.24,-0.63,-1.01,45879.0,1,1,0,0,0,0,0,0,0,0,0,0,0,0,0,0,0,0,0,0
INDH,2026-09-24,37.723,38.4317,38.9737,39.8754,42.745,-11.75,-0.8,-0.62,23288.0,0,0,0,0,0,0,0,0,0,0,0,0,0,0,0,0,0,0,0,0
INDQ,2026-09-25,25.7797,25.7592,26.1279,,27.5279,-6.35,2.5,0.82,4894.0,0,0,0,1,0,0,0,0,0,0,0,0,0,0,0,0,0,1,0,0
INDS,2026-09-24,37.9889,38.9325,40.0973,38.7191,41.8428,-9.21,-2.57,-0.47,497863.0,0,0,0,0,0,0,0,0,0,0,0,0,0,0,0,0,0,0,0,0
INDY,2026-09-24,41.69,42.7435,43.2066,44.5676,49.9054,-16.46,-1.07,-0.88,3099594.0,0,0,0,0,0,0,0,0,0,0,0,0,0,0,0,0,0,0,0,0
INDZ,2026-09-24,24.4,25.078,25.1996,,25.79,-5.39,-0.97,-1.77,24527.0,0,0,0,0,0,0,0,0,0,0,0,0,0,0,0,0,0,0,0,0
INEQ,2026-09-24,40.453,41.6171,41.3002,39.2667,42.583,-5.0,-2.65,-0.57,233203.0,1,1,0,0,0,0,0,0,0,0,0,0,0,0,0,0,0,0,0,0
INFL,2026-09-24,51.86,54.268,53.1055,50.9859,56.01,-7.41,-3.07,-0.08,7130420.0,0,1,0,0,0,0,0,0,0,0,0,0,0,0,0,0,0,0,0,0
INFO,2026-09-24,28.184,28.1124,27.9807,26.0182,28.593,-1.43,0.41,-0.12,2722746.0,1,1,1,1,1,1,0,0,0,0,0,0,0,0,0,0,0,0,0,0
INKM,2026-09-24,33.75,34.327,34.5044,33.7868,34.92,-3.35,-1.32,-0.41,764770.0,0,0,1,0,0,0,0,0,0,0,0,0,0,0,0,0,0,1,0,0
INMU,2026-09-25,22.86,23.3166,23.5708,23.733,24.0832,-5.08,-1.68,-0.74,13913111.0,0,0,0,0,0,0,0,0,0,0,1,0,0,0,0,0,0,0,0,1
INOV,2026-09-24,37.051,37.6106,37.5232,36.1139,38.146,-2.87,-1.26,-0.26,118193.0,1,1,1,0,0,0,0,0,0,0,0,0,0,0,0,0,0,0,0,0
INQQ,2026-09-24,13.28,13.7729,13.5982,13.1977,16.1595,-17.82,-1.96,-3.21,133698.0,0,1,0,0,0,0,0,0,0,0,0,0,0,0,0,0,0,0,0,0
INRO,2026-09-25,37.1981,36.6829,36.4992,34.1658,37.2826,-0.23,1.62,0.65,20081618.0,1,1,1,1,1,1,0,0,0,0,0,0,0,0,0,0,0,1,0,0
INTF,2026-09-24,41.81,42.6095,42.4317,40.1983,43.41,-3.69,-1.74,-0.31,11455386.0,1,1,1,0,0,0,0,0,0,0,0,0,0,0,0,0,0,0,0,0
INTL,2026-09-24,30.71,31.1418,30.88,29.6972,31.718,-3.18,-0.83,-0.52,495943.0,1,1,1,0,0,0,0,0,0,0,0,0,0,0,0,0,0,0,0,0
INVN,2026-09-25,25.6597,26.2973,25.4504,21.719,27.382,-6.29,-0.69,-0.49,116769.0,1,1,0,0,1,0,0,0,0,0,0,0,0,0,0,0,0,0,0,0
INYY,2026-09-24,43.32,37.243,36.3095,,,,12.29,2.17,1712556.0,0,0,0,1,1,1,1,1,0,0,0,0,0,0,1,1,1,1,0,0
IOCT,2026-09-24,37.826,38.0805,37.8107,36.3856,38.324,-1.3,-0.69,-0.25,546336.0,1,1,1,0,1,0,0,0,0,0,0,0,0,0,0,0,0,0,0,0
ION,2026-09-24,46.622,50.3148,49.7912,55.2135,67.8385,-31.27,-3.72,-1.79,63053.0,0,0,0,0,0,0,0,0,0,0,0,0,0,0,0,0,0,0,0,0
IOO,2026-09-24,144.18,144.1195,142.9208,133.5878,146.19,-1.37,0.13,-0.19,26572400.0,1,1,1,1,1,1,0,0,0,0,0,0,0,0,0,0,0,0,0,0
IOPP,2026-09-24,26.034,26.5062,26.6154,25.825,28.1119,-7.39,-0.33,-1.07,17441.0,1,1,0,0,0,0,0,0,0,0,0,0,0,0,0,0,0,0,0,0
IOYY,2026-09-24,5.955,5.8709,6.0342,6.8519,9.7229,-38.75,1.55,0.25,130528.0,0,0,0,1,0,0,0,0,0,0,0,0,0,0,0,0,0,0,0,0
IPAC,2026-09-24,84.39,85.72,84.6416,80.0233,87.14,-3.16,-1.76,-0.72,10022239.0,1,1,1,0,0,0,0,0,0,0,0,0,0,0,0,0,0,0,0,0
IPAV,2026-09-24,30.985,31.8479,31.8533,31.735,35.0995,-11.72,-1.89,-1.09,52469.0,0,0,0,0,0,0,0,0,0,0,0,0,0,0,0,0,0,0,0,0
IPAY,2026-09-24,47.55,49.6059,50.2425,47.8333,58.1873,-18.28,-1.49,1.15,2719896.0,0,0,0,0,0,0,0,0,0,0,0,0,0,0,0,0,0,0,0,0
IPB,2026-09-25,25.0301,25.1405,25.2598,25.1969,25.9,-3.36,-1.42,0.04,20110.0,0,0,1,0,0,0,0,0,0,0,0,0,0,0,0,0,0,0,0,0
IPKW,2026-09-24,59.66,60.656,60.3837,57.447,61.7665,-3.41,-2.1,-0.43,2545881.0,1,1,1,0,0,0,0,0,0,0,0,0,0,0,0,0,0,0,0,0
IPO,2026-09-24,53.79,52.9975,53.5512,49.793,59.54,-9.66,3.2,0.06,765264.0,1,1,0,1,1,0,0,0,0,0,0,0,0,0,0,0,0,0,0,0
IPOS,2026-09-24,21.615,22.6539,22.8763,20.9485,26.0784,-17.12,-2.17,-1.37,36893.0,0,1,0,0,0,0,0,0,0,0,0,0,0,0,0,0,0,0,0,0
IQDF,2026-09-24,34.81,35.3223,34.9475,32.7914,35.9476,-3.16,-1.07,-0.09,1632942.0,1,1,1,0,0,0,0,0,0,0,0,0,0,0,0,0,0,0,0,0
IQDG,2026-09-24,42.795,43.7332,43.8715,42.3273,44.946,-4.79,-1.57,-0.17,1278427.0,1,1,1,0,0,0,0,0,0,0,0,0,0,0,0,0,0,0,0,0
IQDY,2026-09-24,42.3,42.9297,42.6297,39.8593,43.7485,-3.31,-0.89,-0.05,150867.0,1,1,1,0,0,0,0,0,0,0,0,0,0,0,0,0,0,0,0,0
IQHI,2026-09-24,25.325,25.6694,25.6631,25.3675,25.8735,-2.12,-1.25,-0.58,129846.0,0,0,1,0,0,0,0,0,0,0,0,0,0,0,0,0,0,0,0,0
IQLT,2026-09-24,49.78,50.7195,50.7744,48.1266,52.34,-4.89,-1.13,-0.42,67079280.0,1,1,1,0,0,0,0,0,0,0,0,0,0,0,0,0,0,0,0,0
IQM,2026-09-24,110.066,105.8145,105.9464,102.1583,125.945,-12.61,4.87,-0.11,478298.0,0,1,0,1,1,0,0,0,0,0,0,0,0,0,0,0,0,0,0,0
IQMM,2026-09-24,100.07,99.9532,99.7486,,100.07,0.0,0.07,0.02,143085668.0,0,0,1,1,1,1,0,0,1,0,0,0,0,0,0,0,0,0,0,0
IQQQ,2026-09-24,48.928,48.1671,47.8429,45.3784,50.5384,-3.19,1.51,-0.02,2291774.0,1,1,1,1,1,1,0,0,0,0,0,0,0,0,0,0,0,0,0,0
IQSI,2026-09-24,38.0,38.6214,38.5908,36.8663,39.4666,-3.72,-1.27,-0.4,298924.0,1,1,1,0,0,0,0,0,0,0,0,0,0,0,0,0,0,0,0,0
IQSM,2026-09-25,38.8939,39.4505,39.7242,37.3206,40.777,-4.62,-0.27,0.5,1408365.0,1,1,1,0,0,0,0,0,0,0,0,0,0,0,0,0,0,0,0,0
IQSU,2026-09-24,62.934,62.4293,62.0869,57.8126,63.48,-0.86,0.96,0.06,1110546.0,1,1,1,1,1,1,0,0,0,0,0,0,0,0,0,0,0,0,0,0
IQSZ,2026-09-24,32.172,32.2531,32.0334,29.9612,32.6208,-1.38,0.02,-0.04,3550.0,1,1,1,0,1,0,0,0,0,0,0,0,0,0,0,0,0,0,0,0
IRTR,2026-09-25,31.5343,31.7325,31.7852,31.1339,32.1563,-1.93,-0.15,0.27,506227.0,1,1,1,0,0,0,0,0,0,0,0,0,0,0,0,0,0,0,0,0
ISCB,2026-09-24,72.0,73.7417,74.7093,70.2678,77.2847,-6.84,-1.4,-0.4,330065.0,0,1,0,0,0,0,0,0,0,0,0,0,0,0,0,0,0,0,0,0
ISCF,2026-09-24,44.95,45.4927,45.1416,43.4221,46.3,-2.92,-0.88,-0.35,1519523.0,1,1,1,0,0,0,0,0,0,0,0,0,0,0,0,0,0,0,0,0
ISCG,2026-09-24,61.78,62.6122,63.5049,60.1975,66.2371,-6.73,-0.19,-0.18,1482886.0,1,1,0,0,0,0,0,0,0,0,0,0,0,0,0,0,0,0,0,0
ISCV,2026-09-24,75.92,78.4349,79.3522,73.9571,81.3742,-6.7,-2.38,-0.52,976871.0,0,1,0,0,0,0,0,0,0,0,1,0,0,0,0,0,0,0,0,0
ISEP,2026-09-24,34.99,35.4212,35.284,33.9817,35.78,-2.21,-0.92,-0.48,3044334.0,1,1,1,0,0,0,0,0,0,0,0,0,0,0,0,0,0,0,0,0
ISHP,2026-09-25,33.7848,35.031,35.6531,35.6694,41.7671,-19.11,-1.41,0.12,5591.0,0,0,0,0,0,0,0,0,0,0,0,0,0,0,0,0,0,0,0,0
ISMD,2026-09-24,47.08,48.0328,49.0099,44.5299,50.68,-7.1,-0.97,-0.11,1522942.0,1,1,0,0,0,0,0,0,0,0,0,0,0,0,0,0,0,0,0,0
ISMF,2026-09-24,28.976,28.6837,28.3498,27.706,29.02,-0.15,0.33,-0.15,970132.0,0,1,1,1,1,1,0,0,0,0,0,0,0,0,0,0,0,0,0,0
ISPY,2026-09-24,48.09,48.1318,47.9837,45.6928,48.9302,-1.72,0.03,0.02,5188336.0,1,1,1,0,1,0,0,0,0,0,0,0,0,0,0,0,0,0,0,0
ISRA,2026-09-24,67.47,67.3625,66.3214,64.4979,70.4,-4.16,-0.81,-1.06,178702.0,1,1,1,1,1,1,0,0,0,0,0,0,0,0,0,0,0,0,0,0
ISSB,2026-09-24,23.725,22.3674,19.5001,,24.603,-3.57,11.74,-0.09,45534.0,0,0,1,1,1,1,0,0,0,0,0,0,0,0,1,0,0,0,0,0
ISTM,2026-09-25,30.9763,30.9256,30.4909,30.6351,36.168,-14.35,-0.83,0.34,380494.0,1,1,0,1,1,1,0,0,0,0,0,0,0,0,0,0,0,0,0,0
ISVL,2026-09-24,53.738,54.5283,53.5075,50.3987,55.38,-2.96,-1.63,-0.22,796614.0,1,1,1,0,1,0,0,0,0,0,0,0,0,0,0,0,0,0,0,0
ISWN,2026-09-25,21.4798,21.9425,22.2112,21.9433,22.9355,-6.35,-0.55,1.03,41408.0,0,0,0,0,0,0,0,0,0,0,0,0,0,0,0,0,0,0,0,0
ITA,2026-09-24,212.76,220.1811,233.2811,229.9705,252.9268,-15.88,-0.52,-0.54,180402946.0,0,0,0,0,0,0,0,0,0,0,1,0,0,0,0,0,0,0,0,0
ITAN,2026-09-24,44.21,44.565,43.9244,39.9604,45.18,-2.15,-1.1,-0.29,250087.0,1,1,1,0,1,0,0,0,0,0,0,0,0,0,0,0,0,0,0,0
ITB,2026-09-24,88.31,90.4429,94.3436,96.8022,112.2197,-21.31,-0.27,-0.54,196243896.0,0,0,0,0,0,0,0,0,0,0,0,0,0,0,0,0,0,0,0,0
ITDB,2026-09-24,34.819,35.1448,35.1356,34.1718,35.601,-2.2,-0.64,-0.29,521518.0,1,1,1,0,0,0,0,0,0,0,0,0,0,0,0,0,0,0,0,0
ITDC,2026-09-24,36.59,36.9031,36.858,35.595,37.433,-2.25,-0.48,-0.25,870862.0,1,1,1,0,0,0,0,0,0,0,0,0,0,0,0,0,0,0,0,0
ITDD,2026-09-24,38.542,38.8462,38.7715,37.1919,39.425,-2.24,-0.28,-0.33,1153162.0,1,1,1,0,0,0,0,0,0,0,0,0,0,0,0,0,0,0,0,0
ITDE,2026-09-24,40.26,40.5156,40.3957,38.4962,41.139,-2.14,-0.22,-0.16,843211.0,1,1,1,0,0,0,0,0,0,0,0,0,0,0,0,0,0,0,0,0
ITDF,2026-09-24,41.866,42.1031,41.9244,39.749,42.743,-2.05,-0.13,-0.18,652524.0,1,1,1,0,0,0,0,0,0,0,0,0,0,0,0,0,0,0,0,0
ITDG,2026-09-24,42.72,42.9095,42.6935,40.3578,43.557,-1.92,0.0,-0.11,430910.0,1,1,1,0,1,0,0,0,0,0,0,0,0,0,0,0,0,0,0,0
ITDH,2026-09-24,42.75,42.9459,42.7198,40.3539,43.597,-1.94,0.0,-0.15,369383.0,1,1,1,0,1,0,0,0,0,0,0,0,0,0,0,0,0,0,0,0
ITDI,2026-09-24,42.75,42.9184,42.6952,40.33,43.61,-1.97,0.07,-0.09,186813.0,1,1,1,0,1,0,0,0,0,0,0,0,0,0,0,0,0,1,0,0
ITDJ,2026-09-24,33.218,33.3684,33.1957,31.3579,33.895,-2.0,-0.0,-0.13,124149.0,1,1,1,0,1,0,0,0,0,0,0,0,0,0,0,0,0,0,0,0
ITEQ,2026-09-24,62.159,62.0436,63.3321,61.9423,70.048,-11.26,-0.33,-0.91,127122.0,1,1,0,1,0,0,0,0,0,0,0,0,0,0,0,0,0,0,0,0
ITM,2026-09-24,44.24,45.0656,45.5762,46.1517,47.1187,-6.11,-1.6,-0.43,31934476.0,0,0,0,0,0,0,0,0,0,0,1,0,0,0,0,0,0,0,0,1
ITOT,2026-09-24,167.42,167.0087,166.313,156.3565,170.2352,-1.65,0.73,-0.07,290800319.0,1,1,1,1,1,1,0,0,0,0,0,0,0,0,0,0,0,0,0,0
ITWO,2026-09-24,43.52,44.6831,45.3672,42.1521,46.8854,-7.18,-1.65,-0.34,1133315.0,0,1,0,0,0,0,0,0,0,0,0,0,0,0,0,0,0,1,0,0
IUS,2026-09-25,68.73,69.1773,68.7748,62.8143,70.3662,-2.33,0.14,0.35,2993939.0,1,1,1,0,0,0,0,0,0,0,0,0,0,0,0,0,0,0,0,0
IUSG,2026-09-24,193.97,190.8302,189.1834,176.7893,195.55,-0.81,2.05,0.1,79012145.0,1,1,1,1,1,1,0,0,0,0,0,0,0,0,0,0,0,0,0,0
IUSV,2026-09-24,111.72,113.16,113.1617,107.3741,115.0111,-2.86,-0.82,-0.31,54355146.0,1,1,1,0,0,0,0,0,0,0,0,0,0,0,0,0,0,0,0,0
IVAL,2026-09-24,36.615,37.0613,36.5791,34.4638,37.411,-2.13,-2.13,0.04,568903.0,1,1,1,0,1,0,0,0,0,0,0,0,0,0,0,0,0,0,0,0
IVE,2026-09-24,231.22,233.9675,233.7524,221.8094,237.5052,-2.65,-0.73,-0.3,135815138.0,1,1,1,0,0,0,0,0,0,0,0,0,0,0,0,0,0,0,0,0
IVEP,2026-09-24,25.41,25.6445,26.0268,,,,0.51,-0.94,235075.0,0,0,0,0,0,0,0,0,0,0,0,0,0,0,0,0,0,0,0,0
IVES,2026-09-24,41.79,39.9625,38.515,34.5797,41.86,-0.17,3.88,0.14,14575947.0,0,1,1,1,1,1,0,0,0,0,0,0,0,0,0,0,0,1,0,0
IVLU,2026-09-24,43.32,44.2185,43.8258,41.1612,45.02,-3.78,-2.34,-0.37,40806465.0,1,1,1,0,0,0,0,0,0,0,0,0,0,0,0,0,0,0,0,0
IVOG,2026-09-24,137.9,139.064,141.457,134.5361,148.37,-7.06,0.49,-0.25,8444831.0,1,1,0,0,0,0,0,0,0,0,0,0,0,0,0,0,0,1,0,0
IVOO,2026-09-24,123.1,125.5151,127.7151,121.6652,132.6809,-7.22,-0.67,-0.43,10334217.0,1,1,0,0,0,0,0,0,0,0,0,0,0,0,0,0,0,0,0,0
IVOV,2026-09-24,108.46,111.838,113.8586,108.6822,117.23,-7.48,-1.85,-0.68,5260034.0,0,0,0,0,0,0,0,0,0,0,1,0,0,0,0,0,0,0,0,0
IVSI,2026-09-25,29.19,29.5348,29.6049,,30.419,-4.04,0.0,0.83,28218.0,0,0,1,0,0,0,0,0,0,0,0,0,0,0,0,0,0,0,0,0
IVSS,2026-09-25,29.0652,29.7373,30.2566,28.0862,31.232,-6.94,-0.69,0.33,121107.0,0,1,0,0,0,0,0,0,0,0,0,1,0,0,0,0,0,0,0,0
IVSX,2026-09-25,25.8974,25.9169,25.6049,,26.27,-1.42,0.3,0.73,12031.0,0,0,1,0,1,0,0,0,0,0,0,0,0,0,0,0,0,0,0,0
IVV,2026-09-24,770.62,767.2667,762.7459,717.2961,779.218,-1.1,0.86,-0.08,7506239670.0,1,1,1,1,1,1,0,0,0,0,0,0,0,0,0,0,0,0,0,0
IVVB,2026-09-24,35.55,35.3914,35.1948,33.9794,35.76,-0.59,0.68,0.06,635341.0,1,1,1,1,1,1,0,0,0,0,0,0,0,0,0,0,0,0,0,0
IVVM,2026-09-24,37.957,37.7736,37.5717,36.0365,38.1,-0.38,0.6,0.1,1488869.0,1,1,1,1,1,1,0,0,0,0,0,0,0,0,0,0,0,0,0,0
IVVW,2026-09-24,45.515,45.2897,44.7695,42.8475,45.73,-0.47,0.81,0.09,1830632.0,1,1,1,1,1,1,0,0,0,0,0,0,0,0,0,0,0,0,0,0
IVW,2026-09-24,142.36,139.9026,138.5204,129.3872,143.56,-0.84,2.15,0.11,210044023.0,1,1,1,1,1,1,0,0,0,0,0,0,0,0,0,0,0,0,0,0
IWB,2026-09-24,419.03,417.7547,415.6033,391.2328,425.0099,-1.41,0.75,-0.08,200221836.0,1,1,1,1,1,1,0,0,0,0,0,0,0,0,0,0,0,0,0,0
IWC,2026-09-24,187.48,191.5639,193.0211,178.4159,200.4168,-6.45,-0.98,-0.18,23058282.0,1,1,0,0,0,0,0,0,0,0,0,0,0,0,0,0,0,1,0,0
IWD,2026-09-24,250.76,254.1498,253.5097,231.2619,258.4354,-2.97,-0.81,-0.26,382956237.0,1,1,1,0,0,0,0,0,0,0,0,0,0,0,0,0,0,0,0,0
IWF,2026-09-24,125.62,122.9475,121.9515,118.5147,128.5411,-2.27,2.52,0.18,483981007.0,1,1,1,1,1,1,0,0,0,0,0,0,0,0,0,0,0,0,0,0
IWFG,2026-09-24,55.544,54.3827,54.1533,52.3868,56.152,-1.08,2.81,0.35,22356.0,1,1,1,1,1,1,0,0,0,0,0,0,0,0,0,0,0,1,0,0
IWL,2026-09-24,191.28,189.8536,188.2262,177.3367,192.88,-0.83,1.03,0.01,10149552.0,1,1,1,1,1,1,0,0,0,0,0,0,0,0,0,0,0,0,0,0
IWLG,2026-09-25,57.84,56.2663,56.0491,53.9939,58.04,-0.34,2.71,0.64,976448.0,1,1,1,1,1,1,0,0,0,0,0,0,0,0,0,0,0,0,0,0
IWM,2026-09-24,281.66,289.0442,293.6272,274.2557,304.2953,-7.44,-1.32,-0.09,6453348620.0,0,1,0,0,0,0,0,0,0,0,0,0,0,0,0,0,0,0,0,0
IWMI,2026-09-24,49.62,50.6823,51.1305,47.977,52.3725,-5.26,-1.12,-0.1,24200930.0,1,1,0,0,0,0,0,0,0,0,0,0,0,0,0,0,0,0,0,0
IWMW,2026-09-24,38.1,38.8188,39.1256,36.4814,40.0768,-4.93,-0.76,0.08,631535.0,1,1,1,0,0,0,0,0,0,0,0,0,0,0,0,0,0,0,0,0
IWMY,2026-09-24,17.28,17.7204,18.0413,17.1377,18.6191,-7.19,-1.41,0.07,1200049.0,0,1,0,0,0,0,0,0,0,0,0,0,0,0,0,0,0,0,0,0
IWN,2026-09-24,213.12,218.8272,221.362,204.7304,226.5128,-5.91,-1.67,-0.09,101910041.0,0,1,0,0,0,0,0,0,0,0,0,0,0,0,0,0,0,0,0,0
IWO,2026-09-24,360.24,369.3832,376.8143,355.4815,395.2063,-8.85,-0.94,-0.04,161701475.0,1,1,0,0,0,0,0,0,0,0,0,0,0,0,0,0,0,1,0,0
IWP,2026-09-24,139.11,138.4711,140.0311,137.6948,147.5329,-5.71,1.61,0.19,94590518.0,1,1,0,1,0,0,0,0,0,0,0,0,0,0,0,0,0,1,0,0
IWR,2026-09-24,108.02,109.7897,110.757,104.0235,114.4773,-5.64,-0.63,-0.28,133932161.0,1,1,0,0,0,0,0,0,0,0,0,0,0,0,0,0,0,0,0,0
IWS,2026-09-24,162.76,166.6931,168.0301,155.6809,172.8214,-5.82,-1.48,-0.48,53621727.0,0,1,0,0,0,0,0,0,0,0,0,0,0,0,0,0,0,0,0,0
IWV,2026-09-24,434.91,433.9596,432.1022,406.5352,441.9284,-1.59,0.69,-0.03,57898857.0,1,1,1,1,1,1,0,0,0,0,0,0,0,0,0,0,0,0,0,0
IWX,2026-09-24,110.64,111.7522,111.0263,100.7086,113.3893,-2.42,-0.7,-0.23,29646561.0,1,1,1,0,0,0,0,0,0,0,0,0,0,0,0,0,0,0,0,0
IWY,2026-09-24,295.86,288.4346,285.3587,277.1944,301.6263,-1.91,2.79,0.24,67407036.0,1,1,1,1,1,1,0,0,0,0,0,0,0,0,0,0,0,0,0,0
IXC,2026-09-24,58.04,58.7025,56.8314,51.8162,60.58,-4.19,-1.96,0.35,37673821.0,1,1,1,0,1,0,0,0,0,0,0,0,0,0,0,0,0,1,0,0
IXG,2026-09-24,128.9,133.1225,133.0552,122.7342,137.0,-5.91,-2.56,-0.13,5490896.0,0,1,0,0,0,0,0,0,0,0,0,0,0,0,0,0,0,0,0,0
IXJ,2026-09-24,103.36,103.268,102.6432,97.3624,107.48,-3.83,0.49,0.57,17410909.0,1,1,1,1,1,1,0,0,0,0,0,0,0,0,0,0,0,0,0,0
IXN,2026-09-24,147.27,142.6625,139.328,122.7795,149.5611,-1.53,3.33,-0.32,48929331.0,0,1,1,1,1,1,0,0,0,0,0,0,0,0,0,0,0,0,0,0
IXP,2026-09-24,121.17,119.1565,117.423,118.9439,125.6482,-3.56,0.75,0.92,9940834.0,1,1,1,1,1,1,0,0,0,0,0,0,0,0,0,0,0,0,0,0
IXUS,2026-09-24,95.77,97.0055,96.2722,91.4981,98.71,-2.98,-0.75,-0.4,165582365.0,1,1,1,0,0,0,0,0,0,0,0,0,0,0,0,0,0,0,0,0
IYC,2026-09-24,95.87,98.4488,100.2022,101.2179,106.7321,-10.18,-0.95,-0.39,8419819.0,0,0,0,0,0,0,0,0,0,0,0,0,0,0,0,0,0,0,0,0
IYE,2026-09-24,65.97,67.2767,64.9504,58.7631,69.25,-4.74,-2.47,0.32,59295949.0,1,1,1,0,1,0,0,0,0,0,0,0,0,0,0,0,0,0,0,0
IYF,2026-09-24,128.52,133.9867,134.8881,126.9162,138.5097,-7.21,-2.38,-0.36,52964192.0,0,1,0,0,0,0,0,0,0,0,1,0,0,0,0,0,0,0,0,0
IYG,2026-09-24,92.02,95.4252,95.8111,90.0076,98.3226,-6.41,-1.77,0.05,9213046.0,0,1,0,0,0,0,0,0,0,0,0,0,0,0,0,0,0,0,0,0
IYH,2026-09-24,72.08,71.4361,70.551,65.3558,74.1297,-2.76,0.99,0.75,51792101.0,1,1,1,1,1,1,0,0,0,0,0,0,0,0,0,0,0,1,0,0
IYJ,2026-09-24,155.45,158.0524,162.4723,157.0122,169.5339,-8.31,-0.12,-0.45,35135081.0,0,0,0,0,0,0,0,0,0,0,0,0,0,0,0,0,0,0,0,0
IYK,2026-09-24,71.69,73.445,74.0346,71.3067,76.5875,-6.39,-1.85,-0.65,21857092.0,1,1,0,0,0,0,0,0,0,0,0,0,0,0,0,0,0,1,0,0
IYLD,2026-09-24,21.82,22.0889,22.095,21.6685,22.3114,-2.2,-1.09,-0.27,403453.0,0,1,1,0,0,0,0,0,0,0,0,0,0,0,0,0,0,0,0,0
IYM,2026-09-24,182.15,187.023,184.8671,177.3882,195.8218,-6.98,-1.16,-0.87,48038496.0,1,1,0,0,0,0,0,0,0,0,0,0,0,0,0,0,0,0,0,0
IYR,2026-09-24,96.81,100.0324,102.6146,98.9447,106.4706,-9.07,-2.15,-0.44,574264242.0,0,0,0,0,0,0,0,0,0,0,1,0,0,0,0,0,0,0,0,0
IYRI,2026-09-24,46.09,47.411,48.3583,46.9478,49.4468,-6.79,-1.83,-0.39,4217206.0,0,0,0,0,0,0,0,0,0,0,1,0,0,0,0,0,0,0,0,0
IYT,2026-09-24,78.92,82.1461,85.0409,80.8017,89.8074,-12.12,-2.33,-1.05,76507287.0,0,0,0,0,0,0,0,0,0,0,1,0,0,0,0,0,0,1,0,0
IYW,2026-09-24,264.31,254.5145,248.9491,221.6768,265.99,-0.63,3.48,-0.08,138684115.0,0,1,1,1,1,1,0,0,0,0,0,0,0,0,0,0,0,0,0,0
IYY,2026-09-24,186.62,185.9928,185.017,174.0352,189.2157,-1.37,0.77,-0.02,2522530.0,1,1,1,1,1,1,0,0,0,0,0,0,0,0,0,0,0,0,0,0
IYZ,2026-09-24,41.49,42.3417,42.1318,39.7668,45.596,-9.01,-1.4,0.36,31938947.0,1,1,0,0,0,0,0,0,0,0,0,0,0,0,0,0,0,0,0,0
IZRL,2026-09-24,28.555,28.8852,29.3447,29.6,32.72,-12.73,-0.34,-0.16,203610.0,0,0,0,0,0,0,0,0,0,0,0,0,0,0,0,0,0,0,0,0
JA,2026-09-25,50.32,50.2193,50.0312,,50.33,-0.02,0.14,-0.02,1425490.0,0,0,1,1,1,1,0,0,0,0,0,0,0,0,0,0,0,0,0,0
JAAA,2026-09-24,50.69,50.6007,50.4336,49.7288,50.69,0.0,0.08,0.02,364142970.0,0,1,1,1,1,1,0,0,1,0,0,0,0,0,0,0,0,0,0,0
JABS,2026-09-25,49.4,49.5595,49.614,49.1375,49.8486,-0.9,-0.22,0.02,2154320.0,1,1,1,0,0,0,0,0,0,0,0,0,0,0,0,0,0,1,0,0
JADB,2026-09-24,26.34,26.2255,26.0812,,,,0.57,-0.04,6282.0,0,0,0,1,1,1,0,0,0,0,0,0,0,0,0,0,0,0,0,0
JADE,2026-09-24,79.589,80.1282,78.5146,73.1679,82.45,-3.47,-0.07,-0.72,187646.0,1,1,1,0,1,0,0,0,0,0,0,0,0,0,0,0,0,0,0,0
JAJL,2026-09-25,30.3491,30.2473,30.1671,29.5951,30.3491,0.0,0.39,0.14,1165585.0,1,1,1,1,1,1,0,0,1,0,0,0,0,0,0,0,0,0,0,0
JANB,2026-09-25,28.0952,27.8962,27.7213,26.5786,28.0952,0.0,0.71,0.32,105188.0,1,1,1,1,1,1,0,0,1,0,0,0,0,0,0,0,0,0,0,0
JANH,2026-09-25,25.145,25.0934,24.9984,24.3708,25.145,0.0,0.14,0.06,22890.0,0,1,1,1,1,1,0,0,1,0,0,0,0,0,0,0,0,0,0,0
JANI,2026-09-24,25.55,25.9845,26.0454,,26.52,-3.66,-1.12,-0.35,27996.0,0,0,1,0,0,0,0,0,0,0,0,0,0,0,0,0,0,1,0,0
JANJ,2026-09-25,25.03,24.989,24.912,24.4293,25.03,0.0,0.14,0.04,45469.0,0,1,1,1,1,1,0,0,1,0,0,0,0,0,0,0,0,0,0,0
JANM,2026-09-24,34.395,34.3225,34.1914,33.5217,34.43,-0.1,0.19,-0.04,47163.0,1,1,1,1,1,1,0,0,0,0,0,0,0,0,0,0,0,0,0,0
JANP,2026-09-25,35.8156,35.5821,35.341,33.8672,35.821,-0.02,0.64,0.26,266048.0,1,1,1,1,1,1,0,0,0,0,0,0,0,0,0,0,0,0,0,0
JANT,2026-09-25,45.4362,45.1045,44.8066,42.8052,45.455,-0.04,0.77,0.33,74854.0,1,1,1,1,1,1,0,0,0,0,0,0,0,0,0,0,0,0,0,0
JANU,2026-09-25,30.7671,30.5293,30.4649,29.222,31.08,-1.01,1.21,0.48,113680.0,1,1,1,1,1,1,0,0,0,0,0,0,0,0,0,0,0,0,0,0
JANW,2026-09-25,39.65,39.4481,39.2389,37.9993,39.65,0.0,0.45,0.25,550678.0,1,1,1,1,1,1,0,0,1,0,0,0,0,0,0,0,0,0,0,0
JANZ,2026-09-24,41.742,41.6252,41.4769,39.6178,42.268,-1.24,0.68,-0.05,51297.0,1,1,1,1,1,1,0,0,0,0,0,0,0,0,0,0,0,0,0,0
JAPN,2026-09-25,25.615,25.5973,25.2418,24.168,28.5609,-10.31,-0.32,0.67,80768.0,1,1,0,1,1,1,0,0,0,0,0,0,0,0,0,0,0,0,0,0
JAVA,2026-09-24,80.51,81.7166,81.8269,76.5423,83.6005,-3.7,-0.68,-0.24,26536024.0,1,1,1,0,0,0,0,0,0,0,0,0,0,0,0,0,0,1,0,0
JBBB,2026-09-24,47.71,47.4503,47.2491,46.4224,47.71,0.0,0.61,0.19,22290518.0,0,1,1,1,1,1,1,1,1,0,0,0,0,0,0,0,1,0,0,0
JCHI,2026-09-24,51.925,53.0371,53.9441,54.4706,59.3897,-12.57,-0.22,-0.82,135073.0,0,0,0,0,0,0,0,0,0,0,0,0,0,0,0,0,0,0,0,0
JDIV,2026-09-25,56.7957,57.1121,57.3363,55.29,58.6697,-3.19,0.79,0.99,64913.0,1,1,1,0,0,0,0,0,0,0,0,0,0,0,0,0,0,1,0,0
JDOC,2026-09-24,61.243,61.8679,61.8547,58.5116,64.664,-5.29,-0.5,0.5,21350.0,1,1,0,0,0,0,0,0,0,0,0,0,0,0,0,0,0,0,0,0
JDVI,2026-09-24,40.31,40.9646,40.336,38.2858,41.92,-3.84,-1.66,-0.53,1490579.0,1,1,1,0,0,0,0,0,0,0,0,0,0,0,0,0,0,0,0,0
JDVL,2026-09-25,31.66,31.9194,31.9676,29.7252,32.654,-3.04,0.09,0.54,3654800.0,1,1,1,0,0,0,0,0,0,0,0,0,0,0,0,0,0,0,0,0
JEDI,2026-09-24,26.42,25.9675,26.4572,27.7949,42.42,-37.72,0.96,1.69,3276599.0,0,0,0,1,0,0,0,0,0,0,0,0,0,0,0,0,0,0,0,0
JELH,2026-09-25,25.72,25.6917,25.4178,,,,0.23,0.12,234418.0,0,0,0,1,1,1,0,0,0,0,0,0,0,0,0,0,0,0,0,0
JELM,2026-09-25,25.74,25.6329,25.4175,,,,0.51,0.0,758593.0,0,0,0,1,1,1,0,0,0,0,0,0,0,0,0,0,0,0,0,0
JEMA,2026-09-24,62.5,62.6218,61.312,57.4901,66.254,-5.67,0.34,-0.64,8649405.0,1,1,0,0,1,0,0,0,0,0,0,0,0,0,0,0,0,1,0,0
JEPI,2026-09-24,56.53,56.7391,56.8419,55.5725,57.7847,-2.17,0.53,-0.09,240811055.0,1,1,1,0,0,0,0,0,0,0,0,0,0,0,0,0,0,0,0,0
JEPQ,2026-09-24,61.11,59.8575,58.8665,56.233,61.17,-0.1,1.93,0.02,325729634.0,0,1,1,1,1,1,0,0,0,0,0,0,0,0,0,0,0,0,0,0
JETS,2026-09-24,28.46,28.393,29.9866,28.5251,33.53,-15.12,1.03,0.74,123456608.0,0,0,0,1,0,0,0,0,0,0,0,0,0,0,0,0,0,0,0,0
JFLI,2026-09-24,53.117,53.4747,53.3264,51.2234,54.2291,-2.05,-0.21,-0.22,199084.0,1,1,1,0,0,0,0,0,0,0,0,0,0,0,0,0,0,0,0,0
JFLX,2026-09-24,49.02,49.4824,49.6146,49.2928,49.9042,-1.77,-0.87,-0.49,6186508.0,0,0,1,0,0,0,0,0,0,0,1,0,0,0,0,0,0,0,0,0
JGLO,2026-09-24,72.4,72.8535,72.8318,69.9529,74.71,-3.09,0.37,-0.17,9527326.0,1,1,1,0,0,0,0,0,0,0,0,0,0,0,0,0,0,0,0,0
JGRO,2026-09-24,96.91,94.614,94.1946,92.7899,99.5,-2.6,2.44,0.26,45204869.0,1,1,1,1,1,1,0,0,0,0,0,0,0,0,0,0,0,0,0,0
JGRW,2026-09-25,27.6412,27.6505,27.8901,26.7435,28.8567,-4.21,1.13,0.81,632051.0,1,1,1,0,0,0,0,0,0,0,0,0,0,0,0,0,0,0,0,0
JHAC,2026-09-24,15.483,15.6782,15.5675,14.9823,16.02,-3.35,-0.11,-0.33,4157.0,1,1,1,0,0,0,0,0,0,0,0,0,0,0,0,0,0,1,0,0
JHAI,2026-09-24,35.135,33.9732,33.6568,30.6994,36.888,-4.75,4.44,0.19,183018.0,0,1,1,1,1,1,0,0,0,0,0,0,0,0,0,0,0,0,0,0
JHDG,2026-09-25,28.28,27.9565,27.978,,,,1.29,0.93,420812.0,0,0,0,1,1,0,1,0,0,0,0,0,0,0,0,0,0,1,0,0
JHDV,2026-09-24,46.198,46.9233,47.1222,43.7566,48.287,-4.33,-0.5,-0.54,15995.0,1,1,1,0,0,0,0,0,0,0,0,0,0,0,0,0,0,0,0,0
JHEM,2026-09-24,40.1,40.3115,39.4472,37.2036,41.7482,-3.95,-0.02,-0.35,4612115.0,1,1,1,0,1,0,0,0,0,0,0,0,0,0,0,0,0,0,0,0
JHID,2026-09-24,42.984,43.9783,43.8394,41.2436,44.775,-4.0,-2.28,-0.26,24643.0,1,1,1,0,0,0,0,0,0,0,0,0,0,0,0,0,0,0,0,0
JHMB,2026-09-24,20.985,21.3488,21.4894,21.5914,22.002,-4.62,-1.43,-0.52,628482.0,0,0,1,0,0,0,0,0,0,0,1,0,0,0,0,0,0,0,0,1
JHMD,2026-09-25,45.26,45.7109,45.7488,43.7302,46.8,-3.29,0.27,0.82,4578322.0,1,1,1,0,0,0,0,0,0,0,0,0,0,0,0,0,0,0,0,0
JHML,2026-09-24,89.92,90.1456,90.2079,84.9334,92.399,-2.68,0.32,-0.02,1862133.0,1,1,1,0,0,0,0,0,0,0,0,0,0,0,0,0,0,0,0,0
JHMM,2026-09-24,72.27,73.697,74.6504,71.1322,77.35,-6.57,-0.9,-0.39,14483456.0,1,1,0,0,0,0,0,0,0,0,0,0,0,0,0,0,0,0,0,0
JHSC,2026-09-24,46.14,47.4812,48.3237,45.914,49.95,-7.63,-1.33,-0.32,1440989.0,0,1,0,0,0,0,0,0,0,0,1,0,0,0,0,0,0,1,0,0
JIDE,2026-09-25,51.8008,51.882,51.8074,,53.12,-2.48,0.74,0.98,18375.0,0,0,1,0,0,0,0,0,0,0,0,0,0,0,0,0,0,1,0,0
JIG,2026-09-24,84.19,84.5025,83.7983,80.5175,88.71,-5.1,0.3,-0.54,2317665.0,1,1,0,0,1,0,0,0,0,0,0,0,0,0,0,0,0,0,0,0
JIII,2026-09-24,48.44,48.8884,49.143,48.8652,49.6064,-2.35,-0.98,-0.31,4099982.0,0,0,1,0,0,0,0,0,0,0,0,0,0,0,0,0,0,0,0,0
JIRE,2026-09-24,82.24,83.8125,83.941,80.1265,85.94,-4.31,-1.51,-0.27,32169527.0,1,1,1,0,0,0,0,0,0,0,0,0,0,0,0,0,0,0,0,0
JIVE,2026-09-24,96.54,98.1789,96.8662,90.1677,100.08,-3.54,-1.76,-0.27,35623611.0,1,1,1,0,0,0,0,0,0,0,0,0,0,0,0,0,0,0,0,0
JMBS,2026-09-24,42.67,43.7078,44.0103,44.2996,45.1038,-5.4,-2.22,-0.91,35125918.0,0,0,0,0,0,0,0,0,0,0,1,0,0,0,0,0,0,0,0,1
JMEE,2026-09-24,74.34,75.5335,76.7784,72.0587,79.86,-6.91,-0.47,-0.17,7994435.0,1,1,0,0,0,0,0,0,0,0,0,0,0,0,0,0,0,0,0,0
JMID,2026-09-25,31.4746,31.3601,31.4895,30.3912,33.041,-4.74,0.41,0.29,99881.0,1,1,1,1,0,0,0,0,0,0,0,0,0,0,0,0,0,1,0,0
JMOM,2026-09-24,83.61,82.4923,82.507,76.0265,85.3209,-2.01,1.82,-0.05,12232556.0,1,1,1,1,1,0,0,0,0,0,0,0,0,0,0,0,0,0,0,0
JMTG,2026-09-24,48.51,49.3637,49.657,49.8312,50.7228,-4.36,-1.58,-0.53,32346224.0,0,0,1,0,0,0,0,0,0,0,1,0,0,0,0,0,0,1,0,1
JNEU,2026-09-25,33.72,33.5278,33.4669,31.8036,34.018,-0.88,0.91,0.29,73546.0,1,1,1,1,1,1,0,0,0,0,0,0,0,0,0,0,0,0,0,0
JOET,2026-09-24,45.36,45.3603,45.7712,43.6453,47.29,-4.08,1.01,-0.14,842599.0,1,1,1,0,0,0,0,0,0,0,0,0,0,0,0,0,0,0,0,0
JOUL,2026-09-24,22.68,22.1275,23.0966,,,,3.47,-0.18,93950.0,0,0,0,1,0,0,0,0,0,0,0,0,0,0,0,0,0,0,0,0
JOYT,2026-09-24,59.375,59.1105,58.6899,56.0041,59.623,-0.42,0.7,0.1,519249.0,1,1,1,1,1,1,0,0,0,0,0,0,0,0,0,0,0,0,0,0
JPAN,2026-09-24,42.156,42.8596,42.4536,39.9709,44.19,-4.6,-1.41,-1.0,52045.0,1,1,1,0,0,0,0,0,0,0,0,0,0,0,0,0,0,0,0,0
JPEF,2026-09-24,81.359,81.0799,81.0748,77.7038,82.928,-1.89,0.53,-0.17,4495533.0,1,1,1,1,1,1,0,0,0,0,0,0,0,0,0,0,0,0,0,0
JPEM,2026-09-24,64.242,65.4844,64.6517,62.7188,66.4994,-3.39,-1.33,-0.6,1174155.0,1,1,1,0,0,0,0,0,0,0,0,0,0,0,0,0,0,0,0,0
JPFP,2026-09-25,53.39,52.054,50.9856,,,,2.48,0.47,303608.0,0,0,0,1,1,1,1,1,0,0,0,0,0,0,0,0,1,0,0,0
JPIE,2026-09-24,45.0,45.4283,45.4974,45.1052,45.7414,-1.62,-0.82,-0.27,80739136.0,0,0,1,0,0,0,0,0,0,0,1,0,0,0,0,0,0,0,0,0
JPIN,2026-09-24,74.359,75.9925,75.4024,72.0999,77.2713,-3.77,-2.22,-0.3,1464828.0,1,1,1,0,0,0,0,0,0,0,0,0,0,0,0,0,0,0,0,0
JPME,2026-09-24,120.5,124.0726,125.4719,118.5698,128.5815,-6.29,-2.2,-0.53,1655005.0,0,1,0,0,0,0,0,0,0,0,1,0,0,0,0,0,0,1,0,0
JPO,2026-09-24,13.529,14.0625,14.1158,12.9737,14.5064,-6.74,-3.38,-0.12,285068.0,0,1,0,0,0,0,0,0,0,0,0,0,0,0,0,0,0,0,0,0
JPRE,2026-09-24,50.16,51.3802,52.5274,50.1691,54.6559,-8.23,-1.64,-0.24,819680.0,0,0,0,0,0,0,0,0,0,0,0,0,0,0,0,0,0,0,0,0
JPSE,2026-09-25,57.18,58.2186,59.1631,55.87,61.0038,-6.27,-0.48,0.42,920274.0,0,1,0,0,0,0,0,0,0,0,0,0,0,0,0,0,0,0,0,0
JPSV,2026-09-24,66.412,68.3613,69.664,64.0821,72.028,-7.8,-1.45,-0.03,21168.0,0,1,0,0,0,0,0,0,0,0,1,0,0,0,0,0,0,0,0,0
JPUS,2026-09-24,137.039,140.6333,141.8681,134.2804,144.7978,-5.36,-1.93,-0.43,773569.0,0,1,0,0,0,0,0,0,0,0,1,0,0,0,0,0,0,0,0,0
JPXN,2026-09-24,102.15,103.467,101.892,96.0653,105.23,-2.93,-2.31,-0.9,466501.0,1,1,1,0,1,0,0,0,0,0,0,0,0,0,0,0,0,1,0,0
JPY,2026-09-24,38.469,39.0826,38.3055,35.4685,39.742,-3.2,-2.77,-1.04,255664.0,1,1,1,0,1,0,0,0,0,0,0,0,0,0,0,0,0,0,0,0
JQUA,2026-09-24,74.22,73.9574,73.5358,67.5222,75.317,-1.46,0.8,-0.27,43453969.0,1,1,1,1,1,1,0,0,0,0,0,0,0,0,0,0,0,0,0,0
JSMD,2026-09-25,90.5888,91.4994,93.8001,89.3953,101.239,-10.52,0.02,-0.08,5590565.0,1,1,0,0,0,0,0,0,0,0,0,0,0,0,0,0,0,0,0,0
JSML,2026-09-25,86.9409,87.3607,88.8718,81.8299,93.18,-6.7,0.47,-0.01,2082347.0,1,1,0,0,0,0,0,0,0,0,0,0,0,0,0,0,0,0,0,0
JSTC,2026-09-24,22.53,22.6513,22.7327,21.4065,23.29,-3.26,0.2,-0.44,380916.0,1,1,1,0,0,0,0,0,0,0,0,0,0,0,0,0,0,0,0,0
JTEK,2026-09-24,106.07,101.2231,99.725,94.7417,111.552,-4.91,4.77,0.45,27425897.0,0,1,1,1,1,1,1,1,0,0,0,0,0,0,0,0,1,0,0,0
JUCY,2026-09-25,21.83,21.8479,21.8375,21.488,21.9719,-0.65,0.14,0.41,3995345.0,1,1,1,0,0,0,0,0,0,0,0,0,0,0,0,0,0,0,0,0
JUDB,2026-09-25,26.4311,26.2821,26.1752,,,,0.77,0.27,31037.0,0,0,0,1,1,1,0,0,0,0,0,0,0,0,0,0,0,0,0,0
JUDO,2026-09-24,28.26,28.307,28.2625,,28.9783,-2.48,0.68,0.11,11351.0,0,0,1,0,0,0,0,0,0,0,0,0,0,0,0,0,0,0,0,0
JULB,2026-09-25,28.3012,28.1148,27.9711,26.6633,28.325,-0.08,0.82,0.33,102255.0,1,1,1,1,1,1,0,0,0,0,0,0,0,0,0,0,0,0,0,0
JULC,2026-09-25,25.83,25.681,25.5272,,,,0.78,0.27,3211.0,0,0,0,1,1,1,0,0,0,0,0,0,0,0,0,0,0,0,0,0
JULH,2026-09-25,25.36,25.2825,25.1462,24.6852,25.36,0.0,0.25,0.24,31901.0,1,1,1,1,1,1,0,0,1,0,0,0,0,0,0,0,0,0,0,0
JULI,2026-09-24,24.96,25.3165,25.3464,,,,-1.03,-0.36,19675.0,0,0,0,0,0,0,0,0,0,0,0,0,0,0,0,0,0,1,0,0
JULJ,2026-09-25,25.1645,25.1074,24.9888,24.6203,25.18,-0.06,0.2,0.02,60582.0,1,1,1,1,1,1,0,0,0,0,0,0,0,0,0,0,0,0,0,0
JULM,2026-09-25,35.0112,34.929,34.8662,34.2143,35.0112,0.0,0.35,0.15,214481.0,1,1,1,1,1,1,0,0,1,0,0,0,0,0,0,0,0,1,0,0
JULP,2026-09-24,33.423,33.3005,33.1179,31.8728,33.575,-0.45,0.56,-0.0,117159.0,1,1,1,1,1,1,0,0,0,0,0,0,0,0,0,0,0,0,0,0
JULT,2026-09-24,48.923,48.7561,48.49,46.5311,49.159,-0.48,0.51,0.02,63058.0,1,1,1,1,1,1,0,0,0,0,0,0,0,0,0,0,0,0,0,0
JULU,2026-09-25,32.655,32.453,32.378,30.9142,32.91,-0.77,0.94,0.38,147548.0,1,1,1,1,1,1,0,0,0,0,0,0,0,0,0,0,0,0,0,0
JULW,2026-09-25,41.66,41.464,41.2864,40.1338,41.668,-0.02,0.6,0.27,298870.0,1,1,1,1,1,1,0,0,0,0,0,0,0,0,0,0,0,1,0,0
JULZ,2026-09-25,46.4409,46.1282,45.9733,43.8375,46.739,-0.64,0.96,0.4,57354.0,1,1,1,1,1,1,0,0,0,0,0,0,0,0,0,0,0,0,0,0
JUNC,2026-09-25,25.5398,25.382,25.2662,,,,0.87,0.31,9732.0,0,0,0,1,1,1,0,0,0,0,0,0,0,0,0,0,0,0,0,0
JUNM,2026-09-25,35.455,35.372,35.3054,34.7792,35.455,0.0,0.33,0.16,63370.0,1,1,1,1,1,1,0,0,1,0,0,0,0,0,0,0,0,1,0,0
JUNP,2026-09-25,32.5011,32.2901,32.1298,31.3078,32.554,-0.16,0.84,0.34,377218.0,1,1,1,1,1,1,0,0,0,0,0,0,0,0,0,0,0,0,0,0
JUNT,2026-09-25,38.8203,38.5413,38.3568,37.3184,38.877,-0.15,0.97,0.39,272316.0,1,1,1,1,1,1,0,0,0,0,0,0,0,0,0,0,0,0,0,0
JUNW,2026-09-25,35.065,34.9107,34.7675,34.064,35.12,-0.16,0.61,0.3,939622.0,1,1,1,1,1,1,0,0,0,0,0,0,0,0,0,0,0,0,0,0
JUNZ,2026-09-25,36.0206,35.7924,35.677,34.0155,36.251,-0.64,0.95,0.37,58060.0,1,1,1,1,1,1,0,0,0,0,0,0,0,0,0,0,0,0,0,0
JUSA,2026-09-25,69.24,68.6963,68.4989,64.6187,70.0169,-1.11,1.23,0.49,4530591.0,1,1,1,1,1,1,0,0,0,0,0,0,0,0,0,0,0,0,0,0
JVAL,2026-09-24,58.36,58.9683,58.7631,53.9188,60.409,-3.39,-0.59,-0.6,4672838.0,1,1,1,0,0,0,0,0,0,0,0,0,0,0,0,0,0,0,0,0
JXI,2026-09-24,77.05,80.288,82.3248,82.8899,88.2089,-12.65,-4.14,-0.72,7731126.0,0,0,0,0,0,0,0,0,0,0,1,0,0,0,0,0,0,0,0,0
JXX,2026-09-25,31.7248,31.2071,31.2823,29.2242,33.613,-5.62,1.24,0.26,47118.0,1,1,0,1,1,0,0,0,0,0,0,0,0,0,0,0,0,0,0,0
KAPR,2026-09-25,39.6851,39.9481,40.0143,37.8305,40.438,-1.86,-0.09,0.16,265595.0,1,1,1,0,0,0,0,0,0,0,0,0,0,0,0,0,0,1,0,0
KARS,2026-09-24,28.12,29.5291,29.8976,32.1575,38.01,-26.02,-2.97,-0.85,313168.0,0,0,0,0,0,0,0,0,0,0,0,0,0,0,0,0,0,0,0,1
KAT,2026-09-24,57.323,57.9816,57.6723,55.8236,59.251,-3.25,-0.51,0.11,835082.0,1,1,1,0,0,0,0,0,0,0,0,0,0,0,0,0,0,1,0,0
KAUG,2026-09-25,28.5138,28.7897,28.9676,27.9124,29.5,-3.34,-0.06,0.15,149453.0,1,1,1,0,0,0,0,0,0,0,0,0,0,0,0,0,0,0,0,0
KBA,2026-09-24,31.73,32.4745,33.0226,32.1984,35.4,-10.37,-0.72,-1.31,1458164.0,0,0,0,0,0,0,0,0,0,0,0,0,0,0,0,0,0,0,0,0
KBE,2026-09-24,64.8,67.0587,68.5451,64.0495,71.2666,-9.07,-2.27,0.45,90194313.0,0,1,0,0,0,0,0,0,0,0,0,1,0,0,0,0,0,0,0,0
KBFR,2026-09-25,26.6345,27.0587,27.3595,,28.08,-5.15,-0.51,0.05,113980.0,0,0,0,0,0,0,0,0,0,0,0,0,0,0,0,0,0,0,0,0
KBUF,2026-09-24,25.638,25.8413,26.5741,28.3006,32.5327,-21.19,0.31,-0.22,15070.0,0,0,0,0,0,0,0,0,0,0,0,0,0,0,0,0,0,0,0,0
KBWB,2026-09-24,89.03,93.9539,95.6035,87.6922,99.192,-10.24,-3.07,-0.09,172027148.0,0,1,0,0,0,0,0,0,0,0,1,0,0,0,0,0,0,0,0,0
KBWD,2026-09-24,11.31,11.9433,12.0622,12.191,13.3165,-15.07,-3.93,-1.31,4917926.0,0,0,0,0,0,0,0,0,0,0,1,0,0,0,0,0,0,0,0,1
KBWP,2026-09-24,123.5,130.1078,132.5101,124.2898,139.4097,-11.41,-4.57,-0.58,1911464.0,0,0,0,0,0,0,0,0,0,0,1,0,0,0,0,0,0,0,0,0
KBWY,2026-09-24,16.82,17.4301,17.8674,16.3959,18.8119,-10.59,-2.43,0.12,3526647.0,0,1,0,0,0,0,0,0,0,0,0,0,0,0,0,0,0,0,0,0
KCAI,2026-09-24,32.855,33.2161,32.8137,31.873,33.67,-2.42,-0.86,-0.85,17159.0,1,1,1,0,1,0,0,0,0,0,0,0,0,0,0,0,0,0,0,0
KCCA,2026-09-24,16.465,16.885,16.9873,16.094,17.57,-6.29,-0.87,1.2,274826.0,1,1,0,0,0,0,0,0,0,0,0,0,0,0,0,0,0,0,0,0
KCE,2026-09-24,156.42,163.468,163.1646,151.9111,171.2438,-8.66,-0.02,-0.46,7573968.0,0,1,0,0,0,0,0,0,0,0,0,0,0,0,0,0,0,0,0,0
KDEC,2026-09-25,28.4031,28.6022,28.6292,27.2667,28.948,-1.88,-0.17,0.17,108656.0,1,1,1,0,0,0,0,0,0,0,0,0,0,0,0,0,0,0,0,0
KDEF,2026-09-24,40.01,42.3174,41.4058,49.9097,65.3,-38.73,-9.19,-2.68,1383012.0,0,0,0,0,0,0,0,0,0,0,0,0,0,0,0,0,0,0,0,0
KDVD,2026-09-24,27.764,28.6223,28.8305,27.1974,29.496,-5.87,-2.17,-0.76,5993.0,0,1,0,0,0,0,0,0,0,0,1,0,0,0,0,0,0,0,0,0
KEAT,2026-09-25,33.465,34.3142,33.9419,32.8894,35.17,-4.85,-1.67,-0.27,74803.0,0,1,1,0,0,0,0,0,0,0,0,0,0,0,0,0,0,0,0,0
KEMQ,2026-09-24,25.03,25.4834,25.5864,25.1223,27.98,-10.54,-0.68,-1.46,22777.0,0,0,0,0,0,0,0,0,0,0,0,0,0,0,0,0,0,0,0,0
KEMX,2026-09-24,51.422,51.5935,50.1089,45.7655,54.48,-5.61,-0.3,-0.55,305855.0,1,1,0,0,1,0,0,0,0,0,0,0,0,0,0,0,0,0,0,0
KFEB,2026-09-24,30.745,31.1295,31.2025,29.718,31.62,-2.77,-0.77,-0.1,51422.0,1,1,1,0,0,0,0,0,0,0,0,0,0,0,0,0,0,0,0,0
KGRN,2026-09-24,21.564,22.2623,23.2685,26.353,32.2434,-33.12,-0.54,-0.05,260573.0,0,0,0,0,0,0,0,0,0,0,1,0,0,0,0,0,0,0,0,1
KHPI,2026-09-24,26.07,25.8955,25.8609,24.9066,26.2414,-0.65,0.58,-0.04,2455482.0,1,1,1,1,1,1,0,0,0,0,0,0,0,0,0,0,0,0,0,0
KIE,2026-09-24,59.67,62.3832,63.2895,59.0197,66.2526,-9.94,-4.12,-0.7,75737263.0,0,1,0,0,0,0,0,0,0,0,0,0,0,0,0,0,0,0,0,0
KIQQ,2026-09-25,25.3515,24.9279,24.7838,,26.1986,-3.23,1.28,0.3,5749.0,0,0,1,1,1,1,0,0,0,0,0,0,0,0,0,0,0,1,0,0
KJAN,2026-09-25,45.826,46.0624,46.0552,44.0338,46.455,-1.35,-0.1,0.14,279915.0,1,1,1,0,0,0,0,0,0,0,0,0,0,0,0,0,0,0,0,0
KJUL,2026-09-24,33.14,33.5592,33.7944,33.0452,34.429,-3.74,-0.69,-0.03,559820.0,1,1,1,0,0,0,0,0,0,0,0,0,0,0,0,0,0,0,0,0
KJUN,2026-09-25,29.15,29.4928,29.7222,28.9682,30.285,-3.75,-0.36,-0.0,265890.0,1,1,1,0,0,0,0,0,0,0,0,0,0,0,0,0,0,0,0,0
KLIP,2026-09-24,22.51,22.6857,23.1682,24.107,27.0777,-16.87,1.35,-0.62,658584.0,0,0,0,0,0,0,0,0,0,0,0,0,0,0,0,0,0,0,0,0
KLMN,2026-09-25,31.7203,31.4533,31.2835,29.3665,31.9444,-0.7,1.37,0.45,38534.0,1,1,1,1,1,1,0,0,0,0,0,0,0,0,0,0,0,0,0,0
KLMT,2026-09-24,34.93,35.0292,34.8307,32.7125,35.5213,-1.66,0.06,-0.32,11366.0,1,1,1,0,1,0,0,0,0,0,0,0,0,0,0,0,0,1,0,0
KMAR,2026-09-25,31.8324,32.152,32.2771,30.7272,32.72,-2.71,-0.33,0.07,45521.0,1,1,1,0,0,0,0,0,0,0,0,0,0,0,0,0,0,0,0,0
KMAY,2026-09-25,29.8757,30.1931,30.3829,29.3989,30.909,-3.34,-0.3,0.22,218272.0,1,1,1,0,0,0,0,0,0,0,0,0,0,0,0,0,0,0,0,0
KMCA,2026-09-24,19.5,19.8635,18.7644,,,,-1.86,-1.56,34897.0,0,0,0,0,1,0,0,0,0,0,0,0,0,0,0,0,0,0,0,0
KMEM,2026-09-24,20.34,19.4445,18.4156,,,,4.63,-1.45,1177328.0,0,0,0,1,1,1,0,0,0,0,0,0,0,0,0,0,0,0,0,0
KMID,2026-09-25,23.7153,23.8008,24.675,24.8461,25.9454,-8.6,1.34,0.66,216689.0,0,0,0,0,0,0,0,0,0,0,0,0,0,0,0,0,0,0,0,0
KMLM,2026-09-24,31.07,30.523,29.6577,28.1101,31.11,-0.13,0.78,0.0,13815317.0,1,1,1,1,1,1,0,0,0,0,0,0,0,0,0,0,0,0,0,0
KNCT,2026-09-24,206.74,199.3793,195.093,170.032,218.6497,-5.45,3.11,-0.27,378821.0,0,1,0,1,1,1,0,0,0,0,0,0,0,0,0,0,0,0,0,0
KNG,2026-09-24,48.52,49.8617,50.4196,48.4634,51.7845,-6.3,-1.67,-0.75,17995606.0,0,1,0,0,0,0,0,0,0,0,0,0,0,0,0,0,0,0,0,0
KNGZ,2026-09-24,40.795,41.7767,41.6159,38.5955,42.7381,-4.55,-2.05,-0.93,292245.0,1,1,1,0,0,0,0,0,0,0,0,0,0,0,0,0,0,0,0,0
KNO,2026-09-24,63.146,63.1638,63.288,58.2096,65.236,-3.2,1.65,0.17,40149.0,1,1,1,0,0,0,0,0,0,0,0,0,0,0,0,0,0,0,0,0
KNOV,2026-09-24,31.71,32.0545,32.0388,30.4282,32.364,-2.02,-0.75,-0.09,91664.0,1,1,1,0,0,0,0,0,0,0,0,0,0,0,0,0,0,0,0,0
KNOW,2026-09-24,12.685,12.8186,12.9418,12.4169,13.198,-3.89,0.04,-0.43,8156.0,1,1,1,0,0,0,0,0,0,0,0,0,0,0,0,0,0,0,0,0
KOCT,2026-09-25,38.0184,37.9848,37.8344,35.9291,38.22,-0.53,0.15,0.37,240407.0,1,1,1,1,1,1,0,0,0,0,0,0,0,0,0,0,0,0,0,0
KOKU,2026-09-24,133.162,133.2711,132.7764,125.2075,135.6321,-1.82,0.41,0.02,16665.0,1,1,1,0,1,0,0,0,0,0,0,0,0,0,0,0,0,0,0,0
KOMP,2026-09-24,67.51,67.0413,67.5855,65.4058,75.0301,-10.02,0.79,-0.12,4027913.0,1,1,0,1,0,0,0,0,0,0,0,0,0,0,0,0,0,0,0,0
KONG,2026-09-25,32.7657,32.7285,32.5248,31.1737,33.684,-2.73,1.13,0.48,23182.0,1,1,1,1,1,1,0,0,0,0,0,0,0,0,0,0,0,0,0,0
KOOL,2026-09-25,14.7177,14.698,14.592,13.857,14.917,-1.34,0.25,0.2,29651.0,1,1,1,1,1,1,0,0,0,0,0,0,0,0,0,0,0,1,0,0
KPHO,2026-09-24,22.686,23.06,22.5217,23.6686,26.289,-13.71,-1.76,0.0,6975.0,0,0,0,0,1,0,0,0,0,0,0,0,0,0,0,0,0,0,0,0
KPRO,2026-09-24,26.434,26.4907,26.8031,27.5674,30.5161,-13.38,0.19,-0.11,3311.0,0,0,0,0,0,0,0,0,0,0,0,0,0,0,0,0,0,0,0,0
KQQQ,2026-09-24,29.399,28.5194,28.2796,26.5118,30.0927,-2.31,2.96,0.17,1771081.0,0,1,1,1,1,1,0,0,0,0,0,0,0,0,0,0,0,0,0,0
KRBN,2026-09-24,34.0,34.5824,34.3102,32.7697,36.43,-6.67,-1.13,1.04,1163786.0,1,1,0,0,0,0,0,0,0,0,0,0,0,0,0,0,0,0,0,0
KRE,2026-09-24,70.94,72.9441,74.6532,69.6648,77.4887,-8.45,-1.92,0.8,996510798.0,0,1,0,0,0,0,0,0,0,0,0,1,0,0,0,0,0,0,0,0
KROP,2026-09-24,36.37,37.729,36.3375,34.5899,39.266,-7.38,-3.26,-1.93,779579.0,0,1,0,0,1,0,0,0,0,0,0,0,0,0,0,0,0,0,0,0
KRYP,2026-09-25,24.7421,22.724,20.2545,,25.13,-1.54,5.74,0.66,91440.0,0,0,1,1,1,1,0,0,0,0,0,0,0,0,0,0,0,0,0,0
KSA,2026-09-24,36.89,38.0285,37.7963,37.7557,40.0182,-7.82,-1.52,-0.81,17785129.0,0,0,0,0,0,0,0,0,0,0,0,0,0,0,0,0,0,0,0,0
KSEP,2026-09-25,30.7872,31.0874,31.1181,29.7282,31.48,-2.2,-0.17,0.14,1134207.0,1,1,1,0,0,0,0,0,0,0,0,0,0,0,0,0,0,0,0,0
KSPY,2026-09-25,30.18,29.9734,29.8179,28.596,30.18,0.0,0.67,0.23,2279026.0,1,1,1,1,1,1,0,0,1,0,0,0,0,0,0,0,0,0,0,0
KSTR,2026-09-24,23.55,23.4825,24.197,22.6068,32.35,-27.2,-0.3,-2.0,19443634.0,1,1,0,1,0,0,0,0,0,0,0,0,0,0,0,0,0,0,0,0
KTEC,2026-09-24,12.02,12.3173,12.9191,14.0673,18.8851,-36.35,0.25,-0.83,990984.0,0,0,0,0,0,0,0,0,0,0,0,0,0,0,0,0,0,0,0,0
KURE,2026-09-24,18.575,18.5584,18.2462,17.4095,20.6259,-9.94,1.61,-2.34,1020311.0,1,1,0,1,1,1,0,0,0,0,0,0,0,0,0,0,0,0,0,0
KVLE,2026-09-25,28.1976,28.6336,28.8097,27.039,29.54,-4.54,-0.35,0.56,65931.0,1,1,1,0,0,0,0,0,0,0,0,0,0,0,0,0,0,0,0,0
KWEB,2026-09-24,24.69,25.158,26.4926,29.4317,40.4742,-39.0,1.19,-0.64,323186211.0,0,0,0,0,0,0,0,0,0,0,0,0,0,0,0,0,0,0,0,0
KWIN,2026-09-24,25.855,25.8208,25.7519,25.5175,26.01,-0.6,0.14,-0.14,311323.0,1,1,1,1,1,1,0,0,0,0,0,0,0,0,0,0,0,0,0,0
KWT,2026-09-24,37.03,37.5223,37.0957,36.9056,39.371,-5.95,-1.19,0.58,133872.0,1,1,0,0,0,0,0,0,0,0,0,0,0,0,0,0,0,0,0,0
KXI,2026-09-24,66.41,67.6565,68.5134,67.6003,72.6925,-8.64,-1.35,-0.46,8001209.0,0,0,0,0,0,0,0,0,0,0,0,0,0,0,0,0,0,0,0,0
KYC,2026-09-24,25.56,26.6855,26.5786,,,,-1.54,0.2,11192.0,0,0,0,0,0,0,0,0,0,0,0,0,0,0,0,0,0,1,0,0
KYLD,2026-09-24,20.53,20.1153,20.1174,19.0749,21.8035,-5.84,2.73,0.05,857599.0,1,1,0,1,1,0,0,0,0,0,0,0,0,0,0,0,0,0,0,0
LADM,2026-09-24,32.93,32.8195,32.6412,,,,0.43,-0.03,22480.0,0,0,0,1,1,1,0,0,0,0,0,0,0,0,0,0,0,1,0,0
LALT,2026-09-25,24.75,24.6977,24.4311,23.9568,24.895,-0.58,-0.58,-0.32,3323287.0,1,1,1,1,1,1,0,0,0,0,0,0,0,0,0,0,0,0,0,0
LAPR,2026-09-25,25.22,25.2303,25.1658,24.668,25.27,-0.2,-0.1,0.04,25885.0,1,1,1,0,1,0,0,0,0,0,0,0,0,0,0,0,0,0,0,0
LATR,2026-09-25,26.13,27.0125,27.7288,,,,-0.99,0.19,12611.0,0,0,0,0,0,0,0,0,0,0,0,0,0,0,0,0,0,0,0,0
LAZR,2026-09-24,44.09,43.2455,42.4228,,,,2.06,-0.47,5067868.0,0,0,0,1,1,1,0,0,0,0,0,0,0,0,0,0,0,0,0,0
LBO,2026-09-24,24.653,26.1125,26.1756,25.6416,29.2956,-15.85,-3.31,-1.19,44912.0,0,0,0,0,0,0,0,0,0,0,0,0,0,0,0,0,0,1,0,0
LCAP,2026-09-24,33.84,33.5071,33.5009,31.6416,34.277,-1.27,1.38,0.18,1381314.0,1,1,1,1,1,1,0,0,0,0,0,0,0,0,0,0,0,0,0,0
LCDS,2026-09-25,74.1015,73.5126,73.1605,68.6175,74.6871,-0.78,1.16,0.49,13634.0,1,1,1,1,1,1,0,0,0,0,0,0,0,0,0,0,0,0,0,0
LCF,2026-09-25,46.3284,46.2046,45.76,43.2302,46.87,-1.16,0.88,0.57,33648.0,1,1,1,1,1,1,0,0,0,0,0,0,0,0,0,0,0,0,0,0
LCLG,2026-09-25,71.0693,69.8684,71.1482,67.6149,76.046,-6.54,2.67,0.1,25999.0,1,1,0,1,0,0,0,0,0,0,0,0,0,0,0,0,0,0,0,0
LCO,2026-09-24,28.297,28.3974,27.5433,,29.092,-2.73,0.91,-0.25,2840.0,0,0,1,0,1,0,0,0,0,0,0,0,0,0,0,0,0,0,0,0
LCOW,2026-09-25,26.874,26.5561,26.3565,24.6276,26.9094,-0.13,1.7,0.28,125044.0,1,1,1,1,1,1,0,0,0,0,0,0,0,0,0,0,0,0,0,0
LCR,2026-09-25,40.3691,40.4866,40.2974,39.0558,40.964,-1.45,0.22,0.28,333388.0,1,1,1,0,1,0,0,0,0,0,0,0,0,0,0,0,0,0,0,0
LCTD,2026-09-24,58.365,59.3865,59.3422,57.0337,60.741,-3.91,-1.5,-0.38,1414087.0,1,1,1,0,0,0,0,0,0,0,0,0,0,0,0,0,0,0,0,0
LCTU,2026-09-24,82.22,82.1521,81.7107,76.9324,83.5442,-1.58,0.61,-0.1,5911688.0,1,1,1,1,1,1,0,0,0,0,0,0,0,0,0,0,0,0,0,0
LDDR,2026-09-24,74.88,75.7786,76.1547,76.5224,77.7585,-3.7,-0.94,-0.22,136867.0,0,0,1,0,0,0,0,0,0,0,1,0,0,0,0,0,0,0,0,1
LDEM,2026-09-24,60.876,61.5444,60.6576,60.3191,64.1473,-5.1,-0.58,-0.7,60023.0,1,1,0,0,1,0,0,0,0,0,0,0,0,0,0,0,0,0,0,0
LDRX,2026-09-25,37.3206,36.7798,36.387,34.1752,37.43,-0.29,1.54,0.54,127171.0,1,1,1,1,1,1,0,0,0,0,0,0,0,0,0,0,0,1,0,0
LEGR,2026-09-24,65.856,66.5576,65.8562,62.2279,67.6104,-2.59,-0.76,-0.05,95420.0,1,1,1,0,0,0,0,0,0,0,0,0,0,0,0,0,0,0,0,0
LENS,2026-09-24,44.466,46.2453,44.1661,43.7928,50.7,-12.3,-3.15,-0.69,253171.0,0,1,0,0,1,0,0,0,0,0,0,0,0,0,0,0,0,0,0,0
LEXI,2026-09-25,40.6421,40.5039,40.5626,38.3595,41.295,-1.58,0.88,0.41,564690.0,1,1,1,1,1,0,0,0,0,0,0,0,0,0,0,0,0,0,0,0
LFAI,2026-09-24,140.764,143.6841,144.5864,146.8703,151.8615,-7.31,-2.03,-0.75,17257.0,0,0,0,0,0,0,0,0,0,0,0,0,0,0,0,0,0,0,0,1
LFAO,2026-09-24,153.228,156.5634,157.5429,160.4308,166.4505,-7.94,-2.23,-0.86,16443.0,0,0,0,0,0,0,0,0,0,0,0,0,0,0,0,0,0,0,0,1
LFAW,2026-09-24,163.15,166.855,167.9485,171.4316,178.3954,-8.55,-2.38,-0.95,18333.0,0,0,0,0,0,0,0,0,0,0,0,0,0,0,0,0,0,0,0,1
LFBE,2026-09-24,171.487,175.5572,176.7429,180.8561,188.7136,-9.13,-2.55,-1.05,21941.0,0,0,0,0,0,0,0,0,0,0,0,0,0,0,0,0,0,0,0,1
LFDR,2026-09-24,171.618,175.6788,176.8534,180.9456,188.8049,-9.1,-2.54,-1.05,17568.0,0,0,0,0,0,0,0,0,0,0,0,0,0,0,0,0,0,0,0,1
LFEQ,2026-09-24,61.17,60.8904,60.5503,57.0483,61.84,-1.08,0.84,0.02,31345.0,1,1,1,1,1,1,0,0,0,0,0,0,0,0,0,0,0,1,0,0
LFGY,2026-09-24,20.35,19.8141,19.028,18.2286,22.279,-8.66,4.48,-0.54,716901.0,1,1,0,1,1,1,0,0,0,0,0,0,0,0,0,0,0,0,0,0
LFSC,2026-09-25,44.4638,45.5313,46.1626,39.9732,48.438,-8.2,-1.5,-0.47,133517.0,1,1,0,0,0,0,0,0,0,0,0,0,0,0,0,0,0,0,0,0
LGDX,2026-09-24,25.448,25.476,25.4333,24.0113,26.12,-2.57,0.32,-0.03,5213.0,1,1,1,0,1,0,0,0,0,0,0,0,0,0,0,0,0,0,0,0
LGH,2026-09-24,66.346,65.9058,65.4376,62.6462,67.392,-1.55,1.09,0.07,1386486.0,1,1,1,1,1,1,0,0,0,0,0,0,0,0,0,0,0,0,0,0
LGHT,2026-09-24,10.428,10.0672,9.4794,9.1891,10.665,-2.22,3.74,1.49,15646.0,0,1,1,1,1,1,0,0,0,0,0,0,0,0,0,0,0,0,0,0
LGRO,2026-09-25,47.2605,46.7506,46.2498,42.1514,47.9887,-1.52,1.86,0.16,339995.0,1,1,1,1,1,1,0,0,0,0,0,0,0,0,0,0,0,0,0,0
LIAE,2026-09-24,195.107,200.1295,201.2452,203.922,208.5651,-6.45,-2.06,-0.9,20013.0,0,0,0,0,0,0,0,0,0,0,1,0,0,0,0,0,0,0,0,1
LIAM,2026-09-25,220.387,226.0256,227.757,231.736,238.699,-7.67,-1.69,0.09,26089.0,0,0,0,0,0,0,0,0,0,0,1,0,0,0,0,0,0,0,0,0
LIAU,2026-09-24,242.959,250.2484,251.8528,256.8794,266.7474,-8.92,-2.52,-1.2,25025.0,0,0,0,0,0,0,0,0,0,0,1,0,0,0,0,0,0,0,0,1
LIBD,2026-09-24,257.86,265.5206,267.0435,273.0632,285.8363,-9.79,-2.61,-1.32,43945.0,0,0,0,0,0,0,0,0,0,0,0,0,0,0,0,0,0,0,0,1
LIFT,2026-09-24,21.744,21.7766,21.7697,21.6389,21.8201,-0.35,0.02,-0.0,28970.0,1,1,1,0,0,0,0,0,0,0,0,0,0,0,0,0,0,0,0,0
LIT,2026-09-24,68.82,72.492,72.199,74.4864,91.2278,-24.56,-2.93,-1.09,14764355.0,0,0,0,0,0,0,0,0,0,0,0,0,0,0,0,0,0,0,0,0
LITL,2026-09-24,33.369,33.7277,34.0508,31.4043,35.1239,-5.0,-0.12,-0.26,44924.0,1,1,1,0,0,0,0,0,0,0,0,0,0,0,0,0,0,0,0,0
LITP,2026-09-24,9.78,10.8978,10.8973,13.1533,18.17,-46.18,-4.23,-4.15,533041.0,0,0,0,0,0,0,0,0,0,0,0,0,0,0,0,0,0,0,0,0
LJAN,2026-09-25,24.8,24.7395,24.6638,24.2025,24.8,0.0,0.2,0.04,40075.0,0,1,1,1,1,1,0,0,1,0,0,0,0,0,0,0,0,0,0,0
LJUL,2026-09-25,24.0,23.9654,23.8767,23.5024,24.005,-0.02,0.17,0.06,12183.0,1,1,1,1,1,1,0,0,0,0,0,0,0,0,0,0,0,0,0,0
LOCT,2026-09-25,23.91,23.8811,23.825,23.433,23.92,-0.04,0.06,0.02,34399.0,0,1,1,1,1,1,0,0,0,0,0,0,0,0,0,0,0,0,0,0
LOGO,2026-09-25,20.4335,20.5723,20.7076,20.4939,22.269,-8.24,0.79,-0.01,15457.0,0,0,0,0,0,0,0,0,0,0,0,0,0,0,0,0,0,0,0,0
LOHA,2026-09-24,24.98,25.819,26.236,,,,-1.73,-0.72,438870.0,0,0,0,0,0,0,0,0,0,0,1,0,0,0,0,0,0,0,0,0
LOPP,2026-09-25,35.8498,36.5064,37.3619,36.5241,39.837,-10.01,-0.44,0.38,8824.0,0,0,0,0,0,0,0,0,0,0,0,0,0,0,0,0,0,0,0,0
LOTI,2026-09-25,25.4278,25.7965,25.9627,25.5653,26.2535,-3.15,-0.93,0.09,175751.0,0,0,1,0,0,0,0,0,0,0,0,1,0,0,0,0,0,0,0,0
LOUP,2026-09-24,91.18,87.4896,89.1067,83.5557,99.835,-8.67,6.63,0.75,1151220.0,0,1,0,1,1,0,0,0,0,0,0,0,0,0,0,0,0,0,0,0
LPRE,2026-09-24,27.33,28.3809,29.3775,28.1356,30.7,-10.98,-1.62,0.22,599541.0,0,0,0,0,0,0,0,0,0,0,1,0,0,0,0,0,0,1,0,0
LQ,2026-09-25,23.8642,24.3447,24.1235,,,,-2.48,-1.18,15794.0,0,0,0,0,0,0,0,0,0,0,0,0,0,0,0,0,0,0,0,0
LQAI,2026-09-24,46.882,46.099,45.6341,42.6794,48.13,-2.59,2.07,0.07,17674.0,1,1,1,1,1,1,0,0,0,0,0,0,0,0,0,0,0,0,0,0
LRGC,2026-09-24,86.21,85.9385,85.9364,81.001,87.98,-2.01,0.9,0.22,2536174.0,1,1,1,1,1,1,0,0,0,0,0,0,0,0,0,0,0,0,0,0
LRGE,2026-09-25,90.733,88.9384,87.488,83.3602,91.297,-0.62,2.01,-0.08,666792.0,1,1,1,1,1,1,0,0,0,0,0,0,0,0,0,0,0,0,0,0
LRGF,2026-09-24,78.33,78.0375,77.4453,72.3872,79.1429,-1.03,0.66,0.0,10495359.0,1,1,1,1,1,1,0,0,0,0,0,0,0,0,0,0,0,0,0,0
LRGG,2026-09-24,29.88,29.785,29.391,28.2095,30.5967,-2.34,0.86,0.17,614396.0,1,1,1,1,1,1,0,0,0,0,0,0,0,0,0,0,0,0,0,0
LRND,2026-09-24,47.789,46.6332,46.0457,42.5263,48.147,-0.74,2.46,0.46,1681641.0,1,1,1,1,1,1,0,0,0,0,0,0,0,0,0,0,0,0,0,0
LRNZ,2026-09-24,69.506,63.7841,62.2586,52.0834,69.618,-0.16,6.09,0.05,147321.0,0,1,1,1,1,1,0,0,0,0,0,0,0,0,0,0,0,1,0,0
LSAF,2026-09-25,53.99,55.0395,55.045,49.8484,56.49,-4.43,-0.99,0.61,829185.0,1,1,1,0,0,0,0,0,0,0,0,0,0,0,0,0,0,0,0,0
LSAT,2026-09-25,44.94,46.1108,46.2996,42.4093,47.528,-5.45,-1.33,0.04,432880.0,0,1,0,0,0,0,0,0,0,0,0,0,0,0,0,0,0,0,0,0
LSCP,2026-09-24,24.06,24.4484,24.5737,,,,-1.39,-0.5,44295.0,0,0,0,0,0,0,0,0,0,0,1,0,0,0,0,0,0,0,0,0
LSGR,2026-09-24,45.52,45.239,44.2821,43.4241,46.22,-1.51,0.95,0.2,1470228.0,1,1,1,1,1,1,0,0,0,0,0,0,0,0,0,0,0,0,0,0
LST,2026-09-25,47.42,47.7465,47.4052,44.2465,48.55,-2.33,-0.21,0.51,7999699.0,1,1,1,0,1,0,0,0,0,0,0,0,0,0,0,0,0,0,0,0
LSVD,2026-09-24,36.259,36.3826,35.8759,32.7309,36.859,-1.63,-0.55,-0.24,35067.0,1,1,1,0,1,0,0,0,0,0,0,0,0,0,0,0,0,0,0,0
LTAX,2026-09-24,23.621,24.1609,24.5112,,25.249,-6.45,-2.01,-0.62,7285.0,0,0,0,0,0,0,0,0,0,0,1,0,0,0,0,0,0,0,0,1
LTCC,2026-09-24,17.402,13.2486,12.0642,13.6512,26.311,-33.86,32.84,16.53,823399.0,0,1,0,1,1,1,1,1,0,0,0,0,1,1,1,1,1,1,0,0
LVDS,2026-09-24,58.912,59.6728,59.7763,54.511,60.9172,-3.29,-0.68,-0.19,367478.0,1,1,1,0,0,0,0,0,0,0,0,0,0,0,0,0,0,0,0,0
LYLD,2026-09-24,32.12,33.0621,32.6756,30.0179,33.7733,-4.9,-2.97,-0.47,34295.0,0,1,1,0,0,0,0,0,0,0,0,0,0,0,0,0,0,0,0,0
MAAY,2026-09-24,5.16,5.094,5.0997,5.5071,8.8258,-41.54,1.9,0.19,259718.0,0,0,0,1,1,0,0,0,0,0,0,0,0,0,0,0,0,1,0,0
MADE,2026-09-24,35.05,35.3533,36.4429,35.5988,39.4606,-11.18,0.55,-1.03,377942.0,0,0,0,0,0,0,0,0,0,0,0,0,0,0,0,0,0,0,0,0
MAGA,2026-09-24,54.418,56.0505,56.8591,54.8985,58.453,-6.9,-1.65,-0.39,43211.0,0,0,0,0,0,0,0,0,0,0,1,0,0,0,0,0,0,0,0,0
MAGC,2026-09-24,18.009,18.461,19.3925,20.7113,28.2991,-36.36,0.54,-0.44,178070.0,0,0,0,0,0,0,0,0,0,0,0,0,0,0,0,0,0,0,0,0
MAGS,2026-09-24,72.51,70.066,68.1104,65.5472,72.97,-0.63,2.44,0.6,280984165.0,0,1,1,1,1,1,0,0,0,0,0,0,0,0,0,0,0,0,0,0
MAGY,2026-09-24,43.495,42.2216,41.2125,41.6071,44.2341,-1.67,1.52,0.31,1422166.0,0,1,1,1,1,1,1,1,0,0,0,0,0,0,0,0,1,0,0,0
MAKX,2026-09-24,67.503,65.3865,66.5975,61.2995,74.8389,-9.8,4.47,-0.11,29659.0,0,1,0,1,1,0,0,0,0,0,0,0,0,0,0,0,0,0,0,0
MAMB,2026-09-24,23.13,23.5264,23.6146,23.8056,24.3717,-5.09,-1.64,-0.59,1134730.0,0,0,0,0,0,0,0,0,0,0,0,0,0,0,0,0,0,0,0,0
MANI,2026-09-25,25.765,26.0777,25.9475,25.2583,26.27,-1.92,-1.62,-0.05,234475.0,0,1,1,0,0,0,0,0,0,0,0,0,0,0,0,0,0,0,0,0
MARM,2026-09-24,34.54,34.504,34.4061,33.7731,34.57,-0.09,0.07,0.03,126478.0,1,1,1,1,1,1,0,0,0,0,0,0,0,0,0,0,0,0,0,0
MARO,2026-09-24,4.36,4.1553,4.1024,4.2483,8.5493,-49.0,5.83,-3.96,1911548.0,0,1,0,1,1,1,0,0,0,0,0,0,0,0,0,0,0,0,0,0
MARS,2026-09-24,25.9,25.3645,25.5608,,45.59,-43.19,-0.04,0.97,556162.0,0,0,0,1,1,0,0,0,0,0,0,0,0,0,0,0,0,0,0,0
MART,2026-09-25,43.2001,42.9227,42.6541,40.678,43.224,-0.06,0.79,0.3,34380.0,1,1,1,1,1,1,0,0,0,0,0,0,0,0,0,0,0,0,0,0
MARU,2026-09-24,30.169,30.0732,30.0023,28.7859,30.606,-1.43,0.72,0.1,22520.0,1,1,1,1,1,1,0,0,0,0,0,0,0,0,0,0,0,1,0,0
MARW,2026-09-25,36.9497,36.7617,36.5859,35.4322,36.9497,0.0,0.54,0.23,87296.0,0,1,1,1,1,1,1,1,1,0,0,0,0,0,0,0,1,0,0,0
MARZ,2026-09-24,37.378,37.272,37.1639,35.5621,37.83,-1.19,0.68,-0.03,35893.0,1,1,1,1,1,1,0,0,0,0,0,0,0,0,0,0,0,0,0,0
MATE,2026-09-25,32.9016,31.7495,31.0876,,32.906,-0.01,3.54,-0.01,1006976.0,0,0,1,1,1,1,0,0,0,0,0,0,0,0,0,0,0,0,0,0
MATR,2026-09-25,28.1646,28.0636,27.8314,27.2509,28.35,-0.65,0.87,0.5,21248.0,1,1,1,1,1,1,0,0,0,0,0,0,0,0,0,0,0,0,0,0
MAUG,2026-09-25,33.5042,33.3202,33.1511,,,,0.67,0.34,5334.0,0,0,0,1,1,1,0,0,0,0,0,0,0,0,0,0,0,0,0,0
MAVF,2026-09-25,140.1,138.691,138.9891,130.5529,142.262,-1.52,1.6,1.21,86209.0,1,1,1,1,1,0,0,0,0,0,0,0,0,0,0,0,0,0,0,0
MAXI,2026-09-24,15.662,14.1523,11.5354,11.1494,26.1398,-40.08,21.65,-0.55,445813.0,0,1,0,1,1,1,0,0,0,0,0,0,0,0,1,0,0,0,0,0
MAXJ,2026-09-24,29.48,29.4378,29.3657,28.7609,29.52,-0.14,0.22,0.0,364334.0,1,1,1,1,1,1,0,0,0,0,0,0,0,0,0,0,0,0,0,0
MAYC,2026-09-25,26.2831,26.1727,26.0341,,,,0.7,0.24,51046.0,0,0,0,1,1,1,0,0,0,0,0,0,0,0,0,0,0,0,0,0
MAYM,2026-09-24,33.28,33.2246,33.1446,32.685,33.305,-0.08,0.2,0.07,49319.0,1,1,1,1,1,1,0,0,0,0,0,0,0,0,0,0,0,1,0,0
MAYP,2026-09-25,33.3843,33.1727,32.9736,31.884,33.41,-0.08,0.71,0.29,101279.0,1,1,1,1,1,1,0,0,0,0,0,0,0,0,0,0,0,0,0,0
MAYT,2026-09-25,40.1261,39.8647,39.6366,38.2151,40.18,-0.13,0.74,0.3,490225.0,1,1,1,1,1,1,0,0,0,0,0,0,0,0,0,0,0,0,0,0
MAYU,2026-09-24,34.684,34.5959,34.5182,32.8788,35.171,-1.38,0.66,0.03,103359.0,1,1,1,1,1,1,0,0,0,0,0,0,0,0,0,0,0,0,0,0
MAYW,2026-09-25,35.595,35.4333,35.2552,34.3712,35.65,-0.15,0.48,0.1,771103.0,1,1,1,1,1,1,0,0,0,0,0,0,0,0,0,0,0,0,0,0
MAYZ,2026-09-24,36.811,36.7036,36.5758,34.8272,37.228,-1.12,0.69,-0.02,24158.0,1,1,1,1,1,1,0,0,0,0,0,0,0,0,0,0,0,0,0,0
MBBA,2026-09-24,47.06,48.171,48.508,,49.5329,-4.99,-2.26,-0.61,29157821.0,0,0,1,0,0,0,0,0,0,0,1,0,0,0,0,0,0,0,0,1
MBCE,2026-09-24,38.775,37.4583,37.6613,37.3929,41.5612,-6.7,6.04,0.09,635735.0,0,1,0,1,1,0,0,0,0,0,0,0,0,0,0,0,0,0,0,0
MBOX,2026-09-24,40.441,41.8536,42.016,38.6767,43.09,-6.15,-2.53,-0.46,117540.0,0,1,0,0,0,0,0,0,0,0,1,0,0,0,0,0,0,0,0,0
MBS,2026-09-24,8.295,8.4317,8.4793,8.4949,8.6179,-3.75,-1.25,-0.63,2904260.0,0,0,1,0,0,0,0,0,0,0,1,0,0,0,0,0,0,0,0,0
MCDS,2026-09-25,65.8993,66.5209,67.5941,63.5319,70.2199,-6.15,0.45,0.34,49044.0,1,1,0,0,0,0,0,0,0,0,0,0,0,0,0,0,0,0,0,0
MCH,2026-09-24,27.603,28.019,28.0963,28.395,30.364,-9.09,0.36,-1.2,62826.0,0,0,0,0,0,0,0,0,0,0,0,0,0,0,0,0,0,0,0,0
MCHI,2026-09-24,52.82,53.7325,54.4788,56.8173,65.7454,-19.66,0.28,-0.66,83986742.0,0,0,0,0,0,0,0,0,0,0,0,0,0,0,0,0,0,0,0,0
MCHS,2026-09-24,39.997,40.5507,41.3039,40.4745,52.616,-23.98,0.33,-0.96,61809.0,0,0,0,0,0,0,0,0,0,0,0,0,0,0,0,0,0,0,0,0
MCOW,2026-09-24,21.781,21.5678,21.6611,20.355,22.6394,-3.79,1.12,0.37,6159.0,1,1,1,1,1,0,0,0,0,0,0,0,0,0,0,0,0,1,0,0
MCVT,2026-09-25,27.55,27.6746,28.105,,28.9348,-4.79,0.69,0.36,727767.0,0,0,1,0,0,0,0,0,0,0,0,0,0,0,0,0,0,0,0,0
MDAA,2026-09-24,116.747,116.8417,116.0972,110.6398,122.642,-4.81,0.62,0.1,16986.0,1,1,1,0,1,0,0,0,0,0,0,0,0,0,0,0,0,0,0,0
MDCR,2026-09-24,32.99,32.876,32.711,,,,0.4,0.0,3288.0,0,0,0,1,1,1,0,0,0,0,0,0,0,0,0,0,0,0,0,0
MDEV,2026-09-24,20.71,20.7095,20.6626,19.9927,21.7816,-4.92,1.19,0.46,18334.0,1,1,1,1,1,1,0,0,0,0,0,0,0,0,0,0,0,0,0,0
MDIV,2026-09-24,16.03,16.4622,16.5597,15.9349,16.7403,-4.24,-1.91,-0.52,976798.0,0,1,1,0,0,0,0,0,0,0,1,0,0,0,0,0,0,0,0,0
MDLV,2026-09-25,30.4904,31.3954,31.5656,30.3721,32.084,-4.97,-2.07,-0.03,389436.0,0,1,1,0,0,0,0,0,0,0,1,0,0,0,0,0,0,1,0,0
MDPL,2026-09-25,27.57,29.3354,29.0304,26.9253,30.9259,-10.85,-4.24,0.33,194570.0,0,1,0,0,0,0,0,0,0,0,0,1,0,0,0,0,0,0,0,0
MDST,2026-09-24,28.57,29.3505,29.2542,27.604,29.853,-4.3,-2.06,-0.76,2041071.0,1,1,1,0,0,0,0,0,0,0,0,0,0,0,0,0,0,0,0,0
MDY,2026-09-24,663.74,676.5367,688.4126,656.5641,715.1922,-7.19,-0.61,-0.39,401645968.0,1,1,0,0,0,0,0,0,0,0,0,0,0,0,0,0,0,0,0,0
MDYG,2026-09-24,105.44,106.3132,108.1336,102.8752,113.4419,-7.05,0.63,-0.13,8650681.0,1,1,0,0,0,0,0,0,0,0,0,0,0,0,0,0,0,0,0,0
MDYV,2026-09-24,89.81,92.5507,94.2259,89.9366,96.9734,-7.39,-1.78,-0.64,7590390.0,0,0,0,0,0,0,0,0,0,0,1,0,0,0,0,0,0,0,0,0
MEDI,2026-09-24,32.96,33.6375,33.6828,31.704,35.6,-7.42,-1.15,1.62,170048.0,1,1,0,0,0,0,0,0,0,0,0,0,0,0,0,0,0,0,0,0
MEDX,2026-09-24,35.547,35.8294,35.8567,34.3061,37.855,-6.1,0.17,0.42,56206.0,1,1,0,0,0,0,0,0,0,0,0,0,0,0,0,0,0,0,0,0
MEM,2026-09-24,44.005,44.205,43.6429,41.256,47.389,-7.14,0.62,-0.73,89588.0,1,1,0,0,1,0,0,0,0,0,0,0,0,0,0,0,0,0,0,0
MEMA,2026-09-25,32.0264,31.492,30.6795,,32.9579,-2.83,3.03,1.21,341867.0,0,0,1,1,1,1,0,0,0,0,0,0,0,0,0,0,0,0,0,0
MEME,2026-09-24,8.75,8.0438,7.8056,7.952,11.8,-25.85,8.94,0.92,522441.0,0,1,0,1,1,1,0,0,0,0,0,0,0,0,0,0,0,0,0,0
MEMS,2026-09-24,30.291,30.6466,30.3572,28.9831,32.476,-6.73,0.42,-0.75,29926.0,1,1,0,0,0,0,0,0,0,0,0,0,0,0,0,0,0,0,0,0
MEMX,2026-09-24,48.268,48.3679,47.1816,44.1528,51.468,-6.22,0.37,-0.86,162628.0,1,1,0,0,1,0,0,0,0,0,0,0,0,0,0,0,0,0,0,0
MEMY,2026-09-24,16.471,16.3113,16.5998,,24.3122,-32.25,1.9,0.16,13044.0,0,0,0,1,0,0,0,0,0,0,0,0,0,0,0,0,0,0,0,0
METL,2026-09-24,26.326,27.8015,26.977,27.8513,33.33,-21.01,-2.75,-1.44,391166.0,0,0,0,0,0,0,0,0,0,0,0,0,0,0,0,0,0,0,0,0
METV,2026-09-24,21.38,20.6193,19.6922,18.3762,21.75,-1.7,4.25,-0.33,1035674.0,0,1,1,1,1,1,0,0,0,0,0,0,0,0,0,0,0,0,0,0
METW,2026-09-24,32.011,25.995,24.2571,25.219,32.8022,-2.41,16.74,5.22,539587.0,0,1,1,1,1,1,1,1,0,0,0,0,1,1,1,1,1,1,0,0
MFDX,2026-09-24,41.81,42.4538,42.2052,40.7714,43.068,-2.92,-1.54,-0.11,442941.0,1,1,1,0,0,0,0,0,0,0,0,0,0,0,0,0,0,0,0,0
MFEB,2026-09-24,33.44,33.3165,33.1316,,,,0.42,0.03,3332.0,0,0,0,1,1,1,0,0,0,0,0,0,0,0,0,0,0,0,0,0
MFEM,2026-09-24,28.47,28.7922,28.0536,26.607,30.3643,-6.24,-0.06,-0.42,248661.0,1,1,0,0,1,0,0,0,0,0,0,0,0,0,0,0,0,0,0,0
MFIG,2026-09-25,21.8573,21.5206,21.2551,20.0554,21.918,-0.28,2.3,-0.24,44394.0,1,1,1,1,1,1,0,0,0,0,0,0,0,0,0,0,0,1,0,0
MFMO,2026-09-25,23.1265,22.3314,22.648,21.756,25.722,-10.09,3.1,0.22,110988.0,0,1,0,1,1,0,0,0,0,0,0,0,0,0,0,0,0,0,0,0
MFSG,2026-09-25,30.67,30.1075,29.9635,28.7883,30.834,-0.53,1.86,0.46,1275095.0,1,1,1,1,1,1,0,0,0,0,0,0,0,0,0,0,0,0,0,0
MFSI,2026-09-25,33.22,33.2582,33.288,31.7892,33.9,-2.01,1.22,0.67,6194641.0,1,1,1,0,0,0,0,0,0,0,0,0,0,0,0,0,0,0,0,0
MFSV,2026-09-25,28.45,28.9916,29.3339,27.8373,29.9772,-5.09,-0.74,0.71,3331846.0,1,1,0,0,0,0,0,0,0,0,0,1,0,0,0,0,0,0,0,0
MFUL,2026-09-24,22.157,22.3973,22.4422,22.1467,22.65,-2.18,-0.72,-0.19,12044.0,0,1,1,0,0,0,0,0,0,0,0,0,0,0,0,0,0,0,0,0
MFUS,2026-09-25,65.6511,65.8359,66.0328,62.1407,67.6,-2.88,0.31,0.35,822171.0,1,1,1,0,0,0,0,0,0,0,0,0,0,0,0,0,0,0,0,0
MFUT,2026-09-25,20.075,19.9925,19.5913,18.5236,20.142,-0.33,0.05,-0.21,466287.0,1,1,1,1,1,1,0,0,0,0,0,0,0,0,0,0,0,0,0,0
MFVL,2026-09-25,21.3865,22.1738,22.0565,20.8013,23.126,-7.52,-1.32,0.61,81397.0,0,1,0,0,0,0,0,0,0,0,0,0,0,0,0,0,0,0,0,0
MGC,2026-09-24,284.68,281.869,279.2424,262.2324,286.81,-0.74,1.25,0.04,20729130.0,1,1,1,1,1,1,0,0,0,0,0,0,0,0,0,0,0,0,0,0
MGK,2026-09-24,92.99,90.5,89.1028,84.043,93.52,-0.57,2.67,0.3,109598550.0,1,1,1,1,1,1,0,0,0,0,0,0,0,0,0,0,0,0,0,0
MGMT,2026-09-25,49.08,50.049,50.7961,48.4065,52.25,-6.07,-0.53,-0.22,206176.0,1,1,0,0,0,0,0,0,0,0,0,0,0,0,0,0,0,0,0,0
MGNR,2026-09-24,51.36,53.8892,52.2586,50.8081,56.2875,-8.75,-3.49,-1.72,8433402.0,0,1,0,0,0,0,0,0,0,0,0,0,0,0,0,0,0,0,0,0
MGOV,2026-09-24,19.22,19.6753,19.771,19.9158,20.3697,-5.64,-2.06,-0.77,447449.0,0,0,0,0,0,0,0,0,0,0,1,0,0,0,0,0,0,0,0,1
MGV,2026-09-24,163.83,165.9065,165.8494,154.1385,168.84,-2.97,-0.47,-0.32,42809026.0,1,1,1,0,0,0,0,0,0,0,0,0,0,0,0,0,0,0,0,0
MHIG,2026-09-24,20.05,20.146,20.0938,,,,-0.3,0.15,3221.0,0,0,0,0,0,0,0,0,0,0,0,0,0,0,0,0,0,0,0,0
MHIP,2026-09-24,20.85,20.807,20.687,,,,0.34,0.48,2287.0,0,0,0,1,1,1,0,0,0,0,0,0,0,0,0,0,0,0,0,0
MID,2026-09-24,70.575,69.2653,68.7279,66.4671,70.93,-0.5,2.95,0.02,150910.0,1,1,1,1,1,1,0,0,0,0,0,0,0,0,0,0,0,0,0,0
MIDE,2026-09-24,36.626,37.2522,37.8395,35.8791,39.1667,-6.49,-0.55,-0.5,17114.0,1,1,0,0,0,0,0,0,0,0,0,0,0,0,0,0,0,0,0,0
MIGO,2026-09-25,30.2616,29.5601,29.5218,,30.83,-1.84,2.55,0.34,4502.0,0,0,1,1,1,1,0,0,0,0,0,0,0,0,0,0,0,0,0,0
MILN,2026-09-24,42.59,44.4447,45.1785,44.3304,49.9007,-14.65,-2.03,0.04,185531.0,0,0,0,0,0,0,0,0,0,0,0,0,0,0,0,0,0,0,0,0
MINV,2026-09-24,48.865,48.8673,48.9893,45.2367,59.416,-17.76,1.41,-0.64,455355.0,1,1,0,0,0,0,0,0,0,0,0,0,0,0,0,0,0,0,0,0
MINY,2026-09-24,36.45,37.7879,36.7247,,42.7198,-14.68,-2.23,-0.92,161698.0,0,0,0,0,0,0,0,0,0,0,0,0,0,0,0,0,0,0,0,0
MISL,2026-09-24,42.6,43.071,44.2594,45.7919,50.9782,-16.43,0.0,-0.26,3603358.0,0,0,0,0,0,0,0,0,0,0,0,0,0,0,0,0,0,0,0,0
MIVL,2026-09-24,25.67,26.2285,26.2768,,,,-2.02,0.04,7000.0,0,0,0,0,0,0,0,0,0,0,0,0,0,0,0,0,0,1,0,0
MJ,2026-09-24,27.07,26.2788,24.9876,26.2489,41.0004,-33.98,3.38,-2.13,979957.0,0,1,0,1,1,1,0,0,0,0,0,0,0,0,0,0,0,1,0,0
MJSC,2026-09-24,61.472,61.5807,61.3427,57.9164,63.43,-3.09,-1.0,-0.09,12907.0,1,1,1,0,1,0,0,0,0,0,0,0,0,0,0,0,0,0,0,0
MJUN,2026-09-24,33.02,32.9205,32.7618,,,,0.43,0.0,3292.0,0,0,0,1,1,1,0,0,0,0,0,0,0,0,0,0,0,0,0,0
MKAM,2026-09-24,32.42,32.3285,32.2073,31.1925,32.561,-0.43,0.46,0.0,5646.0,1,1,1,1,1,1,0,0,0,0,0,0,0,0,0,0,0,0,0,0
MKOR,2026-09-24,62.106,62.0392,59.4909,52.6016,70.93,-12.44,0.32,-1.74,248076.0,1,1,0,1,1,1,0,0,0,0,0,0,0,0,0,0,0,0,0,0
MKTN,2026-09-25,27.9,27.7664,27.4171,26.1192,27.93,-0.11,0.27,0.47,950407.0,1,1,1,1,1,1,0,0,0,0,0,0,0,0,0,0,0,0,0,0
MLN,2026-09-24,16.49,16.8454,17.1522,17.2342,17.66,-6.63,-1.49,-0.3,8849130.0,0,0,0,0,0,0,0,0,0,0,1,0,0,0,0,0,0,0,0,1
MLPA,2026-09-24,54.84,56.692,56.022,52.0952,57.73,-5.01,-2.83,-0.33,9892863.0,0,1,0,0,0,0,0,0,0,0,0,0,0,0,0,0,0,0,0,0
MLPD,2026-09-24,24.606,24.8791,24.6121,23.9573,25.0711,-1.86,-1.2,-0.47,276176.0,1,1,1,0,0,0,0,0,0,0,0,0,0,0,0,0,0,1,0,0
MLPI,2026-09-24,51.93,53.3253,53.319,,54.9421,-5.48,-1.74,-0.31,18299356.0,0,0,0,0,0,0,0,0,0,0,0,0,0,0,0,0,0,0,0,0
MLPX,2026-09-24,72.04,74.6635,74.6031,69.997,76.8142,-6.22,-2.4,-0.59,22045651.0,0,1,0,0,0,0,0,0,0,0,0,0,0,0,0,0,0,0,0,0
MMAR,2026-09-24,33.01,32.8985,32.7324,,,,0.43,0.0,3290.0,0,0,0,1,1,1,0,0,0,0,0,0,0,0,0,0,0,0,0,0
MMAX,2026-09-25,27.4801,27.4097,27.3142,26.8034,27.4801,0.0,0.2,0.07,37457.0,0,1,1,1,1,1,1,1,1,0,0,0,0,0,0,0,1,1,0,0
MMAY,2026-09-24,33.42,33.323,33.146,,,,0.39,-0.06,6002.0,0,0,0,1,1,1,0,0,0,0,0,0,0,0,0,0,0,0,0,0
MMCA,2026-09-24,20.64,21.0744,21.2639,21.4406,21.835,-5.47,-1.69,-0.43,1156956.0,0,0,0,0,0,0,0,0,0,0,1,0,0,0,0,0,0,0,0,1
MMID,2026-09-25,26.08,26.5864,26.9492,25.8193,27.9373,-6.65,-0.35,0.19,11998.0,1,1,0,0,0,0,0,0,0,0,0,0,0,0,0,0,0,1,0,0
MMIN,2026-09-24,22.61,23.063,23.4002,23.5494,24.0452,-5.97,-1.65,-0.62,3963025.0,0,0,0,0,0,0,0,0,0,0,1,0,0,0,0,0,0,1,0,1
MMIT,2026-09-25,23.02,23.4903,23.7546,23.9124,24.2656,-5.13,-1.54,-0.52,16717070.0,0,0,0,0,0,0,0,0,0,0,1,0,0,0,0,0,0,0,0,1
MMK,2026-09-24,100.24,100.116,99.9014,,100.24,0.0,0.07,0.01,164696.0,0,0,1,1,1,1,1,1,1,0,0,0,0,0,0,0,1,0,0,0
MMKT,2026-09-24,100.205,100.0984,99.8986,98.874,100.205,0.0,0.05,0.0,534034.0,0,1,1,1,1,1,0,0,1,0,0,0,0,0,0,0,0,0,0,0
MMMA,2026-09-25,23.955,24.5343,24.8201,,25.368,-5.57,-2.07,-0.6,127626.0,0,0,0,0,0,0,0,0,0,0,1,0,0,0,0,0,0,1,0,1
MMSC,2026-09-24,26.95,27.3086,27.8537,26.5137,29.556,-8.82,-0.34,0.33,112107.0,1,1,0,0,0,0,0,0,0,0,0,0,0,0,0,0,0,0,0,0
MMTM,2026-09-25,309.79,304.3505,304.0995,300.8002,321.3042,-3.58,1.54,0.47,255961.0,1,1,1,1,1,1,0,0,0,0,0,0,0,0,0,0,0,0,0,0
MNA,2026-09-24,36.87,36.747,36.6916,36.3658,36.92,-0.14,0.57,0.03,1273828.0,1,1,1,1,1,1,0,0,0,0,0,0,0,0,0,0,0,0,0,0
MNVR,2026-09-24,33.41,33.2845,33.0986,,,,0.39,0.03,4160.0,0,0,0,1,1,1,0,0,0,0,0,0,0,0,0,0,0,0,0,0
MNVT,2026-09-24,28.84,29.305,28.9108,,34.88,-17.32,-1.17,0.21,697573.0,0,0,0,0,0,0,0,0,0,0,0,0,0,0,0,0,0,0,0,0
MNZL,2026-09-24,61.318,60.3039,60.1226,56.1756,61.879,-0.91,1.88,-0.17,333485.0,1,1,1,1,1,1,0,0,0,0,0,0,0,0,0,0,0,0,0,0
MOAT,2026-09-24,107.15,110.323,110.2566,104.6476,115.14,-6.94,-1.03,-0.82,47510542.0,1,1,0,0,0,0,0,0,0,0,0,0,0,0,0,0,0,0,0,0
MODL,2026-09-25,52.98,52.5671,52.2392,49.1334,53.2473,-0.5,1.3,0.53,2750347.0,1,1,1,1,1,1,0,0,0,0,0,0,0,0,0,0,0,0,0,0
MOO,2026-09-24,83.34,86.065,83.9206,81.2436,88.85,-6.2,-3.35,-1.15,40756990.0,0,1,0,0,0,0,0,0,0,0,0,0,0,0,0,0,0,0,0,0
MOOD,2026-09-24,44.684,44.4968,44.1867,42.4659,44.725,-0.09,0.52,0.05,1037089.0,1,1,1,1,1,1,0,0,0,0,0,0,0,0,0,0,0,0,0,0
MORT,2026-09-24,8.72,9.4085,9.6746,9.7933,10.5683,-17.49,-4.6,-2.24,11829667.0,0,0,0,0,0,0,0,0,0,0,1,0,0,0,0,0,0,0,0,1
MOTG,2026-09-24,39.08,39.6135,40.0268,39.2119,41.69,-6.26,-0.15,-0.33,16897.0,0,0,0,0,0,0,0,0,0,0,0,0,0,0,0,0,0,0,0,0
MOTI,2026-09-24,34.66,35.7106,36.0696,35.8493,38.96,-11.04,-1.43,-0.63,157146.0,0,0,0,0,0,0,0,0,0,0,0,0,0,0,0,0,0,0,0,0
MOTO,2026-09-24,60.925,61.41,61.9184,60.4965,70.011,-12.98,-0.4,-0.73,8259.0,1,1,0,0,0,0,0,0,0,0,0,0,0,0,0,0,0,0,0,0
MPLY,2026-09-24,32.967,32.4972,32.0931,30.9298,33.42,-1.36,1.44,0.19,129459.0,1,1,1,1,1,1,0,0,0,0,0,0,0,0,0,0,0,0,0,0
MPRO,2026-09-25,31.7889,32.0026,32.2774,31.758,32.7004,-2.79,0.02,0.19,700355.0,1,1,1,0,0,0,0,0,0,0,0,0,0,0,0,0,0,0,0,0
MRA,2026-09-25,23.515,22.1547,20.6887,,,,-1.9,-0.78,45542.0,0,0,0,1,1,1,0,0,0,0,0,0,0,0,0,0,0,1,0,0
MRCP,2026-09-25,35.3961,35.1779,34.9481,33.4529,35.3961,0.0,0.63,0.26,110384.0,1,1,1,1,1,1,0,0,1,0,0,0,0,0,0,0,0,0,0,0
MRGR,2026-09-24,44.88,45.263,45.3634,44.9633,45.6075,-1.6,0.09,-0.33,76073.0,0,0,1,0,0,0,0,0,0,0,0,0,0,0,0,0,0,0,0,0
MRNY,2026-09-24,40.42,33.5102,23.8723,14.8852,40.42,0.0,17.95,3.53,8869321.0,0,1,1,1,1,1,0,0,1,0,0,0,1,0,1,0,0,0,0,0
MRSK,2026-09-25,39.81,39.4515,39.3664,37.7634,40.02,-0.52,1.19,0.47,692319.0,1,1,1,1,1,1,0,0,0,0,0,0,0,0,0,0,0,0,0,0
MSEP,2026-09-24,32.93,32.8045,32.631,,,,0.58,-0.09,129602.0,0,0,0,1,1,1,0,0,0,0,0,0,0,0,0,0,0,1,0,0
MSFO,2026-09-24,12.1,12.0976,11.5073,10.6568,12.7567,-5.15,0.25,-0.58,834799.0,1,1,0,1,1,1,0,0,0,0,0,0,0,0,0,0,0,0,0,0
MSFW,2026-09-24,31.814,31.9189,30.0438,27.2441,36.4364,-12.69,0.03,-0.42,391654.0,1,1,0,0,1,0,0,0,0,0,0,0,0,0,0,0,0,0,0,0
MSFY,2026-09-24,20.117,20.2301,19.3567,18.4811,23.3119,-13.71,-0.19,-0.68,135288.0,1,1,0,0,1,0,0,0,0,0,0,0,0,0,0,0,0,0,0,0
MSLC,2026-09-24,60.36,60.3509,60.1317,56.8491,61.56,-1.95,0.64,-0.05,3798419.0,1,1,1,1,1,1,0,0,0,0,0,0,0,0,0,0,0,0,0,0
MSMR,2026-09-24,34.61,34.3328,34.5917,35.026,37.3155,-7.25,1.26,0.16,385842.0,0,0,0,1,1,0,0,0,0,0,0,0,0,0,0,0,0,0,0,0
MSOS,2026-09-24,5.18,4.999,4.6754,4.5107,6.69,-22.57,4.44,-4.6,24604618.0,0,1,0,1,1,1,0,0,0,0,0,0,0,0,0,0,0,0,0,0
MSR,2026-09-25,14.88,14.7487,14.204,,,,-0.2,0.07,5844.0,0,0,0,1,1,1,0,0,0,0,0,0,0,0,0,0,0,0,0,0
MSSM,2026-09-25,57.4782,58.5504,59.6851,56.5357,61.957,-7.23,-0.35,0.26,798964.0,1,1,0,0,0,0,0,0,0,0,0,0,0,0,0,0,0,0,0,0
MSSS,2026-09-25,34.8999,35.3091,35.8648,33.1881,37.157,-6.07,0.03,0.4,392353.0,1,1,0,0,0,0,0,0,0,0,0,0,0,0,0,0,0,0,0,0
MSST,2026-09-24,32.728,29.2846,25.2934,30.1697,43.2499,-24.33,18.16,-0.32,47796.0,0,1,0,1,1,1,0,0,0,0,0,0,0,0,1,0,0,0,0,0
MSTB,2026-09-24,44.131,43.922,43.6746,41.6153,44.616,-1.09,0.88,-0.18,302575.0,1,1,1,1,1,1,0,0,0,0,0,0,0,0,0,0,0,0,0,0
MSTQ,2026-09-25,40.3773,38.9921,38.5569,36.6699,40.609,-0.57,3.53,0.46,98757.0,0,1,1,1,1,1,0,0,0,0,0,0,0,0,0,0,0,0,0,0
MSTW,2026-09-24,5.33,4.5147,3.6602,4.7291,16.1474,-66.99,26.93,-0.47,9286049.0,0,1,0,1,1,1,0,0,0,0,0,0,0,0,1,0,0,0,0,0
MSTY,2026-09-24,16.84,15.2195,13.0642,15.0532,33.5486,-49.8,15.03,-2.26,38741659.0,0,1,0,1,1,1,0,0,0,0,0,0,0,0,1,0,0,0,0,0
MTRA,2026-09-24,26.471,26.6155,26.7363,26.2631,27.7,-4.44,0.39,0.07,155431.0,1,1,1,0,0,0,0,0,0,0,0,0,0,0,0,0,0,0,0,0
MTUM,2026-09-24,317.45,305.3168,305.6889,282.1761,344.5254,-7.86,3.7,0.16,499520195.0,0,1,0,1,1,0,0,0,0,0,0,0,0,0,0,0,0,0,0,0
MTYY,2026-09-24,17.79,17.6967,17.4897,21.3782,56.8195,-68.69,1.47,-0.06,19297.0,0,0,0,1,1,1,0,0,0,0,0,0,0,0,0,0,0,0,0,0
MULT,2026-09-25,24.44,24.6619,24.7606,24.6951,24.9296,-1.96,-0.39,0.25,10615.0,0,0,1,0,0,0,0,0,0,0,0,0,0,0,0,0,0,0,0,0
MUNA,2026-09-24,98.525,99.5877,99.4999,99.2979,100.4139,-1.88,-1.1,-1.49,17894.0,0,0,1,0,0,0,0,0,0,0,0,0,0,0,0,0,0,1,0,0
MUNB,2026-09-24,97.31,98.8842,99.4357,99.9172,101.3794,-4.01,-1.28,-0.43,96257.0,0,0,1,0,0,0,0,0,0,0,1,0,0,0,0,0,0,0,0,1
MUNC,2026-09-25,96.695,98.654,99.7787,100.9045,102.9077,-6.04,-1.53,-0.41,14655.0,0,0,0,0,0,0,0,0,0,0,1,0,0,0,0,0,0,1,0,1
MUND,2026-09-25,96.41,98.6334,100.0634,101.0554,103.8781,-7.19,-1.16,-1.0,123035.0,0,0,0,0,0,0,0,0,0,0,1,0,0,0,0,0,0,0,0,1
MUNX,2026-09-25,23.5078,24.0971,24.4359,24.5943,25.035,-6.1,-2.0,-0.39,17520.0,0,0,0,0,0,0,0,0,0,0,1,0,0,0,0,0,0,0,0,1
MUSQ,2026-09-24,24.935,25.3349,25.4361,26.0849,29.612,-15.79,-1.37,0.0,5295.0,0,0,0,0,0,0,0,0,0,0,0,0,0,0,0,0,0,0,0,0
MUYY,2026-09-24,18.96,18.9396,18.6005,,,,0.95,0.16,463297.0,0,0,0,1,1,1,0,0,0,0,0,0,0,0,0,0,0,0,0,0
MVAL,2026-09-24,36.911,38.0489,38.4165,37.1956,40.197,-8.17,-1.3,-0.76,14365.0,0,0,0,0,0,0,0,0,0,0,0,0,0,0,0,0,0,1,0,0
MVFD,2026-09-24,30.5,31.3425,31.0788,30.0484,31.8283,-4.17,-2.25,-0.02,159922.0,1,1,1,0,0,0,0,0,0,0,0,0,0,0,0,0,0,1,0,0
MVFG,2026-09-25,34.2,34.7729,35.0548,33.7924,35.854,-4.61,-0.54,0.26,364265.0,1,1,1,0,0,0,0,0,0,0,0,0,0,0,0,0,0,0,0,0
MVPA,2026-09-25,35.1468,36.48,36.4824,33.9675,38.047,-7.62,-1.54,-0.38,28378.0,0,1,0,0,0,0,0,0,0,0,0,0,0,0,0,0,0,0,0,0
MVPL,2026-09-25,44.7176,43.9773,43.696,39.6588,45.587,-1.91,2.45,0.98,65507.0,1,1,1,1,1,1,0,0,0,0,0,0,0,0,0,0,0,0,0,0
MWHS,2026-09-24,20.32,18.83,18.9984,,,,9.54,0.0,17533.0,0,0,0,1,1,0,0,0,0,0,0,0,0,0,0,0,0,0,0,0
MXI,2026-09-24,108.99,112.672,111.0182,107.4387,118.49,-8.02,-1.74,-0.75,5699440.0,0,1,0,0,0,0,0,0,0,0,0,0,0,0,0,0,0,0,0,0
MYLD,2026-09-25,32.4757,32.9426,33.1219,29.9881,33.8175,-3.97,-0.56,0.39,150298.0,1,1,1,0,0,0,0,0,0,0,0,0,0,0,0,0,0,0,0,0
MZZ,2026-09-24,6.47,6.218,5.989,6.5644,8.7913,-26.4,1.62,0.78,35245.0,0,0,0,1,1,1,0,0,0,0,0,0,0,0,0,0,0,0,0,0
NACP,2026-09-24,61.56,60.342,59.7258,54.8654,61.82,-0.42,2.11,1.13,136791.0,1,1,1,1,1,1,0,0,0,0,0,0,0,0,0,0,0,0,0,0
NANC,2026-09-24,52.475,51.7104,51.1492,47.6637,52.722,-0.47,1.75,0.14,787317.0,1,1,1,1,1,1,0,0,0,0,0,0,0,0,0,0,0,0,0,0
NANR,2026-09-24,86.27,89.223,85.809,80.2167,91.3,-5.51,-3.51,-0.65,2573378.0,0,1,0,0,1,0,0,0,0,0,0,0,0,0,0,0,0,0,0,0
NAPR,2026-09-24,60.828,60.3876,59.8195,57.0177,60.945,-0.19,0.63,-0.02,221643.0,0,1,1,1,1,1,0,0,0,0,0,0,0,0,0,0,0,0,0,0
NASA,2026-09-24,24.33,23.6155,23.7994,,41.89,-41.92,0.75,0.95,33540048.0,0,0,0,1,1,0,0,0,0,0,0,0,0,0,0,0,0,0,0,0
NATO,2026-09-24,37.74,38.6974,40.5543,40.3917,44.22,-14.65,-0.85,-0.61,964367.0,0,0,0,0,0,0,0,0,0,0,0,0,0,0,0,0,0,0,0,0
NAUG,2026-09-25,33.4485,32.9184,32.5769,30.8513,33.476,-0.08,1.5,0.27,343378.0,0,1,1,1,1,1,0,0,0,0,0,0,0,0,0,0,0,0,0,0
NBCE,2026-09-24,38.142,38.92,39.2714,37.9873,45.652,-16.45,-0.93,-1.47,5277.0,1,1,0,0,0,0,0,0,0,0,0,0,0,0,0,0,0,0,0,0
NBCR,2026-09-25,34.53,34.2959,34.2284,32.6073,34.95,-1.2,1.17,0.52,1402072.0,1,1,1,1,1,1,0,0,0,0,0,0,0,0,0,0,0,0,0,0
NBDS,2026-09-24,40.858,40.3533,40.3883,36.9532,42.536,-3.94,3.05,-0.47,518447.0,1,1,1,1,1,0,0,0,0,0,0,0,0,0,0,0,0,0,0,0
NBET,2026-09-24,40.435,41.5408,40.9015,38.3186,42.4067,-4.65,-1.64,-0.13,179130.0,1,1,1,0,0,0,0,0,0,0,0,0,0,0,0,0,0,0,0,0
NBFR,2026-09-25,27.0628,26.6316,26.4257,,27.33,-0.98,1.21,0.05,201986.0,0,0,1,1,1,1,0,0,0,0,0,0,0,0,0,0,0,0,0,0
NBGX,2026-09-25,30.3668,29.8067,29.5927,28.3466,30.533,-0.54,2.06,0.18,12944.0,1,1,1,1,1,1,0,0,0,0,0,0,0,0,0,0,0,0,0,0
NBIE,2026-09-25,27.0111,27.1351,27.1746,,27.8,-2.84,0.75,0.98,1228145.0,0,0,1,0,0,0,0,0,0,0,0,0,0,0,0,0,0,1,0,0
NBJP,2026-09-25,36.0228,35.7948,35.8008,34.6052,38.836,-7.24,1.39,2.0,129726.0,1,1,0,1,1,0,0,0,0,0,0,0,0,0,0,0,0,0,0,0
NBOS,2026-09-25,28.52,28.4918,28.2859,26.995,28.73,-0.73,0.32,-0.42,3602348.0,1,1,1,1,1,1,0,0,0,0,0,0,0,0,0,0,0,0,0,0
NBSM,2026-09-24,27.8,28.3603,28.6799,27.0776,29.515,-5.81,-0.6,-0.03,295503.0,0,1,0,0,0,0,0,0,0,0,0,0,0,0,0,0,0,0,0,0
NCIQ,2026-09-24,21.47,20.162,18.0432,18.8011,33.99,-36.83,11.24,0.33,1654381.0,0,1,0,1,1,1,0,0,0,0,0,0,0,0,1,0,0,0,0,0
NCLO,2026-09-25,25.09,25.0675,24.9624,24.5092,25.15,-0.24,0.04,0.04,1379819.0,1,1,1,1,1,1,0,0,0,0,0,0,0,0,0,0,0,0,0,0
NDAA,2026-09-24,24.087,24.2099,24.1519,23.1358,24.602,-2.09,-0.0,-0.07,1047319.0,1,1,1,0,0,0,0,0,0,0,0,0,0,0,0,0,0,0,0,0
NDEC,2026-09-25,31.0159,30.6402,30.3076,28.923,31.029,-0.04,0.91,0.16,140952.0,0,1,1,1,1,1,0,0,0,0,0,0,0,0,0,0,0,0,0,0
NDIA,2026-09-24,26.423,26.919,27.2027,27.6751,30.2149,-12.55,0.08,-0.65,117309.0,0,0,0,0,0,0,0,0,0,0,0,0,0,0,0,0,0,0,0,0
NDIV,2026-09-24,34.063,35.2256,34.3218,31.8108,35.954,-5.26,-3.19,-0.36,502656.0,0,1,0,0,0,0,0,0,0,0,0,0,0,0,0,0,0,0,0,0
NDOW,2026-09-25,28.733,28.9059,29.0696,28.6806,30.045,-4.37,-0.02,0.28,375874.0,1,1,1,0,0,0,0,0,0,0,0,0,0,0,0,0,0,0,0,0
NEHI,2026-09-24,33.85,31.786,28.5103,29.7937,42.9089,-21.11,9.09,0.46,2404119.0,0,1,0,1,1,1,0,0,0,0,0,0,0,0,0,0,0,0,0,0
NELS,2026-09-25,29.287,29.09,29.0514,27.3476,29.64,-1.19,1.1,0.4,643185.0,1,1,1,1,1,1,0,0,0,0,0,0,0,0,0,0,0,0,0,0
NERD,2026-09-24,22.197,22.4598,21.9854,21.7919,28.1271,-21.08,-1.45,-1.14,27228.0,1,1,0,0,1,0,0,0,0,0,0,0,0,0,0,0,0,0,0,0
NETL,2026-09-24,24.38,25.5102,26.392,25.4727,28.0229,-13.0,-1.8,-0.19,782821.0,0,0,0,0,0,0,0,0,0,0,1,0,0,0,0,0,0,0,0,0
NEWZ,2026-09-24,29.246,29.7947,29.9198,28.7381,30.891,-5.33,-1.27,0.11,75653.0,1,1,0,0,0,0,0,0,0,0,0,0,0,0,0,0,0,0,0,0
NFEB,2026-09-25,31.2521,30.8982,30.5862,29.2768,31.2521,0.0,0.87,0.26,145891.0,0,1,1,1,1,1,0,0,1,0,0,0,0,0,0,0,0,0,0,0
NFLP,2026-09-24,16.726,18.5382,18.1679,21.3061,31.4505,-46.82,-7.2,-0.11,86798.0,0,0,0,0,0,0,0,0,0,0,0,0,0,0,0,0,0,1,0,0
NFLW,2026-09-24,14.84,16.2164,15.8418,18.414,29.6932,-50.02,-5.81,0.68,212334.0,0,0,0,0,0,0,0,0,0,0,0,0,0,0,0,0,0,0,0,0
NFLY,2026-09-24,7.01,7.43,7.3349,8.2176,11.2963,-37.94,-4.5,0.46,500090.0,0,0,0,0,0,0,0,0,0,0,0,0,0,0,0,0,0,0,0,0
NFRA,2026-09-24,63.36,64.9073,65.1696,63.5822,66.2424,-4.35,-2.47,-0.5,4107211.0,0,0,1,0,0,0,0,0,0,0,0,0,0,0,0,0,0,0,0,0
NFRX,2026-09-25,24.7546,25.6202,26.3065,,27.4752,-9.9,-2.08,0.18,6890.0,0,0,0,0,0,0,0,0,0,0,1,0,0,0,0,0,0,0,0,0
NFTY,2026-09-24,52.18,53.2315,53.837,54.5566,59.3435,-12.07,-1.14,-0.91,1041622.0,0,0,0,0,0,0,0,0,0,0,0,0,0,0,0,0,0,0,0,0
NGIF,2026-09-24,11.95,12.355,12.6464,,,,-2.45,-0.33,26907.0,0,0,0,0,0,0,0,0,0,0,1,0,0,0,0,0,0,0,0,0
NICO,2026-09-24,25.14,25.138,25.561,,,,-0.36,0.36,4515.0,0,0,0,1,0,0,0,0,0,0,0,0,0,0,0,0,0,0,0,0
NIHI,2026-09-24,51.205,51.9714,51.694,49.3053,52.6884,-2.82,-1.21,-0.32,2711399.0,1,1,1,0,0,0,0,0,0,0,0,0,0,0,0,0,0,0,0,0
NIKL,2026-09-24,13.996,14.513,14.0766,15.7367,20.59,-32.03,-2.6,-1.55,500824.0,0,0,0,0,0,0,0,0,0,0,0,0,0,0,0,0,0,0,0,0
NISM,2026-09-24,25.1,25.1905,25.105,,,,-0.63,0.0,2770.0,0,0,0,0,0,0,0,0,0,0,0,0,0,0,0,0,0,1,0,0
NITE,2026-09-25,38.689,39.655,38.6586,37.0773,41.004,-5.65,-0.94,-0.59,187334.0,1,1,0,0,1,0,0,0,0,0,0,0,0,0,0,0,0,0,0,0
NIXT,2026-09-25,32.9736,33.7547,33.8971,30.2969,34.931,-5.6,-0.22,-0.04,193567.0,1,1,0,0,0,0,0,0,0,0,0,0,0,0,0,0,0,0,0,0
NJAN,2026-09-25,60.72,60.116,59.5073,57.004,60.72,0.0,0.76,0.15,693501.0,0,1,1,1,1,1,0,0,1,0,0,0,0,0,0,0,0,0,0,0
NJUL,2026-09-25,78.7964,77.3662,76.66,74.9031,78.95,-0.19,1.82,0.31,594521.0,0,1,1,1,1,1,0,0,0,0,0,0,0,0,0,0,0,0,0,0
NJUN,2026-09-25,33.5068,32.8832,32.576,32.1653,33.549,-0.13,1.85,0.26,463045.0,0,1,1,1,1,1,0,0,0,0,0,0,0,0,0,0,0,0,0,0
NLR,2026-09-24,106.22,114.5755,113.8596,129.8216,164.37,-35.38,-3.93,-1.95,42583175.0,0,0,0,0,0,0,0,0,0,0,0,0,0,0,0,0,0,0,0,0
NMAR,2026-09-25,33.13,32.8069,32.4881,31.071,33.164,-0.1,0.68,0.15,276074.0,0,1,1,1,1,1,0,0,0,0,0,0,0,0,0,0,0,1,0,0
NMAY,2026-09-25,30.3491,29.9085,29.6106,28.7548,30.3491,0.0,1.31,0.33,290197.0,0,1,1,1,1,1,0,0,1,0,0,0,0,0,0,0,0,0,0,0
NMBL,2026-09-24,21.145,21.2123,20.9802,20.4688,21.46,-1.47,-0.28,-0.31,15078.0,1,1,1,0,1,0,0,0,0,0,0,0,0,0,0,0,0,0,0,0
NNOV,2026-09-25,32.59,32.0547,31.6642,30.1001,32.59,0.0,1.23,0.22,376045.0,0,1,1,1,1,1,0,0,1,0,0,0,0,0,0,0,0,0,0,0
NOBL,2026-09-24,54.7,56.3999,57.1082,54.5506,58.7703,-6.93,-1.91,-0.82,50754538.0,0,1,0,0,0,0,0,0,0,0,0,0,0,0,0,0,0,0,0,0
NOCT,2026-09-25,64.4011,64.0107,63.3175,60.3736,64.4011,0.0,0.22,0.07,708017.0,0,1,1,1,1,1,1,1,1,0,0,0,0,0,0,0,1,0,0,0
NODE,2026-09-24,42.5,40.2865,39.097,39.111,47.49,-10.51,6.96,-0.42,636839.0,0,1,0,1,1,1,0,0,0,0,0,0,0,0,0,0,0,0,0,0
NOEQ,2026-09-24,29.76,29.5077,29.2943,,29.92,-0.53,1.13,0.27,2951.0,0,0,1,1,1,1,0,0,0,0,0,0,0,0,0,0,0,0,0,0
NORW,2026-09-24,36.49,37.312,36.1684,33.6961,38.17,-4.4,-2.67,0.0,834516.0,1,1,1,0,1,0,0,0,0,0,0,0,0,0,0,0,0,0,0,0
NOVM,2026-09-25,34.28,34.1885,34.066,33.4188,34.28,0.0,0.19,0.07,59006.0,0,1,1,1,1,1,1,1,1,0,0,0,0,0,0,0,1,0,0,0
NOVP,2026-09-24,33.6,33.4042,33.1535,31.6257,33.744,-0.43,0.71,0.06,124887.0,1,1,1,1,1,1,0,0,0,0,0,0,0,0,0,0,0,0,0,0
NOVZ,2026-09-25,48.0002,47.7017,47.591,45.5985,48.411,-0.85,0.97,0.39,48864.0,1,1,1,1,1,1,0,0,0,0,0,0,0,0,0,0,0,0,0,0
NPFE,2026-09-25,28.16,28.12,28.1224,,28.88,-2.49,0.79,0.82,316478.0,0,0,1,1,1,0,0,0,0,0,0,0,0,0,0,0,0,0,0,0
NRES,2026-09-25,34.0369,35.3419,34.3678,32.9826,36.3143,-6.27,-2.44,-0.31,4358.0,0,1,0,0,0,0,0,0,0,0,0,0,0,0,0,0,0,1,0,0
NRSH,2026-09-24,30.42,30.349,31.1709,28.5749,34.348,-11.44,1.45,-0.78,15966.0,1,1,0,1,0,0,0,0,0,0,0,0,0,0,0,0,0,0,0,0
NSEP,2026-09-25,32.42,31.8975,31.6555,30.3826,32.46,-0.12,1.59,0.31,3152192.0,0,1,1,1,1,1,0,0,0,0,0,0,0,0,0,0,0,0,0,0
NSI,2026-09-25,38.396,38.2771,37.9293,36.9393,39.846,-3.64,0.93,0.61,59210.0,1,1,1,1,1,1,0,0,0,0,0,0,0,0,0,0,0,0,0,0
NTRL,2026-09-25,20.225,21.4125,21.4171,20.9242,21.879,-7.56,-5.85,0.9,286634.0,0,0,0,0,0,0,0,0,0,0,1,0,0,0,0,0,0,0,0,0
NTSD,2026-09-25,47.8234,47.5542,47.4207,,48.97,-2.34,1.39,0.85,731383.0,0,0,1,1,1,1,0,0,0,0,0,0,0,0,0,0,0,0,0,0
NTSE,2026-09-24,46.693,46.972,46.1375,43.6193,50.1255,-6.85,0.33,-0.63,107316.0,1,1,0,0,1,0,0,0,0,0,0,0,0,0,0,0,0,0,0,0
NTSI,2026-09-24,46.21,47.5196,47.6743,45.8476,48.783,-5.27,-2.44,-0.62,722940.0,1,1,0,0,0,0,0,0,0,0,0,0,0,0,0,0,0,0,0,0
NTSX,2026-09-24,59.22,59.5995,59.5018,56.7876,60.89,-2.74,-0.3,-0.13,2062332.0,1,1,1,0,0,0,0,0,0,0,0,0,0,0,0,0,0,0,0,0
NUDG,2026-09-24,62.98,63.5095,63.9802,,,,0.0,-0.16,6351.0,0,0,0,0,0,0,0,0,0,0,0,0,0,0,0,0,0,0,0,0
NUDM,2026-09-24,39.93,40.5844,40.6682,38.6647,41.74,-4.34,-0.97,-0.03,2453686.0,1,1,1,0,0,0,0,0,0,0,0,0,0,0,0,0,0,0,0,0
NUDV,2026-09-24,32.58,33.5277,33.704,31.9595,34.46,-5.46,-1.81,-0.52,217144.0,0,1,0,0,0,0,0,0,0,0,1,0,0,0,0,0,0,0,0,0
NUEM,2026-09-24,42.695,42.8991,41.7952,39.6759,44.136,-3.26,-0.53,-0.67,3520736.0,1,1,1,0,1,0,0,0,0,0,0,0,0,0,0,0,0,1,0,0
NUGO,2026-09-24,44.257,43.2581,43.1036,40.8574,44.674,-0.93,2.82,0.22,1236500.0,1,1,1,1,1,1,0,0,0,0,0,0,0,0,0,0,0,0,0,0
NUIF,2026-09-25,23.5209,24.4845,25.0546,,,,-2.65,-0.38,32052.0,0,0,0,0,0,0,0,0,0,0,1,0,0,0,0,0,0,0,0,0
NUKX,2026-09-25,32.3359,34.7017,35.4518,,48.0454,-32.7,-1.67,0.11,113831.0,0,0,0,0,0,0,0,0,0,0,0,0,0,0,0,0,0,0,0,0
NUKZ,2026-09-24,61.35,63.9771,64.7969,68.1502,76.23,-19.52,-3.16,-1.46,7830857.0,0,0,0,0,0,0,0,0,0,0,0,0,0,0,0,0,0,0,0,0
NULC,2026-09-24,55.983,55.4401,55.2023,51.4014,56.869,-1.56,1.94,0.11,133635.0,1,1,1,1,1,1,0,0,0,0,0,0,0,0,0,0,0,1,0,0
NULG,2026-09-25,113.98,112.3306,113.5626,105.0582,118.355,-3.7,2.4,0.35,9808894.0,1,1,1,1,1,0,0,0,0,0,0,0,0,0,0,0,0,0,0,0
NULV,2026-09-25,53.38,53.4468,52.9431,49.2158,54.19,-1.49,0.85,0.41,7407622.0,1,1,1,0,1,0,0,0,0,0,0,0,0,0,0,0,0,1,0,0
NUMG,2026-09-25,46.1237,46.1634,46.9084,45.6349,49.464,-6.75,1.28,-0.09,645831.0,1,1,0,0,0,0,0,0,0,0,0,0,0,0,0,0,0,0,0,0
NUMV,2026-09-25,43.06,44.0041,44.5641,41.8961,45.86,-6.11,-0.89,0.21,727105.0,0,1,0,0,0,0,0,0,0,0,0,0,0,0,0,0,0,0,0,0
NUSC,2026-09-24,49.15,50.375,51.2706,48.7222,53.27,-7.73,-1.45,-0.49,2470869.0,0,1,0,0,0,0,0,0,0,0,0,0,0,0,0,0,0,0,0,0
NVBT,2026-09-25,40.9843,40.6168,40.3561,38.416,41.069,-0.21,1.08,0.43,92265.0,1,1,1,1,1,1,0,0,0,0,0,0,0,0,0,0,0,0,0,0
NVBU,2026-09-25,31.4978,31.2571,31.1906,29.9903,31.82,-1.01,1.25,0.46,33426.0,1,1,1,1,1,1,0,0,0,0,0,0,0,0,0,0,0,0,0,0
NVBW,2026-09-25,36.6543,36.428,36.1934,34.8879,36.655,-0.0,0.55,0.23,118243.0,1,1,1,1,1,1,0,0,0,0,0,0,0,0,0,0,0,0,0,0
NVDW,2026-09-24,36.74,36.3227,35.2035,32.5301,39.7142,-7.49,2.42,-0.62,2218568.0,1,1,0,1,1,1,0,0,0,0,0,0,0,0,0,0,0,0,0,0
NVDY,2026-09-24,12.55,12.4438,12.1178,11.3177,12.8085,-2.02,1.37,-0.87,25373703.0,1,1,1,1,1,1,0,0,0,0,0,0,0,0,0,0,0,0,0,0
NVII,2026-09-24,24.44,23.9689,23.2674,21.4365,25.1379,-2.78,2.7,-0.17,2605235.0,1,1,1,1,1,1,0,0,0,0,0,0,0,0,0,0,0,0,0,0
NVIR,2026-09-24,38.915,40.0859,39.8032,38.232,41.192,-5.53,-1.72,0.38,16504.0,1,1,0,0,0,0,0,0,0,0,0,0,0,0,0,0,0,0,0,0
NVIT,2026-09-24,50.825,49.9768,48.6783,44.9421,51.55,-1.41,1.69,-0.1,530528.0,1,1,1,1,1,1,0,0,0,0,0,0,0,0,0,0,0,0,0,0
NVOH,2026-09-24,21.458,23.7424,25.0055,24.3573,32.3571,-33.68,-9.62,0.87,31637.0,0,0,0,0,0,0,0,0,0,0,0,1,0,0,0,0,0,0,0,0
NVPS,2026-09-24,23.69,22.752,22.5534,,,,5.66,0.21,30449.0,0,0,0,1,1,1,0,0,0,0,0,0,0,0,0,0,0,0,0,0
NVYY,2026-09-24,11.306,11.4459,11.5297,11.5189,12.4661,-9.31,0.22,-0.12,344863.0,0,0,0,0,0,0,0,0,0,0,0,0,0,0,0,0,0,0,0,0
NXTE,2026-09-24,48.519,47.8528,47.2555,44.7088,54.436,-10.87,2.08,-0.16,148980.0,1,1,0,1,1,1,0,0,0,0,0,0,0,0,0,0,0,0,0,0
NXTG,2026-09-24,155.34,153.6075,150.5634,132.4425,166.2776,-6.58,0.21,-0.32,779930.0,1,1,0,1,1,1,0,0,0,0,0,0,0,0,0,0,0,0,0,0
NXTI,2026-09-25,36.3093,36.1473,35.7348,33.0382,36.833,-1.42,1.06,-0.05,393160.0,1,1,1,1,1,1,0,0,0,0,0,0,0,0,0,0,0,1,0,0
NYNY,2026-09-24,26.68,27.342,27.4348,,,,-0.74,-0.15,7590.0,0,0,0,0,0,0,0,0,0,0,0,0,0,0,0,0,0,0,0,0
NYSX,2026-09-25,132.158,127.8479,125.395,,132.74,-0.44,2.78,0.48,254261.0,0,0,1,1,1,1,0,0,0,0,0,0,0,0,0,0,0,0,0,0
NYYY,2026-09-25,44.6238,44.1636,42.9371,,,,0.69,0.3,49701.0,0,0,0,1,1,1,0,0,0,0,0,0,0,0,0,0,0,0,0,0
NZAC,2026-09-24,46.765,46.7827,46.546,44.3194,47.532,-1.61,0.52,-0.17,519577.0,1,1,1,0,1,0,0,0,0,0,0,0,0,0,0,0,0,0,0,0
OAEM,2026-09-24,49.512,49.3347,48.1405,44.5444,51.712,-4.25,0.84,-0.58,877736.0,1,1,1,1,1,1,0,0,0,0,0,0,0,0,0,0,0,0,0,0
OAIM,2026-09-24,48.13,48.4535,47.5307,45.4533,49.11,-2.0,-1.29,-0.15,918102.0,1,1,1,0,1,0,0,0,0,0,0,0,0,0,0,0,0,0,0,0
OAKG,2026-09-24,26.443,27.1637,26.896,,27.876,-5.14,-1.66,-0.29,85580.0,0,0,0,0,0,0,0,0,0,0,0,0,0,0,0,0,0,0,0,0
OAKI,2026-09-25,26.3034,26.7074,26.8667,,27.688,-5.0,0.19,0.82,241841.0,0,0,0,0,0,0,0,0,0,0,0,0,0,0,0,0,0,1,0,0
OAKM,2026-09-24,29.925,31.0162,30.6824,28.8268,32.11,-6.8,-2.13,-0.12,5411210.0,0,1,0,0,0,0,0,0,0,0,0,0,0,0,0,0,0,0,0,0
OALC,2026-09-25,41.49,41.3447,41.281,38.3467,42.521,-2.42,0.75,0.61,824732.0,1,1,1,1,1,1,0,0,0,0,0,0,0,0,0,0,0,0,0,0
OARK,2026-09-24,30.436,29.4183,28.3757,27.2445,30.71,-0.89,2.89,0.63,176759.0,0,1,1,1,1,1,0,0,0,0,0,0,0,0,0,0,0,0,0,0
OASC,2026-09-25,34.22,34.175,34.5175,32.5189,35.941,-4.79,0.88,0.47,384163.0,1,1,1,1,0,0,0,0,0,0,0,0,0,0,0,0,0,0,0,0
OBOR,2026-09-24,27.475,28.1619,27.4754,27.5348,30.054,-8.58,-1.91,-0.08,14852.0,0,0,0,0,0,0,0,0,0,0,0,0,0,0,0,0,0,1,0,0
OBTC,2026-09-24,27.095,25.5872,23.0649,23.8212,37.38,-27.51,10.32,-0.17,100619.0,0,1,0,1,1,1,0,0,0,0,0,0,0,0,1,0,0,0,0,0
OCDB,2026-09-24,26.62,26.423,26.2176,,,,0.83,-0.04,7126.0,0,0,0,1,1,1,0,0,0,0,0,0,0,0,0,0,0,0,0,0
OCIO,2026-09-24,38.016,37.8791,37.6423,36.1705,38.373,-0.93,0.58,-0.12,91488.0,1,1,1,1,1,1,0,0,0,0,0,0,0,0,0,0,0,0,0,0
OCTB,2026-09-25,28.17,27.9708,27.7296,26.5174,28.17,0.0,0.36,0.05,65675.0,0,1,1,1,1,1,1,1,1,0,0,0,0,0,0,0,1,0,0,0
OCTH,2026-09-25,24.23,24.2188,24.1574,23.6482,24.26,-0.12,-0.06,-0.12,76689.0,1,1,1,1,1,1,0,0,0,0,0,0,0,0,0,0,0,0,0,0
OCTJ,2026-09-25,24.1751,24.1384,24.0919,23.6993,24.185,-0.04,-0.02,-0.04,122544.0,1,1,1,1,1,1,0,0,0,0,0,0,0,0,0,0,0,0,0,0
OCTM,2026-09-25,34.19,34.1024,33.9647,33.2538,34.19,0.0,0.15,0.07,76271.0,0,1,1,1,1,1,0,0,1,0,0,0,0,0,0,0,0,0,0,0
OCTP,2026-09-25,33.48,33.2352,32.9487,31.4759,33.48,0.0,0.47,0.13,134529.0,0,1,1,1,1,1,0,0,1,0,0,0,0,0,0,0,0,1,0,0
OCTT,2026-09-25,48.5,48.0394,47.6031,45.3092,48.5,0.0,0.74,0.27,82712.0,1,1,1,1,1,1,0,0,1,0,0,0,0,0,0,0,0,0,0,0
OCTU,2026-09-25,31.1876,30.8886,30.799,29.5295,31.445,-0.82,1.37,0.61,70056.0,1,1,1,1,1,1,0,0,0,0,0,0,0,0,0,0,0,0,0,0
OCTW,2026-09-25,41.985,41.8143,41.5519,40.1476,41.985,0.0,0.19,0.08,726761.0,0,1,1,1,1,1,1,1,1,0,0,0,0,0,0,0,1,0,0,0
OCTZ,2026-09-25,46.7558,46.427,46.2904,44.2583,47.199,-0.94,1.14,0.43,37830.0,1,1,1,1,1,1,0,0,0,0,0,0,0,0,0,0,0,0,0,0
ODDS,2026-09-24,24.185,25.3101,25.2736,25.3038,34.7355,-30.37,-4.4,-1.35,5850.0,0,0,0,0,0,0,0,0,0,0,0,0,0,0,0,0,0,0,0,0
ODDZ,2026-09-25,22.1862,23.6488,24.8687,,,,-1.48,1.08,4658.0,0,0,0,0,0,0,0,0,0,0,1,0,0,0,0,0,0,0,0,0
ODTE,2026-09-24,25.03,25.0942,25.2936,,26.6302,-6.01,0.31,0.03,99392.0,0,0,0,0,0,0,0,0,0,0,0,0,0,0,0,0,0,0,0,0
OEF,2026-09-24,383.9,380.258,376.242,353.6609,387.14,-0.84,1.12,0.07,79309462.0,1,1,1,1,1,1,0,0,0,0,0,0,0,0,0,0,0,0,0,0
OEFA,2026-09-24,34.684,35.2809,35.5468,33.8601,36.7551,-5.63,-0.86,0.08,78870.0,1,1,0,0,0,0,0,0,0,0,0,0,0,0,0,0,0,0,0,0
OEI,2026-09-25,26.2755,26.2572,25.8664,24.6882,26.518,-0.91,0.15,0.46,139450.0,1,1,1,1,1,1,0,0,0,0,0,0,0,0,0,0,0,0,0,0
OGIG,2026-09-24,50.834,50.0812,49.0007,46.7989,58.6457,-13.32,1.76,0.1,408872.0,1,1,0,1,1,1,0,0,0,0,0,0,0,0,0,0,0,0,0,0
OGSP,2026-09-24,9.96,9.9646,9.9516,9.8197,9.994,-0.34,-0.15,-0.05,3631.0,1,1,1,0,1,0,0,0,0,0,0,0,0,0,0,0,0,0,0,0
OMAH,2026-09-24,17.97,18.2195,18.346,17.593,18.7934,-4.38,-1.53,0.11,18634086.0,1,1,1,0,0,0,0,0,0,0,0,0,0,0,0,0,0,0,0,0
OMFL,2026-09-24,69.955,69.9557,69.9056,65.4578,71.2807,-1.86,0.58,-0.04,8763558.0,1,1,1,0,1,0,0,0,0,0,0,0,0,0,0,0,0,1,0,0
OMFS,2026-09-24,49.992,51.3306,52.2587,49.034,53.7709,-7.03,-1.2,0.12,433269.0,0,1,0,0,0,0,0,0,0,0,0,0,0,0,0,0,0,0,0,0
OND,2026-09-24,33.165,34.046,34.5284,36.0506,48.825,-32.07,0.05,-0.34,12554.0,0,0,0,0,0,0,0,0,0,0,0,0,0,0,0,0,0,0,0,0
ONEH,2026-09-25,24.455,24.5342,24.6125,,25.43,-3.83,0.06,0.1,124075.0,0,0,1,0,0,0,0,0,0,0,0,0,0,0,0,0,0,0,0,0
ONEO,2026-09-24,149.512,152.6721,154.0404,143.073,158.6537,-5.76,-1.25,-0.33,41254.0,0,1,0,0,0,0,0,0,0,0,0,0,0,0,0,0,0,0,0,0
ONEQ,2026-09-24,106.09,104.1849,102.9139,96.7199,107.32,-1.15,1.93,-0.05,21640657.0,1,1,1,1,1,1,0,0,0,0,0,0,0,0,0,0,0,0,0,0
ONEY,2026-09-24,124.68,130.5632,131.7148,123.5689,135.2735,-7.83,-3.69,-0.87,1784891.0,0,1,0,0,0,0,0,0,0,0,1,0,0,0,0,0,0,0,0,0
ONEZ,2026-09-25,28.1824,28.0425,27.9565,26.8456,28.47,-1.01,0.8,0.15,762583.0,1,1,1,1,1,1,0,0,0,0,0,0,0,0,0,0,0,0,0,0
ONLN,2026-09-24,54.51,56.578,57.9106,57.3288,63.543,-14.22,-1.8,-0.84,212372.0,0,0,0,0,0,0,0,0,0,0,0,0,0,0,0,0,0,0,0,0
ONOF,2026-09-25,41.3076,40.8861,40.6576,38.7404,41.53,-0.54,1.33,0.49,159237.0,1,1,1,1,1,1,0,0,0,0,0,0,0,0,0,0,0,0,0,0
OOSP,2026-09-25,10.11,10.1001,10.077,9.9253,10.12,-0.1,0.25,0.0,35197.0,1,1,1,1,1,1,0,0,0,0,0,0,0,0,0,0,0,0,0,0
OPPE,2026-09-24,58.92,59.6863,59.3924,55.1941,60.504,-2.62,-1.48,-0.2,1248751.0,1,1,1,0,0,0,0,0,0,0,0,0,0,0,0,0,0,0,0,0
OPPG,2026-09-24,36.85,37.4193,37.0192,35.5905,38.175,-3.47,-1.38,-0.35,4879.0,1,1,1,0,0,0,0,0,0,0,0,0,0,0,0,0,0,0,0,0
OPPJ,2026-09-24,59.03,59.5425,58.1228,55.1866,61.28,-3.67,-2.75,-2.17,4200357.0,1,1,1,0,1,0,0,0,0,0,0,0,0,0,0,0,0,0,0,0
OPTZ,2026-09-24,45.258,45.359,45.756,41.8788,49.759,-9.05,1.36,-0.45,231927.0,1,1,0,0,0,0,0,0,0,0,0,0,0,0,0,0,0,0,0,0
ORBX,2026-09-24,43.4,42.354,43.0028,,,,0.46,1.09,632484.0,0,0,0,1,1,0,0,0,0,0,0,0,0,0,0,0,0,0,0,0
ORO,2026-09-24,20.891,20.6838,19.3748,19.0746,21.495,-2.81,4.66,-0.16,35821.0,1,1,1,1,1,1,0,0,0,0,0,0,0,0,0,0,0,0,0,0
OSCV,2026-09-24,39.83,41.0085,41.9867,40.4275,43.24,-7.89,-1.75,-0.2,2654437.0,0,0,0,0,0,0,0,0,0,0,1,0,0,0,0,0,0,1,0,0
OSEA,2026-09-24,29.397,29.8412,30.2016,30.2411,31.44,-6.5,-0.04,-0.11,4299141.0,0,0,0,0,0,0,0,0,0,0,0,0,0,0,0,0,0,0,0,0
OTGL,2026-09-25,10.7791,10.9433,10.7952,10.668,11.4928,-6.21,-0.84,0.34,42766.0,1,1,0,0,0,0,0,0,0,0,0,0,0,0,0,0,0,0,0,0
OUSA,2026-09-24,60.08,60.9369,61.0672,58.4457,62.6121,-4.04,-0.63,0.02,1197443.0,1,1,1,0,0,0,0,0,0,0,0,0,0,0,0,0,0,0,0,0
OUSM,2026-09-24,46.38,47.9788,48.6826,46.1562,50.1688,-7.55,-1.9,-1.02,2180829.0,0,1,0,0,0,0,0,0,0,0,1,0,0,0,0,0,0,1,0,0
OVF,2026-09-24,31.314,31.7654,31.5502,29.965,32.38,-3.29,-1.03,-0.53,963690.0,1,1,1,0,0,0,0,0,0,0,0,0,0,0,0,0,0,0,0,0
OVL,2026-09-24,57.39,56.9642,56.6335,53.0952,58.0762,-1.18,1.16,0.07,11389224.0,1,1,1,1,1,1,0,0,0,0,0,0,0,0,0,0,0,0,0,0
OVLH,2026-09-25,42.5067,42.2591,42.2042,40.666,43.06,-1.28,0.96,0.37,836452.0,1,1,1,1,1,1,0,0,0,0,0,0,0,0,0,0,0,0,0,0
OVS,2026-09-24,39.08,40.1077,40.9584,37.9714,42.5885,-8.24,-1.19,-0.28,640280.0,0,1,0,0,0,0,0,0,0,0,0,0,0,0,0,0,0,0,0,0
OWN,2026-09-25,25.2074,25.0489,24.8031,,,,0.95,-0.05,38184.0,0,0,0,1,1,1,0,0,0,0,0,0,0,0,0,0,0,0,0,0
OWNB,2026-09-24,23.65,21.568,19.2266,20.1714,38.1061,-37.94,13.54,-0.78,63066.0,0,1,0,1,1,1,0,0,0,0,0,0,0,0,1,0,0,0,0,0
OZEM,2026-09-24,31.301,32.1519,32.6467,32.7451,37.01,-15.43,0.27,-1.85,506162.0,0,0,0,0,0,0,0,0,0,0,0,0,0,0,0,0,0,0,0,0
PAAA,2026-09-24,51.5,51.4062,51.2425,50.5167,51.5,0.0,0.1,0.02,135072140.0,0,1,1,1,1,1,0,0,1,0,0,0,0,0,0,0,0,0,0,0
PABD,2026-09-24,68.317,69.6829,70.0041,67.1414,71.869,-4.94,-1.33,-0.36,213020.0,1,1,1,0,0,0,0,0,0,0,0,0,0,0,0,0,0,0,0,0
PABU,2026-09-24,79.018,78.3569,77.4192,73.5321,80.1827,-1.45,0.89,-0.38,1181629.0,1,1,1,1,1,1,0,0,0,0,0,0,0,0,0,0,0,0,0,0
PALC,2026-09-25,54.81,56.4123,56.6664,55.0184,59.5278,-7.93,-0.77,-0.07,366392.0,0,0,0,0,0,0,0,0,0,0,0,0,0,0,0,0,0,0,0,0
PAMC,2026-09-25,52.4642,53.3115,53.8977,51.4749,55.4083,-5.31,-0.38,0.56,109843.0,1,1,0,0,0,0,0,0,0,0,0,0,0,0,0,0,0,0,0,0
PAPI,2026-09-24,26.69,27.4797,27.5643,26.4035,28.1062,-5.04,-2.34,-0.71,2474640.0,0,1,0,0,0,0,0,0,0,0,1,0,0,0,0,0,0,0,0,0
PAPR,2026-09-24,43.168,43.0246,42.7918,41.0521,43.206,-0.09,0.3,0.02,2493611.0,1,1,1,1,1,1,0,0,0,0,0,0,0,0,0,0,0,1,0,0
PATN,2026-09-24,35.84,35.6374,35.2778,32.3871,38.1687,-6.1,1.04,-0.43,5123267.0,1,1,0,1,1,1,0,0,0,0,0,0,0,0,0,0,0,0,0,0
PAUG,2026-09-25,46.91,46.6655,46.4854,44.7013,46.91,0.0,0.65,0.32,1291575.0,1,1,1,1,1,1,0,0,1,0,0,0,0,0,0,0,0,0,0,0
PAVE,2026-09-24,53.07,53.9075,55.8834,54.1499,59.885,-11.38,0.3,-0.6,85819423.0,0,0,0,0,0,0,0,0,0,0,0,0,0,0,0,0,0,0,0,0
PAWZ,2026-09-24,46.96,49.8915,50.7334,51.5905,57.1816,-17.88,-4.2,-1.34,99307.0,0,0,0,0,0,0,0,0,0,0,1,0,0,0,0,0,0,0,0,0
PAYH,2026-09-25,25.215,24.8358,24.664,,25.4064,-0.75,2.29,0.62,380443.0,0,0,1,1,1,1,0,0,0,0,0,0,0,0,0,0,0,0,0,0
PAYM,2026-09-24,25.6,25.3297,25.2588,,25.715,-0.45,1.55,0.04,746786.0,0,0,1,1,1,1,0,0,0,0,0,0,0,0,0,0,0,0,0,0
PAYR,2026-09-25,53.0714,54.7939,55.1595,52.4524,56.2498,-5.65,-2.19,-0.24,932438.0,0,1,0,0,0,0,0,0,0,0,1,0,0,0,0,0,0,0,0,0
PBAP,2026-09-25,31.7043,31.5646,31.402,30.256,31.7043,0.0,0.33,0.17,87962.0,0,1,1,1,1,1,1,1,1,0,0,0,0,0,0,0,1,0,0,0
PBAU,2026-09-25,32.2137,32.0442,31.9269,30.8431,32.22,-0.02,0.6,0.28,166341.0,1,1,1,1,1,1,0,0,0,0,0,0,0,0,0,0,0,0,0,0
PBD,2026-09-24,16.73,17.3659,17.6923,18.3754,22.284,-24.92,-2.62,-1.53,4868217.0,0,0,0,0,0,0,0,0,0,0,0,0,0,0,0,0,0,0,0,0
PBDC,2026-09-24,27.01,27.798,27.5846,27.2905,29.8311,-9.46,-3.69,-0.92,1719724.0,0,0,0,0,0,0,0,0,0,0,0,0,0,0,0,0,0,0,0,0
PBDE,2026-09-25,31.7847,31.6023,31.4129,30.3341,31.79,-0.02,0.49,0.21,93045.0,1,1,1,1,1,1,0,0,0,0,0,0,0,0,0,0,0,0,0,0
PBE,2026-09-24,97.23,95.8242,94.0769,84.6313,98.7102,-1.5,1.65,1.0,1983800.0,1,1,1,1,1,1,0,0,0,0,0,0,0,0,0,0,0,0,0,0
PBEU,2026-09-24,34.869,35.508,35.2404,31.2269,36.266,-3.85,-2.08,0.6,1142325.0,1,1,1,0,0,0,0,0,0,0,0,0,0,0,0,0,0,0,0,0
PBFB,2026-09-25,32.7027,32.5325,32.3573,31.3176,32.7027,0.0,0.46,0.21,120023.0,1,1,1,1,1,1,0,0,1,0,0,0,0,0,0,0,0,0,0,0
PBFR,2026-09-25,31.3224,31.194,31.0424,30.0631,31.329,-0.02,0.47,0.14,1573657.0,1,1,1,1,1,1,0,0,0,0,0,0,0,0,0,0,0,0,0,0
PBJ,2026-09-24,45.38,46.9509,47.5563,47.6347,50.4625,-10.07,-2.98,-0.09,977267.0,0,0,0,0,0,0,0,0,0,0,1,0,0,0,0,0,0,0,0,0
PBJA,2026-09-25,33.06,32.9192,32.7461,31.7042,33.09,-0.09,0.36,0.18,106141.0,1,1,1,1,1,1,0,0,0,0,0,0,0,0,0,0,0,1,0,0
PBJL,2026-09-25,31.9787,31.8114,31.6709,30.7595,31.993,-0.04,0.61,0.26,327181.0,1,1,1,1,1,1,0,0,0,0,0,0,0,0,0,0,0,0,0,0
PBJN,2026-09-25,31.5188,31.3454,31.2178,30.5559,31.539,-0.06,0.65,0.27,94388.0,1,1,1,1,1,1,0,0,0,0,0,0,0,0,0,0,0,0,0,0
PBL,2026-09-24,33.58,33.5312,33.5409,32.1131,34.278,-2.04,0.57,-0.2,533623.0,1,1,1,1,1,0,0,0,0,0,0,0,0,0,0,0,0,0,0,0
PBMR,2026-09-25,32.8545,32.6911,32.5165,31.475,32.8545,0.0,0.43,0.18,113316.0,0,1,1,1,1,1,0,0,1,0,0,0,0,0,0,0,0,0,0,0
PBMY,2026-09-25,31.8791,31.7285,31.5721,30.7617,31.896,-0.05,0.47,0.17,103947.0,1,1,1,1,1,1,0,0,0,0,0,0,0,0,0,0,0,1,0,0
PBNV,2026-09-25,31.8904,31.683,31.4779,30.3211,31.8904,0.0,0.52,0.21,116658.0,1,1,1,1,1,1,1,1,1,0,0,0,0,0,0,0,1,0,0,0
PBOC,2026-09-25,31.435,31.3125,31.113,30.0436,31.435,0.0,0.16,0.03,256234.0,0,1,1,1,1,1,0,0,1,0,0,0,0,0,0,0,0,0,0,0
PBOT,2026-09-25,34.55,33.3528,32.7601,28.7089,34.82,-0.78,3.52,-0.46,13701.0,0,1,1,1,1,1,0,0,0,0,0,0,0,0,0,0,0,0,0,0
PBP,2026-09-24,23.25,23.1432,22.9359,21.814,23.36,-0.47,0.17,0.39,1878190.0,1,1,1,1,1,1,0,0,0,0,0,0,0,0,0,0,0,0,0,0
PBPH,2026-09-25,28.79,28.5194,28.2009,26.3895,29.8,-3.39,1.47,0.36,2571086.0,1,1,1,1,1,1,0,0,0,0,0,0,0,0,0,0,0,0,0,0
PBQQ,2026-09-24,32.368,31.9808,31.627,30.2208,32.485,-0.36,1.13,0.04,522912.0,1,1,1,1,1,1,0,0,0,0,0,0,0,0,0,0,0,0,0,0
PBSE,2026-09-25,31.455,31.3065,31.2111,30.2678,31.478,-0.07,0.53,0.19,1173710.0,1,1,1,1,1,1,0,0,0,0,0,0,0,0,0,0,0,0,0,0
PBUS,2026-09-24,76.91,76.6283,76.1763,71.6123,77.8495,-1.21,0.74,-0.12,22613952.0,1,1,1,1,1,1,0,0,0,0,0,0,0,0,0,0,0,0,0,0
PBW,2026-09-24,29.93,30.8991,32.1692,34.361,46.3002,-35.36,-1.82,-1.77,10444650.0,0,0,0,0,0,0,0,0,0,0,0,0,0,0,0,0,0,0,0,0
PCEF,2026-09-24,19.43,19.8887,19.9502,19.3296,20.3547,-4.54,-1.3,-0.41,2280945.0,0,1,1,0,0,0,0,0,0,0,0,0,0,0,0,0,0,0,0,0
PCFI,2026-09-24,22.56,22.4959,22.3321,22.0893,22.64,-0.35,-0.27,-0.18,420931.0,1,1,1,1,1,1,0,0,0,0,0,0,0,0,0,0,0,0,0,0
PCHI,2026-09-25,23.72,24.0388,24.0745,23.9742,24.6603,-3.81,-1.15,-0.42,43108.0,0,0,1,0,0,0,0,0,0,0,1,0,0,0,0,0,0,0,0,0
PCLC,2026-09-25,25.755,25.0037,24.5827,,,,2.61,0.02,3412.0,0,0,0,1,1,1,0,0,0,0,0,0,0,0,0,0,0,0,0,0
PCLG,2026-09-24,22.625,22.792,22.668,22.5798,25.8846,-12.59,0.85,-0.22,62734.0,1,1,0,0,0,0,0,0,0,0,0,0,0,0,0,0,0,0,0,0
PCLN,2026-09-24,29.994,29.8622,30.5535,28.847,33.662,-10.9,2.62,-0.67,32436.0,1,1,0,1,0,0,0,0,0,0,0,0,0,0,0,0,0,0,0,0
PCPI,2026-09-24,50.13,50.018,49.8582,,50.13,0.0,0.12,0.1,1195567.0,0,0,1,1,1,1,0,0,1,0,0,0,0,0,0,0,0,0,0,0
PCPP,2026-09-24,26.93,27.083,26.7404,,,,0.22,0.11,656472.0,0,0,0,0,1,0,0,0,0,0,0,0,0,0,0,0,0,0,0,0
PCSG,2026-09-24,22.61,22.0325,22.4276,,,,2.22,0.67,5824.0,0,0,0,1,1,0,0,0,0,0,0,0,0,0,0,0,0,1,0,0
PCY,2026-09-24,20.35,20.7416,20.8394,20.8759,21.4213,-5.0,-1.84,-0.83,5207740.0,0,0,0,0,0,0,0,0,0,0,0,0,0,0,0,0,0,1,0,0
PDEC,2026-09-25,47.2991,46.9829,46.6867,44.85,47.2991,0.0,0.64,0.32,1010095.0,1,1,1,1,1,1,0,0,1,0,0,0,0,0,0,0,0,0,0,0
PDN,2026-09-24,45.98,46.8034,46.3234,44.684,47.5462,-3.29,-1.67,-0.41,413480.0,1,1,1,0,0,0,0,0,0,0,0,0,0,0,0,0,0,0,0,0
PDP,2026-09-24,137.98,134.826,136.2304,132.224,153.18,-9.92,3.67,0.07,2030680.0,1,1,0,1,1,0,0,0,0,0,0,0,0,0,0,0,0,0,0,0
PEJ,2026-09-24,62.0,63.5381,65.7019,62.3975,68.9674,-10.1,-0.12,0.83,4527137.0,0,0,0,0,0,0,0,0,0,0,0,0,0,0,0,0,0,0,0,0
PEMX,2026-09-24,86.591,86.2978,84.5126,78.5006,95.037,-8.89,1.06,-0.43,91737.0,1,1,0,1,1,1,0,0,0,0,0,0,0,0,0,0,0,1,0,0
PEPS,2026-09-25,33.2633,32.8115,32.6037,30.7068,33.2633,0.0,1.47,0.45,13845.0,1,1,1,1,1,1,1,1,1,0,0,0,0,0,0,0,1,0,0,0
PEVC,2026-09-24,32.216,31.7287,31.239,29.1385,32.4156,-0.62,2.03,0.14,6311.0,1,1,1,1,1,1,0,0,0,0,0,0,0,0,0,0,0,0,0,0
PEX,2026-09-24,22.69,23.4228,23.2817,22.8363,25.2929,-10.29,-2.92,-0.53,36345.0,0,0,0,0,0,0,0,0,0,0,0,0,0,0,0,0,0,1,0,0
PEXL,2026-09-24,73.57,71.6946,71.5942,66.9801,75.731,-2.85,3.05,-0.19,95542.0,1,1,1,1,1,1,0,0,0,0,0,0,0,0,0,0,0,0,0,0
PEZ,2026-09-25,93.5018,94.6646,98.4198,100.8211,109.4575,-14.58,0.3,0.79,73796.0,0,0,0,0,0,0,0,0,0,0,0,0,0,0,0,0,0,0,0,0
PFDE,2026-09-25,28.5538,28.3001,28.2378,,28.98,-1.47,0.98,0.68,491288.0,0,0,1,1,1,1,0,0,0,0,0,0,0,0,0,0,0,0,0,0
PFEB,2026-09-24,44.157,43.9708,43.7149,42.1015,44.255,-0.22,0.44,0.08,2249572.0,1,1,1,1,1,1,0,0,0,0,0,0,0,0,0,0,0,0,0,0
PFI,2026-09-25,59.1634,60.6864,61.8235,58.4932,64.016,-7.58,-0.71,0.53,433365.0,1,1,0,0,0,0,0,0,0,0,0,0,0,0,0,0,0,0,0,0
PFIX,2026-09-24,57.5,52.484,51.1812,47.0164,57.5,0.0,9.98,5.0,8730914.0,0,1,1,1,1,1,1,1,1,0,0,0,1,1,0,0,1,0,0,0
PFM,2026-09-24,55.37,56.2776,56.6081,53.8612,57.8531,-4.29,-0.73,-0.29,997881.0,1,1,1,0,0,0,0,0,0,0,0,0,0,0,0,0,0,0,0,0
PFOE,2026-09-25,22.2138,22.6103,22.9036,,26.2569,-15.4,0.51,0.25,231747.0,0,0,0,0,0,0,0,0,0,0,0,0,0,0,0,0,0,0,0,0
PFRL,2026-09-24,49.865,49.7996,49.519,48.4405,49.94,-0.15,0.0,-0.09,985099.0,1,1,1,1,1,1,0,0,0,0,0,0,0,0,0,0,0,0,0,0
PGRI,2026-09-25,26.4639,26.3189,26.5367,26.0984,27.86,-5.01,1.51,0.72,13684.0,1,1,0,1,0,0,0,0,0,0,0,0,0,0,0,0,0,0,0,0
PGRO,2026-09-25,48.3417,47.019,46.6819,45.1907,49.239,-1.82,2.75,0.46,3172703.0,1,1,1,1,1,1,0,0,0,0,0,0,0,0,0,0,0,0,0,0
PHDG,2026-09-24,41.45,41.1619,41.1543,39.5669,43.1232,-3.88,0.86,-0.1,122337.0,1,1,1,1,1,1,0,0,0,0,0,0,0,0,0,0,0,0,0,0
PHEQ,2026-09-25,35.4902,35.2678,34.9608,33.5697,35.523,-0.09,0.42,0.13,698619.0,1,1,1,1,1,1,0,0,0,0,0,0,0,0,0,0,0,0,0,0
PHO,2026-09-24,68.08,69.3881,70.3115,69.5554,74.202,-8.25,-0.45,-1.02,5342423.0,0,0,0,0,0,0,0,0,0,0,0,0,0,0,0,0,0,0,0,0
PICK,2026-09-24,60.8,63.532,62.1378,59.4739,68.3559,-11.05,-2.45,-0.86,34223639.0,0,1,0,0,0,0,0,0,0,0,0,0,0,0,0,0,0,0,0,0
PID,2026-09-24,21.43,22.2865,22.6357,22.2539,23.3262,-8.13,-3.36,-1.02,1656641.0,0,0,0,0,0,0,0,0,0,0,1,0,0,0,0,0,0,0,0,0
PIE,2026-09-24,34.04,33.5363,32.3625,29.0946,34.44,-1.16,3.06,0.56,1405375.0,1,1,1,1,1,1,0,0,0,0,0,0,0,0,0,0,0,0,0,0
PIEL,2026-09-24,28.615,28.9148,28.9524,,30.203,-5.26,0.48,-0.15,2891.0,0,0,0,0,0,0,0,0,0,0,0,0,0,0,0,0,0,0,0,0
PIEQ,2026-09-25,36.64,36.7683,36.6139,35.2198,37.55,-2.42,0.83,0.69,2072962.0,1,1,1,0,1,0,0,0,0,0,0,0,0,0,0,0,0,0,0,0
PINK,2026-09-24,38.744,39.1039,39.3292,37.0293,40.426,-4.16,-1.04,1.48,2458252.0,1,1,1,0,0,0,0,0,0,0,0,0,0,0,0,0,0,0,0,0
PIO,2026-09-24,43.04,43.681,44.4762,44.843,48.2483,-10.79,-0.21,-0.3,304736.0,0,0,0,0,0,0,0,0,0,0,0,0,0,0,0,0,0,0,0,0
PIPE,2026-09-24,29.382,30.4375,30.3854,28.1996,31.15,-5.68,-2.32,-0.28,63918.0,0,1,0,0,0,0,0,0,0,0,0,0,0,0,0,0,0,1,0,0
PIZ,2026-09-24,53.26,53.4146,53.029,52.7681,58.6839,-9.24,0.45,0.08,4177158.0,1,1,0,0,1,0,0,0,0,0,0,0,0,0,0,0,0,0,0,0
PJAN,2026-09-24,50.79,50.6038,50.299,48.4613,50.931,-0.28,0.36,0.12,1671532.0,1,1,1,1,1,1,0,0,0,0,0,0,0,0,0,0,0,0,0,0
PJFG,2026-09-24,121.2,118.0124,117.011,111.3199,121.852,-0.54,2.91,0.48,229930.0,1,1,1,1,1,1,0,0,0,0,0,0,0,0,0,0,0,1,0,0
PJFM,2026-09-24,64.898,65.7553,66.6734,65.4782,69.783,-7.0,-0.81,-0.13,16321.0,0,0,0,0,0,0,0,0,0,0,0,0,0,0,0,0,0,0,0,0
PJFV,2026-09-24,100.384,100.1447,100.3413,91.8742,102.123,-1.7,0.29,0.07,1191352.0,1,1,1,1,1,0,0,0,0,0,0,0,0,0,0,0,0,0,0,0
PJIO,2026-09-24,62.466,62.0868,62.6813,62.3734,70.88,-11.87,2.98,0.14,293824.0,1,1,0,1,0,0,0,0,0,0,0,0,0,0,0,0,0,0,0,0
PJP,2026-09-24,126.48,126.377,124.875,111.4704,131.3237,-3.69,0.68,0.81,5061585.0,1,1,1,1,1,1,0,0,0,0,0,0,0,0,0,0,0,0,0,0
PJUL,2026-09-25,49.97,49.6707,49.4681,47.8624,49.988,-0.04,0.83,0.29,1659792.0,1,1,1,1,1,1,0,0,0,0,0,0,0,0,0,0,0,0,0,0
PJUN,2026-09-24,44.11,43.9854,43.799,42.8258,44.27,-0.36,0.5,-0.02,5703158.0,1,1,1,1,1,1,0,0,0,0,0,0,0,0,0,0,0,0,0,0
PJUS,2026-09-24,52.71,52.5125,52.3636,,,,0.63,0.13,6814.0,0,0,0,1,1,1,0,0,0,0,0,0,0,0,0,0,0,0,0,0
PKB,2026-09-24,91.27,94.2684,99.1868,101.7237,113.9563,-19.91,-0.06,-0.45,3256144.0,0,0,0,0,0,0,0,0,0,0,0,0,0,0,0,0,0,0,0,0
PKW,2026-09-24,144.79,150.1167,148.9138,139.4512,154.3431,-6.19,-3.09,-0.28,3934171.0,0,1,0,0,0,0,0,0,0,0,0,0,0,0,0,0,0,0,0,0
PLA,2026-09-24,25.89,25.6834,24.9926,,,,0.58,-0.35,92759.0,0,0,0,1,1,1,0,0,0,0,0,0,0,0,0,0,0,0,0,0
PLGI,2026-09-25,25.5817,25.5585,25.321,,25.807,-0.87,0.32,0.41,144262.0,0,0,1,1,1,1,0,0,0,0,0,0,0,0,0,0,0,0,0,0
PLTW,2026-09-24,25.985,23.7393,21.4575,20.4008,30.9301,-15.99,10.89,0.56,3507739.0,0,1,0,1,1,1,0,0,0,0,0,0,0,0,1,0,0,0,0,0
PLTY,2026-09-24,37.2,35.5367,32.8497,30.0452,38.5029,-3.38,5.89,-0.61,9348239.0,0,1,1,1,1,1,0,0,0,0,0,0,0,0,0,0,0,0,0,0
PLYY,2026-09-24,8.16,8.0911,8.0161,9.0086,12.599,-35.23,1.19,0.06,25623.0,0,0,0,1,1,1,0,0,0,0,0,0,0,0,0,0,0,0,0,0
PMAP,2026-09-24,27.62,27.5639,27.4829,26.9703,27.62,0.0,0.2,0.02,6066.0,0,1,1,1,1,1,0,0,1,0,0,0,0,0,0,0,0,1,0,0
PMAR,2026-09-25,49.015,48.7826,48.5089,46.6893,49.015,0.0,0.44,0.26,620083.0,1,1,1,1,1,1,0,0,1,0,0,0,0,0,0,0,0,0,0,0
PMAU,2026-09-24,26.94,26.9176,26.8726,26.2735,26.985,-0.17,0.2,-0.04,26108.0,1,1,1,1,1,1,0,0,0,0,0,0,0,0,0,0,0,0,0,0
PMAY,2026-09-25,42.38,42.1594,41.9379,40.7182,42.403,-0.05,0.59,0.24,788155.0,1,1,1,1,1,1,0,0,0,0,0,0,0,0,0,0,0,0,0,0
PMBS,2026-09-24,46.59,47.7656,48.1624,48.4997,49.3881,-5.67,-2.17,-0.83,6453952.0,0,0,0,0,0,0,0,0,0,0,1,0,0,0,0,0,0,1,0,1
PMDE,2026-09-24,26.245,26.1802,26.0788,25.5509,26.27,-0.1,0.21,-0.04,5365.0,0,1,1,1,1,1,0,0,0,0,0,0,0,0,0,0,0,1,0,0
PMFB,2026-09-24,27.69,27.6229,27.5246,27.0219,27.7,-0.04,0.24,0.05,5944.0,0,1,1,1,1,1,0,0,0,0,0,0,0,0,0,0,0,0,0,0
PMJA,2026-09-24,27.84,27.783,27.681,27.1752,27.865,-0.09,0.2,-0.04,14586.0,0,1,1,1,1,1,0,0,0,0,0,0,0,0,0,0,0,0,0,0
PMJL,2026-09-24,26.93,26.8983,26.8377,26.3285,26.975,-0.17,0.22,-0.04,7531.0,1,1,1,1,1,1,0,0,0,0,0,0,0,0,0,0,0,0,0,0
PMJN,2026-09-25,27.015,26.9405,26.8809,26.5185,27.02,-0.02,0.33,0.15,17994.0,1,1,1,1,1,1,0,0,0,0,0,0,0,0,0,0,0,0,0,0
PMMF,2026-09-24,100.26,100.1342,99.925,98.8545,100.26,0.0,0.07,0.01,14667875.0,0,1,1,1,1,1,1,1,1,0,0,0,0,0,0,0,1,0,0,0
PMMR,2026-09-24,27.45,27.4019,27.3122,26.8515,27.475,-0.09,0.16,-0.02,3289.0,1,1,1,1,1,1,0,0,0,0,0,0,0,0,0,0,0,0,0,0
PMMY,2026-09-24,27.115,27.0693,26.9901,26.6038,27.145,-0.11,0.22,0.0,3248.0,1,1,1,1,1,1,0,0,0,0,0,0,0,0,0,0,0,0,0,0
PMNV,2026-09-24,26.42,26.3486,26.2327,25.6469,26.445,-0.09,0.21,-0.02,4084.0,0,1,1,1,1,1,0,0,0,0,0,0,0,0,0,0,0,0,0,0
PMOC,2026-09-25,26.52,26.4445,26.3263,25.761,26.52,0.0,0.19,0.08,4244.0,0,1,1,1,1,1,1,1,1,0,0,0,0,0,0,0,1,1,0,0
PMSE,2026-09-25,26.63,26.6145,26.5462,26.0138,26.76,-0.49,0.23,0.04,267630.0,1,1,1,1,1,1,0,0,0,0,0,0,0,0,0,0,0,0,0,0
PNOV,2026-09-24,45.66,45.455,45.1367,43.2714,45.84,-0.39,0.51,-0.07,2877493.0,1,1,1,1,1,1,0,0,0,0,0,0,0,0,0,0,0,0,0,0
PNQI,2026-09-24,51.34,51.6815,50.7582,49.2566,56.94,-9.83,0.39,0.47,2256323.0,1,1,0,0,1,0,0,0,0,0,0,0,0,0,0,0,0,0,0,0
POCT,2026-09-24,47.73,47.5325,47.1858,45.3481,47.78,-0.1,0.23,-0.1,2185521.0,0,1,1,1,1,1,0,0,0,0,0,0,0,0,0,0,0,0,0,0
POW,2026-09-24,26.07,25.7447,26.3581,26.077,33.48,-22.13,2.12,-0.8,790222.0,0,0,0,1,0,0,0,0,0,0,0,0,0,0,0,0,0,0,0,0
POWA,2026-09-24,86.9,88.584,90.303,89.6785,93.93,-7.48,-0.24,-0.53,182406.0,0,0,0,0,0,0,0,0,0,0,0,0,0,0,0,0,0,0,0,0
POWR,2026-09-24,24.39,25.1343,25.8747,25.9193,28.0438,-13.03,-1.69,-0.85,4976386.0,0,0,0,0,0,0,0,0,0,0,0,0,0,0,0,0,0,0,0,0
PPA,2026-09-24,159.09,162.3953,170.757,170.6455,184.8398,-13.93,-0.29,-0.26,35434877.0,0,0,0,0,0,0,0,0,0,0,0,0,0,0,0,0,0,0,0,0
PPH,2026-09-24,111.11,112.016,111.9506,105.914,117.87,-5.74,-0.5,0.73,29089026.0,1,1,0,0,0,0,0,0,0,0,0,0,0,0,0,0,0,0,0,0
PPI,2026-09-24,20.325,20.8795,21.1255,20.75,22.1725,-8.33,-1.58,-0.31,472268.0,0,0,0,0,0,0,0,0,0,0,0,0,0,0,0,0,0,1,0,0
PPTY,2026-09-24,31.819,32.6883,33.7192,31.969,35.32,-9.91,-1.45,0.28,51624.0,0,0,0,0,0,0,0,0,0,0,0,1,0,0,0,0,0,1,0,0
PQAP,2026-09-25,33.03,32.6922,32.3497,30.64,33.04,-0.03,0.78,0.17,88529.0,0,1,1,1,1,1,0,0,0,0,0,0,0,0,0,0,0,1,0,0
PQJA,2026-09-25,32.785,32.3703,32.0028,30.468,32.785,0.0,0.94,0.18,74457.0,0,1,1,1,1,1,0,0,1,0,0,0,0,0,0,0,0,1,0,0
PQJL,2026-09-25,31.8,31.1271,30.8093,30.0186,31.818,-0.06,2.07,0.33,72965.0,0,1,1,1,1,1,0,0,0,0,0,0,0,0,0,0,0,0,0,0
PQNT,2026-09-24,22.942,23.3535,23.3008,22.2677,23.84,-3.77,-1.94,-0.27,27968.0,1,1,1,0,0,0,0,0,0,0,0,0,0,0,0,0,0,0,0,0
PQOC,2026-09-25,32.365,32.0967,31.6915,30.0188,32.365,0.0,0.34,0.05,80367.0,0,1,1,1,1,1,0,0,1,0,0,0,0,0,0,0,0,1,0,0
PQUS,2026-09-25,28.77,28.4975,28.353,,28.99,-0.76,1.23,-0.38,7458114.0,0,0,1,1,1,1,0,0,0,0,0,0,0,0,0,0,0,0,0,0
PQV,2026-09-25,25.815,25.6113,25.4657,,,,1.2,0.53,16582.0,0,0,0,1,1,1,0,0,0,0,0,0,0,0,0,0,0,0,0,0
PQX,2026-09-25,25.7109,25.5255,25.385,,,,0.87,0.35,74521.0,0,0,0,1,1,1,0,0,0,0,0,0,0,0,0,0,0,0,0,0
PQXV,2026-09-25,25.6243,25.4617,25.3353,,,,0.72,0.29,50068.0,0,0,0,1,1,1,0,0,0,0,0,0,0,0,0,0,0,0,0,0
PQXX,2026-09-25,25.545,25.4023,25.2897,,,,0.61,0.22,39733.0,0,0,0,1,1,1,1,1,0,0,0,0,0,0,0,0,1,0,0,0
PRAB,2026-09-24,24.79,24.8275,24.8818,,25.12,-1.31,-0.12,0.04,15517.0,0,0,1,0,0,0,0,0,0,0,0,0,0,0,0,0,0,0,0,0
PRAE,2026-09-25,41.7878,41.4239,40.9577,39.389,41.818,-0.07,0.84,-0.07,8213.0,1,1,1,1,1,1,0,0,0,0,0,0,0,0,0,0,0,1,0,0
PRAY,2026-09-24,34.75,35.1146,35.303,34.1087,36.31,-4.3,0.11,-0.57,432560.0,1,1,1,0,0,0,0,0,0,0,0,0,0,0,0,0,0,0,0,0
PRCS,2026-09-25,28.78,28.7426,28.8932,27.5471,29.832,-3.53,1.23,0.58,367019.0,1,1,1,1,0,0,0,0,0,0,0,0,0,0,0,0,0,1,0,0
PRF,2026-09-24,55.12,55.6087,55.3893,51.2204,56.3442,-2.17,-0.66,-0.11,15885642.0,1,1,1,0,0,0,0,0,0,0,0,0,0,0,0,0,0,1,0,0
PRFZ,2026-09-24,52.81,53.7547,54.4697,50.4605,56.7017,-6.86,-0.6,0.09,5188588.0,1,1,0,0,0,0,0,0,0,0,0,0,0,0,0,0,0,0,0,0
PRMR,2026-09-25,28.8998,28.6406,28.4354,26.1788,29.124,-0.77,1.45,0.2,423702.0,1,1,1,1,1,1,0,0,0,0,0,0,0,0,0,0,0,0,0,0
PRN,2026-09-24,199.51,197.776,210.1312,212.3595,262.64,-24.04,2.8,-0.43,4420216.0,0,0,0,1,0,0,0,0,0,0,0,0,0,0,0,0,0,0,0,0
PRNT,2026-09-24,24.908,24.74,24.7798,23.5018,26.44,-5.79,1.5,-0.27,134419.0,1,1,0,1,1,0,0,0,0,0,0,0,0,0,0,0,0,0,0,0
PRTO,2026-09-25,27.575,27.7823,27.8205,,28.58,-3.52,-0.2,0.24,11118.0,0,0,1,0,0,0,0,0,0,0,0,0,0,0,0,0,0,0,0,0
PRVS,2026-09-25,32.6997,32.8763,32.9779,30.518,33.64,-2.8,0.19,0.44,216144.0,1,1,1,0,0,0,0,0,0,0,0,0,0,0,0,0,0,0,0,0
PRXG,2026-09-25,41.157,40.11,39.6721,37.4401,41.204,-0.11,2.51,0.63,188906.0,1,1,1,1,1,1,0,0,0,0,0,0,0,0,0,0,0,0,0,0
PRXI,2026-09-25,25.265,25.5398,25.5181,,,,0.26,0.94,69993.0,0,0,0,0,0,0,0,0,0,0,0,0,0,0,0,0,0,0,0,0
PRXV,2026-09-25,35.3739,35.78,35.8429,33.1417,36.523,-3.15,-0.27,0.35,263432.0,1,1,1,0,0,0,0,0,0,0,0,0,0,0,0,0,0,0,0,0
PSAI,2026-09-24,27.51,28.0592,28.0183,,,,-2.31,-0.43,33725.0,0,0,0,0,0,0,0,0,0,0,0,0,0,0,0,0,0,0,0,0
PSC,2026-09-25,67.49,68.1385,68.7784,63.6231,70.761,-4.62,0.04,0.1,7867125.0,1,1,1,0,0,0,0,0,0,0,0,0,0,0,0,0,0,0,0,0
PSCC,2026-09-24,33.72,35.1109,36.182,33.6175,37.8271,-10.86,-2.16,-0.47,346079.0,0,1,0,0,0,0,0,0,0,0,1,0,0,0,0,0,0,0,0,0
PSCD,2026-09-25,108.1634,111.675,116.2462,110.9419,122.3031,-11.56,0.43,0.77,28021.0,0,0,0,0,0,0,0,0,0,0,0,0,0,0,0,0,0,0,0,0
PSCE,2026-09-24,58.96,62.0353,60.006,55.6402,64.1683,-8.12,-4.31,-0.07,1212214.0,0,1,0,0,0,0,0,0,0,0,0,0,0,0,0,0,0,0,0,0
PSCF,2026-09-25,62.1344,64.1136,65.5997,61.1882,67.8825,-8.47,-1.25,0.44,86053.0,0,1,0,0,0,0,0,0,0,0,1,0,0,0,0,0,0,0,0,0
PSCH,2026-09-24,52.65,53.753,54.1324,47.3064,56.22,-6.35,-1.61,0.11,1100967.0,1,1,0,0,0,0,0,0,0,0,0,0,0,0,0,0,0,1,0,0
PSCI,2026-09-24,162.89,167.1228,174.6587,167.9853,185.8259,-12.34,-0.73,-0.49,7608897.0,0,0,0,0,0,0,0,0,0,0,0,0,0,0,0,0,0,0,0,0
PSCJ,2026-09-24,32.295,32.1937,32.061,31.0003,32.411,-0.36,0.49,0.05,10134.0,1,1,1,1,1,1,0,0,0,0,0,0,0,0,0,0,0,0,0,0
PSCM,2026-09-25,96.1714,97.0506,98.4223,97.7266,108.3044,-11.2,2.76,1.3,64435.0,0,0,0,0,0,0,0,0,0,0,0,0,0,0,0,0,0,0,0,0
PSCQ,2026-09-24,32.18,32.021,31.7727,30.4888,32.18,0.0,0.28,0.02,8468.0,0,1,1,1,1,1,0,0,1,0,0,0,0,0,0,0,0,0,0,0
PSCT,2026-09-24,80.14,78.2303,79.4971,71.7956,92.4053,-13.27,2.37,-1.07,4164610.0,1,1,0,1,1,0,0,0,0,0,0,0,0,0,0,0,0,1,0,0
PSCU,2026-09-24,60.82,63.5123,64.2604,61.9444,66.5741,-8.64,-4.05,-0.02,99741.0,0,0,0,0,0,0,0,0,0,0,1,0,0,0,0,0,0,0,0,0
PSCW,2026-09-24,30.665,30.5744,30.408,29.2209,30.715,-0.16,0.31,0.0,9157.0,1,1,1,1,1,1,0,0,0,0,0,0,0,0,0,0,0,0,0,0
PSCX,2026-09-25,33.59,33.3915,33.1879,31.977,33.6,-0.03,0.53,0.24,28725.0,1,1,1,1,1,1,0,0,0,0,0,0,0,0,0,0,0,0,0,0
PSEP,2026-09-25,47.1,46.8517,46.6569,45.0681,47.17,-0.15,0.64,0.26,22941157.0,1,1,1,1,1,1,0,0,0,0,0,0,0,0,0,0,0,0,0,0
PSET,2026-09-25,78.9972,78.6163,79.044,75.6144,81.791,-3.42,1.59,0.47,203048.0,1,1,1,1,0,0,0,0,0,0,0,0,0,0,0,0,0,0,0,0
PSFD,2026-09-25,41.0762,40.7954,40.5262,38.7929,41.085,-0.02,0.69,0.3,30799.0,1,1,1,1,1,1,0,0,0,0,0,0,0,0,0,0,0,0,0,0
PSFF,2026-09-25,35.24,35.0303,34.8191,33.4888,35.241,-0.0,0.51,0.28,2736267.0,1,1,1,1,1,1,0,0,0,0,0,0,0,0,0,0,0,0,0,0
PSFJ,2026-09-24,36.052,35.8804,35.6749,34.3301,36.18,-0.35,0.53,0.03,460564.0,1,1,1,1,1,1,0,0,0,0,0,0,0,0,0,0,0,0,0,0
PSFM,2026-09-24,35.7,35.5888,35.3695,33.6871,35.79,-0.25,0.31,-0.07,8008.0,1,1,1,1,1,1,0,0,0,0,0,0,0,0,0,0,0,0,0,0
PSFO,2026-09-25,35.905,35.641,35.3341,33.7128,35.905,0.0,0.45,0.11,32501.0,0,1,1,1,1,1,0,0,1,0,0,0,0,0,0,0,0,0,0,0
PSI,2026-09-24,147.5,136.5145,140.4382,123.3246,187.82,-21.47,9.87,-0.16,42726136.0,0,1,0,1,1,0,0,0,0,0,0,0,0,0,0,0,0,0,0,0
PSIL,2026-09-24,23.321,24.7722,24.7743,20.2309,26.8,-12.98,-7.27,-3.03,889555.0,0,1,0,0,0,0,0,0,0,0,0,0,0,0,0,0,0,0,0,0
PSL,2026-09-24,107.72,111.1671,113.1867,110.0248,116.9332,-7.88,-1.9,0.03,114945.0,0,0,0,0,0,0,0,0,0,0,1,0,0,0,0,0,0,0,0,0
PSMD,2026-09-25,35.265,35.0666,34.8561,33.5473,35.275,-0.03,0.58,0.23,59977.0,1,1,1,1,1,1,0,0,0,0,0,0,0,0,0,0,0,1,0,0
PSMJ,2026-09-24,34.559,34.4339,34.2628,33.1526,34.68,-0.35,0.47,0.06,413618.0,1,1,1,1,1,1,0,0,0,0,0,0,0,0,0,0,0,1,0,0
PSMO,2026-09-24,33.51,33.3416,33.0943,31.7803,33.515,-0.01,0.31,0.01,105870.0,0,1,1,1,1,1,0,0,0,0,0,0,0,0,0,0,0,0,0,0
PSMR,2026-09-25,32.965,32.814,32.6315,31.2978,32.965,0.0,0.46,0.17,48437.0,1,1,1,1,1,1,0,0,1,0,0,0,0,0,0,0,0,0,0,0
PSP,2026-09-24,56.76,60.2456,60.7425,60.1248,68.3015,-16.9,-3.26,-1.34,1305470.0,0,0,0,0,0,0,0,0,0,0,0,0,0,0,0,0,0,0,0,0
PSQA,2026-09-24,20.61,20.7227,20.6586,20.3483,20.84,-1.1,-0.77,-0.91,1631703.0,1,1,1,0,0,0,0,0,0,0,0,0,0,0,0,0,0,0,0,0
PSR,2026-09-25,97.6141,100.141,102.9731,97.6403,107.6541,-9.33,-1.15,-0.2,127111.0,0,0,0,0,0,0,0,0,0,0,1,0,0,0,0,0,0,0,0,0
PSTP,2026-09-25,37.6361,37.4344,37.2676,36.146,37.682,-0.12,0.7,0.36,254206.0,1,1,1,1,1,1,0,0,0,0,0,0,0,0,0,0,0,0,0,0
PSTR,2026-09-25,31.4885,31.4749,31.2701,29.4257,31.853,-1.14,0.57,0.29,95729.0,1,1,1,1,1,1,0,0,0,0,0,0,0,0,0,0,0,0,0,0
PSWD,2026-09-24,48.829,45.9998,44.7649,36.8818,49.153,-0.66,3.78,-0.66,112123.0,0,1,1,1,1,1,0,0,0,0,0,0,0,0,0,0,0,0,0,0
PTEU,2026-09-24,32.945,33.6678,33.8195,32.2739,34.842,-5.44,-1.33,-0.56,79442.0,1,1,0,0,0,0,0,0,0,0,0,0,0,0,0,0,0,0,0,0
PTF,2026-09-24,107.32,100.505,102.4702,101.2726,138.36,-22.43,7.54,-0.8,8933902.0,0,1,0,1,1,0,0,0,0,0,0,0,0,0,0,0,0,0,0,0
PTH,2026-09-24,61.54,61.3585,60.61,53.3817,64.07,-3.95,-0.77,1.57,2680440.0,1,1,1,1,1,1,0,0,0,0,0,0,0,0,0,0,0,0,0,0
PTIN,2026-09-24,36.763,37.3651,37.1742,35.0058,38.16,-3.66,-1.15,-0.48,278173.0,1,1,1,0,0,0,0,0,0,0,0,0,0,0,0,0,0,0,0,0
PTL,2026-09-24,274.502,277.814,281.2281,269.0729,292.08,-6.02,0.25,-0.63,5212654.0,1,1,0,0,0,0,0,0,0,0,0,0,0,0,0,0,0,0,0,0
PTLC,2026-09-24,59.93,59.6702,59.337,56.929,60.63,-1.15,0.86,0.0,5075464.0,1,1,1,1,1,1,0,0,0,0,0,0,0,0,0,0,0,0,0,0
PTMC,2026-09-25,39.6443,40.185,40.9715,39.1585,42.592,-6.92,0.04,0.35,618837.0,1,1,0,0,0,0,0,0,0,0,0,0,0,0,0,0,0,0,0,0
PTNQ,2026-09-24,89.424,86.7499,85.8284,82.025,90.15,-0.81,3.47,-0.08,2396590.0,0,1,1,1,1,1,0,0,0,0,0,0,0,0,0,0,0,0,0,0
PTNT,2026-09-24,24.4,24.361,24.4748,,,,1.58,-0.49,3794.0,0,0,0,1,0,0,0,0,0,0,0,0,0,0,0,0,0,0,0,0
PUI,2026-09-24,41.14,43.0853,44.5584,45.4868,48.1624,-14.58,-3.48,-0.63,186434.0,0,0,0,0,0,0,0,0,0,0,1,0,0,0,0,0,0,0,0,1
PVAL,2026-09-24,53.01,53.749,53.6432,49.5331,54.58,-2.88,-1.21,-0.21,86478556.0,1,1,1,0,0,0,0,0,0,0,0,0,0,0,0,0,0,0,0,0
PVEX,2026-09-24,30.994,30.9106,30.8925,29.546,31.91,-2.87,1.02,0.07,143739.0,1,1,1,1,1,1,0,0,0,0,0,0,0,0,0,0,0,1,0,0
PWB,2026-09-24,162.56,156.4125,156.6132,145.4236,168.51,-3.53,4.7,0.44,16116314.0,0,1,1,1,1,0,0,0,0,0,0,0,0,0,0,0,0,0,0,0
PWER,2026-09-24,43.825,45.5106,44.1143,40.9766,46.8052,-6.37,-4.2,-0.83,62813.0,0,1,0,0,0,0,0,0,0,0,0,0,0,0,0,0,0,0,0,0
PWRD,2026-09-24,105.53,105.6413,108.4366,106.7297,122.96,-14.18,1.6,-0.55,7847826.0,0,0,0,0,0,0,0,0,0,0,0,0,0,0,0,0,0,0,0,0
PWRZ,2026-09-24,29.249,30.0739,30.5694,30.5403,33.2569,-12.05,-2.97,-0.69,6326.0,0,0,0,0,0,0,0,0,0,0,0,0,0,0,0,0,0,0,0,0
PWS,2026-09-25,32.3814,32.6998,32.6294,32.1914,33.671,-3.83,-0.25,0.03,110046.0,1,1,1,0,0,0,0,0,0,0,0,0,0,0,0,0,0,0,0,0
PWV,2026-09-25,78.02,80.4699,80.3827,72.9394,82.8801,-5.86,-1.51,0.37,18680058.0,0,1,0,0,0,0,0,0,0,0,0,1,0,0,0,0,0,0,0,0
PXE,2026-09-24,40.24,41.5048,39.599,35.0683,43.5491,-7.6,-4.32,0.88,793424.0,0,1,0,0,1,0,0,0,0,0,0,0,0,0,0,0,0,0,0,0
PXF,2026-09-24,77.07,78.5711,77.7366,72.5958,79.8748,-3.51,-1.98,-0.36,10145753.0,1,1,1,0,0,0,0,0,0,0,0,0,0,0,0,0,0,0,0,0
PXH,2026-09-24,29.22,29.4576,28.9215,27.501,29.9685,-2.5,-0.49,-0.51,6885873.0,1,1,1,0,1,0,0,0,0,0,0,0,0,0,0,0,0,0,0,0
PXI,2026-09-24,62.22,64.2802,61.8249,56.0268,65.9234,-5.62,-4.33,0.0,446467.0,0,1,0,0,1,0,0,0,0,0,0,0,0,0,0,0,0,0,0,0
PY,2026-09-24,56.41,57.4037,57.1612,53.8349,58.44,-3.47,-1.49,-0.29,717532.0,1,1,1,0,0,0,0,0,0,0,0,0,0,0,0,0,0,0,0,0
PYPY,2026-09-24,25.757,26.1516,27.6386,25.0397,36.3046,-29.05,-0.74,0.07,453358.0,1,1,0,0,0,0,0,0,0,0,0,0,0,0,0,0,0,0,0,0
PYZ,2026-09-24,115.82,120.938,122.1679,123.0625,133.203,-13.05,-2.56,-0.86,368180.0,0,0,0,0,0,0,0,0,0,0,0,0,0,0,0,0,0,0,0,0
PZIV,2026-09-25,29.8452,30.1928,30.0583,,30.86,-3.29,0.32,0.9,23852.0,0,0,1,0,0,0,0,0,0,0,0,0,0,0,0,0,0,0,0,0
PZLV,2026-09-24,30.11,31.082,30.8924,,31.92,-5.67,-2.46,-0.86,12012.0,0,0,0,0,0,0,0,0,0,0,0,0,0,0,0,0,0,0,0,0
QABA,2026-09-24,65.52,66.7804,67.8362,62.2031,69.9234,-6.3,-1.59,0.91,791479.0,1,1,0,0,0,0,0,0,0,0,0,0,0,0,0,0,0,0,0,0
QAI,2026-09-24,36.22,36.342,36.3316,35.3446,36.78,-1.52,-0.06,-0.28,1744601.0,1,1,1,0,0,0,0,0,0,0,0,0,0,0,0,0,0,0,0,0
QALT,2026-09-24,26.1,26.2649,26.3926,25.6929,26.724,-2.33,0.42,-0.68,569230.0,1,1,1,0,0,0,0,0,0,0,0,0,0,0,0,0,0,0,0,0
QARP,2026-09-25,67.43,67.5499,67.2435,63.1588,68.5536,-1.64,0.66,0.35,91281.0,1,1,1,0,1,0,0,0,0,0,0,0,0,0,0,0,0,0,0,0
QAT,2026-09-24,16.78,17.1557,17.3761,18.1581,19.4498,-13.73,-1.32,-0.24,197791.0,0,0,0,0,0,0,0,0,0,0,0,0,0,0,0,0,0,0,0,0
QB,2026-09-24,49.42,48.8807,48.4805,45.1607,49.562,-0.29,0.72,-0.14,27847.0,0,1,1,1,1,1,0,0,0,0,0,0,0,0,0,0,0,0,0,0
QBF,2026-09-25,18.8,18.1492,16.8732,18.1075,28.6487,-34.38,2.37,-0.51,60889.0,0,1,0,1,1,1,0,0,0,0,0,0,0,0,0,0,0,0,0,0
QBIF,2026-09-24,26.26,26.48,26.4046,,26.6,-1.28,-0.87,-0.15,30608.0,0,0,1,0,0,0,0,0,0,0,0,0,0,0,0,0,0,0,0,0
QBIG,2026-09-24,41.86,41.5841,40.9206,38.9836,43.299,-3.32,0.52,-0.11,145428.0,1,1,1,1,1,1,0,0,0,0,0,0,0,0,0,0,0,0,0,0
QBIV,2026-09-24,26.88,27.2565,27.1738,,27.55,-2.43,-1.21,-0.11,29196.0,0,0,1,0,0,0,0,0,0,0,0,0,0,0,0,0,0,1,0,0
QBKF,2026-09-24,26.01,26.06,26.1304,,26.37,-1.37,0.04,0.0,64034.0,0,0,1,0,0,0,0,0,0,0,0,0,0,0,0,0,0,0,0,0
QBKV,2026-09-24,27.02,27.26,27.432,,28.01,-3.53,-0.59,-0.11,40336.0,0,0,1,0,0,0,0,0,0,0,0,0,0,0,0,0,0,0,0,0
QBQF,2026-09-25,26.2703,26.009,25.9188,,26.37,-0.38,1.39,0.23,57903.0,0,0,1,1,1,1,0,0,0,0,0,0,0,0,0,0,0,0,0,0
QBQV,2026-09-25,27.367,26.9229,26.6787,,27.48,-0.41,1.62,0.25,2227383.0,0,0,1,1,1,1,0,0,0,0,0,0,0,0,0,0,0,0,0,0
QBSF,2026-09-25,27.595,27.417,27.2945,26.7192,27.595,0.0,0.67,0.27,356942.0,1,1,1,1,1,1,0,0,1,0,0,0,0,0,0,0,0,0,0,0
QBSV,2026-09-25,27.4635,27.2567,27.1045,,27.55,-0.31,1.12,0.49,47498.0,0,0,1,1,1,1,0,0,0,0,0,0,0,0,0,0,0,0,0,0
QBUF,2026-09-25,31.15,30.7991,30.6349,30.0815,31.258,-0.35,1.37,0.21,539719.0,1,1,1,1,1,1,0,0,0,0,0,0,0,0,0,0,0,0,0,0
QBUL,2026-09-25,24.1013,24.0874,24.1137,23.9447,24.466,-1.49,0.24,0.11,76836.0,1,1,1,1,0,0,0,0,0,0,0,0,0,0,0,0,0,0,0,0
QBY,2026-09-24,5.74,5.6902,5.9116,6.9121,9.8996,-42.02,0.75,0.9,50752.0,0,0,0,1,0,0,0,0,0,0,0,0,0,0,0,0,0,0,0,0
QCAP,2026-09-24,25.47,25.2503,25.0352,24.3878,25.545,-0.29,0.87,-0.05,154660.0,1,1,1,1,1,1,0,0,0,0,0,0,0,0,0,0,0,0,0,0
QCJA,2026-09-24,23.93,23.7489,23.5511,22.7264,23.96,-0.13,0.59,0.0,712927.0,0,1,1,1,1,1,0,0,0,0,0,0,0,0,0,0,0,1,0,0
QCJL,2026-09-24,26.058,25.7482,25.531,24.5279,26.15,-0.35,1.26,0.08,363566.0,1,1,1,1,1,1,0,0,0,0,0,0,0,0,0,0,0,0,0,0
QCLN,2026-09-24,48.24,48.7585,50.154,52.2959,68.47,-29.55,0.29,-2.03,5505907.0,0,0,0,0,0,0,0,0,0,0,0,0,0,0,0,0,0,0,0,0
QCLR,2026-09-24,28.105,27.7314,27.8458,28.0905,29.0002,-3.09,1.76,0.07,51930.0,1,1,1,1,1,0,0,0,0,0,0,0,0,0,0,0,0,0,0,0
QCOC,2026-09-24,24.54,24.3938,24.1704,23.2324,24.55,-0.04,0.37,0.0,239525.0,0,1,1,1,1,1,0,0,0,0,0,0,0,0,0,0,0,0,0,0
QDEC,2026-09-24,36.8,36.2924,35.8741,34.0719,36.88,-0.22,1.18,-0.11,2106684.0,1,1,1,1,1,1,0,0,0,0,0,0,0,0,0,0,0,0,0,0
QDEF,2026-09-24,89.43,90.2828,89.9251,84.7562,91.5566,-2.32,-0.77,-0.16,447420.0,1,1,1,0,0,0,0,0,0,0,0,0,0,0,0,0,0,0,0,0
QDF,2026-09-24,90.43,91.1077,91.3481,85.4479,93.1534,-2.92,-0.22,-0.09,2167354.0,1,1,1,0,0,0,0,0,0,0,0,0,0,0,0,0,0,0,0,0
QDIV,2026-09-24,38.769,39.9101,39.8378,37.1909,41.205,-5.91,-2.32,-0.61,42102.0,0,1,0,0,0,0,0,0,0,0,0,0,0,0,0,0,0,0,0,0
QDPL,2026-09-24,46.37,46.1588,45.8967,43.3031,46.766,-0.85,0.76,-0.6,6011639.0,1,1,1,1,1,1,0,0,0,0,0,0,0,0,0,0,0,0,0,0
QDTE,2026-09-24,29.2,28.5417,28.2433,26.5665,29.4191,-0.74,2.27,0.03,12255014.0,1,1,1,1,1,1,0,0,0,0,0,0,0,0,0,0,0,0,0,0
QDTY,2026-09-24,39.174,38.4048,37.9676,35.7891,39.56,-0.98,2.0,0.02,595806.0,1,1,1,1,1,1,0,0,0,0,0,0,0,0,0,0,0,0,0,0
QDVO,2026-09-24,30.36,29.741,29.4399,28.0447,30.43,-0.23,1.81,0.26,5580896.0,0,1,1,1,1,1,0,0,0,0,0,0,0,0,0,0,0,0,0,0
QEFA,2026-09-24,98.31,100.2042,99.9715,95.4387,102.32,-3.92,-1.67,-0.21,3719538.0,1,1,1,0,0,0,0,0,0,0,0,0,0,0,0,0,0,0,0,0
QEMM,2026-09-24,81.38,81.806,80.2154,74.6528,83.17,-2.15,0.23,-0.21,351553.0,1,1,1,0,1,0,0,0,0,0,0,0,0,0,0,0,0,0,0,0
QETH,2026-09-24,26.79,25.1075,21.9191,22.537,47.12,-43.15,10.02,0.6,1140320.0,0,1,0,1,1,1,0,0,0,0,0,0,0,0,1,0,0,0,0,0
QEW,2026-09-24,29.87,29.6335,29.681,,30.8439,-3.16,2.66,-0.33,734504.0,0,0,1,1,1,0,0,0,0,0,0,0,0,0,0,0,0,0,0,0
QFHD,2026-09-24,26.662,27.4434,27.5624,,28.1502,-5.29,-2.46,-0.64,4254.0,0,0,0,0,0,0,0,0,0,0,0,0,0,0,0,0,0,0,0,0
QFLR,2026-09-24,36.03,35.3679,35.2766,35.0082,36.82,-2.15,1.38,-0.12,1893633.0,1,1,1,1,1,1,0,0,0,0,0,0,0,0,0,0,0,0,0,0
QFRD,2026-09-24,30.874,29.7746,29.1565,,30.874,0.0,3.22,0.35,36485.0,0,0,1,1,1,1,1,1,1,0,0,0,0,0,0,0,1,1,0,0
QGRD,2026-09-24,30.065,29.441,29.3179,28.093,30.718,-2.13,2.38,0.05,455162.0,1,1,1,1,1,1,0,0,0,0,0,0,0,0,0,0,0,1,0,0
QGRO,2026-09-24,117.73,117.2542,116.9336,113.753,120.6679,-2.43,1.1,0.07,8655694.0,1,1,1,1,1,1,0,0,0,0,0,0,0,0,0,0,0,0,0,0
QGRW,2026-09-24,68.85,67.3712,66.6741,61.9163,69.13,-0.41,2.62,0.42,16218598.0,1,1,1,1,1,1,0,0,0,0,0,0,0,0,0,0,0,0,0,0
QID,2026-09-24,13.11,13.9474,14.2564,16.9386,23.7262,-44.74,-6.82,-0.08,483707939.0,0,0,0,0,0,0,0,0,0,0,0,0,0,0,0,0,0,0,0,0
QIDX,2026-09-24,11.44,11.5495,11.7233,11.2884,12.035,-4.94,-0.24,0.0,36133.0,1,1,1,0,0,0,0,0,0,0,0,0,0,0,0,0,0,0,0,0
QINT,2026-09-24,70.12,71.5159,71.4642,68.0054,73.4583,-4.54,-1.25,-0.28,4653449.0,1,1,1,0,0,0,0,0,0,0,0,0,0,0,0,0,0,0,0,0
QIS,2026-09-25,11.0035,11.7621,10.822,12.4687,19.3538,-43.15,-8.6,-7.02,409718.0,0,0,0,0,1,0,0,0,0,0,0,0,0,0,0,0,0,1,0,0
QJL,2026-09-25,25.8,25.2905,25.0236,,,,2.02,0.23,7025.0,0,0,0,1,1,1,0,0,0,0,0,0,0,0,0,0,0,0,0,0
QJN,2026-09-24,25.36,24.8765,24.6224,,,,2.18,0.04,13231.0,0,0,0,1,1,1,0,0,0,0,0,0,0,0,0,0,0,0,0,0
QJUN,2026-09-24,34.3,33.5904,33.2557,32.697,34.51,-0.61,2.45,-0.06,1295475.0,1,1,1,1,1,1,0,0,0,0,0,0,0,0,0,0,0,0,0,0
QLC,2026-09-24,91.28,91.9865,91.7025,85.6672,93.5603,-2.44,-0.42,-0.26,5720679.0,1,1,1,0,0,0,0,0,0,0,0,0,0,0,0,0,0,0,0,0
QLDY,2026-09-24,41.43,40.0537,39.7851,37.6247,43.0857,-3.84,3.98,0.03,1399179.0,0,1,1,1,1,1,0,0,0,0,0,0,0,0,0,0,0,0,0,0
QLTI,2026-09-24,26.815,27.0738,27.2621,26.6753,28.143,-4.72,0.51,0.28,638896.0,1,1,1,0,0,0,0,0,0,0,0,0,0,0,0,0,0,0,0,0
QLTY,2026-09-24,42.99,42.8315,42.5182,40.0439,43.43,-1.01,1.11,0.21,14997108.0,1,1,1,1,1,1,0,0,0,0,0,0,0,0,0,0,0,0,0,0
QMAG,2026-09-24,26.29,25.9027,25.6756,24.5792,26.37,-0.3,1.55,0.04,1156954.0,0,1,1,1,1,1,0,0,0,0,0,0,0,0,0,0,0,0,0,0
QMAR,2026-09-24,38.42,37.9934,37.5611,35.4675,38.455,-0.09,1.0,0.0,199200.0,0,1,1,1,1,1,0,0,0,0,0,0,0,0,0,0,0,0,0,0
QMFE,2026-09-24,24.93,24.7272,24.487,23.4435,24.98,-0.2,0.77,0.0,233117.0,0,1,1,1,1,1,0,0,0,0,0,0,0,0,0,0,0,0,0,0
QMID,2026-09-25,29.0262,29.6875,30.0131,28.9404,31.05,-6.52,-0.67,0.09,18310.0,1,1,0,0,0,0,0,0,0,0,0,0,0,0,0,0,0,0,0,0
QMMY,2026-09-24,27.005,26.6033,26.3487,25.7372,27.105,-0.37,1.64,-0.02,402931.0,1,1,1,1,1,1,0,0,0,0,0,0,0,0,0,0,0,0,0,0
QMNV,2026-09-24,25.83,25.6165,25.3562,24.276,25.85,-0.08,0.78,0.02,101672.0,0,1,1,1,1,1,0,0,0,0,0,0,0,0,0,0,0,0,0,0
QMOM,2026-09-24,73.06,73.0388,74.4243,73.1032,81.69,-10.56,-0.06,0.43,1237654.0,0,0,0,1,0,0,0,0,0,0,0,0,0,0,0,0,0,0,0,0
QMY,2026-09-24,26.5,26.058,25.7842,,,,2.08,0.0,58610.0,0,0,0,1,1,1,0,0,0,0,0,0,0,0,0,0,0,0,0,0
QNDX,2026-09-24,25.11,24.3606,24.0906,,,,3.49,0.0,9520775.0,0,0,0,1,1,1,0,0,0,0,0,0,0,0,0,0,0,0,0,0
QNXT,2026-09-24,30.896,30.9444,31.1482,29.1941,32.4195,-4.7,2.13,-0.54,116244.0,1,1,1,0,0,0,0,0,0,0,0,0,0,0,0,0,0,0,0,0
QOWZ,2026-09-25,36.2449,36.667,36.4066,34.6017,38.257,-5.26,0.41,-0.15,18219.0,1,1,0,0,0,0,0,0,0,0,0,0,0,0,0,0,0,0,0,0
QPX,2026-09-25,48.961,48.4358,48.4028,46.5507,49.775,-1.64,1.31,0.41,214421.0,1,1,1,1,1,1,0,0,0,0,0,0,0,0,0,0,0,0,0,0
QQA,2026-09-24,57.14,55.8708,55.1637,52.1817,57.29,-0.26,2.22,0.14,5988686.0,1,1,1,1,1,1,0,0,0,0,0,0,0,0,0,0,0,0,0,0
QQDN,2026-09-24,20.103,20.3511,21.0561,24.1197,34.3634,-41.5,-0.87,0.21,39899.0,0,0,0,0,0,0,0,0,0,0,0,0,0,0,0,0,0,0,0,0
QQEW,2026-09-24,162.56,160.7175,159.8542,146.3281,167.03,-2.68,3.27,-0.7,8443566.0,1,1,1,1,1,1,0,0,0,0,0,0,0,0,0,0,0,0,0,0
QQH,2026-09-24,87.95,84.6516,83.4091,79.6247,89.3,-1.51,4.29,0.08,4719458.0,0,1,1,1,1,1,0,0,0,0,0,0,0,0,0,0,0,1,0,0
QQHG,2026-09-24,67.73,66.397,65.9064,63.0135,67.91,-0.27,2.09,0.28,190739.0,1,1,1,1,1,1,0,0,0,0,0,0,0,0,0,0,0,0,0,0
QQJL,2026-09-25,25.75,25.3225,25.083,,,,1.7,0.19,12948.0,0,0,0,1,1,1,0,0,0,0,0,0,0,0,0,0,0,0,0,0
QQJN,2026-09-25,25.4373,25.0024,24.7733,,,,1.71,0.27,7724.0,0,0,0,1,1,1,0,0,0,0,0,0,0,0,0,0,0,0,0,0
QQMG,2026-09-24,51.803,50.1438,49.5643,45.8648,52.175,-0.71,3.71,0.04,939535.0,0,1,1,1,1,1,0,0,0,0,0,0,0,0,0,0,0,0,0,0
QQMY,2026-09-24,26.43,26.1445,25.8792,,,,1.3,0.04,56939.0,0,0,0,1,1,1,0,0,0,0,0,0,0,0,0,0,0,0,0,0
QQQ,2026-09-24,741.1,719.1105,711.2032,663.5289,747.46,-0.85,3.48,-0.01,23819631769.0,0,1,1,1,1,1,0,0,0,0,0,0,0,0,0,0,0,0,0,0
QQQA,2026-09-24,71.982,69.2809,70.564,63.8449,87.464,-17.7,4.69,-0.04,956777.0,0,1,0,1,1,0,0,0,0,0,0,0,0,0,0,0,0,0,0,0
QQQE,2026-09-24,120.56,119.5618,119.7782,110.6868,124.5154,-3.18,2.7,-0.28,18147079.0,1,1,1,1,1,0,0,0,0,0,0,0,0,0,0,0,0,0,0,0
QQQG,2026-09-24,32.44,30.9664,30.7036,27.4079,33.09,-1.96,5.35,-0.59,491954.0,0,1,1,1,1,1,0,0,0,0,0,0,0,0,0,0,0,0,0,0
QQQH,2026-09-24,55.475,54.3918,53.8812,52.2491,55.701,-0.41,1.99,0.3,2009637.0,1,1,1,1,1,1,0,0,0,0,0,0,0,0,0,0,0,0,0,0
QQQI,2026-09-24,55.56,54.1659,53.4707,51.0325,55.83,-0.48,2.7,0.02,220637020.0,1,1,1,1,1,1,0,0,0,0,0,0,0,0,0,0,0,0,0,0
QQQJ,2026-09-24,44.32,44.5316,44.7507,41.0301,46.5704,-4.83,-0.2,-0.17,7022530.0,1,1,1,0,0,0,0,0,0,0,0,0,0,0,0,0,0,0,0,0
QQQM,2026-09-24,305.14,296.0906,292.8348,273.1726,307.78,-0.86,3.48,0.0,775174554.0,0,1,1,1,1,1,0,0,0,0,0,0,0,0,0,0,0,0,0,0
QQQS,2026-09-24,42.863,43.5767,43.5686,39.3053,45.3718,-5.53,-0.59,-0.52,263466.0,1,1,0,0,0,0,0,0,0,0,0,0,0,0,0,0,0,0,0,0
QQQT,2026-09-24,18.336,17.8041,17.6009,16.4185,18.45,-0.62,3.28,0.14,505040.0,1,1,1,1,1,1,0,0,0,0,0,0,0,0,0,0,0,0,0,0
QQQY,2026-09-24,22.67,22.0288,21.7403,20.3208,22.8461,-0.77,3.13,-0.12,1984889.0,1,1,1,1,1,1,0,0,0,0,0,0,0,0,0,0,0,0,0,0
QQWZ,2026-09-24,27.88,28.9348,28.5496,27.3551,29.799,-6.44,-3.11,-0.61,846361.0,0,1,0,0,0,0,0,0,0,0,0,0,0,0,0,0,0,0,0,0
QQXT,2026-09-24,96.47,99.2793,100.5556,99.2543,104.463,-7.65,-0.78,-0.43,441601.0,0,0,0,0,0,0,0,0,0,0,0,0,0,0,0,0,0,0,0,0
QRMI,2026-09-24,15.23,15.0964,14.9653,14.75,15.24,-0.07,0.28,-0.07,106479.0,0,1,1,1,1,1,0,0,0,0,0,0,0,0,0,0,0,0,0,0
QSIX,2026-09-24,43.484,42.31,41.9228,39.3211,43.8637,-0.87,3.2,0.1,170169.0,1,1,1,1,1,1,0,0,0,0,0,0,0,0,0,0,0,0,0,0
QSML,2026-09-25,32.7506,33.6766,34.0942,31.1311,35.174,-6.89,-0.46,0.15,70638.0,0,1,0,0,0,0,0,0,0,0,0,0,0,0,0,0,0,0,0,0
QSOL,2026-09-24,11.75,10.5733,8.9334,,14.5125,-19.04,16.41,2.44,210054.0,0,0,0,1,1,1,0,0,0,0,0,0,0,0,1,0,0,0,0,0
QSPT,2026-09-24,36.49,35.8839,35.3193,33.3227,36.69,-0.55,1.52,0.27,2872694.0,0,1,1,1,1,1,0,0,0,0,0,0,0,0,0,0,0,0,0,0
QTAC,2026-09-25,25.7184,24.488,24.1029,,26.21,-1.88,5.0,0.78,284691.0,0,0,1,1,1,1,0,0,0,0,0,0,0,0,0,0,0,0,0,0
QTAP,2026-09-24,53.045,52.6013,51.9151,48.6146,53.19,-0.27,0.69,-0.01,41249.0,0,1,1,1,1,1,0,0,0,0,0,0,0,0,0,0,0,0,0,0
QTEC,2026-09-24,329.59,314.039,311.21,272.0693,335.7051,-1.82,6.65,-0.18,43243190.0,0,1,1,1,1,1,0,0,0,0,0,0,0,0,0,0,0,1,0,0
QTJA,2026-09-24,34.325,33.9585,33.4551,31.4345,34.395,-0.2,0.81,0.0,268464.0,0,1,1,1,1,1,0,0,0,0,0,0,0,0,0,0,0,0,0,0
QTJL,2026-09-25,43.7551,42.4152,41.7208,40.7161,43.82,-0.15,2.84,0.49,130242.0,0,1,1,1,1,1,0,0,0,0,0,0,0,0,0,0,0,0,0,0
QTOC,2026-09-24,39.21,39.0937,38.6304,36.2075,39.24,-0.08,0.05,0.03,283043.0,0,1,1,1,1,1,0,0,0,0,0,0,0,0,0,0,0,0,0,0
QTOP,2026-09-24,39.295,37.7436,37.1731,34.6736,39.55,-0.64,4.01,0.27,5176032.0,0,1,1,1,1,1,0,0,0,0,0,0,0,0,0,0,0,0,0,0
QTR,2026-09-24,34.861,33.9568,33.8563,32.1715,35.8122,-2.66,3.05,0.1,58368.0,1,1,1,1,1,1,0,0,0,0,0,0,0,0,0,0,0,0,0,0
QTUM,2026-09-24,152.47,147.3959,147.1939,132.885,167.9737,-9.23,4.21,0.01,37166312.0,0,1,0,1,1,1,0,0,0,0,0,0,0,0,0,0,0,0,0,0
QTUP,2026-09-24,16.54,15.9815,16.5296,,,,3.31,2.61,904680.0,0,0,0,1,1,0,0,0,0,0,0,0,0,0,0,0,0,0,0,0
QUAL,2026-09-24,222.55,220.8774,221.173,208.5889,226.6919,-1.83,1.64,0.18,212188896.0,1,1,1,1,1,0,0,0,0,0,0,0,0,0,0,0,0,0,0,0
QUIZ,2026-09-25,29.23,29.3611,29.3821,28.4793,30.11,-2.92,0.48,1.18,749200.0,1,1,1,0,0,0,0,0,0,0,0,0,0,0,0,0,0,0,0,0
QUS,2026-09-25,192.25,192.6623,192.3308,182.1303,196.13,-1.98,0.69,0.36,2182694.0,1,1,1,0,0,0,0,0,0,0,0,0,0,0,0,0,0,0,0,0
QUSA,2026-09-24,17.89,17.8434,17.8981,17.2399,18.3582,-2.55,0.79,-0.09,197309.0,1,1,1,1,0,0,0,0,0,0,0,0,0,0,0,0,0,0,0,0
QVAL,2026-09-24,58.7,60.8581,60.1778,54.6069,62.505,-6.09,-3.13,-0.68,1891703.0,0,1,0,0,0,0,0,0,0,0,0,0,0,0,0,0,0,0,0,0
QVML,2026-09-24,45.338,45.2616,45.0183,42.1747,45.9752,-1.39,0.42,0.02,6762875.0,1,1,1,1,1,1,0,0,0,0,0,0,0,0,0,0,0,0,0,0
QVMM,2026-09-25,33.9613,34.4562,35.1933,33.5938,36.5755,-7.15,-0.06,0.36,244208.0,1,1,0,0,0,0,0,0,0,0,0,0,0,0,0,0,0,0,0,0
QVMS,2026-09-24,32.419,33.2294,33.9833,31.5822,35.2795,-8.11,-1.04,-0.16,44911.0,0,1,0,0,0,0,0,0,0,0,0,0,0,0,0,0,0,0,0,0
QVMT,2026-09-25,65.2095,65.3922,65.5846,62.6065,69.6581,-6.39,-0.33,0.76,327602.0,1,1,0,0,0,0,0,0,0,0,0,0,0,0,0,0,0,0,0,0
QVOL,2026-09-24,101.47,98.6915,97.9146,,,,3.42,0.25,1172564.0,0,0,0,1,1,1,0,0,0,0,0,0,0,0,0,0,0,0,0,0
QVOY,2026-09-24,28.561,29.0992,29.4044,29.1747,31.832,-10.28,-1.26,-0.09,368751.0,0,0,0,0,0,0,0,0,0,0,0,0,0,0,0,0,0,0,0,0
QWLD,2026-09-24,155.451,156.9331,156.7719,149.4892,159.781,-2.71,-0.45,-0.23,245004.0,1,1,1,0,0,0,0,0,0,0,0,0,0,0,0,0,0,0,0,0
QXQ,2026-09-25,33.1658,32.0821,31.6715,29.5597,33.292,-0.38,3.35,0.42,210376.0,0,1,1,1,1,1,0,0,0,0,0,0,0,0,0,0,0,0,0,0
QYLD,2026-09-24,18.53,18.2236,17.8559,16.99,18.55,-0.11,1.02,0.11,77521603.0,0,1,1,1,1,1,0,0,0,0,0,0,0,0,0,0,0,0,0,0
QYLG,2026-09-24,30.43,29.6883,29.2306,27.5055,30.536,-0.35,2.08,0.0,1401061.0,0,1,1,1,1,1,0,0,0,0,0,0,0,0,0,0,0,0,0,0
RAA,2026-09-24,30.225,30.2694,29.9479,28.8662,30.4793,-0.83,0.13,-0.09,1232475.0,1,1,1,0,1,0,0,0,0,0,0,0,0,0,0,0,0,0,0,0
RAAA,2026-09-24,25.125,25.037,24.9171,24.5201,25.125,0.0,0.14,0.06,125123.0,0,1,1,1,1,1,1,1,1,0,0,0,0,0,0,0,1,0,0,0
RAAR,2026-09-25,51.7295,51.505,51.2916,,52.24,-0.98,0.35,-0.98,169483.0,0,0,1,1,1,1,0,0,0,0,0,0,0,0,0,0,0,1,0,0
RAAX,2026-09-24,40.71,41.2487,40.8052,39.9532,42.7,-4.66,-1.02,-0.15,9519000.0,1,1,1,0,0,0,0,0,0,0,0,0,0,0,0,0,0,0,0,0
RAAY,2026-09-24,103.26,102.899,102.5474,,103.26,0.0,0.18,0.05,11837.0,0,0,1,1,1,1,1,1,1,0,0,0,0,0,0,0,1,0,0,0
RACK,2026-09-24,49.15,48.145,47.8486,,,,3.3,-0.57,1019544.0,0,0,0,1,1,1,0,0,0,0,0,0,0,0,0,0,0,0,0,0
RAFE,2026-09-24,49.64,50.0365,49.5774,45.2742,50.836,-2.35,-0.34,-0.26,893287.0,1,1,1,0,1,0,0,0,0,0,0,0,0,0,0,0,0,0,0,0
RANK,2026-09-25,19.5343,19.0427,19.2245,,,,2.81,0.43,138502.0,0,0,0,1,1,0,1,0,0,0,0,0,0,0,0,0,0,0,0,0
RAUS,2026-09-25,30.3235,30.0712,29.8976,28.0483,30.468,-0.47,1.15,0.48,188337.0,1,1,1,1,1,1,0,0,0,0,0,0,0,0,0,0,0,0,0,0
RB,2026-09-25,46.3734,46.6811,46.7797,45.4943,47.1317,-1.61,-0.54,-0.06,12981.0,0,1,1,0,0,0,0,0,0,0,0,0,0,0,0,0,0,0,0,0
RBLD,2026-09-24,83.36,84.8205,86.7718,84.232,90.63,-8.02,-0.81,-0.86,183568.0,0,0,0,0,0,0,0,0,0,0,0,0,0,0,0,0,0,0,0,0
RBLY,2026-09-24,9.882,9.456,9.2827,12.4316,27.8999,-64.58,0.21,-0.39,156833.0,0,0,0,1,1,1,0,0,0,0,0,0,0,0,0,0,0,0,0,0
RBUF,2026-09-25,31.0,30.9901,31.1196,30.3635,31.545,-1.73,0.27,0.1,412724.0,1,1,1,1,0,0,0,0,0,0,0,0,0,0,0,0,0,0,0,0
RCGE,2026-09-25,29.6634,30.4168,30.8538,29.3692,31.84,-6.84,-0.67,0.47,25237.0,1,1,0,0,0,0,0,0,0,0,0,0,0,0,0,0,0,0,0,0
RCLO,2026-09-25,25.1599,25.1093,24.9137,24.3628,25.1599,0.0,0.06,0.03,79649.0,0,1,1,1,1,1,0,0,1,0,0,0,0,0,0,0,0,0,0,0
RCLR,2026-09-24,51.79,51.6875,51.2754,,51.79,0.0,0.06,0.04,30769.0,0,0,1,1,1,1,0,0,1,0,0,0,0,0,0,0,0,0,0,0
RCLY,2026-09-24,103.59,103.4175,102.5894,,103.62,-0.03,0.05,0.01,14992.0,0,0,1,1,1,1,0,0,0,0,0,0,0,0,0,0,0,0,0,0
RCTR,2026-09-24,32.167,33.5128,33.4856,34.964,38.8658,-17.24,-3.15,-1.37,83576.0,0,0,0,0,0,0,0,0,0,0,0,0,0,0,0,0,0,0,0,0
RDOG,2026-09-24,38.24,39.3624,40.2399,37.8717,41.845,-8.62,-2.02,-0.16,35954.0,0,1,0,0,0,0,0,0,0,0,0,0,0,0,0,0,0,1,0,0
RDTE,2026-09-24,26.57,27.085,27.3227,25.2763,28.2029,-5.79,-0.98,-0.09,3553440.0,1,1,0,0,0,0,0,0,0,0,0,0,0,0,0,0,0,0,0,0
RDTY,2026-09-24,34.943,35.6235,35.9414,33.1659,37.0132,-5.59,-1.14,-0.28,414323.0,1,1,0,0,0,0,0,0,0,0,0,0,0,0,0,0,0,0,0,0
RDVI,2026-09-24,28.01,28.704,28.9913,26.9141,29.8065,-6.03,-1.06,-0.64,37326850.0,0,1,0,0,0,0,0,0,0,0,0,0,0,0,0,0,0,0,0,0
RDVY,2026-09-24,78.76,80.3027,81.1273,74.9859,83.7185,-5.92,-0.35,-0.04,84266498.0,1,1,0,0,0,0,0,0,0,0,0,0,0,0,0,0,0,0,0,0
RDYY,2026-09-24,15.25,15.1418,15.5597,16.2984,23.188,-34.23,0.61,0.68,548112.0,0,0,0,1,0,0,0,0,0,0,0,0,0,0,0,0,0,0,0,0
REAI,2026-09-25,20.41,20.9913,21.3824,20.707,21.947,-7.0,-1.99,-0.64,2082.0,0,0,0,0,0,0,0,0,0,0,0,0,0,0,0,0,0,0,0,0
RECS,2026-09-24,45.45,45.3115,44.9752,42.427,45.89,-0.96,0.51,-0.02,21675992.0,1,1,1,1,1,1,0,0,0,0,0,0,0,0,0,0,0,0,0,0
REET,2026-09-24,26.09,26.7916,27.5414,26.3873,28.6444,-8.92,-1.51,-0.19,79756573.0,0,0,0,0,0,0,0,0,0,0,1,0,0,0,0,0,0,0,0,0
REFA,2026-09-24,23.069,23.4565,23.3887,,24.0,-3.88,-1.54,-0.27,2346.0,0,0,1,0,0,0,0,0,0,0,0,0,0,0,0,0,0,0,0,0
REGL,2026-09-24,87.93,90.7629,92.7062,89.0054,95.3948,-7.83,-1.85,-0.68,3123411.0,0,0,0,0,0,0,0,0,0,0,1,0,0,0,0,0,0,0,0,0
REGS,2026-09-25,11.665,11.4857,11.4389,,11.81,-1.23,1.88,0.47,1075104.0,0,0,1,1,1,1,0,0,0,0,0,0,0,0,0,0,0,0,0,0
REIT,2026-09-24,28.82,29.4238,30.2096,28.5474,31.6007,-8.8,-1.17,0.0,319341.0,0,1,0,0,0,0,0,0,0,0,0,0,0,0,0,0,0,0,0,0
REIX,2026-09-24,28.665,29.3879,30.0851,29.5173,31.1275,-7.91,-1.63,-0.03,1008689.0,0,0,0,0,0,0,0,0,0,0,1,0,0,0,0,0,0,1,0,0
REM,2026-09-24,18.92,20.3936,20.9775,21.1532,22.7359,-16.78,-4.44,-2.07,15117335.0,0,0,0,0,0,0,0,0,0,0,1,0,0,0,0,0,0,0,0,1
REMC,2026-09-24,22.757,23.08,23.1614,,23.804,-4.4,-0.95,-0.09,3107.0,0,0,1,0,0,0,0,0,0,0,0,0,0,0,0,0,0,0,0,0
REMG,2026-09-24,37.01,36.9644,36.2038,34.1168,38.725,-4.43,0.76,-0.45,549662.0,1,1,1,1,1,1,0,0,0,0,0,0,0,0,0,0,0,0,0,0
REMX,2026-09-24,66.93,72.717,73.1132,86.0997,109.53,-38.89,-3.14,-2.66,38255442.0,0,0,0,0,0,0,0,0,0,0,0,0,0,0,0,0,0,0,0,0
RESM,2026-09-24,23.16,23.7607,24.1296,,24.964,-7.23,-1.38,0.01,4136.0,0,0,0,0,0,0,0,0,0,0,0,0,0,0,0,0,0,1,0,0
REVS,2026-09-24,33.083,33.7233,33.5985,30.8684,34.372,-3.75,-1.54,-0.17,930037.0,1,1,1,0,0,0,0,0,0,0,0,0,0,0,0,0,0,0,0,0
REW,2026-09-24,10.42,11.234,11.81,16.7942,26.7083,-60.99,-7.06,0.29,644107.0,0,0,0,0,0,0,0,0,0,0,0,0,0,0,0,0,0,0,0,0
REXC,2026-09-24,16.76,17.1805,17.3608,,,,3.27,0.3,2938261.0,0,0,0,0,0,0,0,0,0,0,0,0,0,0,0,0,0,1,0,0
REZ,2026-09-24,89.1,91.815,94.279,88.7763,98.7451,-9.77,-2.23,0.01,5400973.0,0,1,0,0,0,0,0,0,0,0,1,0,0,0,0,0,0,0,0,0
RFCI,2026-09-25,21.485,21.7444,21.8377,21.9348,22.2698,-3.52,-1.04,-0.02,94359.0,0,0,1,0,0,0,0,0,0,0,1,0,0,0,0,0,0,0,0,1
RFDA,2026-09-25,71.7999,72.6727,72.557,67.2376,73.8553,-2.78,-0.45,0.43,198534.0,1,1,1,0,0,0,0,0,0,0,0,0,0,0,0,0,0,1,0,0
RFFC,2026-09-24,76.948,76.5376,76.0025,71.6889,77.4385,-0.63,0.94,0.2,134178.0,1,1,1,1,1,1,0,0,0,0,0,0,0,0,0,0,0,0,0,0
RFG,2026-09-24,59.66,59.878,60.87,58.8743,64.6125,-7.66,1.18,0.02,417562.0,1,1,0,0,0,0,0,0,0,0,0,0,0,0,0,0,0,0,0,0
RFLR,2026-09-25,31.5646,32.1172,32.5515,30.6219,33.46,-5.66,-0.4,0.13,479857.0,1,1,0,0,0,0,0,0,0,0,0,0,0,0,0,0,0,0,0,0
RFV,2026-09-24,143.81,147.9026,148.7702,138.2307,152.0251,-5.4,-2.19,-0.64,490676.0,0,1,0,0,0,0,0,0,0,0,0,0,0,0,0,0,0,0,0,0
RGEF,2026-09-25,35.61,34.9978,34.9149,32.874,35.76,-0.42,2.05,0.82,363795.0,1,1,1,1,1,1,0,0,0,0,0,0,0,0,0,0,0,0,0,0
RGLO,2026-09-24,33.435,33.4624,33.3555,31.4908,34.002,-1.67,0.53,0.09,1067524.0,1,1,1,0,1,0,0,0,0,0,0,0,0,0,0,0,0,0,0,0
RGYY,2026-09-24,5.85,5.7321,5.8883,6.966,9.9629,-41.28,1.05,0.0,81617.0,0,0,0,1,0,0,0,0,0,0,0,0,0,0,0,0,0,1,0,0
RHRX,2026-09-25,21.6203,21.5282,21.6563,20.4596,22.47,-3.78,0.73,0.45,753482.0,1,1,1,1,0,0,0,0,0,0,0,0,0,0,0,0,0,0,0,0
RHTX,2026-09-24,19.971,20.1397,20.1158,19.6816,20.6,-3.05,-0.24,-0.19,14752.0,1,1,1,0,0,0,0,0,0,0,0,0,0,0,0,0,0,0,0,0
RIET,2026-09-24,8.677,9.056,9.287,9.0556,9.7272,-10.8,-2.51,-0.61,868219.0,0,0,0,0,0,0,0,0,0,0,1,0,0,0,0,0,0,0,0,0
RIFR,2026-09-25,26.9116,27.9031,28.4691,27.9648,29.232,-7.94,-2.55,0.07,123580.0,0,0,0,0,0,0,0,0,0,0,1,0,0,0,0,0,0,0,0,0
RIGS,2026-09-24,22.08,22.3418,22.4019,22.3771,22.6063,-2.33,-1.08,-0.41,225887.0,0,0,1,0,0,0,0,0,0,0,0,0,0,0,0,0,0,0,0,0
RILA,2026-09-24,12.234,12.1115,12.0897,11.5726,12.631,-3.14,1.87,0.11,35701.0,1,1,1,1,1,1,0,0,0,0,0,0,0,0,0,0,0,0,0,0
RINF,2026-09-24,32.39,32.5499,32.4283,31.8796,32.8118,-1.29,0.2,-0.12,159297.0,1,1,1,0,0,0,0,0,0,0,0,0,0,0,0,0,0,0,0,0
RINT,2026-09-24,32.185,32.77,32.7123,31.1177,33.385,-3.59,-1.53,-0.23,526122.0,1,1,1,0,0,0,0,0,0,0,0,0,0,0,0,0,0,0,0,0
RISE,2026-09-25,18.5193,19.0685,18.7754,,,,-1.65,-0.43,23549.0,0,0,0,0,0,0,0,0,0,0,0,0,0,0,0,0,0,0,0,0
RISN,2026-09-24,30.286,30.7977,31.0896,30.0865,31.842,-4.89,-1.03,-0.55,208249.0,1,1,1,0,0,0,0,0,0,0,0,0,0,0,0,0,0,0,0,0
RISR,2026-09-24,36.76,36.6548,36.5132,35.5158,36.76,0.0,0.41,0.25,4875281.0,1,1,1,1,1,1,0,0,1,0,0,0,0,0,0,0,0,0,0,0
RITA,2026-09-24,20.409,20.8864,21.4353,20.421,22.383,-8.82,-1.39,-0.17,42556.0,0,0,0,0,0,0,0,0,0,0,0,0,0,0,0,0,0,0,0,0
RIZE,2026-09-25,24.3199,24.4565,24.5228,,,,-0.12,0.16,8452.0,0,0,0,0,0,0,0,0,0,0,1,0,0,0,0,0,0,1,0,0
RJDI,2026-09-25,28.89,29.1185,29.3712,27.9403,30.17,-4.24,-0.27,0.45,922604.0,1,1,1,0,0,0,0,0,0,0,0,0,0,0,0,0,0,0,0,0
RJVI,2026-09-25,24.265,24.6057,24.7181,24.6674,25.0793,-3.25,-1.23,0.12,166433.0,0,0,1,0,0,0,0,0,0,0,1,0,0,0,0,0,0,0,0,0
RKNG,2026-09-25,25.4471,23.3947,23.2268,,30.479,-16.51,6.96,1.29,79509.0,0,0,0,1,1,1,1,0,0,0,0,0,0,0,0,0,1,0,0,0
RKSG,2026-09-24,28.39,28.5555,28.3702,,,,0.0,0.0,10287.0,0,0,0,0,1,0,0,0,0,0,0,0,0,0,0,0,0,0,0,0
RLY,2026-09-24,36.89,37.5775,36.9338,35.2567,38.16,-3.33,-1.86,-0.49,8110403.0,1,1,1,0,0,0,0,0,0,0,0,0,0,0,0,0,0,0,0,0
RMHY,2026-09-25,24.4623,24.755,24.7919,,,,-0.92,-0.07,211937.0,0,0,0,0,0,0,0,0,0,0,1,0,0,0,0,0,0,0,0,0
RMME,2026-09-24,100.265,100.1425,99.9457,98.959,100.265,0.0,0.07,0.01,161740.0,0,1,1,1,1,1,0,0,1,0,0,0,0,0,0,0,0,0,0,0
RMRC,2026-09-24,25.22,25.5845,25.7048,,26.18,-3.67,-0.83,-0.16,15944.0,0,0,1,0,0,0,0,0,0,0,0,0,0,0,0,0,0,0,0,0
RND,2026-09-25,33.8277,32.9906,32.6444,30.8306,33.83,-0.01,2.79,0.7,86625.0,1,1,1,1,1,1,0,0,0,0,0,0,0,0,0,0,0,0,0,0
RNEM,2026-09-25,55.474,56.2542,56.0277,55.1937,57.9061,-4.2,-0.59,0.31,228081.0,1,1,1,0,0,0,0,0,0,0,0,0,0,0,0,0,0,0,0,0
RNIN,2026-09-25,35.85,37.3782,36.7502,31.6052,38.677,-7.31,-2.72,-0.28,1340080.0,0,1,0,0,0,0,0,0,0,0,0,0,0,0,0,0,0,0,0,0
RNMN,2026-09-24,25.997,26.0652,26.0623,25.8253,26.96,-3.57,-0.39,0.28,7688.0,1,1,1,0,0,0,0,0,0,0,0,0,0,0,0,0,0,0,0,0
RNRG,2026-09-24,32.335,33.7532,34.2533,35.7033,39.4139,-17.96,-3.62,-1.8,40075.0,0,0,0,0,0,0,0,0,0,0,0,0,0,0,0,0,0,1,0,0
RNTY,2026-09-24,46.389,47.5433,48.5123,47.5084,49.7281,-6.71,-1.42,-0.34,111941.0,0,0,0,0,0,0,0,0,0,0,0,0,0,0,0,0,0,0,0,0
ROAM,2026-09-24,35.832,36.2633,35.4922,33.2607,37.2836,-3.89,-0.33,-0.71,275038.0,1,1,1,0,1,0,0,0,0,0,0,0,0,0,0,0,0,0,0,0
ROBO,2026-09-24,80.38,79.429,80.3958,78.0111,90.34,-11.03,2.23,0.21,12642115.0,1,1,0,1,0,0,0,0,0,0,0,0,0,0,0,0,0,0,0,0
ROBT,2026-09-24,59.748,58.7686,57.6697,53.7688,60.772,-1.68,1.56,0.32,2180067.0,1,1,1,1,1,1,0,0,0,0,0,0,0,0,0,0,0,0,0,0
ROCQ,2026-09-24,56.82,55.4863,54.8515,,57.09,-0.47,2.23,0.07,20343521.0,0,0,1,1,1,1,0,0,0,0,0,0,0,0,0,0,0,0,0,0
ROCY,2026-09-24,55.09,54.8708,54.636,,55.5558,-0.84,0.69,0.11,15070553.0,0,0,1,1,1,1,0,0,0,0,0,0,0,0,0,0,0,0,0,0
RODM,2026-09-24,41.26,41.9503,41.8142,39.7882,42.65,-3.26,-2.0,-0.17,3258523.0,1,1,1,0,0,0,0,0,0,0,0,0,0,0,0,0,0,0,0,0
ROE,2026-09-24,42.847,43.1477,43.0542,39.3895,44.314,-3.31,-0.06,-0.44,1228555.0,1,1,1,0,0,0,0,0,0,0,0,0,0,0,0,0,0,0,0,0
ROKT,2026-09-24,106.99,107.7883,111.6693,107.4615,136.5583,-21.65,0.3,0.35,1372103.0,0,0,0,0,0,0,0,0,0,0,0,0,0,0,0,0,0,0,0,0
ROMO,2026-09-24,34.338,34.5492,34.4085,33.2129,35.108,-2.19,-0.06,-0.19,58739.0,1,1,1,0,0,0,0,0,0,0,0,0,0,0,0,0,0,1,0,0
RONB,2026-09-24,23.44,23.7345,23.1122,,26.02,-9.92,-1.35,0.04,2944802.0,0,0,0,0,1,0,0,0,0,0,0,0,0,0,0,0,0,0,0,0
ROPE,2026-09-25,29.537,29.8099,30.1668,28.9466,30.806,-4.12,0.12,0.64,58154.0,1,1,1,0,0,0,0,0,0,0,0,0,0,0,0,0,0,0,0,0
ROSC,2026-09-24,54.008,54.8678,55.6609,51.8499,57.361,-5.85,-1.41,-0.1,234728.0,1,1,0,0,0,0,0,0,0,0,0,0,0,0,0,0,0,0,0,0
ROUS,2026-09-24,66.99,67.476,67.4942,63.2394,69.13,-3.1,-0.62,-0.37,3426358.0,1,1,1,0,0,0,0,0,0,0,0,0,0,0,0,0,0,0,0,0
RPAR,2026-09-24,21.611,22.2248,22.1589,22.2021,23.3669,-7.51,-2.18,-0.89,275569.0,0,0,0,0,0,0,0,0,0,0,0,0,0,0,0,0,0,0,0,0
RPG,2026-09-24,58.32,57.1527,57.4812,53.7618,63.8067,-8.6,3.47,-0.32,15830632.0,1,1,0,1,1,0,0,0,0,0,0,0,0,0,0,0,0,0,0,0
RPV,2026-09-24,116.59,120.2707,120.0001,111.2485,122.6832,-4.97,-3.31,-0.27,13336584.0,0,1,1,0,0,0,0,0,0,0,0,0,0,0,0,0,0,0,0,0
RSDE,2026-09-24,23.63,23.876,23.8512,22.8762,24.1,-1.95,-0.71,-0.36,91071.0,1,1,1,0,0,0,0,0,0,0,0,0,0,0,0,0,0,0,0,0
RSEE,2026-09-24,39.129,39.1509,39.0302,36.9549,40.115,-2.46,0.74,-0.22,559394.0,1,1,1,0,1,0,0,0,0,0,0,0,0,0,0,0,0,0,0,0
RSIT,2026-09-24,21.97,21.597,21.1318,,,,1.29,-0.09,678156.0,0,0,0,1,1,1,0,0,0,0,0,0,0,0,0,0,0,0,0,0
RSJN,2026-09-25,37.356,37.6649,37.7607,36.1214,38.318,-2.51,-0.17,0.18,162707.0,1,1,1,0,0,0,0,0,0,0,0,0,0,0,0,0,0,0,0,0
RSMC,2026-09-25,27.7881,28.0349,28.412,27.2032,29.583,-6.07,0.61,0.37,193032.0,1,1,0,0,0,0,0,0,0,0,0,0,0,0,0,0,0,0,0,0
RSMR,2026-09-25,23.9184,24.058,24.0563,23.0463,24.3,-1.57,-0.04,0.29,55859.0,1,1,1,0,0,0,0,0,0,0,0,0,0,0,0,0,0,0,0,0
RSP,2026-09-24,210.26,214.8556,216.3407,203.6404,221.9357,-5.26,-1.06,-0.5,1345253107.0,0,1,0,0,0,0,0,0,0,0,0,0,0,0,0,0,0,0,0,0
RSPA,2026-09-24,52.06,52.9787,53.2197,50.4828,54.246,-4.03,-0.8,-0.44,14026801.0,1,1,1,0,0,0,0,0,0,0,0,0,0,0,0,0,0,0,0,0
RSPC,2026-09-24,35.74,36.6896,36.4641,37.4549,40.7917,-12.38,-1.54,0.39,182410.0,0,0,0,0,0,0,0,0,0,0,0,0,0,0,0,0,0,0,0,0
RSPD,2026-09-24,52.01,54.0192,55.7132,55.9145,59.5809,-12.71,-1.56,-0.4,10914114.0,0,0,0,0,0,0,0,0,0,0,0,0,0,0,0,0,0,0,0,0
RSPE,2026-09-24,33.71,34.279,34.3858,31.9313,35.1807,-4.18,-0.83,-0.44,213488.0,1,1,1,0,0,0,0,0,0,0,0,0,0,0,0,0,0,1,0,0
RSPF,2026-09-24,78.96,82.471,83.2069,77.4949,85.7232,-7.89,-2.27,-0.25,9225721.0,0,1,0,0,0,0,0,0,0,0,0,0,0,0,0,0,0,0,0,0
RSPG,2026-09-24,111.03,113.9028,109.9696,99.6957,116.5918,-4.77,-2.33,0.41,8302115.0,1,1,1,0,1,0,0,0,0,0,0,0,0,0,0,0,0,0,0,0
RSPH,2026-09-24,37.11,36.9441,36.0531,32.7505,37.9762,-2.28,0.52,0.46,5828321.0,1,1,1,1,1,1,0,0,0,0,0,0,0,0,0,0,0,0,0,0
RSPM,2026-09-24,38.08,39.343,39.5739,38.179,41.1376,-7.43,-2.33,-1.37,1356373.0,0,0,0,0,0,0,0,0,0,0,0,0,0,0,0,0,0,0,0,0
RSPN,2026-09-24,58.47,59.9235,62.0505,60.571,64.8984,-9.91,-0.64,-1.1,26736329.0,0,0,0,0,0,0,0,0,0,0,0,0,0,0,0,0,0,0,0,0
RSPR,2026-09-24,33.727,35.0485,36.0682,34.8669,37.6333,-10.38,-2.85,-0.8,496309.0,0,0,0,0,0,0,0,0,0,0,1,0,0,0,0,0,0,0,0,0
RSPS,2026-09-24,29.15,30.161,30.6156,29.9765,32.5179,-10.36,-2.28,-0.78,12645567.0,0,0,0,0,0,0,0,0,0,0,0,0,0,0,0,0,0,0,0,0
RSPT,2026-09-24,65.88,64.6113,63.3166,54.8188,67.4102,-2.27,1.91,-0.86,31253761.0,1,1,1,1,1,1,0,0,0,0,0,0,0,0,0,0,0,1,0,0
RSPU,2026-09-24,69.88,73.8428,76.5364,77.6247,82.7327,-15.54,-4.74,-0.85,4868876.0,0,0,0,0,0,0,0,0,0,0,1,0,0,0,0,0,0,0,0,1
RSSE,2026-09-25,23.4554,23.6387,23.5948,22.5201,23.855,-1.68,-0.15,0.41,535537.0,1,1,1,0,0,0,0,0,0,0,0,0,0,0,0,0,0,0,0,0
RSSL,2026-09-24,110.54,113.5004,115.2892,107.6389,119.413,-7.43,-1.72,-0.23,226095.0,1,1,0,0,0,0,0,0,0,0,0,0,0,0,0,0,0,1,0,0
RSST,2026-09-24,36.08,34.5885,33.7916,31.4907,36.08,0.0,4.08,0.81,5192292.0,0,1,1,1,1,1,1,1,1,0,0,0,0,0,0,0,1,0,0,0
RSSY,2026-09-24,26.33,26.1249,25.7261,23.3267,26.38,-0.19,0.23,-0.19,704671.0,1,1,1,1,1,1,0,0,0,0,0,0,0,0,0,0,0,0,0,0
RTAI,2026-09-25,19.0678,19.997,20.5563,20.7774,21.5054,-11.33,-2.92,-0.3,14738.0,0,0,0,0,0,0,0,0,0,0,1,0,0,0,0,0,0,0,0,1
RTH,2026-09-24,252.62,257.833,262.4502,259.9878,274.42,-7.94,-0.51,-0.52,863112.0,0,0,0,0,0,0,0,0,0,0,0,0,0,0,0,0,0,0,0,0
RTYY,2026-09-24,8.28,8.2763,8.4281,8.8397,10.1636,-18.53,-0.16,-1.02,377899.0,0,0,0,1,0,0,0,0,0,0,0,0,0,0,0,0,0,1,0,0
RULE,2026-09-25,30.7265,30.0816,30.048,27.7619,34.408,-10.7,1.42,0.61,66728.0,1,1,0,1,1,1,1,0,0,0,0,0,0,0,0,0,1,0,0,0
RUNN,2026-09-25,32.8153,33.7492,34.2236,33.5299,35.529,-7.64,-1.02,0.1,1333388.0,0,0,0,0,0,0,0,0,0,0,0,0,0,0,0,0,0,1,0,0
RUSC,2026-09-24,36.515,37.397,37.9826,35.2899,39.289,-7.06,-1.56,-0.1,246129.0,0,1,0,0,0,0,0,0,0,0,0,0,0,0,0,0,0,0,0,0
RVER,2026-09-24,36.71,36.6916,35.8087,32.4989,37.934,-3.23,-1.25,-0.93,586467.0,1,1,1,1,1,1,0,0,0,0,0,0,0,0,0,0,0,0,0,0
RW,2026-09-24,24.62,24.7233,25.1762,24.8095,26.405,-6.76,0.55,0.33,36358.0,0,0,0,0,0,0,0,0,0,0,0,0,0,0,0,0,0,0,0,0
RWEM,2026-09-25,36.75,36.7221,35.8189,33.3976,38.6,-4.79,-0.92,-0.78,499570.0,1,1,1,1,1,1,0,0,0,0,0,0,0,0,0,0,0,0,0,0
RWIN,2026-09-25,27.32,27.542,27.3974,,,,-0.04,0.96,15836.0,0,0,0,0,0,0,0,0,0,0,0,0,0,0,0,0,0,1,0,0
RWJ,2026-09-24,57.19,59.3181,60.4124,54.9972,62.6044,-8.65,-2.05,-0.56,5648748.0,0,1,0,0,0,0,0,0,0,0,1,0,0,0,0,0,0,0,0,0
RWK,2026-09-24,140.56,144.9727,147.4584,137.9772,151.8646,-7.44,-1.88,-0.69,2269584.0,0,1,0,0,0,0,0,0,0,0,0,0,0,0,0,0,0,0,0,0
RWL,2026-09-24,130.08,132.7131,132.569,123.1895,135.3197,-3.87,-1.57,-0.47,33134252.0,1,1,1,0,0,0,0,0,0,0,0,0,0,0,0,0,0,0,0,0
RWLC,2026-09-25,38.8809,38.7446,38.4449,35.4992,39.445,-1.43,0.37,0.55,182943.0,1,1,1,1,1,1,0,0,0,0,0,0,0,0,0,0,0,0,0,0
RWO,2026-09-24,47.25,48.3857,49.6203,47.6465,51.5543,-8.35,-1.45,0.25,4037539.0,0,0,0,0,0,0,0,0,0,0,0,0,0,0,0,0,0,0,0,0
RWR,2026-09-24,106.31,109.1499,112.4063,106.0186,118.1065,-9.99,-1.5,-0.01,17863446.0,0,1,0,0,0,0,0,0,0,0,1,0,0,0,0,0,0,1,0,0
RWX,2026-09-24,25.75,26.6123,27.1358,27.2803,29.5448,-12.84,-2.22,-0.39,816075.0,0,0,0,0,0,0,0,0,0,0,1,0,0,0,0,0,0,0,0,0
RXD,2026-09-24,14.62,14.8062,15.1531,17.6703,23.6769,-38.25,-1.84,-1.35,132159.0,0,0,0,0,0,0,0,0,0,0,0,0,0,0,0,0,0,0,0,0
RXI,2026-09-24,186.19,192.3505,196.4,198.074,212.3621,-12.32,-1.62,-0.42,6378082.0,0,0,0,0,0,0,0,0,0,0,0,0,0,0,0,0,0,0,0,0
RYLD,2026-09-24,15.52,15.8219,15.8675,14.9128,16.1566,-3.94,-1.15,-0.06,8735453.0,0,1,1,0,0,0,0,0,0,0,0,0,0,0,0,0,0,0,0,0
RYLG,2026-09-24,23.56,24.1341,24.3664,22.8501,24.9852,-5.7,-1.43,-0.29,44225.0,0,1,0,0,0,0,0,0,0,0,0,0,0,0,0,0,0,0,0,0
RZG,2026-09-25,63.6991,65.0505,67.5521,62.6098,72.5637,-12.22,-0.08,0.22,317422.0,0,1,0,0,0,0,0,0,0,0,0,0,0,0,0,0,0,0,0,0
RZV,2026-09-24,140.79,145.4911,148.3939,135.3718,152.5934,-7.74,-1.8,-0.24,873851.0,0,1,0,0,0,0,0,0,0,0,0,0,0,0,0,0,0,0,0,0
SAGP,2026-09-24,35.531,36.5304,36.8559,35.5849,38.179,-6.94,-1.51,-0.75,112433.0,0,0,0,0,0,0,0,0,0,0,0,0,0,0,0,0,0,0,0,0
SAMM,2026-09-25,35.4249,33.7658,32.5108,31.5208,35.4249,0.0,3.16,0.79,203063.0,0,1,1,1,1,1,1,1,1,0,0,0,0,0,0,0,1,0,0,0
SAMT,2026-09-24,42.405,42.2895,43.0263,42.137,47.735,-11.17,0.65,0.2,8319061.0,1,1,0,1,0,0,0,0,0,0,0,0,0,0,0,0,0,0,0,0
SAPH,2026-09-24,39.001,39.0245,36.6826,35.0319,49.6621,-21.47,-0.92,-0.48,26722.0,1,1,0,0,1,0,0,0,0,0,0,0,0,0,0,0,0,0,0,0
SASS,2026-09-25,23.7394,24.034,24.3818,,25.33,-6.28,-0.25,0.55,76969.0,0,0,0,0,0,0,0,0,0,0,0,0,0,0,0,0,0,0,0,0
SATO,2026-09-24,20.1,18.7301,17.1573,17.3765,28.9168,-30.49,11.04,0.43,35442.0,0,1,0,1,1,1,0,0,0,0,0,0,0,0,1,0,0,0,0,0
SAUG,2026-09-24,27.304,27.6355,27.8457,26.8879,28.1,-2.83,-0.68,-0.13,663873.0,1,1,1,0,0,0,0,0,0,0,0,0,0,0,0,0,0,0,0,0
SAWG,2026-09-25,24.74,24.3014,24.3121,23.0159,24.83,-0.36,2.02,0.29,16139.0,1,1,1,1,1,0,0,0,0,0,0,0,0,0,0,0,0,0,0,0
SAWS,2026-09-25,23.1578,23.1662,23.9094,23.1024,26.045,-11.09,1.25,0.26,164284.0,1,1,0,0,0,0,0,0,0,0,0,0,0,0,0,0,0,0,0,0
SBAR,2026-09-24,25.57,25.6192,25.4258,24.585,25.78,-0.81,-0.27,-0.16,3188044.0,1,1,1,0,1,0,0,0,0,0,0,0,0,0,0,0,0,0,0,0
SBIL,2026-09-25,100.02,100.1677,99.9682,98.9202,100.3,-0.28,-0.22,-0.28,61747911.0,1,1,1,0,1,0,0,0,0,0,0,0,0,0,0,0,0,0,0,0
SBIO,2026-09-24,58.55,64.5473,65.6093,56.5603,70.79,-17.29,-8.13,-2.17,2555979.0,0,1,0,0,0,0,0,0,0,0,1,0,0,0,0,0,0,1,0,0
SBIT,2026-09-24,29.75,34.444,45.3167,48.3645,71.317,-58.28,-20.03,0.3,41192933.0,0,0,0,0,0,0,0,0,0,0,0,0,0,0,0,0,0,0,0,0
SCA,2026-09-24,25.9,25.0721,22.7789,,,,0.47,0.31,60206.0,0,0,0,1,1,1,1,1,0,0,0,0,0,0,0,0,1,0,0,0
SCAP,2026-09-25,37.0903,37.6731,38.1381,36.6205,39.7058,-6.59,0.2,0.68,80688.0,1,1,0,0,0,0,0,0,0,0,0,0,0,0,0,0,0,0,0,0
SCC,2026-09-24,16.13,15.391,14.9431,14.7004,17.9591,-10.18,1.16,0.5,432784.0,0,1,0,1,1,1,0,0,0,0,0,0,0,0,0,0,0,0,0,0
SCDS,2026-09-25,72.4819,73.3775,74.8955,68.6845,77.6981,-6.71,0.24,0.39,64273.0,1,1,0,0,0,0,0,0,0,0,0,0,0,0,0,0,0,0,0,0
SCDV,2026-09-25,26.1437,26.3702,27.2079,26.306,28.5037,-8.28,0.26,0.98,276582.0,0,0,0,0,0,0,0,0,0,0,0,0,0,0,0,0,0,0,0,0
SCEP,2026-09-25,24.97,24.7076,24.8177,,25.4952,-2.06,1.46,0.54,847996.0,0,0,1,1,1,0,0,0,0,0,0,0,0,0,0,0,0,0,0,0
SCHA,2026-09-24,33.09,33.6938,34.1088,31.9673,36.0219,-8.14,-0.39,-0.21,128842284.0,1,1,0,0,0,0,0,0,0,0,0,0,0,0,0,0,0,0,0,0
SCHB,2026-09-24,29.52,29.4474,29.3237,27.5699,30.0084,-1.63,0.72,-0.1,187488808.0,1,1,1,1,1,1,0,0,0,0,0,0,0,0,0,0,0,0,0,0
SCHC,2026-09-24,49.93,50.783,50.1062,48.8297,51.86,-3.72,-1.19,-0.48,14231621.0,1,1,1,0,0,0,0,0,0,0,0,0,0,0,0,0,0,0,0,0
SCHD,2026-09-24,33.1,33.9978,33.7992,31.0603,34.9314,-5.24,-1.55,-0.54,778579207.0,0,1,0,0,0,0,0,0,0,0,0,0,0,0,0,0,0,0,0,0
SCHE,2026-09-24,36.8,37.0285,36.596,35.1693,37.58,-2.08,0.19,-0.41,108705787.0,1,1,1,0,1,0,0,0,0,0,0,0,0,0,0,0,0,0,0,0
SCHF,2026-09-24,27.62,28.0715,27.9074,26.386,28.59,-3.39,-1.25,-0.43,222433260.0,1,1,1,0,0,0,0,0,0,0,0,0,0,0,0,0,0,0,0,0
SCHG,2026-09-24,36.06,35.479,35.0685,32.9621,36.283,-0.61,1.97,0.17,273548949.0,1,1,1,1,1,1,0,0,0,0,0,0,0,0,0,0,0,0,0,0
SCHH,2026-09-24,22.35,23.0189,23.6439,22.5224,24.6723,-9.41,-1.96,-0.31,173721595.0,0,0,0,0,0,0,0,0,0,0,1,0,0,0,0,0,0,1,0,0
SCHK,2026-09-24,36.91,36.7903,36.6059,34.4079,37.4573,-1.46,0.79,-0.08,66503401.0,1,1,1,1,1,1,0,0,0,0,0,0,0,0,0,0,0,0,0,0
SCHM,2026-09-24,34.45,35.0429,35.3084,33.3917,36.7344,-6.22,-0.81,-0.61,83389407.0,1,1,0,0,0,0,0,0,0,0,0,0,0,0,0,0,0,0,0,0
SCHV,2026-09-24,33.68,34.1639,34.3243,32.2682,35.2013,-4.32,-0.61,-0.41,94567821.0,1,1,1,0,0,0,0,0,0,0,0,0,0,0,0,0,0,0,0,0
SCHX,2026-09-24,30.22,30.0991,29.9399,28.156,30.6275,-1.33,0.77,-0.07,257037894.0,1,1,1,1,1,1,0,0,0,0,0,0,0,0,0,0,0,0,0,0
SCHY,2026-09-24,32.01,32.5401,32.702,31.4403,33.454,-4.32,-1.58,0.09,16961610.0,1,1,1,0,0,0,0,0,0,0,0,0,0,0,0,0,0,0,0,0
SCJ,2026-09-24,108.85,109.6475,108.0856,101.7321,110.85,-1.8,-1.72,-0.13,4262900.0,1,1,1,0,1,0,0,0,0,0,0,0,0,0,0,0,0,1,0,0
SCJL,2026-09-25,24.49,24.804,24.9856,,,,-0.37,0.0,2480.0,0,0,0,0,0,0,0,0,0,0,0,0,0,0,0,0,0,0,0,0
SCJN,2026-09-24,25.05,25.396,25.5378,,,,-0.83,-0.12,11165.0,0,0,0,0,0,0,0,0,0,0,0,0,0,0,0,0,0,0,0,0
SCLZ,2026-09-24,56.77,56.5569,56.0487,53.4754,57.52,-1.3,0.25,-0.71,44922.0,1,1,1,1,1,1,0,0,0,0,0,0,0,0,0,0,0,1,0,0
SCMC,2026-09-24,24.53,24.7367,24.7749,,24.8928,-1.46,-0.73,-0.26,660220.0,0,0,1,0,0,0,0,0,0,0,1,0,0,0,0,0,0,0,0,0
SCMY,2026-09-25,25.1317,25.4886,25.673,,,,-0.27,0.13,58026.0,0,0,0,0,0,0,0,0,0,0,0,0,0,0,0,0,0,0,0,0
SCOW,2026-09-24,22.044,22.8178,22.8857,20.9221,23.7511,-7.19,-2.2,-0.18,14750.0,0,1,0,0,0,0,0,0,0,0,0,0,0,0,0,0,0,0,0,0
SCZ,2026-09-24,84.71,86.0865,85.4146,82.0871,87.57,-3.27,-1.26,-0.39,92204062.0,1,1,1,0,0,0,0,0,0,0,0,0,0,0,0,0,0,0,0,0
SDD,2026-09-24,9.25,8.7655,8.3736,9.7377,14.091,-34.36,2.46,0.33,18685.0,0,0,0,1,1,1,1,1,0,0,0,0,0,0,0,0,1,0,0,0
SDEM,2026-09-24,32.959,33.7748,33.2133,31.8201,34.432,-4.28,-2.29,-0.6,95374.0,1,1,1,0,0,0,0,0,0,0,0,0,0,0,0,0,0,0,0,0
SDG,2026-09-24,88.082,90.6318,90.6234,87.462,94.27,-6.56,-1.39,-0.87,367448.0,1,1,0,0,0,0,0,0,0,0,0,0,0,0,0,0,0,0,0,0
SDIV,2026-09-24,23.7,24.601,24.5635,24.2439,25.3365,-6.46,-2.91,-0.63,8929044.0,0,0,0,0,0,0,0,0,0,0,1,0,0,0,0,0,0,0,0,0
SDMF,2026-09-25,26.9334,26.4822,26.1307,,27.28,-1.27,0.65,-1.27,509688.0,0,0,1,1,1,1,0,0,0,0,0,0,0,0,0,0,0,0,0,0
SDOG,2026-09-24,69.29,71.4886,71.7541,66.0724,73.5905,-5.84,-2.48,-0.72,1392895.0,0,1,0,0,0,0,0,0,0,0,0,0,0,0,0,0,0,0,0,0
SDP,2026-09-24,28.12,25.1328,23.492,22.5413,28.12,0.0,10.46,1.92,462393.0,0,1,1,1,1,1,1,1,1,0,0,0,0,0,1,1,1,0,0,0
SDS,2026-09-24,53.77,54.1403,54.5783,61.2139,78.0651,-31.12,-1.58,0.17,157990110.0,0,0,0,0,0,0,0,0,0,0,0,0,0,0,0,0,0,0,0,0
SDTY,2026-09-24,40.753,40.5934,40.3133,38.1061,41.078,-0.79,0.46,-0.07,544178.0,1,1,1,1,1,1,0,0,0,0,0,0,0,0,0,0,0,0,0,0
SDVD,2026-09-24,21.76,22.5805,23.048,21.9899,23.831,-8.69,-2.38,-1.23,8011946.0,0,0,0,0,0,0,0,0,0,0,1,0,0,0,0,0,0,0,0,0
SDVY,2026-09-24,41.02,42.4057,43.2867,41.4332,44.8313,-8.5,-1.72,-0.58,36015409.0,0,0,0,0,0,0,0,0,0,0,1,0,0,0,0,0,0,0,0,0
SDY,2026-09-24,147.94,152.6381,154.6137,148.2461,158.2119,-6.49,-2.18,-0.69,27014344.0,0,0,0,0,0,0,0,0,0,0,1,0,0,0,0,0,0,0,0,0
SEA,2026-09-24,19.832,20.0728,19.2461,17.0956,20.72,-4.29,-4.29,0.26,621656.0,1,1,1,0,1,0,0,0,0,0,0,0,0,0,0,0,0,0,0,0
SECT,2026-09-24,71.91,71.5875,71.4868,67.3401,73.53,-2.2,1.1,-0.35,11054964.0,1,1,1,1,1,1,0,0,0,0,0,0,0,0,0,0,0,0,0,0
SEEM,2026-09-25,39.5022,39.2762,38.6468,36.081,41.277,-4.3,1.4,0.87,1647407.0,1,1,1,1,1,1,0,0,0,0,0,0,0,0,0,0,0,0,0,0
SEIE,2026-09-25,36.42,36.6484,36.5771,34.4171,37.37,-2.54,0.56,0.89,3210236.0,1,1,1,0,0,0,0,0,0,0,0,0,0,0,0,0,0,0,0,0
SEIM,2026-09-24,53.81,53.5785,53.8141,50.5627,56.0661,-4.02,1.13,-0.07,4021244.0,1,1,1,1,0,0,0,0,0,0,0,0,0,0,0,0,0,1,0,0
SEIQ,2026-09-25,41.35,41.4975,41.5131,39.3291,42.51,-2.73,0.24,0.46,1606371.0,1,1,1,0,0,0,0,0,0,0,0,0,0,0,0,0,0,0,0,0
SEIS,2026-09-25,31.5125,31.9559,32.5075,30.6455,33.659,-6.38,0.22,0.44,1574181.0,1,1,0,0,0,0,0,0,0,0,0,0,0,0,0,0,0,0,0,0
SEIV,2026-09-24,49.5,50.5613,50.1522,45.3184,51.455,-3.8,-2.21,-0.62,6964884.0,1,1,1,0,0,0,0,0,0,0,0,0,0,0,0,0,0,1,0,0
SEMG,2026-09-25,27.7477,27.5134,27.4747,26.4853,28.2,-1.6,1.43,0.54,209502.0,1,1,1,1,1,1,0,0,0,0,0,0,0,0,0,0,0,0,0,0
SEMI,2026-09-24,39.661,38.3436,37.9789,34.6331,40.72,-2.6,4.51,0.1,367757.0,0,1,1,1,1,1,0,0,0,0,0,0,0,0,0,0,0,1,0,0
SEMY,2026-09-24,12.615,12.5319,12.6436,11.6508,13.2989,-5.14,1.84,0.08,1159043.0,1,1,0,1,0,0,0,0,0,0,0,0,0,0,0,0,0,0,0,0
SEPI,2026-09-24,29.16,28.8205,28.4263,26.4164,29.38,-0.75,0.93,-0.21,1760491.0,1,1,1,1,1,1,0,0,0,0,0,0,0,0,0,0,0,0,0,0
SEPM,2026-09-25,33.41,33.3245,33.1842,32.4399,33.42,-0.03,0.03,0.06,345740.0,0,1,1,1,1,1,0,0,0,0,0,0,0,0,0,0,0,1,0,0
SEPP,2026-09-25,33.3711,33.154,33.0013,31.6874,33.405,-0.1,0.8,0.35,337252.0,1,1,1,1,1,1,0,0,0,0,0,0,0,0,0,0,0,0,0,0
SEPQ,2026-09-25,27.93,27.2403,26.9841,24.9512,27.9532,-0.08,2.64,0.67,749683.0,1,1,1,1,1,1,0,0,0,0,0,0,0,0,0,0,0,0,0,0
SEPT,2026-09-25,38.6595,38.382,38.1819,36.5201,38.683,-0.06,0.97,0.4,503796.0,1,1,1,1,1,1,0,0,0,0,0,0,0,0,0,0,0,0,0,0
SEPU,2026-09-25,31.9118,31.6886,31.5505,30.1117,32.23,-0.99,1.07,0.35,476269.0,1,1,1,1,1,1,0,0,0,0,0,0,0,0,0,0,0,0,0,0
SEPW,2026-09-24,33.96,33.8813,33.7643,32.7669,34.07,-0.32,0.38,0.03,2113361.0,1,1,1,1,1,1,0,0,0,0,0,0,0,0,0,0,0,0,0,0
SEPZ,2026-09-24,46.31,46.2271,46.0452,43.9267,46.98,-1.43,0.51,-0.15,330301.0,1,1,1,1,1,1,0,0,0,0,0,0,0,0,0,0,0,0,0,0
SETM,2026-09-24,30.515,32.6898,31.9,33.5125,39.73,-23.19,-2.35,-1.75,4488386.0,0,0,0,0,0,0,0,0,0,0,0,0,0,0,0,0,0,0,0,0
SFEB,2026-09-24,25.922,26.2443,26.3257,25.1097,26.68,-2.84,-0.75,0.08,78019.0,1,1,1,0,0,0,0,0,0,0,0,0,0,0,0,0,0,0,0,0
SFGV,2026-09-24,35.615,36.221,36.1941,34.2686,36.836,-3.31,-1.32,-0.29,630700.0,1,1,1,0,0,0,0,0,0,0,0,0,0,0,0,0,0,0,0,0
SFLO,2026-09-24,37.53,39.1813,38.4959,33.1023,40.3084,-6.89,-4.02,-0.47,8586299.0,0,1,0,0,0,0,0,0,0,0,0,0,0,0,0,0,0,0,0,0
SFLR,2026-09-25,39.29,38.9735,38.8146,37.5695,39.46,-0.43,0.85,0.18,8340550.0,1,1,1,1,1,1,0,0,0,0,0,0,0,0,0,0,0,0,0,0
SFTX,2026-09-25,31.245,31.2876,30.9949,29.1456,31.82,-1.81,0.62,0.81,1955058.0,1,1,1,0,1,0,0,0,0,0,0,0,0,0,0,0,0,0,0,0
SFTY,2026-09-24,31.85,31.6525,31.4674,29.6412,32.09,-0.75,0.98,0.13,1938212.0,1,1,1,1,1,1,0,0,0,0,0,0,0,0,0,0,0,0,0,0
SFY,2026-09-24,154.319,152.3086,150.6794,140.2669,155.58,-0.81,1.77,0.08,1946095.0,1,1,1,1,1,1,0,0,0,0,0,0,0,0,0,0,0,0,0,0
SFYF,2026-09-24,65.969,63.9165,62.3462,58.3703,66.21,-0.36,2.99,0.56,168654.0,0,1,1,1,1,1,0,0,0,0,0,0,0,0,0,0,0,0,0,0
SGLC,2026-09-25,45.96,45.4333,45.0998,41.5966,46.12,-0.35,1.35,0.7,408899.0,1,1,1,1,1,1,0,0,0,0,0,0,0,0,0,0,0,0,0,0
SGRT,2026-09-24,33.82,32.7254,32.3746,30.7726,38.43,-12.0,1.56,-0.56,745069.0,0,1,0,1,1,1,0,0,0,0,0,0,0,0,0,0,0,1,0,0
SGRW,2026-09-24,24.832,25.2113,25.4217,,27.05,-8.2,0.01,0.05,39469.0,0,0,0,0,0,0,0,0,0,0,0,0,0,0,0,0,0,1,0,0
SGVT,2026-09-24,100.72,100.5911,100.3961,99.3935,100.72,0.0,0.08,0.03,32616401.0,0,1,1,1,1,1,1,1,1,0,0,0,0,0,0,0,1,0,0,0
SHDG,2026-09-25,33.71,33.4569,33.276,32.5325,33.884,-0.51,1.06,0.57,158806.0,1,1,1,1,1,1,0,0,0,0,0,0,0,0,0,0,0,0,0,0
SHE,2026-09-24,158.95,157.8484,156.9058,143.6268,161.1418,-1.36,1.2,0.13,407306.0,1,1,1,1,1,1,0,0,0,0,0,0,0,0,0,0,0,0,0,0
SHEH,2026-09-24,70.47,68.4516,66.1938,60.8239,71.505,-1.45,0.78,0.41,338675.0,1,1,1,1,1,1,0,0,0,0,0,0,0,0,0,0,0,0,0,0
SHLD,2026-09-24,61.61,63.1585,64.6776,67.9661,77.7701,-20.78,-2.19,-1.11,97984439.0,0,0,0,0,0,0,0,0,0,0,0,0,0,0,0,0,0,0,0,0
SHOC,2026-09-24,110.45,104.7353,104.8498,92.1186,124.5829,-11.34,7.13,-0.02,724689.0,0,1,0,1,1,0,0,0,0,0,0,0,0,0,0,0,0,0,0,0
SHPP,2026-09-24,33.308,34.2066,34.3878,32.05,35.553,-6.31,-2.04,-1.07,8528.0,1,1,0,0,0,0,0,0,0,0,0,0,0,0,0,0,0,0,0,0
SHRY,2026-09-25,45.02,46.7,46.5263,43.9872,48.0817,-6.37,-2.38,0.59,17960.0,0,1,0,0,0,0,0,0,0,0,0,0,0,0,0,0,0,0,0,0
SHUS,2026-09-24,50.286,51.3162,51.546,49.0652,52.651,-4.49,-1.24,-0.42,5132.0,1,1,1,0,0,0,0,0,0,0,0,0,0,0,0,0,0,0,0,0
SIFI,2026-09-25,42.375,42.8181,43.0097,42.7634,43.3563,-2.26,-0.74,0.01,509833.0,0,0,1,0,0,0,0,0,0,0,1,0,0,0,0,0,0,0,0,0
SIJ,2026-09-24,18.52,17.8998,16.7142,18.1362,24.5343,-24.51,-0.12,1.42,116828.0,0,1,0,1,1,1,0,0,0,0,0,0,0,0,0,0,0,0,0,0
SIMS,2026-09-24,42.29,43.1424,44.1329,44.4673,47.6199,-11.19,-2.06,-1.27,19992.0,0,0,0,0,0,0,0,0,0,0,0,0,0,0,0,0,0,0,0,0
SIO,2026-09-24,24.838,25.1549,25.2254,25.2557,25.5967,-2.96,-0.89,-0.57,778006.0,0,0,1,0,0,0,0,0,0,0,0,0,0,0,0,0,0,0,0,0
SIOO,2026-09-25,19.93,19.7492,19.587,,19.93,0.0,0.61,0.26,158383.0,0,0,1,1,1,1,0,0,1,0,0,0,0,0,0,0,0,0,0,0
SIXA,2026-09-24,57.438,57.6882,57.4169,54.0334,58.324,-1.52,0.21,-0.02,414194.0,1,1,1,0,1,0,0,0,0,0,0,0,0,0,0,0,0,0,0,0
SIXD,2026-09-25,31.6437,31.4361,31.2983,30.0203,31.65,-0.02,0.89,0.36,733291.0,1,1,1,1,1,1,0,0,0,0,0,0,0,0,0,0,0,0,0,0
SIXF,2026-09-25,35.36,35.1534,34.917,33.258,35.42,-0.17,0.64,0.26,63930.0,1,1,1,1,1,1,0,0,0,0,0,0,0,0,0,0,0,0,0,0
SIXH,2026-09-25,44.4,44.4228,44.0922,42.0362,44.688,-0.64,0.38,0.11,558294.0,1,1,1,0,1,0,0,0,0,0,0,0,0,0,0,0,0,0,0,0
SIXJ,2026-09-25,37.49,37.2694,37.0663,35.5251,37.54,-0.13,0.7,0.23,318332.0,1,1,1,1,1,1,0,0,0,0,0,0,0,0,0,0,0,0,0,0
SIXL,2026-09-24,37.63,39.122,39.6462,38.2972,40.7531,-7.66,-3.28,-0.32,116744.0,0,0,0,0,0,0,0,0,0,0,1,0,0,0,0,0,0,0,0,0
SIXO,2026-09-24,36.565,36.4921,36.3081,35.3548,36.58,-0.04,0.07,0.02,339886.0,0,1,1,1,1,1,0,0,0,0,0,0,0,0,0,0,0,0,0,0
SIXP,2026-09-25,34.6743,34.4623,34.2885,32.8882,34.695,-0.06,0.71,0.19,373357.0,1,1,1,1,1,1,0,0,0,0,0,0,0,0,0,0,0,0,0,0
SIXS,2026-09-25,55.23,57.1422,58.241,54.6099,60.0859,-8.08,-1.61,0.4,231709.0,0,1,0,0,0,0,0,0,0,0,1,0,0,0,0,0,0,1,0,0
SIXZ,2026-09-25,32.5,32.2729,32.0569,30.7086,32.51,-0.03,0.69,0.28,182596.0,1,1,1,1,1,1,0,0,0,0,0,0,0,0,0,0,0,1,0,0
SIZE,2026-09-24,176.23,179.2205,180.5024,170.4453,186.2491,-5.38,-0.67,0.37,954524.0,1,1,0,0,0,0,0,0,0,0,0,0,0,0,0,0,0,1,0,0
SKF,2026-09-24,25.08,23.2975,22.9632,26.0111,32.3733,-22.53,4.37,-0.04,709032.0,0,0,0,1,1,1,0,0,0,0,0,0,0,0,0,0,0,0,0,0
SKYY,2026-09-24,166.91,162.946,155.1494,131.8167,168.91,-1.18,1.53,-0.38,40076680.0,1,1,1,1,1,1,0,0,0,0,0,0,0,0,0,0,0,0,0,0
SLX,2026-09-24,104.83,108.127,106.8152,99.6343,113.57,-7.7,-3.27,0.03,1261427.0,0,1,0,0,0,0,0,0,0,0,0,0,0,0,0,0,0,0,0,0
SLYG,2026-09-24,108.32,111.0124,114.1143,105.9373,119.2272,-9.15,-0.64,-0.22,13573723.0,0,1,0,0,0,0,0,0,0,0,0,0,0,0,0,0,0,0,0,0
SLYV,2026-09-24,103.58,106.7071,108.3247,100.8936,111.657,-7.23,-1.65,-0.34,22249193.0,0,1,0,0,0,0,0,0,0,0,1,0,0,0,0,0,0,0,0,0
SMAX,2026-09-24,28.39,28.321,28.1816,27.5087,28.4,-0.04,0.09,0.0,340409.0,0,1,1,1,1,1,0,0,0,0,0,0,0,0,0,0,0,0,0,0
SMAY,2026-09-24,27.833,28.2034,28.3402,27.2299,28.865,-3.58,-0.73,-0.1,80319.0,1,1,1,0,0,0,0,0,0,0,0,0,0,0,0,0,0,0,0,0
SMBS,2026-09-24,24.14,24.6345,24.7981,24.9277,25.3211,-4.66,-1.91,-0.82,37124824.0,0,0,1,0,0,0,0,0,0,0,1,0,0,0,0,0,0,0,0,1
SMCO,2026-09-25,27.7091,28.3337,29.3607,28.9115,31.0,-10.62,-1.05,0.04,585531.0,0,0,0,0,0,0,0,0,0,0,1,0,0,0,0,0,0,0,0,0
SMCP,2026-09-25,26.9308,27.0555,26.276,,,,-1.57,0.34,37743.0,0,0,0,0,1,0,0,0,0,0,0,0,0,0,0,0,0,0,0,0
SMCY,2026-09-24,5.44,5.2071,4.7091,4.5807,7.7381,-29.7,2.06,-1.63,7079317.0,0,1,0,1,1,1,0,0,0,0,0,0,0,0,0,0,0,0,0,0
SMDV,2026-09-24,73.0,74.7097,76.3842,71.9585,78.6717,-7.21,-1.24,-0.14,7740882.0,0,1,0,0,0,0,0,0,0,0,1,0,0,0,0,0,0,0,0,0
SMDX,2026-09-24,25.597,26.1435,26.6442,25.2653,27.714,-7.64,-1.03,-0.33,4993.0,0,1,0,0,0,0,0,0,0,0,0,0,0,0,0,0,0,0,0,0
SMH,2026-09-24,600.52,567.154,565.1378,492.0361,668.91,-10.22,7.12,-0.15,3710623180.0,0,1,0,1,1,1,0,0,0,0,0,0,0,0,0,0,0,0,0,0
SMHC,2026-09-24,46.96,46.436,47.8724,,,,0.15,-1.86,982808.0,0,0,0,1,0,0,0,0,0,0,0,0,0,0,0,0,0,0,0,0
SMHX,2026-09-24,60.415,56.4543,56.4639,49.2191,67.86,-10.97,7.82,0.09,2449425.0,0,1,0,1,1,0,0,0,0,0,0,0,0,0,0,0,0,0,0,0
SMIG,2026-09-24,31.19,31.9017,32.6668,31.0271,33.617,-7.22,-0.67,-0.84,6999754.0,0,1,0,0,0,0,0,0,0,0,0,0,0,0,0,0,0,0,0,0
SMIN,2026-09-24,69.99,71.0575,70.7786,67.6609,74.2076,-5.68,0.06,-0.47,5857725.0,1,1,0,0,0,0,0,0,0,0,0,0,0,0,0,0,0,0,0,0
SMIZ,2026-09-25,41.48,41.4863,42.2661,40.6469,44.62,-7.04,0.85,0.61,1717285.0,1,1,0,0,0,0,0,0,0,0,0,0,0,0,0,0,0,0,0,0
SMLF,2026-09-24,84.57,86.1785,87.2583,81.8505,90.41,-6.46,-0.83,-0.15,16166765.0,1,1,0,0,0,0,0,0,0,0,0,0,0,0,0,0,0,0,0,0
SMLL,2026-09-24,20.18,21.0728,21.5218,20.5709,22.423,-10.0,-2.43,-0.71,57051.0,0,0,0,0,0,0,0,0,0,0,1,0,0,0,0,0,0,0,0,0
SMMD,2026-09-25,86.64,88.3233,89.7937,83.765,93.01,-6.85,-0.38,0.25,39922890.0,1,1,0,0,0,0,0,0,0,0,0,0,0,0,0,0,0,0,0,0
SMMV,2026-09-24,44.81,46.3191,46.7669,44.834,47.6015,-5.86,-2.65,-0.5,418022.0,0,0,0,0,0,0,0,0,0,0,1,0,0,0,0,0,0,0,0,0
SMN,2026-09-24,20.92,19.7428,19.4548,20.7422,29.9628,-30.18,3.45,2.4,22337.0,0,1,0,1,1,1,0,0,0,0,0,0,0,0,0,0,0,1,0,0
SMOG,2026-09-24,133.87,137.95,137.9124,140.6579,156.58,-14.5,-2.9,-1.36,124424.0,0,0,0,0,0,0,0,0,0,0,0,0,0,0,0,0,0,0,0,0
SMOM,2026-09-25,29.1763,29.1268,28.901,27.0968,29.562,-1.3,0.38,0.18,495015.0,1,1,1,1,1,1,0,0,0,0,0,0,0,0,0,0,0,0,0,0
SMOT,2026-09-24,37.96,39.4521,39.9556,37.8196,41.27,-8.02,-2.04,-0.83,568238.0,0,1,0,0,0,0,0,0,0,0,1,0,0,0,0,0,0,0,0,0
SMOX,2026-09-25,29.12,29.4821,30.0833,28.4029,31.267,-6.87,-0.21,0.42,1263119.0,1,1,0,0,0,0,0,0,0,0,0,0,0,0,0,0,0,0,0,0
SMRF,2026-09-24,23.4,24.3302,24.3487,,29.185,-19.82,-0.47,-1.39,155966.0,0,0,0,0,0,0,0,0,0,0,0,0,0,0,0,0,0,0,0,0
SMRI,2026-09-24,45.497,47.7462,46.419,39.9298,49.281,-7.68,-4.4,-0.83,1070119.0,0,1,0,0,0,0,0,0,0,0,0,0,0,0,0,0,0,0,0,0
SMYY,2026-09-24,5.963,5.9196,5.8055,6.1275,9.0829,-34.35,0.81,0.13,124002.0,0,0,0,1,1,1,0,0,0,0,0,0,0,0,0,0,0,0,0,0
SNAV,2026-09-25,39.18,38.8673,38.7576,37.0046,39.408,-0.58,1.37,0.38,286373.0,1,1,1,1,1,1,0,0,0,0,0,0,0,0,0,0,0,0,0,0
SNOV,2026-09-25,27.37,27.4431,27.3778,26.1688,27.555,-0.67,-0.16,0.18,167764.0,1,1,1,0,0,0,0,0,0,0,0,0,0,0,0,0,0,0,0,0
SNOY,2026-09-24,11.21,11.1122,10.5679,7.6622,11.5958,-3.33,-1.32,-1.23,1635475.0,1,1,1,1,1,1,0,0,0,0,0,0,0,0,0,0,0,0,0,0
SNPD,2026-09-24,28.844,29.8006,30.3345,28.6545,31.1752,-7.48,-2.0,-0.74,23148.0,0,1,0,0,0,0,0,0,0,0,1,0,0,0,0,0,0,0,0,0
SNPE,2026-09-24,70.02,70.1364,69.7512,65.4713,71.6985,-2.34,0.71,0.01,20303689.0,1,1,1,0,1,0,0,0,0,0,0,0,0,0,0,0,0,0,0,0
SNPG,2026-09-24,59.27,58.789,58.7794,55.0359,61.6398,-3.84,2.22,0.24,32043.0,1,1,1,1,1,1,0,0,0,0,0,0,0,0,0,0,0,0,0,0
SNSR,2026-09-24,49.119,47.552,47.3857,43.5928,53.7097,-8.55,3.59,-0.17,555192.0,0,1,0,1,1,1,0,0,0,0,0,0,0,0,0,0,0,0,0,0
SNTH,2026-09-25,30.01,29.8128,29.9077,28.6325,30.76,-2.44,1.32,0.44,1905723.0,1,1,1,1,1,0,0,0,0,0,0,0,0,0,0,0,0,0,0,0
SOCL,2026-09-24,44.02,44.361,45.2266,47.9592,61.0621,-27.91,0.39,0.46,694711.0,0,0,0,0,0,0,0,0,0,0,0,0,0,0,0,0,0,0,0,0
SOEZ,2026-09-24,20.288,18.2378,15.3925,15.7681,24.5845,-17.48,16.48,2.34,319786.0,0,1,0,1,1,1,0,0,0,0,0,0,0,0,1,0,0,0,0,0
SOFR,2026-09-24,100.35,100.2413,100.0291,98.9688,100.37,-0.02,0.04,-0.01,448202.0,0,1,1,1,1,1,0,0,0,0,0,0,0,0,0,0,0,0,0,0
SOLC,2026-09-24,23.723,21.297,17.978,18.3968,28.635,-17.15,16.62,2.33,285246.0,0,1,0,1,1,1,0,0,0,0,0,0,0,0,1,0,0,0,0,0
SOLM,2026-09-25,11.1555,10.0985,8.9804,10.2668,18.8506,-40.82,5.19,4.81,43508.0,0,1,0,1,1,1,1,1,0,0,0,0,1,0,0,0,1,0,0,0
SOLZ,2026-09-24,11.66,10.5055,8.8988,9.3266,24.3245,-52.06,16.21,2.37,16350361.0,0,1,0,1,1,1,0,0,0,0,0,0,0,0,1,0,0,0,0,0
SOVF,2026-09-25,30.1963,31.2755,31.3622,29.4165,32.513,-7.13,-2.27,0.11,243638.0,0,1,0,0,0,0,0,0,0,0,0,0,0,0,0,0,0,0,0,0
SOXQ,2026-09-24,98.26,92.4691,92.9395,79.9223,115.007,-14.56,7.68,-0.39,123016140.0,0,1,0,1,1,0,0,0,0,0,0,0,0,0,0,0,0,0,0,0
SOXX,2026-09-24,566.07,524.2079,525.4963,446.7658,654.582,-13.52,9.05,0.06,3896559169.0,0,1,0,1,1,0,0,0,0,0,0,0,0,0,0,0,0,0,0,0
SOXY,2026-09-24,95.771,89.6428,89.8829,77.5638,110.9759,-13.7,7.91,-0.81,1038338.0,0,1,0,1,1,0,0,0,0,0,0,0,0,0,0,0,0,0,0,0
SOYB,2026-09-24,27.92,27.7265,26.4576,24.483,28.14,-0.78,-0.18,-0.25,1942741.0,1,1,1,1,1,1,0,0,0,0,0,0,0,0,0,0,0,0,0,0
SPAM,2026-09-24,47.693,45.0104,43.8889,35.9107,48.022,-0.69,3.44,-0.69,147386.0,0,1,1,1,1,1,0,0,0,0,0,0,0,0,0,0,0,0,0,0
SPAQ,2026-09-24,93.4,93.6362,93.7581,92.3397,94.17,-0.82,-0.24,0.16,16358.0,1,1,1,0,0,0,0,0,0,0,0,0,0,0,0,0,0,0,0,0
SPBC,2026-09-24,50.577,49.9987,49.0948,46.2029,51.217,-1.25,2.04,-0.16,256373.0,1,1,1,1,1,1,0,0,0,0,0,0,0,0,0,0,0,0,0,0
SPBU,2026-09-25,30.8327,30.6178,30.5509,29.2639,31.17,-1.08,1.11,0.37,987412.0,1,1,1,1,1,1,0,0,0,0,0,0,0,0,0,0,0,0,0,0
SPBW,2026-09-25,29.4093,29.2583,29.1107,28.2131,29.426,-0.06,0.54,0.29,433867.0,1,1,1,1,1,1,0,0,0,0,0,0,0,0,0,0,0,0,0,0
SPBX,2026-09-25,29.9621,29.8056,29.653,28.4675,29.98,-0.06,0.59,0.24,655214.0,1,1,1,1,1,1,0,0,0,0,0,0,0,0,0,0,0,0,0,0
SPCI,2026-09-24,21.01,20.5175,21.8154,,49.3474,-57.42,1.2,2.94,201746.0,0,0,0,1,0,0,0,0,0,0,0,0,0,0,0,0,0,0,0,0
SPCK,2026-09-24,21.88,22.2029,22.1694,22.0323,22.953,-4.67,-1.29,-0.09,63200.0,0,0,1,0,0,0,0,0,0,0,0,0,0,0,0,0,0,0,0,0
SPCT,2026-09-25,26.8788,27.2466,27.6411,26.8754,28.2853,-4.97,-0.56,0.31,189797.0,1,1,1,0,0,0,0,0,0,0,0,0,0,0,0,0,0,0,0,0
SPD,2026-09-24,42.137,42.0911,42.0508,40.0954,43.317,-2.72,1.12,-0.05,394755.0,1,1,1,1,1,1,0,0,0,0,0,0,0,0,0,0,0,0,0,0
SPDF,2026-09-25,28.3186,28.0609,27.93,,,,1.28,0.49,412987.0,0,0,0,1,1,1,0,0,0,0,0,0,0,0,0,0,0,0,0,0
SPDG,2026-09-25,45.283,45.8619,46.1403,43.8651,47.299,-4.26,-0.16,0.62,42927.0,1,1,1,0,0,0,0,0,0,0,0,0,0,0,0,0,0,0,0,0
SPDV,2026-09-24,39.511,41.0125,40.847,37.8716,42.005,-5.94,-3.37,-0.8,343034.0,0,1,0,0,0,0,0,0,0,0,1,0,0,0,0,0,0,0,0,0
SPDW,2026-09-24,50.55,51.375,51.0424,48.2431,52.31,-3.36,-1.25,-0.39,136727391.0,1,1,1,0,0,0,0,0,0,0,0,0,0,0,0,0,0,0,0,0
SPEM,2026-09-24,52.28,52.6165,51.9316,49.8814,53.41,-2.12,0.04,-0.42,62474013.0,1,1,1,0,1,0,0,0,0,0,0,0,0,0,0,0,0,0,0,0
SPEU,2026-09-24,54.48,55.5528,55.8511,53.4605,57.3704,-5.04,-1.11,-0.02,1120328.0,1,1,0,0,0,0,0,0,0,0,0,0,0,0,0,0,0,0,0,0
SPGM,2026-09-24,87.11,87.3065,86.8082,81.8831,88.64,-1.73,0.2,-0.17,7577123.0,1,1,1,0,1,0,0,0,0,0,0,0,0,0,0,0,0,0,0,0
SPGP,2026-09-24,119.52,122.9747,124.7876,117.807,128.9049,-7.28,-1.74,-0.23,11229276.0,0,1,0,0,0,0,0,0,0,0,0,0,0,0,0,0,0,0,0,0
SPHB,2026-09-24,151.44,147.0664,145.9254,133.8103,156.6122,-3.3,4.18,-0.2,41155848.0,1,1,1,1,1,1,0,0,0,0,0,0,0,0,0,0,0,0,0,0
SPHQ,2026-09-24,84.24,84.4224,85.1312,81.2206,89.9347,-6.33,1.16,-0.43,85419635.0,1,1,0,0,0,0,0,0,0,0,0,0,0,0,0,0,0,0,0,0
SPIN,2026-09-24,33.54,33.2235,33.003,31.6821,33.811,-0.8,1.79,0.09,176514.0,1,1,1,1,1,1,0,0,0,0,0,0,0,0,0,0,0,0,0,0
SPIT,2026-09-25,31.1958,31.4352,32.428,30.2286,34.921,-10.67,0.04,0.09,103173.0,1,1,0,0,0,0,0,0,0,0,0,0,0,0,0,0,0,0,0,0
SPMD,2026-09-24,63.7,64.9519,66.095,62.9638,68.6882,-7.26,-0.68,-0.45,90640086.0,1,1,0,0,0,0,0,0,0,0,0,0,0,0,0,0,0,0,0,0
SPMO,2026-09-24,152.18,148.0542,147.7117,134.0396,161.3967,-5.71,4.02,0.17,285606273.0,1,1,0,1,1,1,0,0,0,0,0,0,0,0,0,0,0,0,0,0
SPRE,2026-09-24,19.3,20.2106,20.9381,20.3814,21.665,-10.92,-3.06,-1.33,1264207.0,0,0,0,0,0,0,0,0,0,0,1,0,0,0,0,0,0,0,0,0
SPRX,2026-09-24,48.36,45.1944,45.5159,44.3838,58.77,-17.71,7.91,-0.88,1842237.0,0,1,0,1,1,0,0,0,0,0,0,0,0,0,0,0,0,0,0,0
SPSK,2026-09-24,17.51,17.745,17.798,17.8216,18.0289,-2.88,-0.96,-0.34,14634560.0,0,0,1,0,0,0,0,0,0,0,1,0,0,0,0,0,0,0,0,1
SPSM,2026-09-24,53.56,55.0532,56.2255,52.2601,58.2428,-8.04,-1.23,-0.26,106597959.0,0,1,0,0,0,0,0,0,0,0,1,0,0,0,0,0,0,0,0,0
SPTE,2026-09-24,49.55,47.9974,47.0012,41.7911,50.457,-1.8,3.83,0.12,2288687.0,0,1,1,1,1,1,0,0,0,0,0,0,0,0,0,0,0,0,0,0
SPTM,2026-09-24,92.71,92.4785,92.101,86.6597,94.1844,-1.57,0.72,-0.11,48682832.0,1,1,1,1,1,1,0,0,0,0,0,0,0,0,0,0,0,0,0,0
SPUC,2026-09-24,49.57,49.3443,49.102,46.2918,50.0915,-1.04,1.04,-0.02,2034421.0,1,1,1,1,1,1,0,0,0,0,0,0,0,0,0,0,0,0,0,0
SPUS,2026-09-24,59.57,58.824,58.159,54.1723,60.19,-1.03,1.53,-0.2,21568450.0,1,1,1,1,1,1,0,0,0,0,0,0,0,0,0,0,0,0,0,0
SPUT,2026-09-24,28.733,28.6024,28.4287,27.3526,28.835,-0.35,0.54,0.05,36123.0,1,1,1,1,1,1,0,0,0,0,0,0,0,0,0,0,0,0,0,0
SPVM,2026-09-24,73.22,76.0701,76.6987,71.7672,78.2158,-6.39,-3.43,-0.3,472512.0,0,1,0,0,0,0,0,0,0,0,1,0,0,0,0,0,0,0,0,0
SPWO,2026-09-24,33.62,33.3255,32.9845,31.082,34.9971,-3.93,1.88,-0.21,2436338.0,1,1,1,1,1,1,0,0,0,0,0,0,0,0,0,0,0,0,0,0
SPXD,2026-09-24,28.782,29.2871,29.2755,27.5733,30.0304,-4.16,-1.15,-0.41,16767.0,1,1,1,0,0,0,0,0,0,0,0,0,0,0,0,0,0,0,0,0
SPXE,2026-09-24,82.534,82.1144,81.7179,76.974,83.5155,-1.18,0.99,-0.0,67735.0,1,1,1,1,1,1,0,0,0,0,0,0,0,0,0,0,0,0,0,0
SPXN,2026-09-24,84.763,83.8128,83.1416,78.2195,85.461,-0.82,1.3,0.04,48581.0,1,1,1,1,1,1,0,0,0,0,0,0,0,0,0,0,0,0,0,0
SPXT,2026-09-24,108.817,109.9762,110.4664,106.6266,112.4565,-3.24,-0.42,0.19,1360466.0,1,1,1,0,0,0,0,0,0,0,0,0,0,0,0,0,0,0,0,0
SPXV,2026-09-24,84.028,83.654,83.2051,78.3739,85.1153,-1.28,0.81,-0.04,64409.0,1,1,1,1,1,1,0,0,0,0,0,0,0,0,0,0,0,0,0,0
SPY,2026-09-24,767.18,763.9183,759.4582,714.3626,775.9532,-1.13,0.85,-0.08,33324246323.0,1,1,1,1,1,1,0,0,0,0,0,0,0,0,0,0,0,0,0,0
SPYA,2026-09-24,30.718,30.6106,30.5056,28.9938,31.171,-1.45,0.8,0.03,3061.0,1,1,1,1,1,1,0,0,0,0,0,0,0,0,0,0,0,0,0,0
SPYC,2026-09-24,46.262,46.2717,46.2612,43.8606,48.34,-4.3,0.77,0.1,1849930.0,1,1,1,0,1,0,0,0,0,0,0,0,0,0,0,0,0,0,0,0
SPYD,2026-09-24,46.05,48.0716,48.8594,46.0085,50.1284,-8.14,-3.29,-0.84,41553992.0,0,1,0,0,0,0,0,0,0,0,1,0,0,0,0,0,0,0,0,0
SPYG,2026-09-24,123.27,121.0999,119.8944,111.9455,124.24,-0.78,2.18,0.17,231357531.0,1,1,1,1,1,1,0,0,0,0,0,0,0,0,0,0,0,0,0,0
SPYH,2026-09-24,56.49,56.2098,55.79,53.6284,56.779,-0.51,0.67,0.15,1105656.0,1,1,1,1,1,1,0,0,0,0,0,0,0,0,0,0,0,0,0,0
SPYI,2026-09-24,53.42,53.1137,52.6746,50.0543,53.72,-0.56,0.79,-0.04,145967431.0,1,1,1,1,1,1,0,0,0,0,0,0,0,0,0,0,0,0,0,0
SPYM,2026-09-24,90.29,89.9052,89.3796,84.0527,91.3147,-1.12,0.83,-0.09,1309655943.0,1,1,1,1,1,1,0,0,0,0,0,0,0,0,0,0,0,0,0,0
SPYT,2026-09-24,17.29,17.1557,17.0418,16.0896,17.37,-0.46,1.05,0.29,2205133.0,1,1,1,1,1,1,0,0,0,0,0,0,0,0,0,0,0,0,0,0
SPYV,2026-09-24,61.93,62.6473,62.5814,59.3696,63.5955,-2.62,-0.69,-0.31,95120892.0,1,1,1,0,0,0,0,0,0,0,0,0,0,0,0,0,0,0,0,0
SPYX,2026-09-24,62.88,62.6131,62.2926,58.6006,63.6532,-1.21,0.84,-0.08,3584242.0,1,1,1,1,1,1,0,0,0,0,0,0,0,0,0,0,0,0,0,0
SQLT,2026-09-25,27.9389,28.2368,28.6411,,29.5937,-5.59,0.25,0.46,9327.0,0,0,0,0,0,0,0,0,0,0,0,0,0,0,0,0,0,1,0,0
SQLV,2026-09-24,51.49,52.9955,53.4866,48.1747,55.0567,-6.48,-1.78,-0.04,264050.0,0,1,0,0,0,0,0,0,0,0,0,0,0,0,0,0,0,0,0,0
SQMX,2026-09-25,34.91,34.7542,34.6158,33.9261,34.915,-0.01,0.46,0.17,244537.0,1,1,1,1,1,1,0,0,0,0,0,0,0,0,0,0,0,1,0,0
SQS,2026-09-25,28.294,28.1157,28.1141,,28.96,-2.3,1.16,0.51,298102.0,0,0,1,1,1,1,0,0,0,0,0,0,0,0,0,0,0,0,0,0
SRET,2026-09-24,20.3,21.3508,21.951,21.5097,22.9072,-11.38,-3.15,-1.02,952278.0,0,0,0,0,0,0,0,0,0,0,1,0,0,0,0,0,0,0,0,0
SRHQ,2026-09-25,46.9379,48.4454,48.6245,43.7663,50.2619,-6.61,-1.85,0.34,35501.0,0,1,0,0,0,0,0,0,0,0,0,0,0,0,0,0,0,1,0,0
SRHR,2026-09-24,55.127,56.7308,58.2409,55.0057,60.9129,-9.5,-2.21,-0.37,9373.0,0,1,0,0,0,0,0,0,0,0,1,0,0,0,0,0,0,1,0,0
SROI,2026-09-24,37.16,37.4076,37.4864,35.6586,38.418,-3.27,0.22,-0.21,438050.0,1,1,1,0,0,0,0,0,0,0,0,0,0,0,0,0,0,0,0,0
SRS,2026-09-24,44.34,41.5787,39.514,42.2915,49.3101,-10.08,4.61,0.96,654290.0,0,1,0,1,1,1,1,1,0,0,0,0,0,0,0,0,1,1,0,0
SRVR,2026-09-24,29.162,30.0921,30.4859,31.1693,34.9175,-16.48,-2.17,-1.2,1803759.0,0,0,0,0,0,0,0,0,0,0,0,0,0,0,0,0,0,0,0,0
SSCP,2026-09-25,25.97,26.332,26.1916,,,,-1.37,0.08,33728.0,0,0,0,0,0,0,0,0,0,0,0,0,0,0,0,0,0,0,0,0
SSG,2026-09-24,10.6,11.7868,12.2664,19.6444,37.4456,-71.69,-11.32,0.09,5517847.0,0,0,0,0,0,0,0,0,0,0,0,0,0,0,0,0,0,1,0,0
SSK,2026-09-24,15.79,14.2584,12.0393,12.3843,30.3045,-47.9,15.85,1.81,1329036.0,0,1,0,1,1,1,0,0,0,0,0,0,0,0,1,0,0,0,0,0
SSMG,2026-09-24,25.46,25.299,26.007,,,,1.68,0.28,4042.0,0,0,0,1,0,0,0,0,0,0,0,0,0,0,0,0,0,0,0,0
SSPY,2026-09-25,97.49,98.8088,99.2955,93.8361,101.5,-3.95,0.63,0.45,194723.0,1,1,1,0,0,0,0,0,0,0,0,0,0,0,0,0,0,0,0,0
SSS,2026-09-25,23.8218,22.7276,21.5626,,23.8218,0.0,2.9,1.59,14669.0,0,0,1,1,1,1,1,1,1,0,0,0,0,0,0,0,1,0,0,0
SSUS,2026-09-24,56.407,56.1201,55.7715,52.137,57.02,-1.08,0.98,0.01,1176439.0,1,1,1,1,1,1,0,0,0,0,0,0,0,0,0,0,0,0,0,0
SSXU,2026-09-25,36.1003,36.2377,36.0549,35.6776,37.402,-3.48,0.52,0.87,59840.0,1,1,1,0,1,0,0,0,0,0,0,0,0,0,0,0,0,0,0,0
STBQ,2026-09-25,24.5364,23.4111,22.2598,,27.592,-11.07,5.13,1.6,55334.0,0,0,0,1,1,1,0,0,0,0,0,0,0,0,0,0,0,0,0,0
STCE,2026-09-24,72.25,68.2013,65.428,65.682,106.4241,-32.11,9.13,-0.44,5830685.0,0,1,0,1,1,1,0,0,0,0,0,0,0,0,0,0,0,0,0,0
STEN,2026-09-25,28.66,28.3781,28.1523,26.7068,28.735,-0.26,1.11,0.49,110059.0,1,1,1,1,1,1,0,0,0,0,0,0,0,0,0,0,0,0,0,0
STHH,2026-09-24,10.494,10.1408,10.5733,9.2841,15.7843,-33.52,6.92,-1.37,59716.0,0,1,0,1,0,0,0,0,0,0,0,0,0,0,0,0,0,0,0,0
STLR,2026-09-24,24.54,21.8114,20.9806,,29.6887,-17.34,13.86,4.83,55167.0,0,0,0,1,1,1,0,0,0,0,0,0,1,0,1,0,0,0,0,0
STNC,2026-09-24,35.615,36.1754,36.655,35.6162,38.513,-7.52,-1.06,-0.6,35373.0,0,0,0,0,0,0,0,0,0,0,0,0,0,0,0,0,0,0,0,0
STOX,2026-09-25,32.323,31.9626,31.7645,29.8549,32.42,-0.3,1.32,0.54,1122920.0,1,1,1,1,1,1,0,0,0,0,0,0,0,0,0,0,0,0,0,0
STRN,2026-09-25,26.5996,26.2595,26.3934,24.6196,28.808,-7.67,0.57,0.82,97249.0,1,1,0,1,1,0,0,0,0,0,0,0,0,0,0,0,0,0,0,0
STXD,2026-09-25,39.0423,39.2355,39.86,38.1949,41.3,-5.47,0.86,0.75,257788.0,1,1,0,0,0,0,0,0,0,0,0,0,0,0,0,0,0,0,0,0
STXE,2026-09-24,50.733,50.6246,49.0404,44.6984,54.9171,-7.62,0.42,-0.8,558460.0,1,1,0,1,1,1,0,0,0,0,0,0,0,0,0,0,0,0,0,0
STXF,2026-09-25,49.99,49.5192,49.2204,46.3369,50.26,-0.54,1.26,0.5,2229502.0,1,1,1,1,1,1,0,0,0,0,0,0,0,0,0,0,0,0,0,0
STXG,2026-09-24,56.866,56.1743,55.7996,52.6505,57.295,-0.75,1.6,0.12,259069.0,1,1,1,1,1,1,0,0,0,0,0,0,0,0,0,0,0,0,0,0
STXK,2026-09-24,36.514,37.477,38.2101,36.1089,39.565,-7.71,-1.37,-0.38,354296.0,0,1,0,0,0,0,0,0,0,0,0,0,0,0,0,0,0,0,0,0
STXV,2026-09-25,38.3917,39.1436,39.168,36.6197,39.942,-3.88,-0.99,0.34,444539.0,0,1,1,0,0,0,0,0,0,0,0,0,0,0,0,0,0,0,0,0
STYL,2026-09-24,23.9,24.3165,25.6562,,,,0.5,0.08,9417.0,0,0,0,0,0,0,0,0,0,0,0,0,0,0,0,0,0,0,0,0
SUIS,2026-09-24,26.53,20.7365,19.4126,,33.98,-21.92,40.07,6.2,109193.0,0,0,0,1,1,1,0,0,0,0,0,0,1,1,1,0,0,0,0,0
SUPL,2026-09-24,44.258,46.1299,46.9856,44.5248,48.639,-9.01,-3.26,-1.37,21108.0,0,0,0,0,0,0,0,0,0,0,0,0,0,0,0,0,0,0,0,0
SUPP,2026-09-25,78.7175,77.7096,79.7767,77.6998,88.627,-11.18,1.86,0.75,27986.0,1,1,0,1,0,0,0,0,0,0,0,0,0,0,0,0,0,0,0,0
SURE,2026-09-25,145.514,148.2327,149.6611,138.7433,153.29,-5.07,-0.89,0.3,117872.0,1,1,0,0,0,0,0,0,0,0,0,0,0,0,0,0,0,1,0,0
SURI,2026-09-24,18.705,19.6219,19.036,16.8363,20.531,-8.89,-3.23,-0.04,85413.0,0,1,0,0,0,0,0,0,0,0,0,0,0,0,0,0,0,1,0,0
SUSA,2026-09-24,156.55,156.5297,156.0098,146.1661,159.8614,-2.07,0.75,-0.15,5809089.0,1,1,1,1,1,1,0,0,0,0,0,0,0,0,0,0,0,0,0,0
SUSL,2026-09-24,136.166,136.1015,135.0953,126.4891,138.595,-1.75,0.76,0.03,2158592.0,1,1,1,1,1,1,0,0,0,0,0,0,0,0,0,0,0,0,0,0
SVAL,2026-09-24,41.76,42.6803,42.8649,38.887,43.9998,-5.09,-1.65,0.05,3557234.0,0,1,0,0,0,0,0,0,0,0,0,0,0,0,0,0,0,0,0,0
SWP,2026-09-24,27.822,28.2452,28.4962,27.6621,29.345,-5.19,-0.38,-0.21,201121.0,1,1,0,0,0,0,0,0,0,0,0,0,0,0,0,0,0,0,0,0
SXQG,2026-09-24,33.681,33.2698,33.0011,32.1001,33.924,-0.72,1.92,0.08,195126.0,1,1,1,1,1,1,0,0,0,0,0,0,0,0,0,0,0,0,0,0
SYLD,2026-09-24,81.8,84.6313,84.3575,77.4697,86.5258,-5.46,-2.8,-0.23,3104711.0,0,1,0,0,0,0,0,0,0,0,1,0,0,0,0,0,0,1,0,0
SYZ,2026-09-25,29.2672,29.6759,30.1395,28.2655,31.1598,-6.07,-0.48,0.35,125811.0,1,1,0,0,0,0,0,0,0,0,0,0,0,0,0,0,0,0,0,0
SZK,2026-09-24,21.72,20.892,20.4063,21.1486,25.933,-16.25,2.85,1.4,240803.0,0,1,0,1,1,1,0,0,0,0,0,0,0,0,0,0,0,0,0,0
TACK,2026-09-24,31.85,32.2377,32.2822,154.559,315.8273,-89.92,-0.69,-0.43,828939.0,0,0,0,0,0,0,0,0,0,0,0,0,0,0,0,0,0,0,0,0
TACN,2026-09-25,28.7973,29.028,29.0415,,29.633,-2.82,0.17,0.92,29709.0,0,0,1,0,0,0,0,0,0,0,0,0,0,0,0,0,0,0,0,0
TACU,2026-09-24,28.145,28.0252,27.8627,,28.494,-1.22,0.73,0.05,81502.0,0,0,1,1,1,1,0,0,0,0,0,0,0,0,0,0,0,0,0,0
TAIL,2026-09-24,9.82,10.0574,10.2299,10.857,11.8568,-17.18,-1.96,-0.46,1881772.0,0,0,0,0,0,0,0,0,0,0,1,0,0,0,0,0,0,0,0,1
TALV,2026-09-25,28.4041,28.7702,28.8952,,29.48,-3.65,-0.21,0.16,128421.0,0,0,1,0,0,0,0,0,0,0,0,0,0,0,0,0,0,0,0,0
TAN,2026-09-24,43.47,46.8295,49.4786,55.0137,73.93,-41.2,-6.23,-3.51,36777854.0,0,0,0,0,0,0,0,0,0,0,0,0,0,0,0,0,0,0,0,0
TAOZ,2026-09-25,89.0178,89.9109,90.089,,92.83,-4.11,0.44,0.53,105231.0,0,0,1,0,0,0,0,0,0,0,0,0,0,0,0,0,0,0,0,0
TAPR,2026-09-24,26.835,26.7867,26.6921,26.2411,26.85,-0.06,0.2,0.03,6293.0,1,1,1,1,1,1,0,0,0,0,0,0,0,0,0,0,0,0,0,0
TAX,2026-09-24,30.484,30.7508,31.0678,29.6949,32.2,-5.33,0.13,0.08,36258.0,1,1,0,0,0,0,0,0,0,0,0,0,0,0,0,0,0,0,0,0
TBFC,2026-09-25,28.88,29.085,29.1203,28.6228,29.4562,-1.96,-0.33,-0.01,183902.0,1,1,1,0,0,0,0,0,0,0,0,0,0,0,0,0,0,0,0,0
TBFG,2026-09-24,32.642,32.7642,32.6693,31.3919,33.2216,-1.74,-0.02,-0.09,60213.0,1,1,1,0,0,0,0,0,0,0,0,0,0,0,0,0,0,0,0,0
TBG,2026-09-24,36.75,38.1347,38.3423,36.0738,39.49,-6.94,-2.31,-0.84,1879187.0,0,1,0,0,0,0,0,0,0,0,1,0,0,0,0,0,0,0,0,0
TBLU,2026-09-24,48.95,50.0527,51.0842,51.4279,55.8036,-12.28,-1.13,-0.95,119888.0,0,0,0,0,0,0,0,0,0,0,0,0,0,0,0,0,0,0,0,0
TCAF,2026-09-24,42.5,42.5315,42.2236,39.5425,43.0,-1.16,0.35,-0.02,22347876.0,1,1,1,0,1,0,0,0,0,0,0,0,0,0,0,0,0,0,0,0
TCAI,2026-09-24,47.6,46.4079,47.0561,42.4012,58.29,-18.34,2.81,-0.85,2469240.0,1,1,0,1,1,0,0,0,0,0,0,0,0,0,0,0,0,0,0,0
TCAL,2026-09-24,22.14,22.5197,22.6233,21.9485,23.1551,-4.38,-0.69,-0.27,1562231.0,1,1,1,0,0,0,0,0,0,0,0,0,0,0,0,0,0,0,0,0
TCAN,2026-09-24,19.24,18.1055,18.4772,,,,14.8,4.62,224181.0,0,0,0,1,1,0,0,0,0,0,0,0,1,0,1,0,0,0,0,0
TCHI,2026-09-24,22.52,22.8684,23.3552,23.7905,26.6524,-15.5,0.13,-1.31,206891.0,0,0,0,0,0,0,0,0,0,0,0,0,0,0,0,0,0,0,0,0
TCHP,2026-09-24,51.42,50.5425,50.1776,49.1876,53.02,-3.02,2.35,0.23,8336930.0,1,1,1,1,1,1,0,0,0,0,0,0,0,0,0,0,0,0,0,0
TCV,2026-09-25,31.8859,32.6154,33.0249,30.3562,34.171,-6.69,-0.45,0.24,227418.0,1,1,0,0,0,0,0,0,0,0,0,0,0,0,0,0,0,1,0,0
TDAQ,2026-09-24,27.28,26.6479,26.3157,24.6665,27.6937,-1.49,2.56,-0.22,11402516.0,1,1,1,1,1,1,0,0,0,0,0,0,0,0,0,0,0,0,0,0
TDAX,2026-09-24,24.15,23.4459,23.1911,,24.9749,-3.3,3.26,-0.04,1310418.0,0,0,1,1,1,1,0,0,0,0,0,0,0,0,0,0,0,0,0,0
TDEC,2026-09-25,27.3839,27.2256,26.7329,25.6395,27.465,-0.3,0.55,0.38,27590.0,1,1,1,1,1,1,0,0,0,0,0,0,0,0,0,0,0,0,0,0
TDI,2026-09-24,46.89,47.0803,46.3696,43.636,47.759,-1.82,-0.45,-0.44,3183859.0,1,1,1,0,1,0,0,0,0,0,0,0,0,0,0,0,0,1,0,0
TDIV,2026-09-24,113.22,114.7626,113.2723,105.7828,127.4639,-11.17,-0.69,-1.14,20682252.0,1,1,0,0,0,0,0,0,0,0,0,0,0,0,0,0,0,0,0,0
TDOG,2026-09-24,19.338,17.4991,15.8294,,25.387,-23.83,17.99,4.06,49196.0,0,0,0,1,1,1,0,0,0,0,0,0,1,0,1,0,0,0,0,0
TDOT,2026-09-24,14.07,12.259,10.7614,,19.3347,-27.23,10.09,6.43,72078.0,0,0,0,1,1,1,0,0,0,0,0,0,1,1,1,0,0,1,0,0
TDSB,2026-09-25,24.7109,24.8245,24.7782,24.483,25.2,-1.94,-0.24,0.1,130306.0,1,1,1,0,0,0,0,0,0,0,0,0,0,0,0,0,0,0,0,0
TDSC,2026-09-25,28.4633,28.4638,28.2893,27.013,28.832,-1.28,0.24,0.3,174475.0,1,1,1,0,1,0,0,0,0,0,0,0,0,0,0,0,0,1,0,0
TDV,2026-09-24,99.06,100.42,100.3576,94.4107,106.1399,-6.67,0.01,-1.22,442670.0,1,1,0,0,0,0,0,0,0,0,0,0,0,0,0,0,0,0,0,0
TDVG,2026-09-24,48.69,49.3026,49.7389,47.2645,50.69,-3.95,-0.27,-0.07,2094964.0,1,1,1,0,0,0,0,0,0,0,0,0,0,0,0,0,0,0,0,0
TDVI,2026-09-24,30.78,31.3725,30.9655,29.0116,34.8554,-11.69,-1.35,-1.79,5742387.0,1,1,0,0,0,0,0,0,0,0,0,0,0,0,0,0,0,0,0,0
TEC,2026-09-24,34.67,33.3692,32.9705,30.1998,34.822,-0.44,3.96,0.33,10712.0,0,1,1,1,1,1,0,0,0,0,0,0,0,0,0,0,0,0,0,0
TECB,2026-09-24,79.842,76.6992,74.0957,65.6512,79.842,0.0,3.37,0.38,724379.0,0,1,1,1,1,1,1,1,1,0,0,0,0,0,0,0,1,0,0,0
TECY,2026-09-25,21.06,20.9184,20.8057,,,,-0.05,-0.28,30492.0,0,0,0,1,1,1,0,0,0,0,0,0,0,0,0,0,0,0,0,0
TEK,2026-09-24,40.37,38.8612,38.1982,34.8772,43.23,-6.62,4.37,-0.02,106942.0,0,1,0,1,1,1,0,0,0,0,0,0,0,0,0,0,0,0,0,0
TEKX,2026-09-24,67.512,63.9414,64.1327,54.6154,71.954,-6.17,5.23,-2.16,220545.0,0,1,0,1,1,0,0,0,0,0,0,0,0,0,0,0,0,0,0,0
TEKY,2026-09-25,46.1872,44.2523,43.9557,40.6693,47.605,-2.98,4.08,0.24,17740.0,0,1,1,1,1,1,0,0,0,0,0,0,0,0,0,0,0,0,0,0
TEMD,2026-09-24,24.48,24.6953,24.6337,,24.9,-1.69,-0.77,-0.61,2594.0,0,0,1,0,0,0,0,0,0,0,0,0,0,0,0,0,0,0,0,0
TEMR,2026-09-24,28.78,28.7185,28.1314,,30.28,-4.95,0.84,-0.62,13909.0,0,0,1,1,1,1,0,0,0,0,0,0,0,0,0,0,0,0,0,0
TEMX,2026-09-24,37.799,37.6103,36.6708,33.9645,40.082,-5.7,1.59,-1.09,11365.0,1,1,0,1,1,1,0,0,0,0,0,0,0,0,0,0,0,0,0,0
TEND,2026-09-25,28.13,27.9425,27.7535,26.4696,28.178,-0.17,0.7,0.22,48641.0,1,1,1,1,1,1,0,0,0,0,0,0,0,0,0,0,0,0,0,0
TENJ,2026-09-25,28.4,28.2254,28.0809,26.6039,28.47,-0.25,0.8,0.35,555229.0,1,1,1,1,1,1,0,0,0,0,0,0,0,0,0,0,0,0,0,0
TENM,2026-09-25,27.82,27.6763,27.4901,26.3575,27.848,-0.1,0.47,0.22,55486.0,1,1,1,1,1,1,0,0,0,0,0,0,0,0,0,0,0,0,0,0
TEQI,2026-09-24,51.37,52.2162,52.2248,48.4883,53.016,-3.1,-1.44,-0.29,1551825.0,1,1,1,0,0,0,0,0,0,0,0,0,0,0,0,0,0,0,0,0
TESL,2026-09-24,14.429,13.9577,13.4499,15.2186,23.0078,-37.29,3.17,-0.17,55773.0,0,0,0,1,1,1,0,0,0,0,0,0,0,0,0,0,0,0,0,0
TEST,2026-09-24,38.056,37.2705,36.3622,40.3132,47.1141,-19.23,2.47,-0.26,54180.0,0,0,0,1,1,1,0,0,0,0,0,0,0,0,0,0,0,0,0,0
TETH,2026-09-24,13.47,12.602,10.998,11.2879,23.5271,-42.75,10.23,0.64,21602666.0,0,1,0,1,1,1,0,0,0,0,0,0,0,0,1,0,0,0,0,0
TEXN,2026-09-24,33.372,33.506,32.8595,30.8931,33.8657,-1.46,-0.97,-0.25,65155.0,1,1,1,0,1,0,0,0,0,0,0,0,0,0,0,0,0,1,0,0
TEXX,2026-09-25,29.0752,30.1884,30.003,,30.897,-5.9,-2.61,-0.34,8367.0,0,0,0,0,0,0,0,0,0,0,0,0,0,0,0,0,0,0,0,0
TFGZ,2026-09-25,36.2034,35.3877,35.9099,,37.97,-4.65,3.14,0.7,11854.0,0,0,1,1,1,0,0,0,0,0,0,0,0,0,0,0,0,1,0,0
TFLR,2026-09-24,50.84,50.7882,50.5178,49.7175,50.92,-0.16,-0.09,-0.07,7006571.0,1,1,1,1,1,1,0,0,0,0,0,0,0,0,0,0,0,1,0,0
TFNS,2026-09-25,28.1184,29.0416,29.2862,27.3612,30.034,-6.38,-1.69,0.66,42757.0,0,1,0,0,0,0,0,0,0,0,0,1,0,0,0,0,0,0,0,0
TFPN,2026-09-25,30.26,30.2299,30.0153,29.431,32.657,-7.34,0.07,0.17,321553.0,1,1,0,1,1,1,0,0,0,0,0,0,0,0,0,0,0,1,0,0
TGLB,2026-09-25,30.5452,30.3313,30.0988,27.7995,30.925,-1.23,1.03,0.51,14231.0,1,1,1,1,1,1,0,0,0,0,0,0,0,0,0,0,0,0,0,0
TGLR,2026-09-24,39.03,39.6953,40.2198,38.6868,42.07,-7.23,-0.45,-0.35,167861.0,1,1,0,0,0,0,0,0,0,0,0,0,0,0,0,0,0,1,0,0
TGRT,2026-09-24,47.349,46.3652,46.0727,44.2702,47.71,-0.76,2.55,0.38,3549875.0,1,1,1,1,1,1,0,0,0,0,0,0,0,0,0,0,0,0,0,0
TGRW,2026-09-24,48.522,47.4287,47.0862,45.6802,49.58,-2.13,2.66,0.44,772151.0,1,1,1,1,1,1,0,0,0,0,0,0,0,0,0,0,0,0,0,0
THD,2026-09-24,73.4,73.167,73.114,68.2812,75.06,-2.21,1.16,0.12,6321789.0,1,1,1,1,1,1,0,0,0,0,0,0,0,0,0,0,0,0,0,0
THEQ,2026-09-25,30.3563,30.1945,30.1343,29.0238,30.646,-0.95,0.9,0.38,159671.0,1,1,1,1,1,1,0,0,0,0,0,0,0,0,0,0,0,0,0,0
THIR,2026-09-25,33.83,33.9459,34.0316,33.1057,35.0,-3.34,0.53,0.68,931564.0,1,1,1,0,0,0,0,0,0,0,0,0,0,0,0,0,0,0,0,0
THMR,2026-09-25,26.2273,25.7934,25.4889,,,,1.3,0.18,364604.0,0,0,0,1,1,1,0,0,0,0,0,0,0,0,0,0,0,0,0,0
THMZ,2026-09-25,34.7797,34.2685,34.2086,32.6722,35.0721,-0.83,2.73,0.6,63206.0,1,1,1,1,1,1,0,0,0,0,0,0,0,0,0,0,0,0,0,0
THNQ,2026-09-24,97.91,91.4154,89.1937,75.6562,97.91,0.0,6.38,1.36,3840656.0,0,1,1,1,1,1,1,1,1,0,0,0,0,0,0,0,1,0,0,0
THNR,2026-09-24,25.682,26.1688,26.2395,25.3943,27.91,-7.98,0.86,-1.22,17790.0,1,1,0,0,0,0,0,0,0,0,0,0,0,0,0,0,0,0,0,0
THOR,2026-09-24,25.55,26.0854,26.0314,,,,-1.92,0.12,1023788.0,0,0,0,0,0,0,0,0,0,0,0,0,0,0,0,0,0,0,0,0
THRO,2026-09-24,44.28,43.8849,43.4812,40.6765,44.6,-0.72,1.0,-0.16,26490357.0,1,1,1,1,1,1,0,0,0,0,0,0,0,0,0,0,0,0,0,0
THRV,2026-09-25,23.415,23.6137,23.7284,23.6328,23.8777,-1.94,-0.43,0.17,59581.0,0,0,1,0,0,0,0,0,0,0,0,1,0,0,0,0,0,0,0,0
THTA,2026-09-24,15.68,15.6061,15.4535,14.8252,15.695,-0.1,0.38,0.45,854634.0,1,1,1,1,1,1,0,0,0,0,0,0,0,0,0,0,0,0,0,0
THY,2026-09-25,21.38,21.4117,21.486,21.5399,21.7226,-1.58,0.14,0.09,220767.0,0,0,1,0,0,0,0,0,0,0,0,0,0,0,0,0,0,1,0,0
THYP,2026-09-24,54.76,49.3765,40.9194,,,,13.49,0.85,4072565.0,0,0,0,1,1,1,0,0,0,0,0,0,0,0,1,0,0,0,0,0
TIER,2026-09-25,32.713,32.7347,32.5502,30.8532,33.228,-1.55,0.84,0.94,171309.0,1,1,1,0,1,0,0,0,0,0,0,0,0,0,0,0,0,0,0,0
TIIV,2026-09-24,30.188,30.5276,30.4874,28.8915,31.03,-2.71,-1.54,-0.35,18793.0,1,1,1,0,0,0,0,0,0,0,0,0,0,0,0,0,0,0,0,0
TILC,2026-09-25,25.4754,25.6618,25.6871,,,,0.3,0.89,1589070.0,0,0,0,0,0,0,0,0,0,0,0,0,0,0,0,0,0,1,0,0
TILT,2026-09-24,279.96,281.04,280.5219,263.0169,286.9247,-2.43,0.13,-0.01,1390981.0,1,1,1,0,0,0,0,0,0,0,0,0,0,0,0,0,0,1,0,0
TIME,2026-09-24,27.688,27.1929,26.8696,25.6036,27.907,-0.78,1.12,0.16,53475.0,1,1,1,1,1,1,0,0,0,0,0,0,0,0,0,0,0,0,0,0
TINS,2026-09-24,28.633,29.1063,29.2377,28.1575,29.871,-4.14,-1.16,-0.22,5582.0,1,1,1,0,0,0,0,0,0,0,0,0,0,0,0,0,0,0,0,0
TINT,2026-09-24,38.151,38.9233,39.4296,37.9651,42.2126,-9.62,0.13,-0.53,16667.0,1,1,0,0,0,0,0,0,0,0,0,0,0,0,0,0,0,0,0,0
TINY,2026-09-24,76.588,74.7877,77.4187,72.0875,97.04,-21.08,5.56,0.32,93875.0,1,1,0,1,0,0,0,0,0,0,0,0,0,0,0,0,0,0,0,0
TIPA,2026-09-25,98.0451,98.4468,98.5978,98.029,98.971,-0.94,-0.08,0.13,366358.0,0,1,1,0,0,0,0,0,0,0,0,1,0,0,0,0,0,0,0,0
TIPB,2026-09-25,95.83,96.8075,97.2884,97.2511,98.3102,-2.52,-0.39,0.19,90391.0,0,0,1,0,0,0,0,0,0,0,1,0,0,0,0,0,0,1,0,0
TIPC,2026-09-25,93.366,95.1174,95.745,96.5557,98.1583,-4.88,-1.1,-0.06,40217.0,0,0,1,0,0,0,0,0,0,0,1,0,0,0,0,0,0,1,0,1
TIPD,2026-09-25,91.22,93.4353,94.0846,95.376,97.7681,-6.7,-1.63,0.03,39321.0,0,0,0,0,0,0,0,0,0,0,1,0,0,0,0,0,0,1,0,0
TISC,2026-09-25,23.9512,24.0506,23.7856,,,,0.09,0.68,1019355.0,0,0,0,0,1,0,0,0,0,0,0,0,0,0,0,0,0,0,0,0
TJAN,2026-09-24,28.616,28.5669,28.4446,27.8188,28.67,-0.19,0.2,-0.07,108284.0,1,1,1,1,1,1,0,0,0,0,0,0,0,0,0,0,0,0,0,0
TJUL,2026-09-24,30.64,30.5949,30.4916,29.9974,30.665,-0.08,0.16,0.02,151908.0,1,1,1,1,1,1,0,0,0,0,0,0,0,0,0,0,0,0,0,0
TJUN,2026-09-25,23.2548,23.1377,22.7457,22.9085,23.715,-1.94,1.03,0.73,112753.0,1,1,1,1,1,1,0,0,0,0,0,0,0,0,0,0,0,0,0,0
TKNQ,2026-09-25,26.4802,25.488,24.2069,,26.876,-1.47,4.01,0.76,46318.0,0,0,1,1,1,1,0,0,0,0,0,0,0,0,0,0,0,0,0,0
TKNS,2026-09-25,29.905,27.3857,24.5547,,,,5.97,1.75,17882.0,0,0,0,1,1,1,1,1,0,0,0,0,0,0,0,0,1,1,0,0
TLA,2026-09-24,24.9,24.3823,23.4649,,24.9,0.0,1.67,0.16,79927.0,0,0,1,1,1,1,0,0,1,0,0,0,0,0,0,0,0,0,0,0
TLCI,2026-09-25,26.655,27.0713,27.3825,26.4141,28.235,-5.6,0.01,-0.03,54878.0,1,1,0,0,0,0,0,0,0,0,0,0,0,0,0,0,0,0,0,0
TLDR,2026-09-24,25.01,24.9752,24.929,,25.01,0.0,0.09,0.04,2544411.0,0,0,1,1,1,1,0,0,1,0,0,0,0,0,0,0,0,0,0,0
TLG,2026-09-24,27.87,27.4595,27.253,,28.76,-3.09,1.9,0.54,1765669.0,0,0,1,1,1,1,0,0,0,0,0,0,0,0,0,0,0,0,0,0
TLTD,2026-09-24,101.46,103.2295,102.3949,97.4637,105.1307,-3.49,-1.6,-0.37,509913.0,1,1,1,0,0,0,0,0,0,0,0,0,0,0,0,0,0,0,0,0
TLTE,2026-09-24,76.3,76.9576,75.2826,71.898,79.9016,-4.51,-0.35,-0.68,853174.0,1,1,1,0,1,0,0,0,0,0,0,0,0,0,0,0,0,0,0,0
TMAR,2026-09-25,27.0328,26.8419,26.2653,24.7767,27.212,-0.66,0.96,0.61,65046.0,1,1,1,1,1,1,0,0,0,0,0,0,0,0,0,0,0,1,0,0
TMAT,2026-09-24,29.7,28.495,28.6979,26.9033,31.43,-5.5,4.25,0.34,827573.0,0,1,0,1,1,0,0,0,0,0,0,0,0,0,0,0,0,0,0,0
TMDV,2026-09-24,50.124,51.8391,52.7076,50.0574,54.019,-7.21,-2.31,-0.63,10260.0,0,1,0,0,0,0,0,0,0,0,1,0,0,0,0,0,0,0,0,0
TMED,2026-09-24,34.014,34.6866,34.8516,31.5728,36.661,-7.22,-0.72,0.29,257873.0,1,1,0,0,0,0,0,0,0,0,0,0,0,0,0,0,0,0,0,0
TMFC,2026-09-24,80.47,79.4802,78.7147,74.0201,81.118,-0.8,1.32,0.16,4313109.0,1,1,1,1,1,1,0,0,0,0,0,0,0,0,0,0,0,0,0,0
TMFE,2026-09-24,30.638,30.5772,30.5009,29.3821,31.34,-2.24,0.78,0.07,212684.0,1,1,1,1,1,1,0,0,0,0,0,0,0,0,0,0,0,0,0,0
TMFG,2026-09-24,30.27,30.8834,31.2333,30.4253,32.337,-6.39,-0.9,-0.2,304331.0,0,0,0,0,0,0,0,0,0,0,0,0,0,0,0,0,0,0,0,0
TMFM,2026-09-24,21.339,22.0222,22.3563,22.004,24.9242,-14.38,-0.38,-0.52,127701.0,0,0,0,0,0,0,0,0,0,0,0,0,0,0,0,0,0,1,0,0
TMFS,2026-09-24,32.93,34.4467,35.5128,34.9472,37.4,-11.95,-1.89,0.48,101183.0,0,0,0,0,0,0,0,0,0,0,1,0,0,0,0,0,0,0,0,0
TMFX,2026-09-24,23.896,24.0603,23.8969,22.1673,24.969,-4.3,0.09,-0.11,295814.0,1,1,1,0,0,0,0,0,0,0,0,0,0,0,0,0,0,0,0,0
TMH,2026-09-24,49.432,50.7217,50.2714,52.3362,61.9885,-20.26,-1.96,-1.62,17312.0,0,0,0,0,0,0,0,0,0,0,0,0,0,0,0,0,0,0,0,0
TMLP,2026-09-25,28.3732,30.2483,29.9072,,30.977,-8.41,-5.66,-0.8,129653.0,0,0,0,0,0,0,0,0,0,0,1,0,0,0,0,0,0,0,0,0
TMSF,2026-09-25,49.08,49.7174,49.8116,49.2136,50.176,-2.18,-1.06,-0.26,52483.0,0,0,1,0,0,0,0,0,0,0,1,0,0,0,0,0,0,1,0,0
TMSL,2026-09-24,41.04,41.948,42.8665,40.1595,44.77,-8.33,-1.08,-0.56,16787766.0,1,1,0,0,0,0,0,0,0,0,0,0,0,0,0,0,0,0,0,0
TMVE,2026-09-25,17.21,17.5329,17.8052,16.8005,18.244,-5.67,-0.06,0.27,140453.0,1,1,0,0,0,0,0,0,0,0,0,0,0,0,0,0,0,0,0,0
TMYY,2026-09-24,22.15,21.9822,21.7457,,,,0.91,0.23,33662.0,0,0,0,1,1,1,0,0,0,0,0,0,0,0,0,0,0,0,0,0
TNGY,2026-09-24,10.83,11.1602,10.7649,9.8819,11.4366,-5.3,-3.38,-0.12,1156798.0,1,1,0,0,1,0,0,0,0,0,0,0,0,0,0,0,0,0,0,0
TNUK,2026-09-24,22.402,23.5082,23.7547,,29.827,-24.89,-3.56,-1.82,25067.0,0,0,0,0,0,0,0,0,0,0,0,0,0,0,0,0,0,0,0,0
TNXT,2026-09-24,28.85,28.4985,28.1162,,29.22,-1.27,1.48,0.35,19511.0,0,0,1,1,1,1,0,0,0,0,0,0,0,0,0,0,0,0,0,0
TOAO,2026-09-24,27.44,27.2335,27.071,,,,1.29,0.15,3265.0,0,0,0,1,1,1,0,0,0,0,0,0,0,0,0,0,0,0,0,0
TOCT,2026-09-24,27.31,27.2872,27.2331,26.8378,27.35,-0.15,0.29,0.0,45123.0,1,1,1,1,1,1,0,0,0,0,0,0,0,0,0,0,0,0,0,0
TOGA,2026-09-24,29.34,30.3844,30.6471,30.6815,36.064,-18.64,-1.38,-0.6,23765.0,0,0,0,0,0,0,0,0,0,0,0,0,0,0,0,0,0,1,0,0
TOK,2026-09-24,153.87,153.954,153.3994,144.7456,156.62,-1.76,0.31,-0.02,867964.0,1,1,1,0,1,0,0,0,0,0,0,0,0,0,0,0,0,0,0,0
TOLL,2026-09-24,40.694,39.8015,39.6684,37.6587,41.75,-2.53,2.22,-0.06,539535.0,1,1,1,1,1,1,0,0,0,0,0,0,0,0,0,0,0,0,0,0
TOLZ,2026-09-24,55.47,57.4348,58.5018,57.8476,60.7173,-8.64,-2.73,-0.4,707667.0,0,0,0,0,0,0,0,0,0,0,1,0,0,0,0,0,0,0,0,0
TOPC,2026-09-24,34.915,34.7697,34.6624,32.6843,35.5003,-1.65,0.98,0.01,251399.0,1,1,1,1,1,1,0,0,0,0,0,0,0,0,0,0,0,0,0,0
TOPT,2026-09-24,35.17,34.1377,33.5992,31.9137,35.34,-0.48,2.42,0.43,12945990.0,0,1,1,1,1,1,0,0,0,0,0,0,0,0,0,0,0,0,0,0
TOPW,2026-09-24,34.21,33.2206,32.5939,31.6908,37.9218,-9.79,2.49,0.23,1581980.0,1,1,0,1,1,1,0,0,0,0,0,0,0,0,0,0,0,0,0,0
TOS,2026-09-24,30.26,29.993,29.4722,,30.99,-2.36,1.99,-0.66,7761.0,0,0,1,1,1,1,0,0,0,0,0,0,0,0,0,0,0,0,0,0
TOT,2026-09-25,24.2789,24.088,24.0057,22.5907,24.549,-1.1,1.23,0.52,18770.0,1,1,1,1,1,1,0,0,0,0,0,0,0,0,0,0,0,1,0,0
TOTL,2026-09-24,37.6,38.2299,38.4604,38.8127,39.5708,-4.98,-1.31,-0.48,23934745.0,0,0,1,0,0,0,0,0,0,0,1,0,0,0,0,0,0,0,0,1
TOTR,2026-09-24,38.55,39.1373,39.2818,39.4696,40.0641,-3.78,-1.55,-0.55,769507.0,0,0,1,0,0,0,0,0,0,0,1,0,0,0,0,0,0,1,0,1
TOUS,2026-09-24,38.57,39.24,39.2386,37.1009,40.2,-4.05,-1.48,-0.34,4868772.0,1,1,1,0,0,0,0,0,0,0,0,0,0,0,0,0,0,0,0,0
TOV,2026-09-24,32.45,32.2901,32.0819,30.1648,32.802,-1.07,0.83,0.0,309477.0,1,1,1,1,1,1,0,0,0,0,0,0,0,0,0,0,0,0,0,0
TOXR,2026-09-24,14.9,13.7472,12.0241,,22.59,-34.04,17.97,2.41,112806.0,0,0,0,1,1,1,0,0,0,0,0,0,0,0,1,0,0,1,0,0
TPAY,2026-09-24,53.75,53.5712,53.332,,54.5211,-1.41,0.86,-0.02,47471.0,0,0,1,1,1,1,0,0,0,0,0,0,0,0,0,0,0,0,0,0
TPFC,2026-09-25,27.4677,28.1933,27.5915,,,,-1.23,0.25,60284.0,0,0,0,0,0,0,0,0,0,0,0,0,0,0,0,0,0,0,0,0
TPFG,2026-09-24,25.97,25.749,25.8172,,,,2.0,-0.57,27958.0,0,0,0,1,1,0,0,0,0,0,0,0,0,0,0,0,0,0,0,0
TPHD,2026-09-24,41.06,42.4446,42.9587,41.3715,43.8287,-6.32,-2.58,-0.63,685055.0,0,0,0,0,0,0,0,0,0,0,1,0,0,0,0,0,0,0,0,0
TPIF,2026-09-24,37.51,38.2424,38.1938,36.7332,39.0753,-4.01,-1.57,-0.29,775183.0,1,1,1,0,0,0,0,0,0,0,0,0,0,0,0,0,0,0,0,0
TPLC,2026-09-24,48.83,49.7286,50.3798,48.4408,51.8368,-5.8,-0.65,-0.37,1411593.0,0,1,0,0,0,0,0,0,0,0,0,0,0,0,0,0,0,0,0,0
TPRY,2026-09-25,19.1512,18.7171,18.6416,,20.0704,-4.58,2.58,0.37,38459.0,0,0,1,1,1,1,0,0,0,0,0,0,0,0,0,0,0,0,0,0
TPSC,2026-09-24,45.33,46.6688,47.5808,45.0182,49.2243,-7.91,-1.2,-0.26,850829.0,0,1,0,0,0,0,0,0,0,0,1,0,0,0,0,0,0,0,0,0
TPUT,2026-09-25,25.22,25.1889,25.1064,,,,0.12,-0.2,140300.0,0,0,0,1,1,1,0,0,0,0,0,0,0,0,0,0,0,0,0,0
TPYP,2026-09-24,41.045,42.3804,42.533,40.3153,43.8651,-6.43,-2.13,-0.44,1410632.0,0,1,0,0,0,0,0,0,0,0,0,0,0,0,0,0,0,0,0,0
TPZ,2026-09-24,20.31,21.0147,21.2561,21.2217,22.4249,-9.43,-2.13,-0.52,172943.0,0,0,0,0,0,0,0,0,0,0,0,0,0,0,0,0,0,0,0,0
TQQQ,2026-09-24,78.58,72.3862,70.8417,62.6002,86.8517,-9.52,10.3,-0.1,3530757728.0,0,1,0,1,1,1,0,0,0,0,0,0,0,0,1,0,0,0,0,0
TQQY,2026-09-24,12.35,12.1499,12.0264,11.74,12.852,-3.91,0.72,0.32,53984.0,0,1,1,1,1,1,1,1,0,0,0,0,0,0,0,0,1,0,0,0
TRBF,2026-09-25,47.445,48.0488,48.3833,48.6168,49.3967,-3.95,-0.89,0.31,95039.0,0,0,1,0,0,0,0,0,0,0,0,1,0,0,0,0,0,1,0,0
TRFK,2026-09-24,101.43,96.3392,94.375,81.2539,111.1495,-8.74,4.44,-0.66,12955027.0,0,1,0,1,1,1,0,0,0,0,0,0,0,0,0,0,0,0,0,0
TRFM,2026-09-24,59.32,58.6647,59.1694,54.3974,63.17,-6.09,2.31,-0.22,1928266.0,1,1,0,1,1,0,0,0,0,0,0,0,0,0,0,0,0,0,0,0
TRIO,2026-09-25,66.1332,65.8956,65.6602,63.591,66.784,-0.97,0.58,0.36,111590.0,1,1,1,1,1,1,0,0,0,0,0,0,0,0,0,0,0,1,0,0
TRND,2026-09-25,37.04,36.9826,36.9766,35.5007,37.808,-2.03,0.75,0.31,170539.0,1,1,1,1,1,1,0,0,0,0,0,0,0,0,0,0,0,0,0,0
TRPA,2026-09-24,39.03,38.9575,38.8292,38.2595,39.06,-0.08,0.03,0.0,1969226.0,0,1,1,1,1,1,0,0,0,0,0,0,0,0,0,0,0,0,0,0
TRTY,2026-09-25,31.6206,31.8507,31.4065,30.222,32.3501,-2.26,-0.48,0.07,593213.0,1,1,1,0,1,0,0,0,0,0,0,0,0,0,0,0,0,0,0,0
TRUC,2026-09-24,26.3,25.6575,25.3822,,27.3471,-3.83,1.98,1.62,304213.0,0,0,1,1,1,1,0,0,0,0,0,0,0,0,0,0,0,0,0,0
TRUD,2026-09-24,24.905,25.4055,25.6764,25.7165,27.4309,-9.21,-0.56,-0.14,1436373.0,0,0,0,0,0,0,0,0,0,0,0,0,0,0,0,0,0,0,0,0
TRUF,2026-09-25,28.68,29.5335,29.7492,,30.52,-6.03,-1.54,0.56,5081.0,0,0,0,0,0,0,0,0,0,0,0,0,0,0,0,0,0,0,0,0
TRUH,2026-09-25,29.8904,29.544,29.2588,,30.62,-2.38,1.81,0.47,22311.0,0,0,1,1,1,1,0,0,0,0,0,0,0,0,0,0,0,0,0,0
TRUI,2026-09-24,24.23,24.632,25.493,,,,0.12,-0.7,7317.0,0,0,0,0,0,0,0,0,0,0,0,0,0,0,0,0,0,0,0,0
TRUO,2026-09-25,25.0741,25.2557,25.5279,,,,0.22,0.38,15048.0,0,0,0,0,0,0,0,0,0,0,0,0,0,0,0,0,0,0,0,0
TRUT,2026-09-24,33.265,32.3176,31.5988,28.5622,33.592,-0.97,2.92,-0.28,3634157.0,1,1,1,1,1,1,0,0,0,0,0,0,0,0,0,0,0,0,0,0
TSCM,2026-09-24,19.238,19.608,20.1828,,21.596,-10.92,1.49,-0.2,22922.0,0,0,0,0,0,0,0,0,0,0,0,0,0,0,0,0,0,0,0,0
TSCV,2026-09-25,29.8516,30.5642,31.55,29.9922,32.849,-9.12,-0.51,0.31,116906.0,0,0,0,0,0,0,0,0,0,0,1,0,0,0,0,0,0,0,0,0
TSEL,2026-09-25,29.8972,28.995,28.6464,27.8064,30.96,-3.43,3.24,0.55,152270.0,0,1,1,1,1,1,0,0,0,0,0,0,0,0,0,0,0,0,0,0
TSEP,2026-09-25,27.0912,26.9236,26.5292,25.352,27.42,-1.2,0.52,0.86,214277.0,1,1,1,1,1,1,0,0,0,0,0,0,0,0,0,0,0,0,0,0
TSES,2026-09-24,30.65,31.1764,30.9911,,32.0306,-4.31,-2.04,-0.02,26458.0,0,0,1,0,0,0,0,0,0,0,0,0,0,0,0,0,0,1,0,0
TSIC,2026-09-24,23.812,24.5756,25.0221,,27.0494,-11.97,-1.81,-0.74,13072.0,0,0,0,0,0,0,0,0,0,0,0,0,0,0,0,0,0,0,0,1
TSII,2026-09-24,13.93,13.2782,12.5771,14.8342,18.5894,-25.06,3.94,0.07,538502.0,0,0,0,1,1,1,0,0,0,0,0,0,0,0,0,0,0,0,0,0
TSL,2026-09-24,14.34,13.7377,13.0446,15.6743,20.85,-31.22,3.98,-0.61,7259956.0,0,0,0,1,1,1,0,0,0,0,0,0,0,0,0,0,0,0,0,0
TSLP,2026-09-24,15.56,14.912,14.3018,16.9437,21.4909,-27.6,3.48,-0.06,116717.0,0,0,0,1,1,1,0,0,0,0,0,0,0,0,0,0,0,0,0,0
TSLW,2026-09-24,18.57,17.8101,16.9197,20.1688,26.5484,-30.05,3.71,-0.59,1527826.0,0,0,0,1,1,1,0,0,0,0,0,0,0,0,0,0,0,0,0,0
TSLY,2026-09-24,22.62,22.1327,21.4365,23.9051,27.6296,-18.13,1.39,-1.39,10337283.0,0,0,0,1,1,1,0,0,0,0,0,0,0,0,0,0,0,0,0,0
TSME,2026-09-24,46.01,46.6637,48.1804,46.2173,52.37,-12.14,0.33,-0.07,6194452.0,0,0,0,0,0,0,0,0,0,0,0,0,0,0,0,0,0,0,0,0
TSMY,2026-09-24,15.58,15.0718,14.7774,13.4807,16.3085,-4.47,3.11,-0.45,2086717.0,0,1,1,1,1,1,0,0,0,0,0,0,0,0,0,0,0,0,0,0
TSNF,2026-09-24,32.038,30.9468,30.6186,,34.28,-6.54,3.28,0.66,41229.0,0,0,0,1,1,1,0,0,0,0,0,0,0,0,0,0,0,0,0,0
TSOL,2026-09-24,11.44,10.2956,8.6922,8.9835,14.1212,-18.99,16.33,2.26,179635.0,0,1,0,1,1,1,0,0,0,0,0,0,0,0,1,0,0,1,0,0
TSPA,2026-09-24,48.58,48.2945,48.025,45.257,49.04,-0.94,1.0,0.04,15927405.0,1,1,1,1,1,1,0,0,0,0,0,0,0,0,0,0,0,0,0,0
TSPX,2026-09-25,30.6898,30.4452,30.3132,28.8595,30.835,-0.47,1.06,0.42,8996.0,1,1,1,1,1,1,0,0,0,0,0,0,0,0,0,0,0,0,0,0
TSPY,2026-09-24,25.48,25.346,25.1967,23.907,25.7,-0.86,0.79,0.0,7323589.0,1,1,1,1,1,1,0,0,0,0,0,0,0,0,0,0,0,0,0,0
TSRS,2026-09-24,24.908,26.0402,26.9578,,28.446,-12.44,-1.99,-0.3,9439.0,0,0,0,0,0,0,0,0,0,0,1,0,0,0,0,0,0,1,0,0
TSSD,2026-09-24,30.7,29.9294,29.8374,,32.15,-4.51,1.35,-0.68,40810.0,0,0,1,1,1,1,0,0,0,0,0,0,0,0,0,0,0,0,0,0
TSUI,2026-09-24,20.65,16.042,14.9834,,26.248,-21.33,40.76,7.05,528672.0,0,0,0,1,1,1,0,0,0,0,0,0,1,1,1,0,0,0,0,0
TSYX,2026-09-24,23.119,22.9937,22.881,,23.4726,-1.51,1.19,0.07,399223.0,0,0,1,1,1,1,0,0,0,0,0,0,0,0,0,0,0,0,0,0
TSYY,2026-09-24,20.545,20.1057,19.6731,21.6665,27.8791,-26.31,0.97,0.17,430653.0,0,0,0,1,1,1,0,0,0,0,0,0,0,0,0,0,0,0,0,0
TTEQ,2026-09-24,44.66,42.3005,41.4478,37.3542,45.39,-1.61,5.42,0.58,3854317.0,0,1,1,1,1,1,0,0,0,0,0,0,0,0,0,0,0,0,0,0
TTOP,2026-09-24,20.133,18.9724,16.9845,17.6472,23.947,-15.93,10.27,0.32,22043.0,0,1,0,1,1,1,0,0,0,0,0,0,0,0,1,0,0,0,0,0
TUG,2026-09-25,48.1281,46.6475,46.2646,42.909,48.1281,0.0,3.08,0.82,65895.0,0,1,1,1,1,1,0,0,1,0,0,0,0,0,0,0,0,0,0,0
TUR,2026-09-24,36.59,39.0005,39.1518,38.9968,43.209,-15.32,-2.94,-2.4,9402458.0,0,0,0,0,0,0,0,0,0,0,0,0,0,0,0,0,0,0,0,0
TURF,2026-09-25,34.1779,35.4483,34.4152,33.3244,36.489,-6.33,-2.31,-0.23,322563.0,0,1,0,0,0,0,0,0,0,0,0,0,0,0,0,0,0,0,0,0
TVAL,2026-09-24,42.5,42.8898,42.8775,39.3823,43.51,-2.32,-0.56,-0.14,4175974.0,1,1,1,0,0,0,0,0,0,0,0,0,0,0,0,0,0,1,0,0
TWM,2026-09-24,23.46,22.2595,21.5237,25.0538,36.2767,-35.33,2.76,0.3,19592120.0,0,0,0,1,1,1,0,0,0,0,0,0,0,0,0,0,0,0,0,0
TWOX,2026-09-25,30.6311,30.1386,29.8,28.6551,30.68,-0.16,1.76,0.68,32631.0,1,1,1,1,1,1,0,0,0,0,0,0,0,0,0,0,0,0,0,0
TXBC,2026-09-25,18.9641,17.539,15.4056,16.1892,23.733,-20.09,4.51,0.75,53420.0,0,1,0,1,1,1,0,0,0,0,0,0,0,0,0,0,0,0,0,0
TXUE,2026-09-24,35.215,35.7649,35.8602,33.9531,36.708,-4.07,-1.14,0.26,1623129.0,1,1,1,0,0,0,0,0,0,0,0,0,0,0,0,0,0,0,0,0
TXUG,2026-09-25,27.475,27.1318,27.3236,25.9624,28.407,-3.28,2.41,0.76,6187.0,1,1,1,1,1,0,0,0,0,0,0,0,0,0,0,0,0,0,0,0
TYLD,2026-09-25,25.32,25.2843,25.2197,24.9543,25.3338,-0.05,0.12,0.08,222205.0,1,1,1,1,1,1,0,0,0,0,0,0,0,0,0,0,0,0,0,0
TYLG,2026-09-24,43.191,41.9879,40.9509,37.2037,43.41,-0.5,2.4,-0.09,119667.0,0,1,1,1,1,1,0,0,0,0,0,0,0,0,0,0,0,0,0,0
TYYY,2026-09-24,39.27,38.0127,36.4448,,,,2.72,-0.38,6343.0,0,0,0,1,1,1,0,0,0,0,0,0,0,0,0,0,0,1,0,0
UAE,2026-09-24,20.19,19.7827,19.5057,19.1143,21.4788,-6.0,-0.05,0.3,3883125.0,1,1,0,1,1,1,0,0,0,0,0,0,0,0,0,0,0,0,0,0
UBEW,2026-09-24,23.679,25.2619,25.5061,26.6583,38.504,-38.5,-3.0,-0.42,165992.0,0,0,0,0,0,0,0,0,0,0,0,0,0,0,0,0,0,0,0,0
UDI,2026-09-25,35.598,36.6385,36.8344,34.4911,37.5679,-5.24,-1.92,0.25,45006.0,0,1,0,0,0,0,0,0,0,0,1,0,0,0,0,0,0,0,0,0
UDIV,2026-09-24,61.553,61.4008,61.0145,56.8118,62.3644,-1.3,0.65,-0.16,574333.0,1,1,1,1,1,1,0,0,0,0,0,0,0,0,0,0,0,0,0,0
UDN,2026-09-24,17.92,18.1905,18.1338,18.1756,18.73,-4.32,-1.1,-0.17,1293729.0,0,0,1,0,0,0,0,0,0,0,0,0,0,0,0,0,0,0,0,0
UDOW,2026-09-24,64.64,69.2552,70.9814,63.0731,77.3807,-16.46,-2.75,-0.97,115527009.0,0,1,0,0,0,0,0,0,0,0,0,0,0,0,0,0,0,0,0,0
UEVM,2026-09-25,58.8897,59.9001,59.5834,58.3076,60.9158,-3.33,-0.67,0.07,194500.0,1,1,1,0,0,0,0,0,0,0,0,0,0,0,0,0,0,0,0,0
UFO,2026-09-24,43.42,43.4905,44.7286,47.1634,67.7199,-35.88,-0.55,0.35,8480200.0,0,0,0,0,0,0,0,0,0,0,0,0,0,0,0,0,0,0,0,0
UFOD,2026-09-24,23.85,23.6195,24.0404,,27.78,-14.15,1.1,-0.08,11583.0,0,0,0,1,0,0,0,0,0,0,0,0,0,0,0,0,0,0,0,0
UFOX,2026-09-24,85.624,82.7745,82.8826,78.5095,106.1236,-19.32,1.59,-0.24,2085685.0,0,1,0,1,1,0,0,0,0,0,0,0,0,0,0,0,0,0,0,0
UGA,2026-09-24,149.49,137.934,126.6798,99.4595,150.29,-0.53,3.35,-0.53,7632203.0,0,1,1,1,1,1,0,0,0,0,0,0,0,0,0,0,0,0,0,0
UIVM,2026-09-24,75.19,76.6577,75.5486,69.8211,77.9436,-3.53,-2.24,-0.3,443894.0,1,1,1,0,0,0,0,0,0,0,0,0,0,0,0,0,0,0,0,0
ULTI,2026-09-24,7.03,6.5243,6.7665,8.8693,13.4744,-47.83,8.65,-0.14,472662.0,0,0,0,1,1,0,0,0,0,0,0,0,0,0,0,0,0,0,0,0
ULVM,2026-09-25,104.0646,106.4061,107.9917,100.6313,111.0041,-6.25,-1.14,0.64,154599.0,0,1,0,0,0,0,0,0,0,0,0,1,0,0,0,0,0,0,0,0
UMDD,2026-09-24,30.78,32.763,34.8567,31.7689,39.1231,-21.33,-2.01,-1.22,122355.0,0,0,0,0,0,0,0,0,0,0,0,0,0,0,0,0,0,0,0,0
UMI,2026-09-24,58.55,60.5615,60.4693,56.3544,61.91,-5.43,-2.27,-0.55,1952680.0,0,1,0,0,0,0,0,0,0,0,0,0,0,0,0,0,0,0,0,0
UMMA,2026-09-24,36.85,36.867,36.7072,34.3141,40.0721,-8.04,1.04,-0.32,1603891.0,1,1,0,0,1,0,0,0,0,0,0,0,0,0,0,0,0,0,0,0
UNHW,2026-09-24,44.056,45.4661,47.5573,41.5849,52.8728,-16.68,-0.31,1.39,141136.0,0,1,0,0,0,0,0,0,0,0,0,0,0,0,0,0,0,0,0,0
UPGD,2026-09-24,80.75,81.6065,82.6126,78.7678,84.64,-4.6,-0.88,-0.31,87010.0,1,1,1,0,0,0,0,0,0,0,0,0,0,0,0,0,0,1,0,0
UPGR,2026-09-25,21.9789,22.5112,23.4097,24.8349,29.5064,-25.51,-1.47,0.39,25307.0,0,0,0,0,0,0,0,0,0,0,0,0,0,0,0,0,0,1,0,0
UPRO,2026-09-24,149.99,148.7836,147.3991,128.9985,157.4035,-4.71,2.3,-0.21,264249681.0,1,1,1,1,1,1,0,0,0,0,0,0,0,0,0,0,0,0,0,0
UPSD,2026-09-24,30.124,30.1583,29.8607,27.9079,30.715,-1.92,0.18,0.01,411763.0,1,1,1,0,1,0,0,0,0,0,0,0,0,0,0,0,0,0,0,0
URA,2026-09-24,40.86,44.0795,43.2164,48.2153,61.81,-33.89,-4.26,-2.69,144108296.0,0,0,0,0,0,0,0,0,0,0,0,0,0,0,0,0,0,0,0,0
URAN,2026-09-24,35.927,38.2475,38.2118,42.9579,54.71,-34.33,-2.27,-2.17,200987.0,0,0,0,0,0,0,0,0,0,0,0,0,0,0,0,0,0,0,0,0
URNJ,2026-09-24,21.48,24.071,23.8285,27.8836,40.43,-46.87,-4.83,-3.72,7865939.0,0,0,0,0,0,0,0,0,0,0,0,0,0,0,0,0,0,0,0,0
URNM,2026-09-24,49.13,53.86,53.2582,60.6096,83.99,-41.5,-4.25,-2.94,35178380.0,0,0,0,0,0,0,0,0,0,0,0,0,0,0,0,0,0,0,0,0
URTH,2026-09-24,207.65,207.967,207.0106,195.2928,211.51,-1.82,0.21,-0.09,88379189.0,1,1,1,0,1,0,0,0,0,0,0,0,0,0,0,0,0,0,0,0
URTY,2026-09-24,69.9,76.0215,80.4678,69.8794,89.5527,-21.95,-4.16,-0.34,26944937.0,0,1,0,0,0,0,0,0,0,0,0,0,0,0,0,0,0,0,0,0
USAF,2026-09-24,27.945,28.1768,28.0567,27.624,28.545,-2.1,-0.59,-0.13,49883.0,1,1,1,0,0,0,0,0,0,0,0,0,0,0,0,0,0,0,0,0
USAI,2026-09-24,44.958,46.7949,46.5888,43.932,48.2887,-6.9,-2.15,-0.31,704781.0,0,1,0,0,0,0,0,0,0,0,0,0,0,0,0,0,0,1,0,0
USCA,2026-09-24,45.64,45.3762,45.038,42.6505,46.057,-0.91,0.86,0.02,437277.0,1,1,1,1,1,1,0,0,0,0,0,0,0,0,0,0,0,1,0,0
USCL,2026-09-24,86.768,86.2049,85.5578,81.0271,87.488,-0.82,0.96,0.08,788365.0,1,1,1,1,1,1,0,0,0,0,0,0,0,0,0,0,0,0,0,0
USDX,2026-09-24,25.586,25.546,25.478,25.1229,25.615,-0.11,-0.11,0.03,1530109.0,1,1,1,1,1,1,0,0,0,0,0,0,0,0,0,0,0,0,0,0
USEW,2026-09-25,56.1595,56.1962,56.3055,,57.7,-2.67,0.58,0.42,27059.0,0,0,1,0,0,0,0,0,0,0,0,0,0,0,0,0,0,0,0,0
USFE,2026-09-25,36.5705,37.393,36.7606,,38.29,-4.49,-0.89,-0.05,64622.0,0,0,1,0,0,0,0,0,0,0,0,0,0,0,0,0,0,0,0,0
USMC,2026-09-24,77.21,76.3545,75.6642,70.7996,77.55,-0.44,1.43,0.36,7224094.0,1,1,1,1,1,1,0,0,0,0,0,0,0,0,0,0,0,0,0,0
USMD,2026-09-25,32.9286,31.5494,31.0514,,33.65,-2.14,3.68,0.27,4046.0,0,0,1,1,1,1,0,0,0,0,0,0,0,0,0,0,0,1,0,0
USMF,2026-09-25,52.545,52.5614,53.0573,51.8329,54.44,-3.48,0.01,0.17,1024522.0,1,1,1,0,0,0,0,0,0,0,0,0,0,0,0,0,0,0,0,0
USMV,2026-09-24,98.24,99.6968,99.2469,95.5318,101.6462,-3.35,-0.61,-0.41,164177154.0,1,1,1,0,0,0,0,0,0,0,0,0,0,0,0,0,0,0,0,0
USNZ,2026-09-24,48.984,48.5741,48.1791,45.052,49.476,-0.99,1.14,0.11,12856.0,1,1,1,1,1,1,0,0,0,0,0,0,0,0,0,0,0,0,0,0
USPX,2026-09-24,67.24,66.8337,66.4151,62.4841,67.8783,-0.94,0.95,0.1,3860954.0,1,1,1,1,1,1,0,0,0,0,0,0,0,0,0,0,0,0,0,0
USRT,2026-09-24,62.44,64.0995,66.0247,62.3613,69.3057,-9.91,-1.56,-0.13,41957772.0,0,1,0,0,0,0,0,0,0,0,1,0,0,0,0,0,0,1,0,0
USSE,2026-09-25,41.21,40.4886,40.4017,37.203,41.75,-1.29,1.54,0.54,1082614.0,1,1,1,1,1,1,0,0,0,0,0,0,0,0,0,0,0,0,0,0
USSG,2026-09-24,71.38,71.3544,70.8176,66.3164,72.6516,-1.75,0.85,0.03,813169.0,1,1,1,1,1,1,0,0,0,0,0,0,0,0,0,0,0,0,0,0
USVM,2026-09-25,104.6314,106.7514,108.78,101.3515,112.0402,-6.61,-0.58,0.45,4735075.0,0,1,0,0,0,0,0,0,0,0,0,1,0,0,0,0,0,0,0,0
USXF,2026-09-24,68.356,67.5792,67.6185,62.6871,70.266,-2.72,2.15,-0.09,5917543.0,1,1,1,1,1,0,0,0,0,0,0,0,0,0,0,0,0,0,0,0
UTES,2026-09-24,69.83,73.2361,75.761,78.8831,86.1621,-18.96,-3.53,-0.77,12267516.0,0,0,0,0,0,0,0,0,0,0,1,0,0,0,0,0,0,0,0,1
UUP,2026-09-24,28.69,28.236,28.2212,27.6857,28.69,0.0,1.09,0.14,46009237.0,0,1,1,1,1,1,1,1,1,0,0,0,0,0,0,0,1,0,0,0
UUPP,2026-09-25,25.17,25.1292,25.0435,,,,-0.04,0.0,14796.0,0,0,0,1,1,1,0,0,0,0,0,0,0,0,0,0,0,0,0,0
UX,2026-09-24,27.848,29.1955,28.8312,29.8689,36.747,-24.22,-3.37,-2.61,96698.0,0,0,0,0,0,0,0,0,0,0,0,0,0,0,0,0,0,1,0,0
UXAP,2026-09-25,44.3211,43.8711,43.7025,41.1053,44.771,-1.0,1.48,0.6,71226.0,1,1,1,1,1,1,0,0,0,0,0,0,0,0,0,0,0,0,0,0
UXJA,2026-09-24,39.024,38.8543,38.6786,36.3705,39.695,-1.69,0.94,0.04,26598.0,1,1,1,1,1,1,0,0,0,0,0,0,0,0,0,0,0,0,0,0
UXJL,2026-09-24,37.303,37.134,36.9744,34.7505,37.873,-1.51,0.93,0.03,8384.0,1,1,1,1,1,1,0,0,0,0,0,0,0,0,0,0,0,0,0,0
UXOC,2026-09-24,40.275,40.0704,39.8655,37.4826,40.88,-1.48,1.03,0.06,41501.0,1,1,1,1,1,1,0,0,0,0,0,0,0,0,0,0,0,0,0,0
UYLD,2026-09-24,50.912,50.9674,50.8928,50.3111,51.015,-0.2,-0.05,-0.04,40664476.0,1,1,1,0,1,0,0,0,0,0,0,0,0,0,0,0,0,0,0,0
VAIE,2026-09-25,24.45,24.269,24.199,,,,1.2,0.41,781184.0,0,0,0,1,1,1,0,0,0,0,0,0,0,0,0,0,0,0,0,0
VALQ,2026-09-25,70.49,71.2531,71.0387,67.9301,72.5001,-2.77,-0.26,0.46,353902.0,1,1,1,0,0,0,0,0,0,0,0,0,0,0,0,0,0,0,0,0
VAMO,2026-09-25,35.1614,36.3298,36.5211,35.49,37.3558,-5.87,-2.46,0.21,151361.0,0,0,0,0,0,0,0,0,0,0,1,0,0,0,0,0,0,0,0,0
VAVX,2026-09-24,21.815,17.0054,15.0606,,24.639,-11.46,38.01,1.18,238470.0,0,0,0,1,1,1,0,0,0,0,0,0,0,0,1,0,0,0,0,0
VAW,2026-09-24,222.52,229.3919,230.1837,226.7684,241.5562,-7.88,-1.33,-1.09,18025017.0,0,0,0,0,0,0,0,0,0,0,0,0,0,0,0,0,0,0,0,0
VB,2026-09-24,288.87,294.441,298.537,282.1745,309.29,-6.6,-0.7,-0.28,148906857.0,1,1,0,0,0,0,0,0,0,0,0,0,0,0,0,0,0,0,0,0
VBK,2026-09-24,341.14,343.7105,348.797,332.0545,366.24,-6.85,0.68,0.12,74208623.0,1,1,0,0,0,0,0,0,0,0,0,0,0,0,0,0,0,0,0,0
VBNB,2026-09-24,30.26,28.374,25.422,,,,6.4,1.54,77241.0,0,0,0,1,1,1,0,0,0,0,0,0,0,0,0,0,0,0,0,0
VBR,2026-09-24,235.44,242.0285,245.2614,230.7288,251.66,-6.45,-1.73,-0.59,69022586.0,0,1,0,0,0,0,0,0,0,0,0,0,0,0,0,0,0,0,0,0
VCLN,2026-09-24,27.31,27.7982,27.8984,28.9644,35.7957,-23.71,-2.48,-0.81,10491.0,0,0,0,0,0,0,0,0,0,0,0,0,0,0,0,0,0,0,0,0
VCR,2026-09-24,369.95,379.5921,386.6628,387.0244,410.2362,-9.82,-0.79,-0.36,17516235.0,0,0,0,0,0,0,0,0,0,0,0,0,0,0,0,0,0,0,0,0
VDC,2026-09-24,221.12,225.3092,228.124,224.8671,240.255,-7.96,-1.2,-0.9,32714003.0,0,0,0,0,0,0,0,0,0,0,0,0,0,0,0,0,0,0,0,0
VDE,2026-09-24,175.42,179.189,172.7812,156.3327,184.49,-4.92,-2.5,0.38,97909026.0,1,1,1,0,1,0,0,0,0,0,0,0,0,0,0,0,0,0,0,0
VDG,2026-09-24,79.27,80.66,80.3909,,,,-0.98,-0.69,592463.0,0,0,0,0,0,0,0,0,0,0,0,0,0,0,0,0,0,0,0,0
VDI,2026-09-24,35.987,36.4875,36.2356,33.7885,37.0436,-2.85,-1.65,0.09,64573.0,1,1,1,0,0,0,0,0,0,0,0,0,0,0,0,0,0,0,0,0
VDIG,2026-09-25,62.8116,62.7112,63.4306,61.4713,65.03,-3.41,1.12,0.83,492867.0,1,1,1,1,0,0,0,0,0,0,0,0,0,0,0,0,0,0,0,0
VDV,2026-09-24,77.09,78.5714,77.7718,,,,-2.09,-0.34,728041.0,0,0,0,0,0,0,0,0,0,0,0,0,0,0,0,0,0,0,0,0
VEA,2026-09-24,71.05,72.2507,71.8215,68.0809,73.608,-3.48,-1.28,-0.52,659247564.0,1,1,1,0,0,0,0,0,0,0,0,0,0,0,0,0,0,0,0,0
VEFA,2026-09-24,82.03,83.403,82.8918,,85.19,-3.71,-1.03,-0.19,8340.0,0,0,1,0,0,0,0,0,0,0,0,0,0,0,0,0,0,0,0,0
VEGA,2026-09-25,52.96,52.8815,52.7818,51.1171,53.58,-1.16,0.65,0.55,469314.0,1,1,1,1,1,1,0,0,0,0,0,0,0,0,0,0,0,0,0,0
VEGN,2026-09-24,79.287,77.4867,76.9704,68.6356,82.1964,-3.54,2.95,0.04,390805.0,1,1,1,1,1,1,0,0,0,0,0,0,0,0,0,0,0,0,0,0
VEM,2026-09-24,28.14,28.0764,27.2207,,28.71,-1.99,0.43,-0.25,41068.0,0,0,1,1,1,1,0,0,0,0,0,0,0,0,0,0,0,0,0,0
VERS,2026-09-24,74.073,71.7903,71.0238,66.2114,84.8548,-12.71,1.65,-0.69,35572.0,0,1,0,1,1,1,0,0,0,0,0,0,0,0,0,0,0,0,0,0
VEU,2026-09-24,83.57,84.7198,84.0795,79.9126,86.2086,-3.06,-0.88,-0.48,197072811.0,1,1,1,0,0,0,0,0,0,0,0,0,0,0,0,0,0,0,0,0
VEXC,2026-09-24,96.36,96.5298,94.5535,88.279,98.33,-2.0,0.28,-0.37,1789323.0,1,1,1,0,1,0,0,0,0,0,0,0,0,0,0,0,0,0,0,0
VFH,2026-09-24,132.85,138.1703,139.1377,130.3865,142.6142,-6.85,-2.24,-0.02,79989605.0,0,1,0,0,0,0,0,0,0,0,1,0,0,0,0,0,0,1,0,0
VFLO,2026-09-24,51.61,54.0486,52.335,44.2872,55.9601,-7.77,-3.68,-0.75,131932313.0,0,1,0,0,0,0,0,0,0,0,0,0,0,0,0,0,0,0,0,0
VFMF,2026-09-24,180.268,184.1157,183.6823,167.3218,187.3976,-3.8,-1.85,-0.39,10244688.0,1,1,1,0,0,0,0,0,0,0,0,0,0,0,0,0,0,0,0,0
VFMO,2026-09-24,227.68,227.4732,229.1552,217.2682,249.1783,-8.63,0.29,0.04,10890988.0,1,1,0,1,0,0,0,0,0,0,0,0,0,0,0,0,0,0,0,0
VFQY,2026-09-24,171.234,173.7584,174.2855,161.9652,178.9639,-4.32,-0.65,-0.4,1338257.0,1,1,1,0,0,0,0,0,0,0,0,0,0,0,0,0,0,1,0,0
VFVA,2026-09-24,153.246,158.6499,158.2901,143.9853,162.9224,-5.94,-2.55,-0.41,2429100.0,0,1,0,0,0,0,0,0,0,0,0,0,0,0,0,0,0,0,0,0
VGHY,2026-09-24,72.74,73.7575,73.852,73.142,74.4265,-2.27,-1.18,-0.38,3187629.0,0,0,1,0,0,0,0,0,0,0,1,0,0,0,0,0,0,0,0,0
VGK,2026-09-24,88.07,89.8848,90.3662,86.344,92.9585,-5.26,-1.21,0.07,191468884.0,1,1,0,0,0,0,0,0,0,0,0,0,0,0,0,0,0,1,0,0
VGRO,2026-09-25,25.6709,25.2502,25.343,,27.117,-5.33,1.84,0.57,21632.0,0,0,0,1,1,0,0,0,0,0,0,0,0,0,0,0,0,1,0,0
VGSR,2026-09-24,10.776,11.0328,11.3375,10.8888,11.7595,-8.36,-1.49,0.01,2112717.0,0,0,0,0,0,0,0,0,0,0,0,0,0,0,0,0,0,0,0,0
VGT,2026-09-24,125.19,121.3079,118.6729,105.375,126.263,-0.85,3.17,-0.33,442018266.0,0,1,1,1,1,1,0,0,0,0,0,0,0,0,0,0,0,0,0,0
VGVT,2026-09-24,72.475,73.4047,73.7049,74.084,75.3911,-3.87,-1.04,-0.24,300565.0,0,0,1,0,0,0,0,0,0,0,1,0,0,0,0,0,0,0,0,1
VHT,2026-09-24,318.42,316.9442,313.7344,289.7346,328.4829,-3.06,0.74,0.71,61389066.0,1,1,1,1,1,1,0,0,0,0,0,0,0,0,0,0,0,0,0,0
VIDI,2026-09-24,39.97,40.5831,39.7145,37.4592,41.2682,-3.15,-1.79,-0.3,500123.0,1,1,1,0,1,0,0,0,0,0,0,0,0,0,0,0,0,0,0,0
VIG,2026-09-24,235.97,239.3715,241.0094,229.1193,246.61,-4.31,-0.48,-0.34,226755497.0,1,1,1,0,0,0,0,0,0,0,0,0,0,0,0,0,0,0,0,0
VIGI,2026-09-24,94.985,96.9471,96.989,92.733,99.3499,-4.39,-1.87,-0.38,21575158.0,1,1,1,0,0,0,0,0,0,0,0,0,0,0,0,0,0,0,0,0
VIOG,2026-09-24,139.84,143.32,147.338,136.7464,153.98,-9.18,-0.73,-0.17,5593521.0,0,1,0,0,0,0,0,0,0,0,0,0,0,0,0,0,0,0,0,0
VIOO,2026-09-24,128.23,131.7605,134.5844,125.1159,139.48,-8.07,-1.24,-0.16,11424161.0,0,1,0,0,0,0,0,0,0,0,1,0,0,0,0,0,0,0,0,0
VIOV,2026-09-24,111.62,114.9579,116.7008,108.6738,120.2859,-7.2,-1.64,-0.27,5310434.0,0,1,0,0,0,0,0,0,0,0,1,0,0,0,0,0,0,0,0,0
VIS,2026-09-24,324.49,329.6909,341.3599,331.2436,359.6089,-9.77,0.13,-0.71,50878273.0,0,0,0,0,0,0,0,0,0,0,0,0,0,0,0,0,0,0,0,0
VLU,2026-09-24,241.62,245.2202,244.8342,228.2708,249.539,-3.17,-1.09,-0.17,2225814.0,1,1,1,0,0,0,0,0,0,0,0,0,0,0,0,0,0,0,0,0
VLUE,2026-09-24,200.45,200.8729,197.9509,169.8967,204.5359,-2.0,0.12,-0.32,109361576.0,1,1,1,0,1,0,0,0,0,0,0,0,0,0,0,0,0,0,0,0
VMAX,2026-09-24,63.435,64.7536,64.4444,59.4001,65.736,-3.5,-2.12,0.01,108371.0,1,1,1,0,0,0,0,0,0,0,0,0,0,0,0,0,0,0,0,0
VMBS,2026-09-24,44.63,45.5349,45.8112,45.9936,46.699,-4.43,-1.91,-0.6,84214515.0,0,0,1,0,0,0,0,0,0,0,1,0,0,0,0,0,0,0,0,1
VMSB,2026-09-24,47.88,48.729,49.0009,48.7737,49.5957,-3.46,-1.19,-0.41,360764.0,0,0,1,0,0,0,0,0,0,0,0,0,0,0,0,0,0,0,0,0
VNAM,2026-09-24,24.14,24.8064,24.1019,24.5236,26.9506,-10.43,-3.03,-1.91,151248.0,0,0,0,0,1,0,0,0,0,0,0,0,0,0,0,0,0,0,0,0
VNIE,2026-09-24,24.82,24.8368,25.1186,25.4737,27.188,-8.71,0.86,0.23,3495.0,0,0,0,0,0,0,0,0,0,0,0,0,0,0,0,0,0,0,0,0
VNM,2026-09-24,17.21,17.735,17.4456,18.183,19.8,-13.08,-1.94,-0.64,11222454.0,0,0,0,0,0,0,0,0,0,0,0,0,0,0,0,0,0,0,0,0
VNQ,2026-09-24,91.17,93.992,96.4476,92.6169,100.082,-8.9,-1.97,-0.31,339866477.0,0,0,0,0,0,0,0,0,0,0,1,0,0,0,0,0,0,0,0,0
VNQI,2026-09-24,42.98,44.222,45.126,46.2163,50.76,-15.33,-1.83,-0.56,13811333.0,0,0,0,0,0,0,0,0,0,0,0,0,0,0,0,0,0,0,0,1
VNSE,2026-09-24,42.338,41.4776,41.7732,40.0457,43.166,-1.92,2.49,0.8,4148.0,1,1,1,1,1,0,0,0,0,0,0,0,0,0,0,0,0,0,0,0
VO,2026-09-24,79.7,81.035,81.6564,77.0901,84.46,-5.64,-0.56,-0.29,181109244.0,1,1,0,0,0,0,0,0,0,0,0,0,0,0,0,0,0,0,0,0
VOE,2026-09-24,199.12,204.6505,205.8698,192.6299,211.01,-5.63,-2.11,-0.43,69653604.0,0,1,0,0,0,0,0,0,0,0,0,0,0,0,0,0,0,0,0,0
VOLT,2026-09-24,35.59,35.7285,36.822,35.954,42.05,-15.36,0.65,-0.73,6512443.0,0,0,0,0,0,0,0,0,0,0,0,0,0,0,0,0,0,0,0,0
VONE,2026-09-24,346.62,345.506,343.6998,323.4284,351.4628,-1.38,0.73,-0.03,29858088.0,1,1,1,1,1,1,0,0,0,0,0,0,0,0,0,0,0,1,0,0
VONG,2026-09-24,129.31,126.5612,125.5342,121.9239,132.205,-2.19,2.5,0.19,98313324.0,1,1,1,1,1,1,0,0,0,0,0,0,0,0,0,0,0,0,0,0
VONV,2026-09-24,109.97,111.4482,111.1603,101.3698,113.2976,-2.94,-0.8,-0.24,70577739.0,1,1,1,0,0,0,0,0,0,0,0,0,0,0,0,0,0,0,0,0
VOO,2026-09-24,706.99,703.9575,699.838,658.1635,714.95,-1.11,0.85,-0.09,6664198642.0,1,1,1,1,1,1,0,0,0,0,0,0,0,0,0,0,0,0,0,0
VOOG,2026-09-24,85.56,84.0806,83.2458,77.7296,86.265,-0.82,2.15,0.12,84501236.0,1,1,1,1,1,1,0,0,0,0,0,0,0,0,0,0,0,0,0,0
VOOV,2026-09-24,223.25,225.8729,225.6282,214.0695,229.3413,-2.66,-0.67,-0.33,15048935.0,1,1,1,0,0,0,0,0,0,0,0,0,0,0,0,0,0,0,0,0
VOT,2026-09-24,295.99,296.6345,299.59,286.6679,314.02,-5.74,1.51,-0.17,54077548.0,1,1,0,0,0,0,0,0,0,0,0,0,0,0,0,0,0,0,0,0
VOTE,2026-09-24,90.581,90.0857,89.5386,84.0712,91.5273,-1.03,1.01,0.04,2663904.0,1,1,1,1,1,1,0,0,0,0,0,0,0,0,0,0,0,0,0,0
VOX,2026-09-24,196.04,190.5086,187.6059,189.4589,199.0324,-1.5,2.15,1.6,59340007.0,1,1,1,1,1,1,0,0,0,0,0,0,0,0,0,0,0,0,0,0
VOXP,2026-09-24,40.074,39.9312,39.5671,37.1259,40.445,-0.92,0.52,0.05,41765.0,1,1,1,1,1,1,0,0,0,0,0,0,0,0,0,0,0,0,0,0
VPL,2026-09-24,115.34,116.423,113.7532,106.3922,120.73,-4.46,-1.3,-1.02,50258786.0,1,1,1,0,1,0,0,0,0,0,0,0,0,0,0,0,0,0,0,0
VPU,2026-09-24,170.82,180.3961,186.3629,189.8438,201.7196,-15.32,-4.65,-0.95,69883702.0,0,0,0,0,0,0,0,0,0,0,1,0,0,0,0,0,0,0,0,1
VPX,2026-09-25,31.586,31.1878,30.7897,,31.7,-0.36,1.46,0.15,667654.0,0,0,1,1,1,1,0,0,0,0,0,0,0,0,0,0,0,0,0,0
VRAI,2026-09-25,27.2531,28.1756,28.2612,26.5903,28.8294,-5.47,-1.98,-0.05,50115.0,0,1,0,0,0,0,0,0,0,0,1,0,0,0,0,0,0,1,0,0
VSDA,2026-09-24,56.678,58.2674,59.0934,56.0463,60.8459,-6.85,-1.56,-0.51,397138.0,0,1,0,0,0,0,0,0,0,0,0,0,0,0,0,0,0,1,0,0
VSGX,2026-09-24,81.48,82.3862,81.5698,77.0641,83.9494,-2.94,-0.55,-0.49,15107513.0,1,1,1,0,0,0,0,0,0,0,0,0,0,0,0,0,0,0,0,0
VSLU,2026-09-24,48.81,48.7268,48.4095,45.6233,49.37,-1.13,0.38,0.1,1094002.0,1,1,1,1,1,1,0,0,0,0,0,0,0,0,0,0,0,0,0,0
VSOL,2026-09-24,15.761,14.191,11.9892,12.3189,19.237,-18.07,16.25,2.18,711008.0,0,1,0,1,1,1,0,0,0,0,0,0,0,0,1,0,0,1,0,0
VSS,2026-09-24,156.06,158.437,156.4158,152.838,161.4918,-3.36,-0.83,-0.62,28556841.0,1,1,1,0,0,0,0,0,0,0,0,0,0,0,0,0,0,0,0,0
VT,2026-09-24,159.05,159.5812,158.6062,149.8689,161.9739,-1.81,0.15,-0.18,349181577.0,1,1,1,0,1,0,0,0,0,0,0,0,0,0,0,0,0,0,0,0
VTHR,2026-09-24,337.59,336.8718,335.3961,315.4571,343.2342,-1.64,0.61,-0.07,8620507.0,1,1,1,1,1,1,0,0,0,0,0,0,0,0,0,0,0,1,0,0
VTI,2026-09-24,378.08,377.0895,375.5272,353.0872,384.3,-1.62,0.73,-0.04,1077195604.0,1,1,1,1,1,1,0,0,0,0,0,0,0,0,0,0,0,0,0,0
VTP,2026-09-24,73.38,74.6413,75.0158,75.2768,76.1009,-3.58,-1.26,-0.46,3698001.0,0,0,1,0,0,0,0,0,0,0,1,0,0,0,0,0,0,0,0,1
VTV,2026-09-24,219.88,223.334,223.2778,207.7099,227.51,-3.35,-0.86,-0.33,490447659.0,1,1,1,0,0,0,0,0,0,0,0,0,0,0,0,0,0,0,0,0
VTWG,2026-09-24,262.83,269.6236,275.072,259.3589,288.4092,-8.87,-1.12,-0.16,5812956.0,1,1,0,0,0,0,0,0,0,0,0,0,0,0,0,0,0,0,0,0
VTWO,2026-09-24,113.78,116.7608,118.6058,110.7062,122.8958,-7.42,-1.29,-0.12,154518176.0,0,1,0,0,0,0,0,0,0,0,0,0,0,0,0,0,0,0,0,0
VTWV,2026-09-24,187.82,192.8388,195.0855,180.2464,199.7027,-5.95,-1.67,-0.05,8330525.0,0,1,0,0,0,0,0,0,0,0,0,0,0,0,0,0,0,0,0,0
VUG,2026-09-24,90.45,88.544,87.5024,82.8472,91.12,-0.74,2.28,0.2,451999852.0,1,1,1,1,1,1,0,0,0,0,0,0,0,0,0,0,0,0,0,0
VUS,2026-09-24,29.844,29.8791,29.8319,27.8001,30.3865,-1.79,0.65,0.17,60908.0,1,1,1,0,1,0,0,0,0,0,0,0,0,0,0,0,0,0,0,0
VUSE,2026-09-25,73.2808,72.5358,72.5751,68.7592,74.353,-1.44,1.75,0.28,805033.0,1,1,1,1,1,0,0,0,0,0,0,0,0,0,0,0,0,0,0,0
VUSG,2026-09-25,67.2,65.627,64.765,61.9192,67.67,-0.69,2.17,0.57,4544877.0,1,1,1,1,1,1,0,0,0,0,0,0,0,0,0,0,0,0,0,0
VUSV,2026-09-24,69.27,70.6567,70.8608,66.6749,72.977,-5.08,-0.65,-0.19,1289036.0,1,1,0,0,0,0,0,0,0,0,0,0,0,0,0,0,0,0,0,0
VV,2026-09-24,355.06,353.0925,350.7232,329.6032,358.35,-0.92,0.96,-0.08,75178227.0,1,1,1,1,1,1,0,0,0,0,0,0,0,0,0,0,0,0,0,0
VWO,2026-09-24,59.87,60.3513,59.6863,57.5917,61.3231,-2.37,0.12,-0.42,386891130.0,1,1,1,0,1,0,0,0,0,0,0,0,0,0,0,0,0,0,0,0
VXF,2026-09-24,234.92,238.0042,240.317,225.5534,250.0121,-6.04,-0.31,-0.19,75922701.0,1,1,0,0,0,0,0,0,0,0,0,0,0,0,0,0,0,0,0,0
VXUS,2026-09-24,85.59,86.7623,86.0641,81.9119,88.2506,-3.01,-0.87,-0.38,492769728.0,1,1,1,0,0,0,0,0,0,0,0,0,0,0,0,0,0,0,0,0
VYM,2026-09-24,156.92,161.1122,162.1968,153.5849,166.1075,-5.53,-1.75,-0.47,196388666.0,0,1,0,0,0,0,0,0,0,0,1,0,0,0,0,0,0,0,0,0
VYMI,2026-09-24,102.18,104.2491,103.3309,96.5245,106.2978,-3.87,-2.08,-0.09,91509428.0,1,1,1,0,0,0,0,0,0,0,0,0,0,0,0,0,0,0,0,0
WAGN,2026-09-24,15.24,15.673,15.1092,,16.35,-6.79,1.4,-1.1,2143288.0,0,0,0,0,1,0,0,0,0,0,0,0,0,0,0,0,0,0,0,0
WAMA,2026-09-24,27.01,26.8885,26.7138,,27.3,-1.06,0.71,0.07,334581.0,0,0,1,1,1,1,0,0,0,0,0,0,0,0,0,0,0,0,0,0
WAR,2026-09-24,31.916,30.914,30.9539,28.544,36.02,-11.39,3.35,0.58,290311.0,0,1,0,1,1,0,0,0,0,0,0,0,0,0,0,0,0,0,0,0
WARP,2026-09-24,20.82,20.339,20.4526,,,,0.19,1.22,623049.0,0,0,0,1,1,0,0,0,0,0,0,0,0,0,0,0,0,0,0,0
WATS,2026-09-24,20.04,20.548,20.6804,,,,-3.09,-1.72,15114.0,0,0,0,0,0,0,0,0,0,0,0,0,0,0,0,0,0,0,0,0
WBIF,2026-09-24,34.97,36.2142,36.3103,33.6045,37.264,-6.16,-2.26,-0.74,51738.0,0,1,0,0,0,0,0,0,0,0,0,0,0,0,0,0,0,0,0,0
WBIG,2026-09-25,25.7931,26.4615,26.5188,24.8261,27.1638,-5.05,-1.54,-0.16,44306.0,0,1,0,0,0,0,0,0,0,0,0,0,0,0,0,0,0,0,0,0
WBIL,2026-09-25,39.8268,40.0054,40.1987,37.4074,41.793,-4.7,0.42,-0.16,43858.0,1,1,1,0,0,0,0,0,0,0,0,0,0,0,0,0,0,0,0,0
WBIY,2026-09-24,35.81,37.5892,37.7155,34.5852,39.227,-8.71,-3.18,-0.92,130219.0,0,1,0,0,0,0,0,0,0,0,1,0,0,0,0,0,0,0,0,0
WCAP,2026-09-24,9.275,9.2571,9.2582,9.2832,10.0559,-7.77,0.74,0.05,28490.0,0,0,0,1,1,0,0,0,0,0,0,0,0,0,0,0,0,0,0,0
WCBR,2026-09-24,46.218,42.3614,40.4191,31.6115,46.59,-0.8,4.0,-0.8,3626155.0,0,1,1,1,1,1,0,0,0,0,0,0,0,0,0,0,0,0,0,0
WCEO,2026-09-24,37.309,38.2966,38.7385,36.0027,39.937,-6.58,-2.01,-0.18,64793.0,0,1,0,0,0,0,0,0,0,0,0,0,0,0,0,0,0,1,0,0
WCLD,2026-09-24,41.35,41.0287,38.8559,32.5155,43.15,-4.17,0.71,-0.58,27683274.0,1,1,1,1,1,1,0,0,0,0,0,0,0,0,0,0,0,0,0,0
WCME,2026-09-24,19.163,19.1301,18.8882,18.4627,20.2114,-5.19,0.94,-0.24,96831.0,1,1,0,1,1,1,0,0,0,0,0,0,0,0,0,0,0,0,0,0
WCMG,2026-09-25,21.2282,21.3899,21.486,,,,-0.01,0.37,11209.0,0,0,0,0,0,0,0,0,0,0,0,0,0,0,0,0,0,1,0,0
WCMI,2026-09-24,19.24,19.5682,19.4948,18.4381,20.11,-4.33,-1.03,-0.1,15679434.0,1,1,1,0,0,0,0,0,0,0,0,0,0,0,0,0,0,0,0,0
WDAF,2026-09-24,29.936,30.7283,30.6082,32.4096,37.988,-21.2,-3.38,-0.72,506832.0,0,0,0,0,0,0,0,0,0,0,0,0,0,0,0,0,0,0,0,0
WDAI,2026-09-24,28.42,28.8624,28.436,,,,-2.07,-0.46,9357.0,0,0,0,0,0,0,0,0,0,0,0,0,0,0,0,0,0,0,0,0
WDEF,2026-09-24,28.754,29.4456,30.2972,30.7528,34.66,-17.04,-1.88,-1.64,886397.0,0,0,0,0,0,0,0,0,0,0,0,0,0,0,0,0,0,0,0,0
WDGF,2026-09-24,30.489,31.1047,31.9111,32.7241,36.125,-15.6,-1.42,-0.88,11513.0,0,0,0,0,0,0,0,0,0,0,0,0,0,0,0,0,0,0,0,0
WDIG,2026-09-24,43.17,44.92,43.8892,,,,0.05,-0.3,44275.0,0,0,0,0,0,0,0,0,0,0,0,0,0,0,0,0,0,1,0,0
WDIV,2026-09-24,82.32,83.6274,83.3614,78.5517,84.9759,-3.13,-1.36,-0.05,470784.0,1,1,1,0,0,0,0,0,0,0,0,0,0,0,0,0,0,0,0,0
WDNA,2026-09-24,23.95,23.0379,21.7987,18.9618,24.075,-0.52,2.84,3.08,81929.0,0,1,1,1,1,1,0,0,0,0,0,0,1,0,0,0,0,0,0,0
WDTE,2026-09-24,28.92,28.6684,28.459,26.8194,29.0795,-0.55,1.22,0.31,727184.0,1,1,1,1,1,1,0,0,0,0,0,0,0,0,0,0,0,0,0,0
WEAT,2026-09-24,25.57,26.6695,25.5558,23.0511,28.0,-8.68,-2.55,-0.43,19898302.0,0,1,0,0,1,0,0,0,0,0,0,0,0,0,0,0,0,0,0,0
WEED,2026-09-24,23.667,22.5244,20.8867,19.6536,29.21,-18.98,5.57,-3.72,334683.0,0,1,0,1,1,1,0,0,0,0,0,0,0,0,0,0,0,0,0,0
WEEI,2026-09-24,24.741,25.0323,24.3772,22.5568,25.333,-2.34,-1.55,0.31,949089.0,1,1,1,0,1,0,0,0,0,0,0,0,0,0,0,0,0,0,0,0
WEEK,2026-09-24,100.018,99.8846,99.6838,98.6613,100.018,0.0,0.09,0.04,4159756.0,0,1,1,1,1,1,1,1,1,0,0,0,0,0,0,0,1,0,0,0
WEEL,2026-09-25,20.058,20.0359,19.8798,19.037,20.3289,-1.33,0.11,0.19,413561.0,1,1,1,1,1,1,0,0,0,0,0,0,0,0,0,0,0,1,0,0
WELD,2026-09-24,53.365,53.4885,55.7779,53.7903,62.87,-15.12,2.06,-0.52,1588561.0,0,0,0,0,0,0,0,0,0,0,0,0,0,0,0,0,0,0,0,0
WEPN,2026-09-25,42.4702,43.0155,42.8991,,46.8963,-9.44,-0.17,-1.19,73651.0,0,0,0,0,0,0,0,0,0,0,0,0,0,0,0,0,0,0,0,0
WGMI,2026-09-24,49.82,46.5113,48.2866,48.813,72.1,-30.9,7.84,0.06,28543616.0,0,1,0,1,1,0,0,0,0,0,0,0,0,0,0,0,0,0,0,0
WIMA,2026-09-25,42.7584,43.3714,43.3698,,44.26,-3.39,-0.31,0.28,112999.0,0,0,1,0,0,0,0,0,0,0,0,0,0,0,0,0,0,0,0,0
WINN,2026-09-25,34.57,33.6995,33.3567,31.5169,34.6,-0.09,2.43,0.38,2843589.0,1,1,1,1,1,1,0,0,0,0,0,0,0,0,0,0,0,0,0,0
WISE,2026-09-24,35.765,35.2428,35.529,37.1265,45.7703,-21.86,2.72,0.05,146304.0,0,0,0,1,1,0,0,0,0,0,0,0,0,0,0,0,0,0,0,0
WLDR,2026-09-24,47.414,47.7658,46.9331,41.6458,48.6311,-2.5,-1.53,-0.69,4010311.0,1,1,1,0,1,0,0,0,0,0,0,0,0,0,0,0,0,0,0,0
WLTG,2026-09-24,38.23,38.4186,38.31,36.5897,39.395,-2.96,0.12,0.17,376787.0,1,1,1,0,0,0,0,0,0,0,0,0,0,0,0,0,0,0,0,0
WMTI,2026-09-24,19.11,18.9307,19.5917,21.5752,24.7257,-22.71,1.09,-1.9,547609.0,0,0,0,1,0,0,0,0,0,0,0,0,0,0,0,0,0,0,0,0
WNDR,2026-09-24,25.23,26.0255,27.1188,,,,-1.14,0.52,5568.0,0,0,0,0,0,0,0,0,0,0,0,0,0,0,0,0,0,0,0,0
WOMN,2026-09-24,44.11,44.9185,44.6734,42.3078,45.83,-3.75,-0.99,0.02,38068.0,1,1,1,0,0,0,0,0,0,0,0,0,0,0,0,0,0,0,0,0
WOOD,2026-09-24,69.26,71.087,71.2852,70.8682,81.6882,-15.21,-3.25,-1.86,2223032.0,0,0,0,0,0,0,0,0,0,0,0,0,0,0,0,0,0,0,0,0
WQTM,2026-09-24,32.415,31.9193,32.4149,30.7661,41.31,-21.53,0.86,0.76,5777810.0,1,1,0,1,1,0,0,0,0,0,0,0,0,0,0,0,0,0,0,0
WR,2026-09-25,26.459,27.0769,26.7668,,,,-2.0,-0.72,7020.0,0,0,0,0,0,0,0,0,0,0,0,0,0,0,0,0,0,1,0,0
WRND,2026-09-24,42.567,42.8652,42.4584,39.9797,44.064,-3.4,-0.45,-2.06,30728.0,1,1,1,0,1,0,0,0,0,0,0,0,0,0,0,0,0,1,0,0
WRTH,2026-09-24,25.93,25.8875,25.764,,,,0.04,0.15,1204241.0,0,0,0,1,1,1,0,0,0,0,0,0,0,0,0,0,0,0,0,0
WSGE,2026-09-25,28.5486,28.5449,28.4353,,28.968,-1.45,0.68,0.65,14070.0,0,0,1,1,1,1,0,0,0,0,0,0,0,0,0,0,0,0,0,0
WSML,2026-09-24,34.318,34.9818,35.1105,33.2849,36.29,-5.43,-1.13,-0.37,845004.0,1,1,0,0,0,0,0,0,0,0,0,0,0,0,0,0,0,0,0,0
WTAI,2026-09-24,43.62,41.6913,40.9661,36.1868,48.35,-9.78,5.31,-0.43,14552967.0,0,1,0,1,1,1,0,0,0,0,0,0,0,0,0,0,0,0,0,0
WTBN,2026-09-24,24.11,24.4869,24.6079,24.8554,25.3018,-4.71,-1.17,-0.47,343780.0,0,0,1,0,0,0,0,0,0,0,1,0,0,0,0,0,0,0,0,1
WTIP,2026-09-25,36.89,37.2018,36.3932,35.6528,40.6972,-9.35,-1.27,-0.53,338417.0,1,1,0,0,1,0,0,0,0,0,0,0,0,0,0,0,0,0,0,0
WTMF,2026-09-24,42.51,42.272,41.7038,40.2705,44.0,-3.39,1.14,0.59,1636436.0,1,1,1,1,1,1,0,0,0,0,0,0,0,0,0,0,0,0,0,0
WTPI,2026-09-24,33.22,33.0225,32.8285,31.7852,33.39,-0.51,0.76,-0.03,4019520.0,1,1,1,1,1,1,0,0,0,0,0,0,0,0,0,0,0,0,0,0
WTRE,2026-09-24,23.15,23.5505,23.9168,23.6299,26.7836,-13.57,-1.2,-0.64,35221.0,0,0,0,0,0,0,0,0,0,0,0,0,0,0,0,0,0,0,0,0
WTV,2026-09-24,104.42,107.3215,106.994,99.8392,109.66,-4.78,-2.38,-0.39,19864759.0,1,1,1,0,0,0,0,0,0,0,0,0,0,0,0,0,0,1,0,0
WUGI,2026-09-24,90.495,84.9753,84.0988,79.2424,96.199,-5.93,6.96,0.49,27382.0,0,1,0,1,1,1,0,0,0,0,0,0,0,0,0,0,0,0,0,0
WWJD,2026-09-24,39.49,40.4429,40.1575,38.3974,41.31,-4.41,-1.74,-0.25,1736737.0,1,1,1,0,0,0,0,0,0,0,0,0,0,0,0,0,0,0,0,0
WZRD,2026-09-24,4.715,8.6349,16.0294,163.1406,406.4088,-98.84,-30.56,-14.43,75184.0,0,0,0,0,0,0,0,0,0,0,0,0,0,0,0,0,0,1,0,1
XA,2026-09-24,44.14,41.177,39.4842,,,,3.18,-0.83,316759.0,0,0,0,1,1,1,0,0,0,0,0,0,0,0,0,0,0,0,0,0
XAGG,2026-09-24,48.68,49.3149,49.3849,48.9652,49.7613,-2.17,-0.96,-0.48,26751985.0,0,0,1,0,0,0,0,0,0,0,1,0,0,0,0,0,0,0,0,0
XAIX,2026-09-24,59.483,57.5135,55.7239,49.1926,60.8284,-2.21,2.35,0.12,1577123.0,0,1,1,1,1,1,0,0,0,0,0,0,0,0,0,0,0,0,0,0
XAPR,2026-09-25,38.67,38.4911,38.2718,37.3001,38.69,-0.05,0.48,0.16,1561940.0,1,1,1,1,1,1,0,0,0,0,0,0,0,0,0,0,0,0,0,0
XAR,2026-09-24,239.46,247.6812,264.1406,267.3337,296.5704,-19.26,-0.72,0.04,74380285.0,0,0,0,0,0,0,0,0,0,0,0,0,0,0,0,0,0,0,0,0
XAUG,2026-09-24,39.685,39.5869,39.4526,38.3813,39.785,-0.25,0.37,-0.06,133509.0,1,1,1,1,1,1,0,0,0,0,0,0,0,0,0,0,0,0,0,0
XBAP,2026-09-25,43.04,42.8448,42.5759,40.6792,43.04,0.0,0.4,0.12,188466.0,0,1,1,1,1,1,0,0,1,0,0,0,0,0,0,0,0,0,0,0
XBCI,2026-09-24,41.45,38.345,34.2671,,42.9348,-3.46,13.72,0.17,7194908.0,0,0,1,1,1,1,0,0,0,0,0,0,0,0,1,0,0,0,0,0
XBFR,2026-09-25,27.0517,26.8596,26.7344,,27.1,-0.18,0.86,0.27,383010.0,0,0,1,1,1,1,0,0,0,0,0,0,0,0,0,0,0,0,0,0
XBI,2026-09-24,156.05,159.8265,157.6718,137.7287,169.55,-7.96,-1.39,0.55,1343165269.0,1,1,0,0,0,0,0,0,0,0,0,0,0,0,0,0,0,0,0,0
XBJA,2026-09-25,34.73,34.5829,34.362,33.035,34.758,-0.08,0.29,0.09,176511.0,1,1,1,1,1,1,0,0,0,0,0,0,0,0,0,0,0,0,0,0
XBJL,2026-09-25,41.165,40.9108,40.6354,39.3554,41.2,-0.08,0.69,0.29,156028.0,1,1,1,1,1,1,0,0,0,0,0,0,0,0,0,0,0,0,0,0
XBOC,2026-09-24,36.36,36.2821,36.0675,34.6713,36.375,-0.04,0.1,-0.01,100838.0,0,1,1,1,1,1,0,0,0,0,0,0,0,0,0,0,0,0,0,0
XBTY,2026-09-24,5.614,5.5465,5.4218,5.8021,9.5463,-41.19,1.12,-0.28,102852.0,0,0,0,1,1,1,0,0,0,0,0,0,0,0,0,0,0,0,0,0
XC,2026-09-24,31.3,32.2,32.1813,32.1655,34.2491,-8.61,-1.73,-1.17,272275.0,0,0,0,0,0,0,0,0,0,0,0,0,0,0,0,0,0,0,0,0
XCEM,2026-09-24,51.7,51.5738,50.0597,46.156,54.96,-5.93,0.66,-0.58,6801264.0,1,1,0,1,1,1,0,0,0,0,0,0,0,0,0,0,0,0,0,0
XCHG,2026-09-24,27.449,27.3902,27.3395,,27.9241,-1.7,0.72,0.18,54245.0,0,0,1,1,1,1,0,0,0,0,0,0,0,0,0,0,0,0,0,0
XCLR,2026-09-24,27.97,27.9163,27.8533,27.1456,28.402,-1.52,0.52,-0.04,58933.0,1,1,1,1,1,1,0,0,0,0,0,0,0,0,0,0,0,0,0,0
XCNY,2026-09-24,33.89,33.8772,33.2064,31.1629,34.495,-1.75,0.24,-0.26,29299.0,1,1,1,1,1,1,0,0,0,0,0,0,0,0,0,0,0,0,0,0
XCOR,2026-09-24,90.058,88.6669,88.0898,84.4233,91.761,-1.86,1.93,0.1,95433.0,1,1,1,1,1,1,0,0,0,0,0,0,0,0,0,0,0,0,0,0
XDAT,2026-09-24,28.51,26.9855,26.1495,24.3478,28.646,-0.47,3.94,0.5,30529.0,0,1,1,1,1,1,0,0,0,0,0,0,0,0,0,0,0,0,0,0
XDEC,2026-09-25,43.86,43.6869,43.4477,42.0542,43.87,-0.02,0.33,0.1,699743.0,0,1,1,1,1,1,0,0,0,0,0,0,0,0,0,0,0,0,0,0
XDEF,2026-09-24,21.61,22.1141,22.6875,,2851.8098,-99.24,-2.1,-1.41,17073.0,0,0,0,0,0,0,0,0,0,0,0,0,0,0,0,0,0,0,0,0
XDIV,2026-09-24,31.35,31.2296,31.0532,29.2293,31.72,-1.17,0.87,0.0,1259518.0,1,1,1,1,1,1,0,0,0,0,0,0,0,0,0,0,0,1,0,0
XDQQ,2026-09-25,41.7002,40.0384,39.6408,39.6195,42.023,-0.77,4.65,0.61,444175.0,0,1,1,1,1,1,0,0,0,1,0,0,0,0,0,0,0,0,0,0
XDSQ,2026-09-25,45.3849,44.6239,44.1403,42.5059,45.431,-0.1,1.86,0.74,742096.0,1,1,1,1,1,1,0,0,0,0,0,0,0,0,0,0,0,0,0,0
XDTE,2026-09-24,38.32,38.2506,38.0245,36.0764,38.7302,-1.06,0.32,-0.08,5483089.0,1,1,1,1,1,1,0,0,0,0,0,0,0,0,0,0,0,0,0,0
XEML,2026-09-24,24.683,25.2592,25.7909,,26.8604,-8.11,-0.84,0.16,2650.0,0,0,0,0,0,0,0,0,0,0,0,0,0,0,0,0,0,0,0,0
XEY,2026-09-25,20.175,19.8367,19.327,,,,-0.76,-0.32,2107.0,0,0,0,1,1,1,0,0,0,0,0,0,0,0,0,0,0,0,0,0
XFEB,2026-09-25,38.31,38.1253,37.912,36.7091,38.31,0.0,0.49,0.22,1822761.0,0,1,1,1,1,1,0,0,1,0,0,0,0,0,0,0,0,0,0,0
XFLX,2026-09-24,22.575,22.6734,22.6801,22.5524,22.795,-0.97,-0.35,-0.11,27856.0,1,1,1,0,0,0,0,0,0,0,0,0,0,0,0,0,0,0,0,0
XHB,2026-09-24,96.8,99.1089,103.8831,105.649,120.1475,-19.43,0.28,-0.3,185324482.0,0,0,0,0,0,0,0,0,0,0,0,0,0,0,0,0,0,0,0,0
XHE,2026-09-24,90.99,92.3735,92.094,86.0848,96.91,-6.11,0.17,-0.28,2715519.0,1,1,0,0,0,0,0,0,0,0,0,0,0,0,0,0,0,0,0,0
XHS,2026-09-24,133.24,135.8212,135.0742,117.4191,138.8088,-4.01,-2.99,-0.43,3653738.0,1,1,1,0,0,0,0,0,0,0,0,0,0,0,0,0,0,0,0,0
XIDE,2026-09-24,30.375,30.3234,30.2105,29.5185,30.385,-0.03,0.12,-0.03,62192.0,0,1,1,1,1,1,0,0,0,0,0,0,0,0,0,0,0,1,0,0
XIDV,2026-09-24,38.3,39.0956,38.6586,35.7297,39.5629,-3.19,-2.87,0.06,171603.0,1,1,1,0,0,0,0,0,0,0,0,0,0,0,0,0,0,0,0,0
XIGV,2026-09-24,24.4,23.5525,23.3716,,,,4.05,0.16,3527.0,0,0,0,1,1,1,0,0,0,0,0,0,0,0,0,0,0,0,0,0
XIJN,2026-09-25,30.87,30.7706,30.6272,30.0162,30.87,0.0,0.34,0.15,164526.0,0,1,1,1,1,1,0,0,1,0,0,0,0,0,0,0,0,0,0,0
XIMR,2026-09-25,31.42,31.3449,31.2347,30.4675,31.42,0.0,0.19,0.06,220729.0,0,1,1,1,1,1,0,0,1,0,0,0,0,0,0,0,0,0,0,0
XISE,2026-09-25,30.295,30.1931,30.107,29.5012,30.295,0.0,0.35,0.16,351743.0,0,1,1,1,1,1,0,0,1,0,0,0,0,0,0,0,0,0,0,0
XITK,2026-09-24,200.387,196.7222,194.4622,178.5269,211.008,-5.03,1.99,0.04,374138.0,1,1,0,1,1,1,0,0,0,0,0,0,0,0,0,0,0,0,0,0
XJAN,2026-09-25,39.34,39.1732,38.9568,37.713,39.37,-0.08,0.42,0.17,1862730.0,1,1,1,1,1,1,0,0,0,0,0,0,0,0,0,0,0,0,0,0
XJH,2026-09-25,49.39,49.9848,51.0293,48.6053,53.0206,-6.85,0.18,0.41,979675.0,1,1,0,0,0,0,0,0,0,0,0,0,0,0,0,0,0,1,0,0
XJR,2026-09-24,48.79,50.0057,51.1794,47.5377,53.2369,-8.35,-1.02,-0.29,356506.0,0,1,0,0,0,0,0,0,0,0,0,0,0,0,0,0,0,0,0,0
XJUL,2026-09-25,41.805,41.6107,41.3843,40.1293,41.805,0.0,0.54,0.22,64826.0,1,1,1,1,1,1,0,0,1,0,0,0,0,0,0,0,0,0,0,0
XJUN,2026-09-25,45.485,45.2498,45.0168,43.9313,45.49,-0.01,0.55,0.32,233660.0,1,1,1,1,1,1,0,0,0,0,0,0,0,0,0,0,0,0,0,0
XLB,2026-09-24,49.68,51.1457,51.5018,50.0757,53.4241,-7.01,-1.58,-1.19,577180243.0,0,0,0,0,0,0,0,0,0,0,0,0,0,0,0,0,0,0,0,0
XLBI,2026-09-25,23.3149,23.7704,23.81,22.9185,24.5456,-5.01,0.12,0.19,166993.0,1,1,0,0,0,0,0,0,0,0,0,0,0,0,0,0,0,0,0,0
XLC,2026-09-24,113.99,112.2605,110.987,113.2399,118.9953,-4.21,1.79,1.27,560915858.0,1,1,1,1,1,1,0,0,0,0,0,0,0,0,0,0,0,0,0,0
XLCI,2026-09-25,23.9935,23.8237,23.4732,23.4037,24.248,-1.05,1.92,-0.68,69703.0,1,1,1,1,1,1,0,0,0,0,0,0,0,0,0,0,0,0,0,0
XLE,2026-09-24,62.6,63.7014,61.3205,55.3444,65.5404,-4.49,-2.34,0.37,2086998347.0,1,1,1,0,1,0,0,0,0,0,0,0,0,0,0,0,0,0,0,0
XLEI,2026-09-24,27.83,27.9875,27.1657,24.6941,28.6,-2.69,-1.24,0.36,7191801.0,1,1,1,0,1,0,0,0,0,0,0,0,0,0,0,0,0,0,0,0
XLF,2026-09-24,54.53,56.5891,56.8982,53.3099,58.3535,-6.55,-2.07,-0.02,1927953520.0,0,1,0,0,0,0,0,0,0,0,0,0,0,0,0,0,0,0,0,0
XLFI,2026-09-25,23.42,24.0016,24.0603,22.7944,24.651,-4.99,-1.35,0.77,293009.0,1,1,1,0,0,0,0,0,0,0,0,0,0,0,0,0,0,0,0,0
XLG,2026-09-24,63.92,62.8864,62.1346,59.9118,64.44,-0.81,1.65,0.13,71408172.0,1,1,1,1,1,1,0,0,0,0,0,0,0,0,0,0,0,0,0,0
XLI,2026-09-24,168.83,171.6784,177.6644,171.033,186.0101,-9.24,0.16,-0.75,1313697319.0,0,0,0,0,0,0,0,0,0,0,0,0,0,0,0,0,0,0,0,0
XLII,2026-09-25,24.4786,24.6228,25.3581,24.2082,26.5361,-7.75,0.67,0.67,612072.0,1,1,0,0,0,0,0,0,0,0,0,0,0,0,0,0,0,0,0,0
XLK,2026-09-24,194.71,187.8613,183.8988,163.0579,197.7432,-1.53,3.66,-0.32,1292589618.0,0,1,1,1,1,1,0,0,0,0,0,0,0,0,0,0,0,0,0,0
XLKI,2026-09-24,27.28,26.6631,26.0231,24.2381,27.36,-0.29,1.75,0.04,661387.0,1,1,1,1,1,1,0,0,0,0,0,0,0,0,0,0,0,0,0,0
XLP,2026-09-24,81.7,83.3708,84.2712,82.5394,88.3086,-7.48,-1.5,-0.89,834367841.0,0,0,0,0,0,0,0,0,0,0,0,0,0,0,0,0,0,0,0,0
XLRE,2026-09-24,41.65,43.0104,44.0663,42.4709,45.6259,-8.71,-2.19,-0.45,231846531.0,0,0,0,0,0,0,0,0,0,0,0,0,0,0,0,0,0,0,0,0
XLRI,2026-09-25,22.2158,22.8513,23.3016,22.6763,23.8183,-6.73,-1.43,-0.22,97009.0,0,0,0,0,0,0,0,0,0,0,1,0,0,0,0,0,0,0,0,0
XLSI,2026-09-25,22.8567,23.0883,23.2304,22.7405,23.789,-3.92,-0.15,0.25,922989.0,1,1,1,0,0,0,0,0,0,0,0,0,0,0,0,0,0,0,0,0
XLSR,2026-09-24,66.881,66.1112,65.6652,63.2049,67.286,-0.6,1.29,0.26,2811659.0,1,1,1,1,1,1,0,0,0,0,0,0,0,0,0,0,0,0,0,0
XLU,2026-09-24,39.36,41.669,43.0913,43.8514,46.7541,-15.81,-4.89,-0.98,937735238.0,0,0,0,0,0,0,0,0,0,0,1,0,0,0,0,0,0,0,0,1
XLUI,2026-09-25,21.68,22.6148,23.234,23.1446,24.6134,-11.92,-2.82,0.19,2299394.0,0,0,0,0,0,0,0,0,0,0,1,0,0,0,0,0,0,0,0,0
XLV,2026-09-24,169.87,168.7483,166.9402,154.9441,175.0102,-2.94,1.01,0.63,1288121169.0,1,1,1,1,1,1,0,0,0,0,0,0,0,0,0,0,0,0,0,0
XLVI,2026-09-24,26.42,26.2911,26.3469,24.8722,27.0436,-2.31,0.94,0.8,1741792.0,1,1,1,1,1,0,0,0,0,0,0,0,0,0,0,0,0,0,0,0
XLY,2026-09-24,110.32,112.9867,114.7259,116.1858,123.7507,-10.85,-0.74,-0.3,691671316.0,0,0,0,0,0,0,0,0,0,0,0,0,0,0,0,0,0,0,0,0
XLYI,2026-09-25,21.7115,22.0703,22.2787,22.1971,23.2284,-6.53,-0.07,0.14,1746553.0,0,0,0,0,0,0,0,0,0,0,0,0,0,0,0,0,0,0,0,0
XMAG,2026-09-24,25.74,25.7681,25.8241,24.1876,26.56,-3.09,0.86,-0.16,1832314.0,1,1,1,0,0,0,0,0,0,0,0,0,0,0,0,0,0,0,0,0
XMAR,2026-09-25,43.625,43.4728,43.246,41.6795,43.67,-0.1,0.31,0.09,743231.0,1,1,1,1,1,1,0,0,0,0,0,0,0,0,0,0,0,0,0,0
XMAY,2026-09-25,36.99,36.8131,36.6123,35.6898,36.99,0.0,0.56,0.16,49709.0,1,1,1,1,1,1,0,0,1,0,0,0,0,0,0,0,0,0,0,0
XME,2026-09-24,107.96,114.2629,111.3658,113.7112,132.65,-18.61,-2.95,-1.48,174426421.0,0,0,0,0,0,0,0,0,0,0,0,0,0,0,0,0,0,0,0,0
XMHQ,2026-09-24,112.73,115.5034,116.1031,109.3402,119.7185,-5.84,-1.75,-0.66,17889776.0,0,1,0,0,0,0,0,0,0,0,0,0,0,0,0,0,0,0,0,0
XMMO,2026-09-24,146.65,150.257,155.3301,153.0385,173.5283,-15.49,-0.27,-0.3,46881038.0,0,0,0,0,0,0,0,0,0,0,0,0,0,0,0,0,0,0,0,0
XMPT,2026-09-24,19.52,20.6131,21.1536,21.3187,22.0502,-11.47,-4.36,-1.21,1475188.0,0,0,0,0,0,0,0,0,0,0,1,0,0,0,0,0,0,0,0,1
XMVM,2026-09-24,70.93,73.5367,73.9455,68.6324,75.4982,-6.05,-2.81,-0.73,2697407.0,0,1,0,0,0,0,0,0,0,0,1,0,0,0,0,0,0,0,0,0
XNAV,2026-09-24,92.734,91.1493,90.9339,89.1416,100.673,-7.89,2.24,0.03,82768.0,1,1,0,1,1,1,0,0,0,0,0,0,0,0,0,0,0,0,0,0
XNOV,2026-09-25,40.49,40.342,40.1348,38.9009,40.49,0.0,0.24,0.06,1447259.0,0,1,1,1,1,1,0,0,1,0,0,0,0,0,0,0,0,0,0,0
XNTK,2026-09-24,382.5,363.3358,356.0769,317.6966,390.5688,-2.07,5.4,0.26,20853639.0,0,1,1,1,1,1,0,0,0,0,0,0,0,0,0,0,0,0,0,0
XOCT,2026-09-25,40.36,40.2445,40.0401,38.7807,40.36,0.0,0.15,0.07,1522512.0,0,1,1,1,1,1,0,0,1,0,0,0,0,0,0,0,0,0,0,0
XOEF,2026-09-24,29.28,29.5847,29.7955,28.1223,30.7597,-4.81,-0.01,-0.37,137102.0,1,1,1,0,0,0,0,0,0,0,0,0,0,0,0,0,0,0,0,0
XOEX,2026-09-24,40.01,40.7799,40.8247,38.2731,41.8257,-4.34,-0.46,-0.32,5392310.0,1,1,1,0,0,0,0,0,0,0,0,0,0,0,0,0,0,0,0,0
XOMO,2026-09-24,10.87,10.8324,10.8063,10.2957,11.6156,-6.42,-0.09,0.65,712835.0,1,1,0,1,1,1,0,0,0,0,0,0,0,0,0,0,0,0,0,0
XOVR,2026-09-24,21.45,20.922,20.1576,19.2636,21.71,-1.2,1.61,1.08,25238930.0,1,1,1,1,1,1,0,0,0,0,0,0,0,0,0,0,0,0,0,0
XPAY,2026-09-24,52.22,52.0308,51.7385,48.74,52.8154,-1.13,0.87,0.1,2591282.0,1,1,1,1,1,1,0,0,0,0,0,0,0,0,0,0,0,0,0,0
XPH,2026-09-24,66.4,68.8487,69.5299,60.64,74.0135,-10.29,-1.93,0.26,13023340.0,0,1,0,0,0,0,0,0,0,0,0,0,0,0,0,0,0,0,0,0
XPND,2026-09-24,39.767,38.9682,38.9369,37.2854,42.3284,-6.05,2.97,0.08,92914.0,1,1,0,1,1,1,0,0,0,0,0,0,0,0,0,0,0,0,0,0
XQQI,2026-09-24,50.77,48.8867,47.999,,51.18,-0.8,4.12,-0.02,15155423.0,0,0,1,1,1,1,0,0,0,0,0,0,0,0,0,0,0,0,0,0
XRLX,2026-09-25,49.4268,48.9417,48.7867,47.4511,49.805,-0.76,1.03,0.33,161426.0,1,1,1,1,1,1,0,0,0,0,0,0,0,0,0,0,0,0,0,0
XRMI,2026-09-24,17.26,17.1708,17.0555,16.5557,17.29,-0.17,0.34,0.07,963133.0,1,1,1,1,1,1,0,0,0,0,0,0,0,0,0,0,0,0,0,0
XRP,2026-09-24,17.09,15.7685,13.797,15.9324,25.95,-34.14,18.11,2.27,32551514.0,0,1,0,1,1,1,0,0,0,0,0,0,0,0,1,0,0,0,0,0
XRPC,2026-09-24,16.194,14.9748,13.1039,15.1355,24.69,-34.41,18.03,1.95,4942230.0,0,1,0,1,1,1,0,0,0,0,0,0,0,0,1,0,0,0,0,0
XRPM,2026-09-24,10.024,10.2163,10.1668,12.6021,19.9718,-49.81,4.74,1.97,286121.0,0,0,0,0,0,0,0,0,0,0,0,0,0,0,0,0,0,0,0,0
XRPR,2026-09-24,12.479,11.5174,10.0777,11.6624,25.47,-51.01,18.06,2.2,397210.0,0,1,0,1,1,1,0,0,0,0,0,0,0,0,1,0,0,0,0,0
XRPZ,2026-09-24,16.61,15.325,13.4105,15.4717,25.15,-33.96,18.05,2.34,12160505.0,0,1,0,1,1,1,0,0,0,0,0,0,0,0,1,0,0,0,0,0
XRT,2026-09-24,82.1,84.425,87.223,85.5078,92.1552,-10.91,-0.66,0.0,287803749.0,0,0,0,0,0,0,0,0,0,0,0,0,0,0,0,0,0,0,0,0
XSD,2026-09-24,526.7,496.3031,503.7555,449.2347,649.2562,-18.88,5.53,-0.14,60083145.0,0,1,0,1,1,0,0,0,0,0,0,0,0,0,0,0,0,0,0,0
XSEP,2026-09-25,45.4147,45.1793,44.9644,43.5632,45.4147,0.0,0.51,0.32,1969113.0,0,1,1,1,1,1,0,0,1,0,0,0,0,0,0,0,0,0,0,0
XSHP,2026-09-24,18.28,18.1108,16.2598,,,,-3.59,-0.38,321953.0,0,0,0,1,1,1,0,0,0,0,0,0,0,0,0,0,0,0,0,0
XSHQ,2026-09-24,45.315,46.8412,47.7782,45.1801,49.876,-9.14,-1.76,-0.19,1067127.0,0,1,0,0,0,0,0,0,0,0,1,0,0,0,0,0,0,0,0,0
XSMO,2026-09-24,82.31,83.1536,85.7739,82.2149,93.45,-11.92,0.24,0.26,25611237.0,1,1,0,0,0,0,0,0,0,0,0,0,0,0,0,0,0,0,0,0
XSOE,2026-09-24,47.48,47.6637,46.8308,44.2566,50.7557,-6.45,0.38,-0.65,3208809.0,1,1,0,0,1,0,0,0,0,0,0,0,0,0,0,0,0,1,0,0
XSPC,2026-09-24,21.27,20.892,20.9756,,,,0.52,1.14,70566.0,0,0,0,1,1,0,0,0,0,0,0,0,0,0,0,0,0,0,0,0
XSPI,2026-09-24,49.95,49.4948,48.9544,,50.35,-0.79,1.17,0.12,3981991.0,0,0,1,1,1,1,0,0,0,0,0,0,0,0,0,0,0,0,0,0
XSVM,2026-09-24,66.24,68.3013,69.6655,64.2819,72.2759,-8.35,-2.13,0.03,2685277.0,0,1,0,0,0,0,0,0,0,0,1,0,0,0,0,0,0,0,0,0
XSW,2026-09-24,199.04,201.5295,194.033,172.1567,210.31,-5.36,-0.37,-0.9,9936127.0,1,1,0,0,1,0,0,0,0,0,0,0,0,0,0,0,0,0,0,0
XT,2026-09-24,83.75,82.273,81.677,76.1338,84.42,-0.79,2.01,-0.08,5233609.0,1,1,1,1,1,1,0,0,0,0,0,0,0,0,0,0,0,0,0,0
XTAP,2026-09-24,46.76,46.5688,46.1953,43.5129,46.865,-0.22,0.38,-0.02,228517.0,1,1,1,1,1,1,0,0,0,0,0,0,0,0,0,0,0,0,0,0
XTJA,2026-09-25,35.2943,35.0581,34.7645,32.9891,35.2943,0.0,0.57,0.25,38992.0,1,1,1,1,1,1,1,1,1,0,0,0,0,0,0,0,1,0,0,0
XTJL,2026-09-25,42.6982,42.3235,41.9504,40.3023,42.713,-0.03,0.98,0.42,107421.0,1,1,1,1,1,1,0,0,0,0,0,0,0,0,0,0,0,0,0,0
XTL,2026-09-24,205.06,207.5868,210.4905,197.9953,246.2683,-16.73,-0.33,-0.25,6402733.0,1,1,0,0,0,0,0,0,0,0,0,0,0,0,0,0,0,0,0,0
XTN,2026-09-24,98.55,102.4757,107.7136,103.3388,117.4915,-16.12,-2.21,-1.26,13557474.0,0,0,0,0,0,0,0,0,0,0,1,0,0,0,0,0,0,0,0,0
XTOC,2026-09-25,37.26,37.1236,36.8449,34.9851,37.26,0.0,0.16,0.08,121019.0,0,1,1,1,1,1,1,1,1,0,0,0,0,0,0,0,1,0,0,0
XTR,2026-09-24,28.994,28.8915,28.7778,27.4137,29.385,-1.33,0.69,0.02,9708.0,1,1,1,1,1,1,0,0,0,0,0,0,0,0,0,0,0,0,0,0
XUDV,2026-09-25,32.1362,32.8921,32.8676,29.7563,33.7387,-4.75,-1.36,0.36,564735.0,1,1,1,0,0,0,0,0,0,0,0,0,0,0,0,0,0,0,0,0
XUSP,2026-09-24,54.012,53.7636,53.5573,50.1467,55.269,-2.27,1.18,0.03,123456.0,1,1,1,1,1,1,0,0,0,0,0,0,0,0,0,0,0,0,0,0
XV,2026-09-24,24.5,24.6225,24.4671,23.53,24.84,-1.37,-0.57,0.0,1125756.0,1,1,1,0,1,0,0,0,0,0,0,0,0,0,0,0,0,0,0,0
XVV,2026-09-24,58.471,58.4551,58.1026,54.6301,59.4499,-1.65,0.48,-0.11,738235.0,1,1,1,1,1,1,0,0,0,0,0,0,0,0,0,0,0,0,0,0
XXV,2026-09-25,23.18,23.3131,22.9292,21.9938,23.71,-2.24,-0.44,-1.9,772257.0,1,1,1,0,1,0,0,0,0,0,0,0,0,0,0,0,0,0,0,0
XXX,2026-09-24,22.29,21.759,20.8162,,22.66,-1.63,4.94,0.86,19054.0,0,0,1,1,1,1,0,0,0,0,0,0,0,0,0,0,0,0,0,0
XYLD,2026-09-24,41.57,41.2998,40.9353,38.9602,41.64,-0.17,0.42,0.05,18748639.0,1,1,1,1,1,1,0,0,0,0,0,0,0,0,0,0,0,0,0,0
XYLG,2026-09-24,29.63,29.4381,29.205,27.6185,29.79,-0.54,0.61,0.03,755803.0,1,1,1,1,1,1,0,0,0,0,0,0,0,0,0,0,0,0,0,0
XYZY,2026-09-24,23.232,24.0072,24.2947,21.8784,26.0166,-10.7,-0.43,1.78,261550.0,0,1,0,0,0,0,0,0,0,0,0,0,0,0,0,0,0,0,0,0
YALL,2026-09-24,42.93,43.7895,43.4157,43.453,45.265,-5.16,-0.51,-0.74,376251.0,0,0,0,0,0,0,0,0,0,0,0,0,0,0,0,0,0,0,0,0
YBIT,2026-09-24,21.08,20.5566,18.8379,19.5046,30.5502,-31.0,5.4,-1.72,1295426.0,1,1,0,1,1,1,0,0,0,0,0,0,0,0,0,0,0,0,0,0
YBST,2026-09-24,12.073,11.9738,11.9756,,16.0175,-24.63,1.08,0.07,15623.0,0,0,0,1,1,0,0,0,0,0,0,0,0,0,0,0,0,0,0,0
YBTC,2026-09-24,19.196,18.165,17.5924,18.7424,29.4988,-34.93,8.89,0.29,1305243.0,0,1,0,1,1,1,0,0,0,0,0,0,0,0,0,0,0,0,0,0
YBTY,2026-09-24,10.34,10.2877,10.3613,,15.0031,-31.08,0.84,0.15,45204.0,0,0,0,1,0,0,0,0,0,0,0,0,0,0,0,0,0,0,0,0
YCLO,2026-09-24,25.23,25.1826,25.1155,,,,0.16,0.0,254970.0,0,0,0,1,1,1,0,0,0,0,0,0,0,0,0,0,0,0,0,0
YDEC,2026-09-25,28.1323,28.1735,28.0648,27.1765,28.38,-0.87,0.26,0.56,214946.0,1,1,1,0,1,0,0,0,0,0,0,0,0,0,0,0,0,0,0,0
YETH,2026-09-24,10.012,9.2662,8.8054,9.2563,16.0645,-37.68,10.35,-0.08,576122.0,0,1,0,1,1,1,0,0,0,0,0,0,0,0,1,0,0,0,0,0
YFYA,2026-09-25,9.685,9.7397,9.7295,9.6295,9.78,-0.97,-0.51,-0.51,145318.0,0,1,1,0,0,0,0,0,0,0,0,0,0,0,0,0,0,0,0,0
YJUN,2026-09-25,27.16,27.3389,27.3061,26.5214,27.64,-1.74,-0.04,0.4,430059.0,1,1,1,0,0,0,0,0,0,0,0,0,0,0,0,0,0,0,0,0
YLDE,2026-09-24,55.135,56.3265,56.6103,54.2033,57.5836,-4.25,-1.24,-0.31,637823.0,0,1,1,0,0,0,0,0,0,0,0,0,0,0,0,0,0,0,0,0
YLDW,2026-09-25,25.4598,25.6068,25.502,,25.896,-1.68,-0.59,0.43,132028.0,0,0,1,0,0,0,0,0,0,0,0,0,0,0,0,0,0,0,0,0
YMAG,2026-09-24,11.47,11.125,10.8706,10.5853,11.5078,-0.33,2.41,0.79,10749958.0,0,1,1,1,1,1,0,0,0,0,0,0,0,0,0,0,0,0,0,0
YMAR,2026-09-25,29.2101,29.2533,29.1493,28.1508,29.445,-0.8,0.34,0.4,217292.0,1,1,1,0,1,0,0,0,0,0,0,0,0,0,0,0,0,0,0,0
YMAX,2026-09-24,7.84,7.4784,7.2786,6.9829,7.9442,-1.31,5.89,0.64,8794816.0,0,1,1,1,1,1,0,0,0,0,0,0,0,0,0,0,0,0,0,0
YNOT,2026-09-25,33.8043,32.9953,32.3545,30.6256,34.963,-3.31,1.9,0.46,685045.0,1,1,1,1,1,1,0,0,0,0,0,0,0,0,0,0,0,0,0,0
YOKE,2026-09-25,31.282,31.1635,31.5795,29.9925,32.8003,-4.63,0.93,0.35,430451.0,1,1,1,1,0,0,0,0,0,0,0,0,0,0,0,0,0,0,0,0
YOLO,2026-09-24,3.174,3.0777,2.8683,2.9671,4.21,-24.61,5.1,-5.54,121373.0,0,1,0,1,1,1,0,0,0,0,0,0,0,0,0,0,0,0,0,0
YSEP,2026-09-25,28.5301,28.4388,28.204,27.1373,28.75,-0.76,-0.1,0.28,695581.0,1,1,1,1,1,1,0,0,0,0,0,0,0,0,0,0,0,0,0,0
YSPY,2026-09-24,15.134,15.0087,14.8585,14.4988,15.16,-0.17,0.29,-0.01,73362.0,1,1,1,1,1,1,0,0,0,0,0,0,0,0,0,0,0,0,0,0
YUNG,2026-09-24,26.53,26.9875,28.1088,,,,-0.11,0.53,6917.0,0,0,0,0,0,0,0,0,0,0,0,0,0,0,0,0,0,0,0,0
YYY,2026-09-24,10.57,10.9755,11.1359,10.9244,11.3693,-7.03,-2.49,-0.28,5279582.0,0,0,0,0,0,0,0,0,0,0,1,0,0,0,0,0,0,0,0,0
ZALT,2026-09-25,34.81,34.544,34.3632,33.4296,34.83,-0.06,0.9,0.44,2290470.0,1,1,1,1,1,1,0,0,0,0,0,0,0,0,0,0,0,0,0,0
ZAP,2026-09-24,30.39,31.3123,32.1628,32.1173,34.828,-12.74,-2.78,-0.74,4363326.0,0,0,0,0,0,0,0,0,0,0,0,0,0,0,0,0,0,1,0,0
ZAPR,2026-09-25,27.03,26.9616,26.8727,26.3633,27.03,0.0,0.19,0.13,86694.0,0,1,1,1,1,1,1,1,1,0,0,0,0,0,0,0,1,1,0,0
ZAUG,2026-09-25,27.92,27.8639,27.8184,27.231,27.93,-0.04,0.22,0.0,1401228.0,1,1,1,1,1,1,0,0,0,0,0,0,0,0,0,0,0,0,0,0
ZCSH,2026-09-24,124.69,94.132,61.4356,35.644,124.69,0.0,3.83,2.56,68001129.0,0,1,1,1,1,1,0,0,1,0,0,0,0,0,0,0,0,0,0,0
ZDEK,2026-09-25,26.86,26.7861,26.6837,26.1684,26.86,0.0,0.18,0.11,171686.0,0,1,1,1,1,1,1,1,1,0,0,0,0,0,0,0,1,0,0,0
ZECP,2026-09-24,37.16,37.5695,37.8511,36.3201,38.68,-3.93,-0.3,-0.03,1759895.0,1,1,1,0,0,0,0,0,0,0,0,0,0,0,0,0,0,0,0,0
ZFEB,2026-09-24,26.362,26.3126,26.2216,25.7861,26.372,-0.04,0.18,-0.01,242299.0,1,1,1,1,1,1,0,0,0,0,0,0,0,0,0,0,0,1,0,0
ZHDG,2026-09-24,23.925,23.896,23.8347,22.9652,24.365,-1.81,0.49,-0.17,289432.0,1,1,1,1,1,1,0,0,0,0,0,0,0,0,0,0,0,0,0,0
ZHOG,2026-09-25,50.325,50.5797,50.7148,50.5192,50.9959,-1.32,-0.27,0.31,81339.0,0,0,1,0,0,0,0,0,0,0,0,1,0,0,0,0,0,1,0,0
ZIG,2026-09-24,38.529,39.879,40.2106,39.1368,41.547,-7.26,-1.9,-0.44,40393.0,0,0,0,0,0,0,0,0,0,0,1,0,0,0,0,0,0,0,0,0
ZINC,2026-09-25,25.656,26.3193,26.4577,,,,-2.11,0.38,105952.0,0,0,0,0,0,0,0,0,0,0,0,1,0,0,0,0,0,0,0,0
ZJAN,2026-09-25,28.42,28.3582,28.2623,27.7723,28.43,-0.04,0.16,0.11,623320.0,1,1,1,1,1,1,0,0,0,0,0,0,0,0,0,0,0,0,0,0
ZJUL,2026-09-25,30.3109,30.2407,30.1817,29.613,30.34,-0.1,0.23,0.07,458197.0,1,1,1,1,1,1,0,0,0,0,0,0,0,0,0,0,0,0,0,0
ZJUN,2026-09-24,27.73,27.6713,27.6092,27.2315,27.79,-0.22,0.29,0.14,1169702.0,1,1,1,1,1,1,0,0,0,0,0,0,0,0,0,0,0,0,0,0
ZMAR,2026-09-24,28.66,28.5924,28.4858,27.9907,28.67,-0.03,0.28,0.03,139177.0,0,1,1,1,1,1,0,0,0,0,0,0,0,0,0,0,0,0,0,0
ZMAY,2026-09-25,26.38,26.2825,26.1998,25.8052,26.38,0.0,0.38,0.19,135390.0,1,1,1,1,1,1,0,0,1,0,0,0,0,0,0,0,0,0,0,0
ZNOV,2026-09-25,27.965,27.8642,27.7485,27.1726,27.965,0.0,0.23,0.2,447326.0,0,1,1,1,1,1,0,0,1,0,0,0,0,0,0,0,0,0,0,0
ZOCT,2026-09-25,28.0649,28.0013,27.8916,27.324,28.0649,0.0,0.09,0.01,205715.0,0,1,1,1,1,1,0,0,1,0,0,0,0,0,0,0,0,1,0,0
ZSB,2026-09-24,21.55,21.7064,21.8134,22.2981,25.008,-13.83,0.98,-0.16,9930.0,0,0,0,0,0,0,0,0,0,0,0,0,0,0,0,0,0,0,0,0
ZSEP,2026-09-25,27.9,27.8537,27.7827,27.2593,27.95,-0.18,0.29,0.07,8480121.0,1,1,1,1,1,1,0,0,0,0,0,0,0,0,0,0,0,0,0,0
