code,date,close,sma20,sma50,sma200,high52,dist_high52_pct,ret5_pct,ret1_pct,v20_usd,pullback_uptrend,above_sma200,near_high52,above_sma20,above_sma50,uptrend_sma20_50,breakout20,breakout50,new_high52,golden_cross_50_200,rsi_lt_30,rsi_recover_30,mom1d_ge_3,mom1d_ge_5,mom5d_ge_10,mom5d_breakout20,uptrend_breakout20,vol_2x_ma20,drop5d_above_sma200,new_low52_control
A,2026-09-24,172.84,153.3825,147.3622,131.508,172.84,0.0,12.46,4.55,397637761.0,0,1,1,1,1,1,1,1,1,0,0,0,1,0,1,1,1,0,0,0
AA,2026-09-24,42.68,48.2825,47.9656,57.9063,83.6277,-48.96,-7.74,-3.04,178133832.0,0,0,0,0,0,0,0,0,0,0,0,0,0,0,0,0,0,0,0,0
AACG,2026-09-24,0.83,0.883,0.9166,0.9862,2.04,-59.31,0.0,0.0,6105.0,0,0,0,0,0,0,0,0,0,0,0,0,0,0,0,0,0,0,0,0
AACI,2026-09-24,10.05,10.0455,10.0168,,10.05,0.0,0.0,0.1,342627.0,0,0,1,1,1,1,0,0,1,0,0,0,0,0,0,0,0,0,0,0
AACO,2026-09-24,10.0,9.9845,9.965,,,,0.1,0.0,103744.0,0,0,0,1,1,1,0,0,0,0,0,0,0,0,0,0,0,0,0,0
AACP,2026-09-24,10.1,10.0705,10.0362,,,,0.3,0.0,151452.0,0,0,0,1,1,1,0,0,0,0,0,0,0,0,0,0,0,0,0,0
AADX,2026-09-24,12.74,12.692,16.0288,,,,0.39,0.39,26939033.0,0,0,0,1,0,0,0,0,0,0,0,0,0,0,0,0,0,0,0,0
AAL,2026-09-24,13.35,13.1505,14.201,13.8965,18.15,-26.45,3.17,0.0,924420377.0,0,0,0,1,0,0,0,0,0,0,0,0,0,0,0,0,0,0,0,0
AAME,2026-09-24,1.31,1.35,1.4388,2.1788,3.33,-60.66,-2.96,-5.76,227008.0,0,0,0,0,0,0,0,0,0,0,0,0,0,0,0,0,0,0,0,0
AAMI,2026-09-24,93.32,92.0633,89.4545,67.6857,97.2043,-4.0,4.61,1.98,44597582.0,1,1,1,1,1,1,0,0,0,0,0,0,0,0,0,0,0,0,0,0
AAOI,2026-09-24,101.03,103.827,111.677,106.6429,223.1,-54.72,3.03,-0.03,691477989.0,0,0,0,0,0,0,0,0,0,0,0,0,0,0,0,0,0,0,0,0
AAON,2026-09-24,84.27,77.5405,86.6811,97.5483,147.9568,-43.04,11.53,2.32,88483648.0,0,0,0,1,0,0,0,0,0,0,0,0,0,0,1,0,0,0,0,0
AAP,2026-09-24,41.43,42.882,49.6604,51.4932,62.7335,-33.96,-1.12,0.8,71397004.0,0,0,0,0,0,0,0,0,0,0,0,0,0,0,0,0,0,0,0,0
AAPG,2026-09-24,15.23,16.5725,17.5911,21.9114,40.23,-62.14,-1.1,-2.25,118797.0,0,0,0,0,0,0,0,0,0,0,0,0,0,0,0,0,0,1,0,0
AAPL,2026-09-24,335.92,328.0715,321.5809,287.0682,339.7869,-1.14,-0.32,-0.33,14104961874.0,1,1,1,1,1,1,0,0,0,0,0,0,0,0,0,0,0,0,0,0
AARD,2026-09-24,5.55,5.6,6.2173,7.682,17.41,-68.12,7.77,-0.18,741893.0,0,0,0,0,0,0,0,0,0,0,0,0,0,0,0,0,0,0,0,0
AAT,2026-09-24,21.49,21.8736,22.7018,20.5267,25.4576,-15.59,-1.38,0.0,10763105.0,1,1,0,0,0,0,0,0,0,0,0,0,0,0,0,0,0,0,0,0
AAUC,2026-09-24,22.05,22.7445,21.8288,26.5623,32.01,-31.12,5.3,-1.47,10178883.0,0,0,0,0,1,0,0,0,0,0,0,0,0,0,0,0,0,0,0,0
ABAT,2026-09-24,2.25,2.4987,2.4257,3.2477,11.33,-80.14,6.13,-2.6,8600235.0,0,0,0,0,0,0,0,0,0,0,0,0,0,0,0,0,0,0,0,0
ABBV,2026-09-24,265.12,259.656,256.4272,227.9428,265.97,-0.32,0.99,0.02,1093000259.0,1,1,1,1,1,1,0,0,0,0,0,0,0,0,0,0,0,0,0,0
ABCB,2026-09-24,81.79,84.305,86.817,83.0288,93.17,-12.21,-2.31,0.2,38301071.0,0,0,0,0,0,0,0,0,0,0,0,0,0,0,0,0,0,0,0,0
ABCL,2026-09-24,12.65,11.709,9.4558,5.6275,12.73,-0.63,8.4,2.76,51346745.0,0,1,1,1,1,1,0,0,0,0,0,0,0,0,0,0,0,0,0,0
ABEO,2026-09-24,5.43,5.714,6.2014,5.5484,7.46,-27.21,1.12,-1.81,7976223.0,0,0,0,0,0,0,0,0,0,0,0,0,0,0,0,0,0,0,0,0
ABEV,2026-09-24,2.91,2.967,2.9752,2.9385,3.4202,-14.92,-2.68,-0.68,73424043.0,0,0,0,0,0,0,0,0,0,0,0,0,0,0,0,0,0,0,0,0
ABG,2026-09-24,179.94,203.3765,212.8498,212.8451,256.03,-29.72,-7.82,-0.87,46703325.0,0,0,0,0,0,0,0,0,0,0,1,0,0,0,0,0,0,0,0,0
ABLV,2026-09-24,1.14,0.9883,0.9118,0.8447,1.19,-4.2,23.91,17.53,51096.0,0,1,1,1,1,1,0,0,0,0,0,0,1,1,1,0,0,1,0,0
ABM,2026-09-24,49.54,48.6155,48.151,43.577,50.6,-2.09,-1.59,-0.3,27150361.0,1,1,1,1,1,1,0,0,0,0,0,0,0,0,0,0,0,0,0,0
ABNB,2026-09-24,151.39,173.3282,167.5346,142.3485,190.5,-20.53,-9.62,1.21,870385331.0,0,1,0,0,0,0,0,0,0,0,1,0,0,0,0,0,0,0,0,0
ABOS,2026-09-24,2.235,2.8255,2.6019,2.4985,3.37,-33.68,-14.37,-3.04,1034835.0,0,0,0,0,0,0,0,0,0,0,0,0,0,0,0,0,0,0,0,0
ABR,2026-09-24,4.07,4.761,4.9067,6.2135,10.9239,-62.74,-9.96,-2.86,20537529.0,0,0,0,0,0,0,0,0,0,0,1,0,0,0,0,0,0,0,0,1
ABSI,2026-09-24,10.345,8.928,8.7237,5.6254,11.62,-10.97,28.67,6.16,32390735.0,0,1,0,1,1,1,0,0,0,0,0,0,1,1,1,0,0,0,0,0
ABT,2026-09-24,101.07,106.048,106.6682,103.9065,132.82,-23.9,-1.26,-2.34,925257031.0,0,0,0,0,0,0,0,0,0,0,0,0,0,0,0,0,0,0,0,0
ABTC,2026-09-24,9.6,8.601,7.3924,15.2409,108.45,-91.15,17.94,-3.13,16448282.0,0,0,0,1,1,1,0,0,0,0,0,0,0,0,1,0,0,0,0,0
ABTS,2026-09-24,1.26,1.3958,1.3023,2.3537,10.27,-87.73,-9.35,-0.79,160563.0,0,0,0,0,0,0,0,0,0,0,0,0,0,0,0,0,0,0,0,0
ABUS,2026-09-24,4.88,5.0805,4.8004,4.5341,5.22,-6.51,-3.37,0.62,22328783.0,0,1,0,0,1,0,0,0,0,0,0,0,0,0,0,0,0,0,0,0
ABVC,2026-09-24,1.09,0.9836,1.0107,1.4173,3.29,-66.87,0.93,-4.39,141134.0,0,0,0,1,1,0,0,0,0,0,0,0,0,0,0,0,0,0,0,0
ABVX,2026-09-24,94.87,110.4713,119.5454,118.7601,145.31,-34.71,-7.2,0.79,131110764.0,0,0,0,0,0,0,0,0,0,0,0,1,0,0,0,0,0,0,0,0
ABX,2026-09-24,8.27,9.2745,9.6612,9.152,12.0,-31.08,-10.21,5.75,5032211.0,0,0,0,0,0,0,0,0,0,0,0,1,1,1,0,0,0,0,0,0
ACA,2026-09-24,146.52,145.5225,145.258,125.8342,146.52,0.0,0.95,0.01,93409471.0,0,1,1,1,1,1,0,0,1,0,0,0,0,0,0,0,0,0,0,0
ACAA,2026-09-24,10.02,9.9855,9.9952,,,,0.3,0.4,394007.0,0,0,0,1,1,0,0,0,0,0,0,0,0,0,0,0,0,0,0,0
ACAD,2026-09-24,22.18,27.6215,27.5428,24.6015,30.57,-27.45,-19.46,-12.78,48108800.0,0,0,0,0,0,0,0,0,0,0,1,0,0,0,0,0,0,1,0,0
ACB,2026-09-24,4.16,3.94,3.4567,3.6047,6.23,-33.23,8.62,-1.42,3607552.0,0,1,0,1,1,1,0,0,0,0,0,0,0,0,0,0,0,0,0,0
ACCL,2026-09-24,2.53,2.8178,2.6329,2.0366,4.51,-43.9,-12.76,-3.8,675799.0,0,1,0,0,0,0,0,0,0,0,0,0,0,0,0,0,0,0,1,0
ACCO,2026-09-24,4.3,4.2705,4.2018,3.7301,4.42,-2.71,1.18,1.18,2993237.0,1,1,1,1,1,1,0,0,0,0,0,0,0,0,0,0,0,0,0,0
ACCS,2026-09-24,4.76,5.138,5.7262,7.2618,11.0,-56.73,-1.45,-1.86,136387.0,0,0,0,0,0,0,0,0,0,0,0,0,0,0,0,0,0,0,0,1
ACDC,2026-09-24,4.54,5.026,4.7862,5.5089,8.06,-43.67,-6.2,-2.16,6261044.0,0,0,0,0,0,0,0,0,0,0,0,0,0,0,0,0,0,0,0,0
ACEL,2026-09-24,11.04,11.5485,11.9202,11.7418,13.41,-17.67,-4.08,-0.36,3448042.0,0,0,0,0,0,0,0,0,0,0,1,0,0,0,0,0,0,0,0,0
ACET,2026-09-24,8.27,9.1358,8.7965,8.0503,16.64,-50.3,-8.62,-2.59,1390119.0,0,1,0,0,0,0,0,0,0,0,0,0,0,0,0,0,0,1,0,0
ACFN,2026-09-24,20.8,20.2875,19.7324,18.23,29.51,-29.52,0.1,0.29,1278353.0,1,1,0,1,1,1,0,0,0,0,0,0,0,0,0,0,0,0,0,0
ACGC,2026-09-24,10.06,10.0285,9.9972,,,,0.0,0.0,354557.0,0,0,0,1,1,1,0,0,0,0,0,0,0,0,0,0,0,0,0,0
ACGL,2026-09-24,95.02,97.3385,99.0288,96.3171,106.48,-10.76,-2.01,-0.15,394311104.0,0,0,0,0,0,0,0,0,0,0,0,0,0,0,0,0,0,0,0,0
ACH,2026-09-24,0.73,1.075,1.8814,2.5442,5.51,-86.75,-31.78,-2.67,1134455.0,0,0,0,0,0,0,0,0,0,0,1,0,0,0,0,0,0,0,0,1
ACHC,2026-09-24,27.8,28.368,30.0396,23.693,35.61,-21.93,-1.28,-2.49,42416910.0,1,1,0,0,0,0,0,0,0,0,0,0,0,0,0,0,0,0,0,0
ACHR,2026-09-24,5.71,5.595,5.5738,6.3014,13.64,-58.14,5.74,0.0,132853955.0,0,0,0,1,1,1,0,0,0,0,0,0,0,0,0,0,0,0,0,0
ACHV,2026-09-24,7.83,7.8655,7.2348,5.3335,8.53,-8.21,5.53,0.0,12575112.0,1,1,0,0,1,0,0,0,0,0,0,0,0,0,0,0,0,0,0,0
ACI,2026-09-24,11.95,12.308,12.418,15.2739,18.9335,-36.88,-4.86,2.14,96670510.0,0,0,0,0,0,0,0,0,0,0,0,0,0,0,0,0,0,0,0,0
ACIC,2026-09-24,9.07,9.322,9.797,10.8691,12.2562,-26.0,-1.2,-0.44,2368883.0,0,0,0,0,0,0,0,0,0,0,0,0,0,0,0,0,0,0,0,1
ACIU,2026-09-24,2.66,2.7298,2.5407,2.8222,3.99,-33.33,0.38,-6.01,445405.0,0,0,0,0,1,0,0,0,0,0,0,0,0,0,0,0,0,0,0,0
ACIW,2026-09-24,49.62,51.8665,53.8794,46.5399,60.18,-17.55,-3.8,0.81,40040577.0,0,1,0,0,0,0,0,0,0,0,0,0,0,0,0,0,0,0,0,0
ACLS,2026-09-24,116.14,112.8585,125.416,118.4828,191.6,-39.38,11.94,-1.93,39221696.0,0,0,0,1,0,0,0,0,0,0,0,0,0,0,1,0,0,0,0,0
ACM,2026-09-24,58.52,64.52,67.085,80.8703,132.851,-55.95,-6.83,-4.77,136359941.0,0,0,0,0,0,0,0,0,0,0,0,0,0,0,0,0,0,0,0,1
ACMR,2026-09-24,76.18,72.3645,77.8077,65.5929,126.89,-39.96,17.53,-5.57,76731481.0,0,1,0,1,0,0,0,0,0,0,0,0,0,0,1,0,0,0,0,0
ACN,2026-09-24,177.41,185.852,173.7652,196.194,282.7142,-37.25,-6.45,-3.33,901624644.0,0,0,0,0,1,0,0,0,0,0,0,0,0,0,0,0,0,0,0,0
ACNB,2026-09-24,63.44,64.546,63.6994,53.9225,65.95,-3.81,-1.72,0.91,4994109.0,1,1,1,0,0,0,0,0,0,0,0,0,0,0,0,0,0,0,0,0
ACNT,2026-09-24,14.64,15.049,15.1544,14.9497,17.78,-17.66,-1.81,-0.41,461159.0,0,0,0,0,0,0,0,0,0,0,0,0,0,0,0,0,0,0,0,0
ACOG,2026-09-24,8.57,9.0575,8.846,6.7807,9.75,-12.1,2.02,-2.39,1126623.0,0,1,0,0,0,0,0,0,0,0,0,0,0,0,0,0,0,0,0,0
ACON,2026-09-24,2.63,2.494,2.4647,3.3246,9.69,-72.86,3.14,-10.54,139258.0,0,0,0,1,1,1,0,0,0,0,0,0,0,0,0,0,0,0,0,0
ACP,2026-09-24,4.46,4.7861,4.8986,4.9076,5.1344,-13.14,-2.95,-0.89,4237230.0,0,0,0,0,0,0,0,0,0,0,1,0,0,0,0,0,0,0,0,1
ACR,2026-09-24,10.96,13.51,15.0006,18.5375,24.04,-54.41,-17.78,-7.67,627700.0,0,0,0,0,0,0,0,0,0,0,1,0,0,0,0,0,0,0,0,1
ACRE,2026-09-24,4.15,4.437,4.5446,4.6722,5.3506,-22.44,-4.16,-1.66,1606656.0,0,0,0,0,0,0,0,0,0,0,1,0,0,0,0,0,0,1,0,0
ACRS,2026-09-24,5.38,5.7385,5.7752,4.3835,6.535,-17.67,1.13,2.28,14622054.0,0,1,0,0,0,0,0,0,0,0,0,0,0,0,0,0,0,0,0,0
ACRV,2026-09-24,2.12,2.0075,1.8802,1.8326,3.01,-29.57,24.71,2.91,583570.0,0,1,0,1,1,1,0,0,0,0,0,0,0,0,1,0,0,0,0,0
ACT,2026-09-24,47.25,48.8845,48.2669,43.0588,50.07,-5.63,-3.43,-1.05,20513356.0,0,1,0,0,0,0,0,0,0,0,0,0,0,0,0,0,0,0,0,0
ACTG,2026-09-24,4.31,4.498,4.5494,4.4508,5.16,-16.47,-5.07,-0.23,803424.0,0,0,0,0,0,0,0,0,0,0,0,0,0,0,0,0,0,0,0,0
ACTU,2026-09-24,0.62,1.2215,1.2063,2.9675,8.09,-92.34,-37.81,-15.3,647478.0,0,0,0,0,0,0,0,0,0,0,1,0,0,0,0,0,0,0,0,1
ACU,2026-09-24,63.31,62.1685,58.5838,47.0526,63.82,-0.8,2.18,0.88,2908679.0,1,1,1,1,1,1,0,0,0,0,0,0,0,0,0,0,0,0,0,0
ACV,2026-09-24,24.94,25.8164,26.3658,25.8873,27.8432,-10.43,-1.58,-1.23,617120.0,0,0,0,0,0,0,0,0,0,0,0,0,0,0,0,0,0,0,0,0
ACVA,2026-09-24,10.46,8.578,8.034,6.8081,10.48,-0.19,0.38,0.29,134367863.0,0,1,1,1,1,1,0,0,0,0,0,0,0,0,0,0,0,0,0,0
ACXP,2026-09-24,1.36,1.4017,1.4486,2.2589,8.1,-83.21,-1.45,-0.73,117360.0,0,0,0,0,0,0,0,0,0,0,0,0,0,0,0,0,0,0,0,0
AD,2026-09-24,34.49,37.0315,35.8762,37.2338,44.0514,-21.71,-9.0,-1.29,10263524.0,0,0,0,0,0,0,0,0,0,0,0,0,0,0,0,0,0,0,0,0
ADAC,2026-09-24,10.12,10.091,10.086,,10.12,0.0,0.3,0.0,333230.0,0,0,1,1,1,1,0,0,1,0,0,0,0,0,0,0,0,0,0,0
ADAG,2026-09-24,2.98,3.413,3.6344,3.3044,4.78,-37.66,-5.99,0.34,716561.0,0,0,0,0,0,0,0,0,0,0,0,0,0,0,0,0,0,0,0,0
ADAM,2026-09-24,8.14,9.0001,9.0757,7.9625,9.8859,-17.66,-6.09,-3.44,9524704.0,0,1,0,0,0,0,0,0,0,0,1,0,0,0,0,0,0,0,0,0
ADBE,2026-09-24,238.93,262.3805,257.4148,263.2022,360.37,-33.7,-5.44,-0.73,1498298742.0,0,0,0,0,0,0,0,0,0,0,0,0,0,0,0,0,0,0,0,0
ADC,2026-09-24,67.18,70.8784,74.3688,74.0908,80.5489,-16.6,-1.93,0.09,104595955.0,0,0,0,0,0,0,0,0,0,0,1,0,0,0,0,0,0,0,0,0
ADCT,2026-09-24,1.29,1.175,1.1468,2.7834,4.88,-73.57,22.86,-1.53,1945178.0,0,0,0,1,1,1,0,0,0,0,0,0,0,0,1,0,0,0,0,0
ADEA,2026-09-24,25.01,25.5587,26.5468,24.5962,33.5035,-25.35,0.36,-0.16,22260722.0,1,1,0,0,0,0,0,0,0,0,0,0,0,0,0,0,0,0,0,0
ADGM,2026-09-24,0.21,0.4969,0.5467,0.8657,2.36,-91.1,-57.92,-7.89,562036.0,0,0,0,0,0,0,0,0,0,0,1,0,0,0,0,0,0,1,0,1
ADI,2026-09-24,382.61,366.8337,372.1613,353.5358,444.1269,-13.85,5.68,-0.68,1251330499.0,0,1,0,1,1,0,0,0,0,0,0,0,0,0,0,0,0,0,0,0
ADIL,2026-09-24,4.44,5.535,4.5838,3.5562,10.5,-57.71,-15.27,9.9,292415.0,0,1,0,0,0,0,0,0,0,0,0,0,1,1,0,0,0,0,1,0
ADM,2026-09-24,81.88,84.2175,82.3092,72.9011,88.09,-7.05,-3.67,-0.33,327060126.0,1,1,0,0,0,0,0,0,0,0,0,0,0,0,0,0,0,0,0,0
ADMA,2026-09-24,9.52,9.3462,9.2316,12.0996,20.38,-53.29,6.97,-1.86,24747171.0,0,0,0,1,1,1,0,0,0,0,0,0,0,0,0,0,0,0,0,0
ADNT,2026-09-24,17.0,18.597,19.4802,20.8607,27.09,-37.25,-6.75,-4.92,17641978.0,0,0,0,0,0,0,0,0,0,0,0,0,0,0,0,0,0,0,0,1
ADP,2026-09-24,263.11,274.0661,268.1461,234.7442,285.6519,-7.89,-3.69,-0.22,607254072.0,0,1,0,0,0,0,0,0,0,0,0,0,0,0,0,0,0,0,0,0
ADPT,2026-09-24,29.57,25.968,24.735,18.1956,29.57,0.0,6.87,6.02,55632171.0,0,1,1,1,1,1,1,1,1,0,0,0,1,1,0,0,1,0,0,0
ADSE,2026-09-24,10.95,11.3935,11.6976,11.6422,12.88,-14.98,-2.23,-0.27,209346.0,0,0,0,0,0,0,0,0,0,0,0,0,0,0,0,0,0,0,0,0
ADSK,2026-09-24,211.35,229.545,233.619,242.117,324.86,-34.94,-4.07,-2.67,569169659.0,0,0,0,0,0,0,0,0,0,0,0,0,0,0,0,0,0,0,0,0
ADT,2026-09-24,6.36,7.0917,7.1996,7.1468,8.5675,-25.77,-9.53,0.32,54243801.0,0,0,0,0,0,0,0,0,0,0,1,0,0,0,0,0,0,0,0,0
ADTN,2026-09-24,6.94,7.334,8.3324,11.3755,19.4,-64.23,-2.12,-2.39,12001492.0,0,0,0,0,0,0,0,0,0,0,0,0,0,0,0,0,0,0,0,1
ADUR,2026-09-24,12.56,13.321,14.1505,13.1525,17.39,-27.77,2.36,-0.95,4390653.0,0,0,0,0,0,0,0,0,0,0,0,0,0,0,0,0,0,0,0,0
ADUS,2026-09-24,114.05,117.223,116.8288,105.6917,122.75,-7.09,-3.76,-0.77,25025342.0,1,1,0,0,0,0,0,0,0,0,0,0,0,0,0,0,0,0,0,0
ADV,2026-09-24,33.95,32.755,34.2798,29.2088,46.82,-27.49,1.49,1.22,1859968.0,0,1,0,1,0,0,0,0,0,0,0,0,0,0,0,0,0,0,0,0
ADVB,2026-09-24,6.31,8.3982,8.7675,6.225,18.98,-66.75,-18.26,-0.16,1219104.0,0,1,0,0,0,0,0,0,0,0,0,0,0,0,0,0,0,0,1,0
ADX,2026-09-24,25.8,25.847,25.8163,23.651,26.47,-2.53,1.82,-0.46,6748835.0,1,1,1,0,0,0,0,0,0,0,0,0,0,0,0,0,0,0,0,0
ADXN,2026-09-24,3.46,3.593,4.7954,6.4661,10.95,-68.4,2.98,0.29,152524.0,0,0,0,0,0,0,0,0,0,0,0,0,0,0,0,0,0,0,0,0
AEAQ,2026-09-24,10.08,10.0885,10.0594,,10.1,-0.2,0.0,0.0,499939.0,0,0,1,0,1,0,0,0,0,0,0,0,0,0,0,0,0,0,0,0
AEBI,2026-09-24,11.22,12.1885,12.5928,12.6611,15.5465,-27.83,-6.34,-3.28,4337352.0,0,0,0,0,0,0,0,0,0,0,0,0,0,0,0,0,0,0,0,0
AEC,2026-09-24,3.6,4.0545,4.2274,5.2724,10.88,-66.91,0.28,-1.91,170043.0,0,0,0,0,0,0,0,0,0,0,0,0,0,0,0,0,0,0,0,0
AEE,2026-09-24,99.2,104.2626,107.1057,106.3844,117.4865,-15.56,-3.73,-0.54,159346337.0,0,0,0,0,0,0,0,0,0,0,1,0,0,0,0,0,0,0,0,0
AEF,2026-09-24,9.59,9.469,9.0372,8.1535,9.79,-2.04,3.52,0.0,889988.0,1,1,1,1,1,1,0,0,0,0,0,0,0,0,0,0,0,0,0,0
AEG,2026-09-24,8.81,9.0112,9.0117,7.8626,9.2766,-5.03,-2.33,0.69,40490066.0,1,1,0,0,0,0,0,0,0,0,0,0,0,0,0,0,0,0,0,0
AEHL,2026-09-24,8.96,7.1785,7.5114,49.861,415.68,-97.84,-2.82,8.87,32679569.0,0,0,0,1,1,0,0,0,0,0,0,0,1,1,0,0,0,0,0,0
AEHR,2026-09-24,97.42,88.042,94.159,66.9218,145.61,-33.1,15.63,0.04,245266568.0,0,1,0,1,1,0,0,0,0,0,0,0,0,0,1,0,0,0,0,0
AEI,2026-09-24,0.754,1.1656,1.2041,1.8571,3.81,-80.21,-21.46,-2.58,47256.0,0,0,0,0,0,0,0,0,0,0,1,0,0,0,0,0,0,0,0,1
AEIS,2026-09-24,278.03,271.971,291.0351,302.7855,388.7937,-28.49,10.23,-0.5,148927565.0,0,0,0,1,0,0,0,0,0,0,0,0,0,0,1,0,0,0,0,0
AEM,2026-09-24,193.88,200.9111,180.9261,187.5835,251.013,-22.76,-0.86,-0.86,461489901.0,0,1,0,0,1,0,0,0,0,0,0,0,0,0,0,0,0,0,0,0
AEMD,2026-09-24,6.77,3.236,3.0666,8.8982,40.0,-83.08,-0.15,-0.59,40498722.0,0,0,0,1,1,1,0,0,0,0,0,0,0,0,0,0,0,0,0,0
AENT,2026-09-24,4.88,5.2588,5.5202,6.419,8.43,-42.11,-2.4,-2.01,2924550.0,0,0,0,0,0,0,0,0,0,0,0,0,0,0,0,0,0,0,0,0
AEO,2026-09-24,16.08,16.078,16.7444,19.2936,27.6649,-41.88,8.58,1.01,124637099.0,0,0,0,1,0,0,0,0,0,0,0,0,0,0,0,0,0,0,0,0
AEON,2026-09-24,0.26,0.2685,0.2637,0.7744,1.4,-81.43,5.69,-1.52,3799183.0,0,0,0,0,0,0,0,0,0,0,0,0,0,0,0,0,0,0,0,0
AEP,2026-09-24,117.57,122.2295,125.3607,125.4351,137.6421,-14.58,-2.59,-0.7,468846848.0,0,0,0,0,0,0,0,0,0,0,1,0,0,0,0,0,0,0,0,0
AER,2026-09-24,145.42,143.838,147.5404,143.4462,154.8241,-6.07,2.26,0.46,167962075.0,1,1,0,1,0,0,0,0,0,0,0,0,0,0,0,0,0,0,0,0
AERO,2026-09-24,15.58,15.1875,15.2626,16.903,22.91,-31.99,5.41,-1.39,5771427.0,0,0,0,1,1,0,0,0,0,0,0,0,0,0,0,0,0,0,0,0
AERT,2026-09-24,7.24,7.0065,6.8224,5.1873,7.37,-1.76,6.94,3.13,119260.0,0,1,1,1,1,1,0,0,0,0,0,0,1,0,0,0,0,0,0,0
AES,2026-09-24,14.85,14.7955,14.7336,14.3926,16.8672,-11.96,0.27,0.27,111678430.0,1,1,0,1,1,1,0,0,0,0,0,0,0,0,0,0,0,0,0,0
AESI,2026-09-24,10.99,13.1525,12.5814,13.3071,19.75,-44.35,-19.01,-4.6,38758842.0,0,0,0,0,0,0,0,0,0,0,0,0,0,0,0,0,0,0,0,0
AESP,2026-09-24,9.97,9.9755,9.9442,,,,0.0,0.0,196046.0,0,0,0,0,1,0,0,0,0,0,0,0,0,0,0,0,0,0,0,0
AEVA,2026-09-24,15.62,15.308,17.6222,17.3285,29.29,-46.67,8.47,2.63,23126442.0,0,0,0,1,0,0,0,0,0,0,0,0,0,0,0,0,0,0,0,0
AEXA,2026-09-24,11.19,11.355,11.4698,11.3476,11.91,-6.05,0.18,-0.09,838498.0,0,0,0,0,0,0,0,0,0,0,0,0,0,0,0,0,0,0,0,0
AEYE,2026-09-24,7.2,7.3965,6.8192,7.5354,15.37,-53.16,-0.14,0.84,1410493.0,0,0,0,0,1,0,0,0,0,0,0,0,0,0,0,0,0,0,0,0
AFB,2026-09-24,9.77,10.4048,10.7127,10.7021,11.3446,-13.88,-3.27,-1.01,938501.0,0,0,0,0,0,0,0,0,0,0,1,0,0,0,0,0,0,1,0,1
AFCG,2026-09-24,3.48,3.5065,3.1565,2.8772,3.8623,-9.9,0.29,-0.57,289972.0,1,1,0,0,1,0,0,0,0,0,0,0,0,0,0,0,0,0,0,0
AFG,2026-09-24,138.42,142.288,142.9528,133.6481,146.73,-5.66,-3.19,-0.87,54855572.0,1,1,0,0,0,0,0,0,0,0,0,0,0,0,0,0,0,0,0,0
AFJK,2026-09-24,12.185,12.1798,12.0902,33.1348,88.5,-86.23,0.29,0.37,362277.0,0,0,0,1,1,1,0,0,0,0,0,0,0,0,0,0,0,0,0,0
AFL,2026-09-24,114.01,116.18,119.9682,113.9335,128.9008,-11.55,-2.4,-1.06,273751564.0,1,1,0,0,0,0,0,0,0,0,0,0,0,0,0,0,0,0,0,0
AFRI,2026-09-24,11.1,11.0655,10.8175,10.2594,11.3,-1.77,0.45,0.54,286983.0,1,1,1,1,1,1,0,0,0,0,0,0,0,0,0,0,0,0,0,0
AFRM,2026-09-24,71.57,72.2875,74.1553,66.7188,85.78,-16.57,-0.01,5.11,465859239.0,1,1,0,0,0,0,0,0,0,0,0,0,1,1,0,0,0,0,0,0
AFYA,2026-09-24,13.73,14.079,14.0138,14.1736,15.86,-13.43,0.37,1.1,4561445.0,0,0,0,0,0,0,0,0,0,0,0,0,0,0,0,0,0,1,0,0
AG,2026-09-24,18.76,20.0345,18.7494,20.0748,31.9555,-41.29,-3.75,-1.52,190862172.0,0,0,0,0,1,0,0,0,0,0,0,0,0,0,0,0,0,0,0,0
AGBK,2026-09-24,5.81,6.389,6.5018,,12.0,-51.58,-6.14,-0.34,1100279.0,0,0,0,0,0,0,0,0,0,0,0,0,0,0,0,0,0,0,0,1
AGCC,2026-09-24,14.895,14.0355,14.5962,14.3165,23.96,-37.83,11.41,4.82,240914.0,0,1,0,1,1,0,0,0,0,0,0,0,1,0,1,0,0,0,0,0
AGCO,2026-09-24,116.21,121.237,113.3193,115.56,139.7081,-16.82,-3.07,-4.5,154805865.0,0,1,0,0,1,0,0,0,0,0,0,0,0,0,0,0,0,0,0,0
AGD,2026-09-24,11.86,11.9881,11.9781,11.4935,12.4754,-4.93,1.94,0.17,976530.0,1,1,1,0,0,0,0,0,0,0,0,0,0,0,0,0,0,0,0,0
AGEN,2026-09-24,8.5,7.6905,7.196,4.4199,8.5,0.0,17.89,1.19,6915825.0,0,1,1,1,1,1,0,0,1,0,0,0,0,0,1,0,0,0,0,0
AGI,2026-09-24,34.1,35.9816,33.3705,39.0643,55.1584,-38.18,-1.02,-1.13,125823289.0,0,0,0,0,1,0,0,0,0,0,0,0,0,0,0,0,0,0,0,0
AGIG,2026-09-24,1.28,1.1395,1.0254,1.6118,6.98,-81.66,14.29,0.0,163346.0,0,0,0,1,1,1,0,0,0,0,0,0,0,0,1,0,0,0,0,0
AGIO,2026-09-24,32.9,33.598,34.1604,30.811,45.49,-27.68,-0.15,-3.77,30636322.0,1,1,0,0,0,0,0,0,0,0,0,0,0,0,0,0,0,0,0,0
AGL,2026-09-24,75.83,89.421,96.1562,55.9336,129.84,-41.6,-15.42,-10.32,18654336.0,0,1,0,0,0,0,0,0,0,0,1,0,0,0,0,0,0,0,1,0
AGM,2026-09-24,218.79,221.4028,220.7393,181.9766,240.0226,-8.85,-0.84,0.75,24950988.0,1,1,0,0,0,0,0,0,0,0,0,0,0,0,0,0,0,0,0,0
AGMB,2026-09-24,10.58,13.1145,13.1888,,17.82,-40.63,-7.27,-1.76,2441001.0,0,0,0,0,0,0,0,0,0,0,0,0,0,0,0,0,0,0,0,0
AGMH,2026-09-24,0.764,0.8611,0.9388,1.2995,8.66,-91.18,21.08,-2.3,815903.0,0,0,0,0,0,0,0,0,0,0,0,0,0,0,1,0,0,0,0,0
AGNC,2026-09-24,9.62,10.2845,10.5304,10.2348,11.1799,-13.95,-2.93,-2.93,350380412.0,0,0,0,0,0,0,0,0,0,0,1,0,0,0,0,0,0,0,0,0
AGNT,2026-09-24,3.53,3.9423,4.1375,6.0976,11.4646,-69.21,-9.49,-0.28,6780288.0,0,0,0,0,0,0,0,0,0,0,0,0,0,0,0,0,0,0,0,1
AGO,2026-09-24,68.4,72.9825,77.1669,80.9983,90.8566,-24.72,-4.05,-0.86,36989624.0,0,0,0,0,0,0,0,0,0,0,1,0,0,0,0,0,0,0,0,1
AGPU,2026-09-24,11.35,10.8835,9.4824,6.1015,18.0,-36.94,3.28,-1.26,3501032.0,0,1,0,1,1,1,0,0,0,0,0,0,0,0,0,0,0,0,0,0
AGRO,2026-09-24,10.63,11.5335,10.6424,10.6805,15.18,-29.97,-8.52,-2.03,9159990.0,0,0,0,0,0,0,0,0,0,0,0,0,0,0,0,0,0,0,0,0
AGRZ,2026-09-24,0.2,0.2292,0.2721,0.5026,6.23,-96.79,-13.04,-17.7,2407025.0,0,0,0,0,0,0,0,0,0,0,0,0,0,0,0,0,0,0,0,1
AGX,2026-09-24,361.06,405.759,499.8948,514.3057,797.8958,-54.75,-8.3,-3.56,183265860.0,0,0,0,0,0,0,0,0,0,0,1,0,0,0,0,0,0,0,0,0
AGYS,2026-09-24,99.68,108.381,108.445,93.5497,141.12,-29.37,-5.48,-1.48,23706180.0,0,1,0,0,0,0,0,0,0,0,0,0,0,0,0,0,0,0,0,0
AHCO,2026-09-24,5.57,5.8605,7.235,9.7622,13.38,-58.37,-5.75,-2.28,16605900.0,0,0,0,0,0,0,0,0,0,0,0,0,0,0,0,0,0,0,0,0
AHG,2026-09-24,0.76,0.8241,1.1398,1.5425,2.5,-69.6,2.01,-1.3,10893.0,0,0,0,0,0,0,0,0,0,0,0,0,0,0,0,0,0,0,0,0
AHMA,2026-09-24,1.35,1.369,1.5003,4.8129,37.11,-96.36,6.3,2.27,2519626.0,0,0,0,0,0,0,0,0,0,0,0,0,0,0,0,0,0,0,0,0
AHR,2026-09-24,52.31,54.243,55.1284,50.6183,57.72,-9.37,-1.56,1.18,168017569.0,0,1,0,0,0,0,0,0,0,0,0,0,0,0,0,0,0,0,0,0
AHRT,2026-09-24,6.06,6.378,6.6904,6.3736,7.18,-15.6,-3.19,1.85,4550904.0,0,0,0,0,0,0,0,0,0,0,0,1,0,0,0,0,0,0,0,0
AHT,2026-09-24,2.54,3.029,3.1532,3.2813,6.01,-57.74,-13.31,-0.78,55889.0,0,0,0,0,0,0,0,0,0,0,1,0,0,0,0,0,0,0,0,1
AI,2026-09-24,10.76,10.587,9.9314,10.4221,19.66,-45.27,1.89,-0.92,58466867.0,1,1,0,1,1,1,0,0,0,0,0,0,0,0,0,0,0,0,0,0
AIAI,2026-09-24,3.33,3.623,4.7854,,,,-2.63,1.83,1829544.0,0,0,0,0,0,0,0,0,0,0,0,0,0,0,0,0,0,0,0,0
AIB,2026-09-24,1.42,1.309,1.5616,,3.61,-60.66,-0.7,-2.74,1406327.0,0,0,0,1,0,0,0,0,0,0,0,0,0,0,0,0,0,0,0,0
AIBZ,2026-09-24,4.31,4.6665,5.7496,,,,5.38,-5.9,1779187.0,0,0,0,0,0,0,0,0,0,0,0,0,0,0,0,0,0,0,0,0
AIDX,2026-09-24,0.42,0.5425,0.512,,23.85,-98.24,-12.5,-2.33,34784.0,0,0,0,0,0,0,0,0,0,0,1,0,0,0,0,0,0,0,0,0
AIFA,2026-09-24,4.2,3.0855,2.6059,2.3554,6.06,-30.69,45.83,18.98,186869.0,0,1,0,1,1,1,1,1,0,0,0,0,1,1,1,1,1,1,0,0
AIFC,2026-09-24,0.54,0.5355,0.4988,1.0244,3.77,-85.68,10.2,-1.82,355598.0,0,0,0,1,1,1,0,0,0,0,0,0,0,0,1,0,0,0,0,0
AIFF,2026-09-24,1.19,1.104,1.1128,1.3742,3.05,-60.98,27.96,3.48,934961.0,0,0,0,1,1,0,0,0,0,0,0,0,1,0,1,0,0,0,0,0
AIFU,2026-09-24,9.1,15.59,24.9394,37.0575,122.2,-92.55,-15.35,-10.52,778539.0,0,0,0,0,0,0,0,0,0,0,1,0,0,0,0,0,0,0,0,1
AIG,2026-09-24,74.82,75.4663,76.7272,76.3287,84.9512,-11.93,-1.64,-1.01,325049152.0,0,0,0,0,0,0,0,0,0,0,0,0,0,0,0,0,0,0,0,0
AII,2026-09-24,25.33,26.043,23.2696,19.5848,26.77,-5.38,-3.17,1.44,5706795.0,1,1,0,0,1,0,0,0,0,0,0,0,0,0,0,0,0,0,0,0
AIIA,2026-09-24,10.28,10.24,10.2165,10.1008,10.28,0.0,0.29,0.0,529771.0,0,1,1,1,1,1,0,0,1,0,0,0,0,0,0,0,0,0,0,0
AIIO,2026-09-24,1.45,1.8225,2.5719,3.3766,52.4,-97.23,-5.84,-3.33,1210522.0,0,0,0,0,0,0,0,0,0,0,1,0,0,0,0,0,0,0,0,0
AIIR,2026-09-24,7.47,7.392,6.9044,8.9028,15.0,-50.2,4.33,-0.27,44664.0,0,0,0,1,1,1,0,0,0,0,0,0,0,0,0,0,0,0,0,0
AIM,2026-09-24,0.2,0.226,0.2422,0.638,2.7934,-92.84,-4.76,-4.76,2855466.0,0,0,0,0,0,0,0,0,0,0,0,0,0,0,0,0,0,0,0,1
AIMD,2026-09-24,1.44,1.4498,1.4617,1.7192,4.25,-66.12,4.35,3.23,468567.0,0,0,0,0,0,0,0,0,0,0,0,0,1,0,0,0,0,1,0,0
AIN,2026-09-24,60.64,59.6609,64.3653,60.0072,75.9046,-20.11,0.73,-0.21,16489463.0,1,1,0,1,0,0,0,0,0,0,0,0,0,0,0,0,0,0,0,0
AIO,2026-09-24,24.78,25.2874,25.4794,23.6247,27.8012,-10.87,3.25,-0.68,1649612.0,1,1,0,0,0,0,0,0,0,0,0,0,0,0,0,0,0,0,0,0
AIOS,2026-09-24,12.425,13.8442,13.2215,17.7186,85.8,-85.52,-12.56,-5.87,1076191.0,0,0,0,0,0,0,0,0,0,0,0,0,0,0,0,0,0,0,0,0
AIOT,2026-09-24,2.83,2.9725,3.3842,3.8836,5.65,-49.91,-6.6,-2.41,4039693.0,0,0,0,0,0,0,0,0,0,0,0,0,0,0,0,0,0,0,0,0
AIP,2026-09-24,24.19,22.1765,26.2206,24.3898,48.59,-50.22,15.91,0.0,16191446.0,0,0,0,1,0,0,0,0,0,0,0,0,0,0,1,0,0,0,0,0
AIR,2026-09-24,120.56,123.8595,133.4084,116.4213,153.71,-21.57,2.84,0.92,45889907.0,1,1,0,0,0,0,0,0,0,0,0,0,0,0,0,0,0,0,0,0
AIRE,2026-09-24,1.36,1.503,1.4816,5.3534,24.65,-94.48,-3.55,-1.45,59986.0,0,0,0,0,0,0,0,0,0,0,0,0,0,0,0,0,0,0,0,0
AIRG,2026-09-24,5.25,5.2645,5.4891,5.4512,7.39,-28.96,-1.5,0.19,239375.0,0,0,0,0,0,0,0,0,0,0,0,0,0,0,0,0,0,0,0,0
AIRI,2026-09-24,2.57,2.6295,2.6132,3.0085,3.54,-27.4,-4.81,-2.28,32650.0,0,0,0,0,0,0,0,0,0,0,0,0,0,0,0,0,0,0,0,0
AIRJ,2026-09-24,4.05,4.3735,4.7324,3.9336,6.59,-38.54,-0.74,-2.17,3868305.0,0,1,0,0,0,0,0,0,0,0,0,0,0,0,0,0,0,0,0,0
AIRO,2026-09-24,7.21,7.3015,7.5701,8.5816,20.08,-64.09,0.28,0.7,3075102.0,0,0,0,0,0,0,0,0,0,0,0,0,0,0,0,0,0,0,0,0
AIRS,2026-09-24,2.03,2.4325,3.3684,3.2213,11.65,-82.58,-3.56,-6.02,2310328.0,0,0,0,0,0,0,0,0,0,0,0,0,0,0,0,0,0,0,0,0
AIRT,2026-09-24,28.66,30.8895,29.7386,23.9004,34.26,-16.35,-3.83,-2.45,1268765.0,0,1,0,0,0,0,0,0,0,0,0,0,0,0,0,0,0,0,0,0
AISP,2026-09-24,1.89,2.0063,1.9992,2.5253,6.98,-72.92,-3.32,-2.58,440441.0,0,0,0,0,0,0,0,0,0,0,0,0,0,0,0,0,0,0,0,0
AIT,2026-09-24,332.02,324.1165,337.5496,299.9918,361.95,-8.27,5.37,-0.43,99060693.0,1,1,0,1,0,0,0,0,0,0,0,0,0,0,0,0,0,0,0,0
AIV,2026-09-24,2.18,2.397,2.5468,2.8609,3.1332,-30.42,-3.11,-0.91,4564124.0,0,0,0,0,0,0,0,0,0,0,1,0,0,0,0,0,0,0,0,0
AIXC,2026-09-24,1.42,0.9422,0.8883,1.401,6.01,-76.37,47.92,-14.46,541011.0,0,1,0,1,1,1,0,0,0,0,0,0,0,0,1,0,0,0,0,0
AIXI,2026-09-24,1.88,1.7179,1.3017,6.7861,39.0,-95.18,-10.26,-1.05,1688769.0,0,0,0,1,1,1,0,0,0,0,0,0,0,0,0,0,0,1,0,0
AIZ,2026-09-24,261.86,281.3576,280.9578,247.6238,300.641,-12.9,-7.65,-1.91,98798746.0,0,1,0,0,0,0,0,0,0,0,1,0,0,0,0,0,0,0,0,0
AJG,2026-09-24,227.13,250.1913,251.9898,232.2456,306.8697,-25.98,-6.83,-1.09,348980699.0,0,0,0,0,0,0,0,0,0,0,0,0,0,0,0,0,0,0,0,0
AKA,2026-09-24,10.93,10.7391,10.8559,10.5988,14.9,-26.64,5.0,0.37,39782.0,1,1,0,1,1,0,0,0,0,0,0,0,0,0,0,0,0,0,0,0
AKAM,2026-09-24,110.41,108.1125,113.4042,110.8133,161.14,-31.48,5.68,-6.78,375589283.0,0,0,0,1,0,0,0,0,0,0,0,0,0,0,0,0,0,0,0,0
AKAN,2026-09-24,3.13,3.3058,4.8716,9.9303,107.4324,-97.09,6.46,0.64,7973851.0,0,0,0,0,0,0,0,0,0,0,0,0,0,0,0,0,0,0,0,0
AKBA,2026-09-24,0.919,0.9436,1.0338,1.2533,3.17,-71.01,2.57,-1.5,7629450.0,0,0,0,0,0,0,0,0,0,0,0,0,0,0,0,0,0,0,0,0
AKR,2026-09-24,19.21,19.9935,20.95,20.6385,22.72,-15.45,-1.03,0.52,27295282.0,0,0,0,0,0,0,0,0,0,0,1,0,0,0,0,0,0,0,0,0
AKTS,2026-09-24,19.63,24.056,24.1066,,32.23,-39.09,-13.56,-0.46,10957784.0,0,0,0,0,0,0,0,0,0,0,1,0,0,0,0,0,0,0,0,0
AKTX,2026-09-24,10.06,10.2663,9.1536,9.4901,44.8,-77.54,-0.59,4.14,999005.0,1,1,0,0,1,0,0,0,0,0,0,0,1,0,0,0,0,0,0,0
ALAB,2026-09-24,360.51,300.184,304.1321,235.2668,483.02,-25.36,22.81,0.01,1215408332.0,0,1,0,1,1,0,0,0,0,0,0,0,0,0,1,0,0,0,0,0
ALAR,2026-09-24,1.71,1.76,1.827,6.0228,16.25,-89.48,-20.09,-5.52,361678.0,0,0,0,0,0,0,0,0,0,0,0,0,0,0,0,0,0,0,0,0
ALB,2026-09-24,108.25,123.1562,124.0741,155.2142,214.3488,-49.5,-1.11,-4.6,298959050.0,0,0,0,0,0,0,0,0,0,0,0,0,0,0,0,0,0,0,0,0
ALC,2026-09-24,64.56,68.6255,70.0744,73.579,86.7552,-25.58,-2.62,-1.27,104357637.0,0,0,0,0,0,0,0,0,0,0,0,0,0,0,0,0,0,0,0,0
ALCO,2026-09-24,38.86,39.7105,39.604,40.0043,44.4064,-12.49,-1.37,-1.42,836063.0,0,0,0,0,0,0,0,0,0,0,0,0,0,0,0,0,0,0,0,0
ALDF,2026-09-24,10.83,10.8075,10.7695,10.6287,10.83,0.0,0.09,0.09,521003.0,0,1,1,1,1,1,1,1,1,0,0,0,0,0,0,0,1,0,0,0
ALDX,2026-09-24,1.22,1.4353,1.5262,2.7964,5.74,-78.75,-10.95,-9.63,902449.0,0,0,0,0,0,0,0,0,0,0,1,0,0,0,0,0,0,0,0,1
ALEC,2026-09-24,1.92,2.218,1.9606,1.9728,3.32,-42.17,-0.26,-4.95,3131844.0,0,0,0,0,0,0,0,0,0,0,0,0,0,0,0,0,0,0,0,0
ALF,2026-09-24,10.92,10.884,10.8578,10.7903,10.95,-0.27,1.11,0.0,2873.0,1,1,1,1,1,1,0,0,0,0,0,0,0,0,0,0,0,0,0,0
ALG,2026-09-24,159.03,167.497,165.3102,171.3964,217.5923,-26.91,-5.58,-3.41,32243484.0,0,0,0,0,0,0,0,0,0,0,0,0,0,0,0,0,0,0,0,0
ALGM,2026-09-24,35.13,35.329,40.1229,39.9715,69.62,-49.54,6.39,0.06,75702033.0,0,0,0,0,0,0,0,0,0,0,0,0,0,0,0,0,0,0,0,0
ALGN,2026-09-24,145.63,153.218,164.2894,170.8466,197.51,-26.27,-3.2,-1.71,138240533.0,0,0,0,0,0,0,0,0,0,0,0,0,0,0,0,0,0,0,0,0
ALGS,2026-09-24,5.55,5.799,5.7505,6.9082,13.295,-58.25,9.9,-0.18,311386.0,0,0,0,0,0,0,0,0,0,0,0,0,0,0,0,0,0,0,0,0
ALGT,2026-09-24,76.84,77.663,87.2264,89.3438,119.16,-35.52,-2.29,-0.54,39058783.0,0,0,0,0,0,0,0,0,0,0,0,0,0,0,0,0,0,0,0,0
ALH,2026-09-24,21.37,22.0635,24.1736,23.5273,28.01,-23.71,-0.84,1.42,23022256.0,0,0,0,0,0,0,0,0,0,0,0,0,0,0,0,0,0,0,0,0
ALHC,2026-09-24,7.67,11.3812,14.0763,18.3603,24.56,-68.77,-11.84,-2.42,103543282.0,0,0,0,0,0,0,0,0,0,0,1,0,0,0,0,0,0,0,0,1
ALIS,2026-09-24,10.34,10.2808,10.2212,10.0732,10.34,0.0,0.49,0.0,235509.0,0,1,1,1,1,1,0,0,1,0,0,0,0,0,0,0,0,0,0,0
ALIT,2026-09-24,11.28,13.03,15.3404,19.9718,65.2502,-82.71,-5.21,-10.05,5392804.0,0,0,0,0,0,0,0,0,0,0,0,0,0,0,0,0,0,0,0,0
ALK,2026-09-24,40.03,40.971,44.1784,45.8095,60.21,-33.52,0.88,0.83,100242526.0,0,0,0,0,0,0,0,0,0,0,0,0,0,0,0,0,0,0,0,0
ALKS,2026-09-24,40.79,45.923,48.5278,38.6617,55.22,-26.13,-11.46,-3.18,88805520.0,0,1,0,0,0,0,0,0,0,0,1,0,0,0,0,0,0,0,1,0
ALKT,2026-09-24,14.18,19.0635,18.9676,18.3174,25.68,-44.78,-25.13,-2.88,34850079.0,0,0,0,0,0,0,0,0,0,0,1,0,0,0,0,0,0,1,0,1
ALL,2026-09-24,227.17,252.7639,256.2062,222.2081,273.9698,-17.08,-10.86,0.67,459753575.0,0,1,0,0,0,0,0,0,0,0,1,0,0,0,0,0,0,0,1,0
ALLE,2026-09-24,152.48,154.2095,155.83,149.3803,177.7256,-14.2,-0.22,-1.04,219671284.0,1,1,0,0,0,0,0,0,0,0,0,0,0,0,0,0,0,0,0,0
ALLO,2026-09-24,1.67,1.842,1.903,1.9889,3.06,-45.42,-1.18,0.0,10312328.0,0,0,0,0,0,0,0,0,0,0,0,0,0,0,0,0,0,0,0,0
ALLR,2026-09-24,1.09,1.2653,1.2859,1.2404,1.77,-38.42,-5.63,4.81,138022.0,0,0,0,0,0,0,0,0,0,0,0,0,1,0,0,0,0,0,0,0
ALLT,2026-09-24,8.62,7.8535,7.8132,8.1844,11.5,-25.04,9.95,1.77,2511964.0,0,1,0,1,1,1,1,0,0,0,0,0,0,0,0,0,1,0,0,0
ALLY,2026-09-24,38.74,41.5745,42.9868,42.4204,46.924,-17.44,-3.89,0.41,142738053.0,0,0,0,0,0,0,0,0,0,0,1,0,0,0,0,0,0,0,0,0
ALM,2026-09-24,12.4,16.2037,15.0726,15.4754,23.42,-47.05,-7.94,-8.96,102153431.0,0,0,0,0,0,0,0,0,0,0,0,0,0,0,0,0,0,0,0,0
ALMR,2026-09-24,33.2,30.8745,29.6494,,,,13.0,3.3,13862638.0,0,0,0,1,1,1,0,0,0,0,0,0,1,0,1,0,0,0,0,0
ALMS,2026-09-24,7.29,11.827,20.6878,22.2746,30.3,-75.94,-8.19,-2.02,48787518.0,0,0,0,0,0,0,0,0,0,0,1,0,0,0,0,0,0,0,0,0
ALMU,2026-09-24,13.36,13.092,14.8857,17.6941,31.49,-57.57,-0.52,1.37,8420437.0,0,0,0,1,0,0,0,0,0,0,0,0,0,0,0,0,0,0,0,0
ALNT,2026-09-24,112.56,96.583,96.5357,76.1612,114.238,-1.47,18.78,-0.92,21719986.0,0,1,1,1,1,1,0,0,0,0,0,0,0,0,1,0,0,0,0,0
ALNY,2026-09-24,249.59,248.2435,245.386,308.8548,491.22,-49.19,4.27,1.25,396912399.0,0,0,0,1,1,1,0,0,0,0,0,0,0,0,0,0,0,0,0,0
ALOV,2026-09-24,10.0,9.9905,9.9754,,10.04,-0.4,0.1,-0.4,999984.0,0,0,1,1,1,1,0,0,0,0,0,0,0,0,0,0,0,0,0,0
ALOY,2026-09-24,8.52,9.3273,10.062,11.2947,25.88,-67.08,3.27,-1.73,18241506.0,0,0,0,0,0,0,0,0,0,0,0,0,0,0,0,0,0,0,0,0
ALP,2026-09-24,5.61,2.2721,1.0316,0.6337,10.91,-48.58,36.83,23.57,684454.0,0,1,0,1,1,1,1,1,0,0,0,0,1,1,1,1,1,0,0,0
ALPS,2026-09-24,0.4,0.3945,0.3974,0.7631,2.56,-84.37,0.0,0.0,30976.0,0,0,0,1,1,0,0,0,0,0,0,0,0,0,0,0,0,0,0,0
ALRM,2026-09-24,53.44,55.5255,55.1842,49.2332,57.6,-7.22,-3.68,0.17,24852227.0,0,1,0,0,0,0,0,0,0,0,0,0,0,0,0,0,0,0,0,0
ALRS,2026-09-24,32.21,32.974,33.0204,27.3878,34.12,-5.6,-2.51,1.38,5087746.0,1,1,0,0,0,0,0,0,0,0,0,0,0,0,0,0,0,0,0,0
ALSN,2026-09-24,112.74,123.9915,122.2263,116.4365,135.3582,-16.71,-4.97,-1.61,96947407.0,0,0,0,0,0,0,0,0,0,0,0,0,0,0,0,0,0,0,0,0
ALT,2026-09-24,3.04,3.246,3.0796,3.5357,6.18,-50.81,-6.17,-4.7,12423056.0,0,0,0,0,0,0,0,0,0,0,0,0,0,0,0,0,0,0,0,0
ALTG,2026-09-24,5.82,5.9465,6.417,6.3574,8.3,-29.88,0.0,-3.16,1207249.0,0,0,0,0,0,0,0,0,0,0,0,0,0,0,0,0,0,0,0,0
ALTI,2026-09-24,3.06,3.4393,3.6847,3.8787,5.19,-41.04,-3.16,0.66,703556.0,0,0,0,0,0,0,0,0,0,0,0,0,0,0,0,0,0,0,0,0
ALTO,2026-09-24,3.74,3.993,4.3656,4.146,5.99,-37.56,-6.97,0.27,5244961.0,0,0,0,0,0,0,0,0,0,0,0,0,0,0,0,0,0,0,0,0
ALUB,2026-09-24,10.12,10.1207,10.107,,10.15,-0.3,0.0,0.0,928412.0,0,0,1,0,1,0,0,0,0,0,0,0,0,0,0,0,0,0,0,0
ALV,2026-09-24,113.92,119.6233,120.3561,117.6434,130.7579,-12.88,-1.68,-1.28,78666810.0,0,0,0,0,0,0,0,0,0,0,0,0,0,0,0,0,0,0,0,0
ALVO,2026-09-24,5.88,5.3045,4.3921,4.1698,8.98,-34.52,15.29,1.2,6170260.0,0,1,0,1,1,1,0,0,0,0,0,0,0,0,1,0,0,0,0,0
ALX,2026-09-24,245.46,257.108,264.5724,241.7886,281.4503,-12.79,-0.34,-0.97,10662362.0,0,1,0,0,0,0,0,0,0,0,0,0,0,0,0,0,0,0,0,0
ALXO,2026-09-24,1.355,1.862,1.9477,1.8443,2.6,-47.88,-23.01,-7.82,1788951.0,0,0,0,0,0,0,0,0,0,0,1,0,0,0,0,0,0,0,0,0
ALZN,2026-09-24,1.82,1.7431,1.54,1.5793,2.61,-30.27,-0.55,-6.19,209906.0,0,1,0,1,1,1,0,0,0,0,0,0,0,0,0,0,0,0,0,0
AM,2026-09-24,21.23,22.0075,22.0506,20.8727,23.1155,-8.16,0.33,-0.7,51085654.0,0,1,0,0,0,0,0,0,0,0,0,0,0,0,0,0,0,0,0,0
AMAL,2026-09-24,47.21,47.893,48.6399,41.5781,51.08,-7.58,1.27,1.4,11987400.0,1,1,0,0,0,0,0,0,0,0,0,0,0,0,0,0,0,0,0,0
AMAN,2026-09-24,10.64,10.695,10.486,,,,-0.09,-0.37,82627.0,0,0,0,0,1,0,0,0,0,0,0,0,0,0,0,0,0,0,0,0
AMAT,2026-09-24,474.25,451.6775,491.4841,419.6122,722.2277,-34.34,13.62,-0.03,2892745401.0,0,1,0,1,0,0,0,0,0,0,0,0,0,0,1,0,0,0,0,0
AMBA,2026-09-24,69.86,67.0265,71.806,68.3702,95.51,-26.86,11.3,3.31,133961688.0,0,1,0,1,0,0,0,0,0,0,0,0,1,0,1,0,0,0,0,0
AMBO,2026-09-24,2.154,2.0786,2.1004,2.3861,5.75,-62.54,0.42,0.65,8023.0,0,0,0,1,1,0,0,0,0,0,0,0,0,0,0,0,0,1,0,0
AMBP,2026-09-24,4.31,4.8118,4.8476,4.2483,5.2506,-17.91,-8.69,-3.15,8583426.0,0,1,0,0,0,0,0,0,0,0,1,0,0,0,0,0,0,0,0,0
AMBQ,2026-09-24,68.92,61.336,64.364,49.9508,90.48,-23.83,15.06,-0.3,36339956.0,0,1,0,1,1,0,0,0,0,0,0,0,0,0,1,0,0,0,0,0
AMBR,2026-09-24,1.88,1.2351,1.2829,1.8725,3.84,-51.04,42.42,-2.08,1353854.0,0,1,0,1,1,0,0,0,0,0,0,0,0,0,1,0,0,0,0,0
AMC,2026-09-24,2.91,2.647,2.5612,1.8202,3.15,-7.62,7.38,1.39,72386167.0,0,1,0,1,1,1,0,0,0,0,0,0,0,0,0,0,0,0,0,0
AMCI,2026-09-24,3.13,3.5448,4.384,5.8194,18.496,-83.08,-0.32,-3.1,482626.0,0,0,0,0,0,0,0,0,0,0,0,0,0,0,0,0,0,0,0,0
AMCR,2026-09-24,42.1,43.7986,44.6646,41.6476,48.4112,-13.04,0.31,-1.64,147778790.0,0,1,0,0,0,0,0,0,0,0,0,0,0,0,0,0,0,0,0,0
AMCX,2026-09-24,12.03,12.218,11.6482,9.3612,12.85,-6.38,-0.91,0.25,7334212.0,1,1,0,0,1,0,0,0,0,0,0,0,0,0,0,0,0,0,0,0
AMD,2026-09-24,629.26,520.406,502.1192,362.706,629.26,0.0,15.44,2.38,11512928857.0,0,1,1,1,1,1,1,1,1,0,0,0,0,0,1,1,1,0,0,0
AME,2026-09-24,247.74,237.5024,241.7661,227.8991,258.1438,-4.03,6.7,0.52,340465196.0,0,1,1,1,1,0,0,0,0,0,0,0,0,0,0,0,0,0,0,0
AMG,2026-09-24,370.71,360.511,363.069,320.1667,383.4096,-3.31,8.14,1.24,101758092.0,1,1,1,1,1,0,0,0,0,0,0,0,0,0,0,0,0,0,0,0
AMGN,2026-09-24,406.04,407.521,401.5572,357.4694,444.12,-8.57,7.89,-0.01,1192928102.0,1,1,0,0,1,0,0,0,0,0,0,0,0,0,0,0,0,0,0,0
AMH,2026-09-24,30.67,31.9472,32.9433,31.0357,34.4468,-10.96,-2.26,-0.84,90502348.0,0,0,0,0,0,0,0,0,0,0,1,0,0,0,0,0,0,1,0,0
AMIX,2026-09-24,4.07,4.5913,5.6216,8.1272,26.46,-84.62,-1.21,2.26,1040716.0,0,0,0,0,0,0,0,0,0,0,0,0,0,0,0,0,0,0,0,0
AMKR,2026-09-24,52.69,49.1024,53.2124,56.7993,93.3782,-43.57,13.85,-1.18,204808937.0,0,0,0,1,0,0,0,0,0,0,0,0,0,0,1,0,0,0,0,0
AMLX,2026-09-24,30.14,33.4003,27.6753,17.9486,39.66,-24.0,-7.63,-1.52,57161074.0,0,1,0,0,1,0,0,0,0,0,0,0,0,0,0,0,0,0,0,0
AMN,2026-09-24,34.56,34.0805,34.0306,25.246,36.6,-5.57,-1.03,1.92,20727093.0,1,1,0,1,1,1,0,0,0,0,0,0,0,0,0,0,0,0,0,0
AMOD,2026-09-24,1.67,2.2175,3.3856,13.6122,48.4,-96.55,-9.24,0.6,892463.0,0,0,0,0,0,0,0,0,0,0,1,0,0,0,0,0,0,0,0,0
AMP,2026-09-24,485.15,547.0365,547.3003,490.3919,570.68,-14.99,-10.3,-3.51,314249048.0,0,0,0,0,0,0,0,0,0,0,1,0,0,0,0,0,0,0,0,0
AMPG,2026-09-24,3.44,3.4175,4.4532,3.8843,9.7,-64.54,2.99,1.78,3239795.0,0,0,0,1,0,0,0,0,0,0,0,0,0,0,0,0,0,0,0,0
AMPH,2026-09-24,26.27,23.505,21.5784,22.3538,29.4,-10.65,9.69,5.25,11767120.0,0,1,0,1,1,1,1,1,0,0,0,0,1,1,0,0,1,0,0,0
AMPL,2026-09-24,13.69,13.3833,11.8039,9.0491,14.3,-4.27,1.63,-0.47,22045723.0,1,1,1,1,1,1,0,0,0,0,0,0,0,0,0,0,0,0,0,0
AMPX,2026-09-24,9.69,9.6875,10.2362,13.5032,22.91,-57.7,6.48,-0.41,42997350.0,0,0,0,1,0,0,0,0,0,0,0,0,0,0,0,0,0,0,0,0
AMPY,2026-09-24,4.34,4.7375,4.439,4.9764,6.63,-34.54,-4.82,2.6,2683160.0,0,0,0,0,0,0,0,0,0,0,0,0,0,0,0,0,0,0,0,0
AMR,2026-09-24,172.01,207.8575,178.168,189.886,249.65,-31.1,-9.22,-4.65,70626473.0,0,0,0,0,0,0,0,0,0,0,0,0,0,0,0,0,0,0,0,0
AMRC,2026-09-24,21.67,22.832,23.4268,27.8545,43.23,-49.87,-5.21,-4.66,14894637.0,0,0,0,0,0,0,0,0,0,0,0,0,0,0,0,0,0,0,0,0
AMRN,2026-09-24,13.43,13.8785,13.9916,14.6075,20.25,-33.68,-2.96,-2.11,806242.0,0,0,0,0,0,0,0,0,0,0,0,0,0,0,0,0,0,0,0,1
AMRX,2026-09-24,19.805,17.9238,17.9973,14.7308,20.16,-1.76,9.54,2.46,44110048.0,0,1,1,1,1,0,0,0,0,0,0,0,0,0,0,0,0,0,0,0
AMRZ,2026-09-24,37.23,41.0785,45.3213,52.4876,65.0555,-42.77,-3.05,-1.77,175972648.0,0,0,0,0,0,0,0,0,0,0,1,0,0,0,0,0,0,0,0,1
AMS,2026-09-24,1.46,1.452,1.4772,1.7207,3.04,-51.97,2.82,0.69,11758.0,0,0,0,1,0,0,0,0,0,0,0,0,0,0,0,0,0,0,0,0
AMSC,2026-09-24,30.42,29.2835,30.4964,35.7253,66.68,-54.38,4.36,-2.03,20593702.0,0,0,0,1,0,0,0,0,0,0,0,0,0,0,0,0,0,0,0,0
AMSF,2026-09-24,23.83,25.0089,27.3176,31.8053,40.5324,-41.21,-3.56,-2.22,13708915.0,0,0,0,0,0,0,0,0,0,0,1,0,0,0,0,0,0,0,0,1
AMSS,2026-09-24,0.68,0.7555,0.9694,,,,3.03,-6.85,77100.0,0,0,0,0,0,0,0,0,0,0,1,0,0,0,0,0,0,0,0,0
AMST,2026-09-24,1.05,1.053,1.0268,1.5126,3.73,-71.85,2.94,0.96,144961.0,0,0,0,0,1,0,0,0,0,0,0,0,0,0,0,0,0,1,0,0
AMT,2026-09-24,167.26,174.9795,172.936,175.3878,192.2845,-13.01,-5.18,-2.06,428535000.0,0,0,0,0,0,0,0,0,0,0,0,0,0,0,0,0,0,0,0,0
AMTB,2026-09-24,29.3,29.203,28.6859,23.7842,30.4857,-3.89,-0.41,2.13,10024051.0,1,1,1,1,1,1,0,0,0,0,0,0,0,0,0,0,0,0,0,0
AMTD,2026-09-24,0.709,0.7457,0.7733,0.9512,1.33,-46.69,-0.14,-1.53,4399.0,0,0,0,0,0,0,0,0,0,0,0,0,0,0,0,0,0,1,0,1
AMTM,2026-09-24,19.4,19.9215,21.1502,25.9383,37.53,-48.31,-2.41,-1.57,33049454.0,0,0,0,0,0,0,0,0,0,0,0,0,0,0,0,0,0,0,0,0
AMTX,2026-09-24,1.77,1.9025,1.7709,1.9598,3.66,-51.64,-6.84,-6.84,1611366.0,0,0,0,0,0,0,0,0,0,0,0,0,0,0,0,0,0,0,0,0
AMUB,2026-09-24,22.433,23.4144,23.0654,21.2014,23.87,-6.02,-2.67,-0.45,10931.0,0,1,0,0,0,0,0,0,0,0,0,0,0,0,0,0,0,0,0,0
AMWL,2026-09-24,13.47,12.9245,12.3192,7.7983,13.87,-2.88,1.05,1.97,1326523.0,0,1,1,1,1,1,0,0,0,0,0,0,0,0,0,0,0,0,0,0
AMZE,2026-09-24,0.133,0.1557,0.2602,1.6243,27.04,-99.51,-6.34,-2.92,1637284.0,0,0,0,0,0,0,0,0,0,0,1,0,0,0,0,0,0,0,0,0
AMZN,2026-09-24,249.38,254.6355,256.1794,240.7339,284.02,-12.2,-0.72,0.04,9030031821.0,1,1,0,0,0,0,0,0,0,0,0,0,0,0,0,0,0,0,0,0
AN,2026-09-24,162.89,194.9965,202.5528,200.4535,229.98,-29.17,-16.62,-1.31,113147303.0,0,0,0,0,0,0,0,0,0,0,1,0,0,0,0,0,0,0,0,1
ANAB,2026-09-24,51.7,55.303,55.5032,48.0761,69.81,-25.94,-4.81,1.83,28281149.0,0,1,0,0,0,0,0,0,0,0,0,0,0,0,0,0,0,0,0,0
ANDE,2026-09-24,66.79,68.9575,70.1702,67.4012,80.87,-17.41,-6.5,-0.89,28571448.0,0,0,0,0,0,0,0,0,0,0,0,0,0,0,0,0,0,0,0,0
ANDG,2026-09-24,53.37,54.964,50.134,,57.45,-7.1,-2.98,-1.08,22914492.0,0,0,0,0,1,0,0,0,0,0,0,0,0,0,0,0,0,0,0,0
ANET,2026-09-24,205.7,196.158,188.8078,156.2689,210.5,-2.28,4.13,1.1,971662531.0,0,1,1,1,1,1,0,0,0,0,0,0,0,0,0,0,0,0,0,0
ANF,2026-09-24,134.3,142.0255,119.3776,100.3736,152.08,-11.69,-4.0,1.55,359932860.0,0,1,0,0,1,0,0,0,0,0,0,0,0,0,0,0,0,0,0,0
ANGH,2026-09-24,3.65,3.5269,3.4859,3.3929,5.9,-38.14,-5.68,-6.29,111679.0,0,1,0,1,1,1,0,0,0,0,0,0,0,0,0,0,0,0,0,0
ANGI,2026-09-24,5.16,4.946,5.1846,7.7098,16.74,-69.18,-2.46,2.18,4254823.0,0,0,0,1,0,0,0,0,0,0,0,0,0,0,0,0,0,0,0,0
ANGO,2026-09-24,15.28,15.516,15.1844,12.4033,16.13,-5.27,-1.16,-1.48,6475309.0,1,1,0,0,1,0,0,0,0,0,0,0,0,0,0,0,0,0,0,0
ANGX,2026-09-24,4.86,4.859,4.501,3.797,9.32,-47.85,-8.3,0.21,9425543.0,1,1,0,1,1,1,0,0,0,0,0,0,0,0,0,0,0,0,0,0
ANIK,2026-09-24,20.23,20.941,19.645,14.6132,22.03,-8.17,-2.93,-0.74,1750381.0,0,1,0,0,1,0,0,0,0,0,0,0,0,0,0,0,0,0,0,0
ANIP,2026-09-24,74.04,72.994,76.0692,78.7834,95.38,-22.37,0.61,-0.52,30867770.0,0,0,0,1,0,0,0,0,0,0,0,0,0,0,0,0,0,0,0,0
ANIX,2026-09-24,2.78,2.983,3.2736,3.0636,5.22,-46.74,6.92,1.09,1095317.0,0,0,0,0,0,0,0,0,0,0,0,0,0,0,0,0,0,0,0,0
ANL,2026-09-24,15.83,14.988,13.7786,9.8382,16.6,-4.64,2.0,0.51,2673386.0,0,1,1,1,1,1,0,0,0,0,0,0,0,0,0,0,0,0,0,0
ANNA,2026-09-24,2.76,3.0858,2.9759,3.4036,10.24,-73.05,-12.38,0.36,940747.0,0,0,0,0,0,0,0,0,0,0,0,0,0,0,0,0,0,0,0,0
ANNX,2026-09-24,3.8,4.4445,4.9811,5.3847,6.96,-45.4,-3.31,-1.81,12861164.0,0,0,0,0,0,0,0,0,0,0,1,0,0,0,0,0,0,0,0,0
ANPA,2026-09-24,2.07,3.0677,3.7355,17.1135,157.89,-98.69,-8.0,5.08,1141561.0,0,0,0,0,0,0,0,0,0,0,1,0,1,1,0,0,0,0,0,0
ANRO,2026-09-24,27.18,32.959,30.9696,23.2954,36.64,-25.82,-9.4,-1.16,17979966.0,0,1,0,0,0,0,0,0,0,0,0,0,0,0,0,0,0,0,0,0
ANTA,2026-09-24,2.915,3.5506,3.6813,7.0779,13.55,-78.49,-15.51,-5.97,19896.0,0,0,0,0,0,0,0,0,0,0,0,0,0,0,0,0,0,0,0,1
ANTX,2026-09-24,4.89,5.4635,5.462,3.634,6.28,-22.13,-8.43,1.24,1300826.0,0,1,0,0,0,0,0,0,0,0,0,0,0,0,0,0,0,0,0,0
ANVS,2026-09-24,1.33,1.3675,1.6158,2.2747,5.1,-73.92,27.88,4.72,1742191.0,0,0,0,0,0,0,0,0,0,0,0,0,1,0,1,0,0,0,0,0
AOD,2026-09-24,10.24,10.4652,10.4093,9.6782,10.7172,-4.45,-0.02,-1.06,4647006.0,1,1,1,0,0,0,0,0,0,0,0,0,0,0,0,0,0,0,0,0
AOMR,2026-09-24,7.46,8.1055,8.3887,8.1138,8.9009,-16.19,-6.75,-1.58,1270717.0,0,0,0,0,0,0,0,0,0,0,1,0,0,0,0,0,0,0,0,0
AON,2026-09-24,276.09,313.7825,340.6478,333.2322,380.3929,-27.42,-8.14,-1.96,640147775.0,0,0,0,0,0,0,0,0,0,0,1,0,0,0,0,0,0,0,0,1
AORT,2026-09-24,23.03,25.256,26.232,32.4589,47.63,-51.65,-7.95,-2.12,16342585.0,0,0,0,0,0,0,0,0,0,0,0,0,0,0,0,0,0,0,0,0
AOS,2026-09-24,57.7,58.561,60.3253,64.1462,79.5335,-27.45,1.42,-0.07,85352329.0,0,0,0,0,0,0,0,0,0,0,0,0,0,0,0,0,0,0,0,0
AOSL,2026-09-24,27.31,25.341,28.9232,29.8447,53.32,-48.78,10.57,-1.44,14414989.0,0,0,0,1,0,0,0,0,0,0,0,0,0,0,1,0,0,0,0,0
AOUT,2026-09-24,17.03,13.7865,13.0902,10.3258,17.03,0.0,10.3,3.15,5214490.0,0,1,1,1,1,1,1,1,1,0,0,0,1,0,1,1,1,0,0,0
AP,2026-09-24,8.67,8.482,8.592,8.1912,12.2,-28.93,6.91,2.97,599506.0,1,1,0,1,1,0,0,0,0,0,0,0,0,0,0,0,0,0,0,0
APA,2026-09-24,43.68,44.0805,40.532,34.4543,47.41,-7.87,-2.48,-0.05,244259537.0,1,1,0,0,1,0,0,0,0,0,0,0,0,0,0,0,0,0,0,0
APAC,2026-09-24,10.26,10.244,10.2137,10.0914,10.26,0.0,0.34,0.0,37631.0,1,1,1,1,1,1,0,0,1,0,0,0,0,0,0,0,0,0,0,0
APAM,2026-09-24,35.78,39.4765,40.1113,37.919,43.64,-18.01,-1.51,0.45,31430675.0,0,0,0,0,0,0,0,0,0,0,1,0,0,0,0,0,0,0,0,0
APC,2026-09-24,16.77,18.4325,18.9782,,20.9974,-20.13,-9.84,-1.18,2593128.0,0,0,0,0,0,0,0,0,0,0,0,0,0,0,0,0,0,0,0,0
APD,2026-09-24,284.49,295.698,298.0502,282.3566,314.19,-9.45,-0.9,-0.86,328762385.0,0,1,0,0,0,0,0,0,0,0,0,0,0,0,0,0,0,0,0,0
APEI,2026-09-24,42.71,44.7825,46.8846,48.6644,60.86,-29.82,-3.89,3.21,10885155.0,0,0,0,0,0,0,0,0,0,0,0,1,1,0,0,0,0,0,0,0
APG,2026-09-24,37.83,38.5885,40.0716,41.8869,49.4,-23.42,2.91,0.03,143597648.0,0,0,0,0,0,0,0,0,0,0,0,0,0,0,0,0,0,0,0,0
APH,2026-09-24,83.08,80.3195,80.02,73.3262,88.0235,-5.62,7.7,1.08,962356310.0,0,1,0,1,1,1,0,0,0,0,0,0,0,0,0,0,0,0,0,0
API,2026-09-24,4.27,4.116,4.1614,4.1141,5.26,-18.82,6.75,-1.39,567575.0,0,1,0,1,1,0,0,0,0,0,0,0,0,0,0,0,0,0,0,0
APLD,2026-09-24,27.06,26.2615,27.6183,32.2488,49.65,-45.5,2.58,-0.62,417063823.0,0,0,0,1,0,0,0,0,0,0,0,0,0,0,0,0,0,0,0,0
APLE,2026-09-24,16.11,15.739,16.1073,13.6807,16.9057,-4.71,4.41,1.77,40324178.0,1,1,1,1,1,0,0,0,0,0,0,0,0,0,0,0,0,0,0,0
APLM,2026-09-24,23.48,24.9233,21.7876,18.489,36.65,-35.93,6.22,0.34,231730.0,0,1,0,0,1,0,0,0,0,0,0,0,0,0,0,0,0,0,0,0
APMC,2026-09-24,9.96,9.9655,9.9348,,,,-0.1,0.0,48315.0,0,0,0,0,1,0,0,0,0,0,0,0,0,0,0,0,0,0,0,0
APO,2026-09-24,120.69,129.763,128.6603,126.6528,150.8032,-19.97,-3.08,-2.95,333825868.0,0,0,0,0,0,0,0,0,0,0,0,0,0,0,0,0,0,0,0,0
APOG,2026-09-24,36.31,38.192,40.118,37.7635,48.5813,-25.26,-3.66,-1.28,9530238.0,0,0,0,0,0,0,0,0,0,0,0,0,0,0,0,0,0,0,0,0
APP,2026-09-24,312.47,317.541,348.3748,470.1115,733.6,-57.41,-4.31,-0.88,1573784128.0,0,0,0,0,0,0,0,0,0,0,0,0,0,0,0,0,0,0,0,0
APPF,2026-09-24,204.43,218.2437,202.4185,186.7735,282.58,-27.66,-7.57,-2.66,67989149.0,0,1,0,0,1,0,0,0,0,0,0,0,0,0,0,0,0,0,0,0
APPN,2026-09-24,37.61,38.299,33.8228,28.1465,45.64,-17.59,0.29,-0.92,35421487.0,1,1,0,0,1,0,0,0,0,0,0,0,0,0,0,0,0,0,0,0
APPS,2026-09-24,10.88,11.0755,10.721,6.7986,14.39,-24.39,0.37,-5.72,31348082.0,1,1,0,0,1,0,0,0,0,0,0,0,0,0,0,0,0,0,0,0
APRE,2026-09-24,0.78,0.7996,0.7191,0.796,1.65,-52.73,6.7,0.0,325072.0,0,0,0,0,1,0,0,0,0,0,0,0,0,0,0,0,0,0,0,0
APT,2026-09-24,4.98,5.2525,5.2,5.0601,6.64,-25.0,-4.23,-2.54,134338.0,0,0,0,0,0,0,0,0,0,0,0,0,0,0,0,0,0,0,0,0
APTV,2026-09-24,43.58,44.973,49.6382,64.5041,88.67,-50.85,0.55,-3.52,238127589.0,0,0,0,0,0,0,0,0,0,0,0,0,0,0,0,0,0,0,0,0
APUR,2026-09-24,10.03,10.018,9.9814,,,,0.1,0.0,2042413.0,0,0,0,1,1,1,0,0,0,0,0,0,0,0,0,0,0,0,0,0
APUS,2026-09-24,4.92,2.6957,4.2751,12.7984,38.95,-87.37,207.5,114.85,21840392.0,0,0,0,1,1,0,0,0,0,0,0,0,1,1,1,0,0,1,0,0
APVO,2026-09-24,1.83,1.992,3.078,6.1587,32.04,-94.29,6.4,-3.17,413942.0,0,0,0,0,0,0,0,0,0,0,0,0,0,0,0,0,0,0,0,0
APWC,2026-09-24,1.33,1.368,1.4548,1.5502,2.22,-40.09,-2.21,0.0,10262.0,0,0,0,0,0,0,0,0,0,0,0,0,0,0,0,0,0,0,0,0
APXT,2026-09-24,10.14,10.1315,10.1182,10.0097,10.15,-0.1,0.05,0.1,1612729.0,1,1,1,1,1,1,0,0,0,0,0,0,0,0,0,0,0,0,0,0
APYX,2026-09-24,2.83,3.004,3.4158,3.7534,4.86,-41.77,-5.98,-4.07,391195.0,0,0,0,0,0,0,0,0,0,0,0,0,0,0,0,0,0,0,0,0
AQB,2026-09-24,0.881,1.1478,1.136,0.9969,2.85,-69.09,-20.63,-15.29,76961.0,0,0,0,0,0,0,0,0,0,0,0,0,0,0,0,0,0,1,0,0
AQMS,2026-09-24,2.49,2.591,2.6661,4.0728,29.62,-91.59,10.18,-0.6,75182.0,0,0,0,0,0,0,0,0,0,0,0,0,0,0,1,0,0,0,0,0
AQN,2026-09-24,5.02,5.464,5.6878,6.0065,6.8312,-26.51,-5.64,-0.79,24303964.0,0,0,0,0,0,0,0,0,0,0,1,0,0,0,0,0,0,0,0,1
AQST,2026-09-24,4.82,5.01,4.458,4.3953,7.49,-35.65,0.0,2.55,12393591.0,0,1,0,0,1,0,0,0,0,0,0,0,0,0,0,0,0,0,0,0
AR,2026-09-24,36.09,37.852,36.584,36.3965,45.15,-20.07,1.15,1.23,144431251.0,0,0,0,0,0,0,0,0,0,0,0,0,0,0,0,0,0,0,0,0
ARAI,2026-09-24,0.234,0.2376,0.2596,1.0729,6.3,-96.29,2.63,-3.7,166659.0,0,0,0,0,0,0,0,0,0,0,0,0,0,0,0,0,0,0,0,0
ARAY,2026-09-24,0.22,0.2485,0.2628,0.4654,1.85,-88.11,-4.35,-4.35,115041.0,0,0,0,0,0,0,0,0,0,0,0,0,0,0,0,0,0,0,0,1
ARBB,2026-09-24,4.2,4.3616,4.3275,4.909,12.0,-65.0,-4.55,0.0,12394.0,0,0,0,0,0,0,0,0,0,0,0,0,0,0,0,0,0,0,0,0
ARBE,2026-09-24,0.674,0.6866,0.711,0.9062,2.69,-74.94,1.05,0.3,5005495.0,0,0,0,0,0,0,0,0,0,0,0,0,0,0,0,0,0,0,0,0
ARBK,2026-09-24,2.453,2.8372,2.9095,4.1988,176.256,-98.61,-12.39,-1.09,35914.0,0,0,0,0,0,0,0,0,0,0,1,0,0,0,0,0,0,1,0,1
ARCB,2026-09-24,127.35,134.414,140.7119,117.6774,173.0663,-26.42,-2.02,-2.85,32340402.0,0,1,0,0,0,0,0,0,0,0,0,0,0,0,0,0,0,0,0,0
ARCC,2026-09-24,19.13,19.3803,19.1129,18.3109,19.7005,-2.9,-1.24,-0.1,87941893.0,1,1,1,0,1,0,0,0,0,0,0,0,0,0,0,0,0,0,0,0
ARCI,2026-09-24,10.1,10.1115,10.119,,10.17,-0.69,0.0,0.0,263444.0,0,0,1,0,0,0,0,0,0,0,0,0,0,0,0,0,0,0,0,0
ARCL,2026-09-24,9.99,9.995,9.9574,,,,-0.1,0.0,288947.0,0,0,0,0,1,0,0,0,0,0,0,0,0,0,0,0,0,0,0,0
ARCO,2026-09-24,7.23,7.82,7.9704,8.0425,9.3346,-22.55,-5.35,-2.43,8319941.0,0,0,0,0,0,0,0,0,0,0,1,0,0,0,0,0,0,0,0,0
ARCT,2026-09-24,14.12,15.359,10.7014,8.2749,23.16,-39.03,-9.49,6.17,16620715.0,0,1,0,0,1,0,0,0,0,0,0,0,1,1,0,0,0,0,0,0
ARDC,2026-09-24,11.51,12.0487,12.1409,12.1096,12.9385,-11.04,-3.17,-1.46,1090857.0,0,0,0,0,0,0,0,0,0,0,1,0,0,0,0,0,0,1,0,0
ARDT,2026-09-24,10.48,10.831,10.8232,9.6407,15.21,-31.1,-2.24,-1.5,4681344.0,0,1,0,0,0,0,0,0,0,0,0,0,0,0,0,0,0,0,0,0
ARDX,2026-09-24,3.45,3.63,4.195,5.7255,7.99,-56.82,1.77,-0.86,14991121.0,0,0,0,0,0,0,0,0,0,0,0,0,0,0,0,0,0,0,0,0
ARE,2026-09-24,50.48,52.167,51.0974,49.3749,81.9762,-38.42,-5.68,-2.66,97010611.0,0,1,0,0,0,0,0,0,0,0,0,0,0,0,0,0,0,0,0,0
AREC,2026-09-24,1.88,2.2225,2.2071,2.4988,6.7062,-71.97,-3.59,-0.27,3595924.0,0,0,0,0,0,0,0,0,0,0,0,0,0,0,0,0,0,0,0,0
ARES,2026-09-24,120.11,132.3126,132.4772,128.8317,173.9547,-30.95,-3.3,-1.13,280074585.0,0,0,0,0,0,0,0,0,0,0,0,0,0,0,0,0,0,0,0,0
ARGX,2026-09-24,962.22,1007.3245,944.6852,848.8229,1058.9,-9.13,-2.28,1.73,244850386.0,0,1,0,0,1,0,0,0,0,0,0,0,0,0,0,0,0,0,0,0
ARHS,2026-09-24,9.47,8.3752,8.5094,8.2649,11.3123,-16.29,31.53,4.99,9970415.0,0,1,0,1,1,0,1,0,0,0,0,0,1,0,1,1,0,0,0,0
ARI,2026-09-24,6.26,6.658,6.74,6.7122,7.2281,-13.39,-3.69,0.0,15730811.0,0,0,0,0,0,0,0,0,0,0,1,0,0,0,0,0,0,0,0,0
ARIS,2026-09-24,18.65,19.5385,17.5994,17.8133,22.68,-17.77,2.3,-1.27,28151454.0,0,1,0,0,1,0,0,0,0,0,0,0,0,0,0,0,0,0,0,0
ARKO,2026-09-24,4.23,4.4877,5.6627,6.0332,8.5849,-50.73,-2.76,0.0,4423421.0,0,0,0,0,0,0,0,0,0,0,0,0,0,0,0,0,0,0,0,0
ARKR,2026-09-24,4.56,4.982,5.3966,6.3108,8.05,-43.35,1.33,-3.8,62251.0,0,0,0,0,0,0,0,0,0,0,0,0,0,0,0,0,0,0,0,0
ARL,2026-09-24,15.74,15.574,15.4258,15.9029,23.44,-32.85,-0.82,9.61,82959.0,0,0,0,1,1,1,0,0,0,0,0,0,1,1,0,0,0,0,0,0
ARLO,2026-09-24,13.02,13.297,13.6916,13.5497,19.44,-33.02,-2.84,-4.69,18101777.0,0,0,0,0,0,0,0,0,0,0,0,0,0,0,0,0,0,0,0,0
ARM,2026-09-24,306.34,265.2795,263.3498,210.9781,439.46,-30.29,15.64,-7.88,1441630834.0,0,1,0,1,1,1,0,0,0,0,0,0,0,0,1,0,0,0,0,0
ARMK,2026-09-24,54.32,57.221,57.6821,47.6153,62.2663,-12.76,-5.71,-2.6,132043857.0,0,1,0,0,0,0,0,0,0,0,0,0,0,0,0,0,0,0,0,0
ARMP,2026-09-24,3.62,4.9795,4.834,7.3821,14.8,-75.54,-11.06,-0.55,1940255.0,0,0,0,0,0,0,0,0,0,0,0,0,0,0,0,0,0,0,0,0
AROC,2026-09-24,30.68,31.7165,33.4643,33.2313,41.6753,-26.38,-1.19,-0.52,60998270.0,0,0,0,0,0,0,0,0,0,0,0,0,0,0,0,0,0,0,0,0
AROW,2026-09-24,37.33,38.3715,39.0917,35.7616,42.1725,-11.48,-2.38,0.97,3255006.0,1,1,0,0,0,0,0,0,0,0,0,0,0,0,0,0,0,0,0,0
ARQ,2026-09-24,2.01,2.1385,2.133,2.6865,7.4,-72.84,-4.74,-1.47,444496.0,0,0,0,0,0,0,0,0,0,0,0,0,0,0,0,0,0,0,0,0
ARQQ,2026-09-24,23.12,20.522,20.2256,19.1132,58.27,-60.32,21.62,2.57,7235792.0,0,1,0,1,1,1,0,0,0,0,0,0,0,0,1,0,0,0,0,0
ARQT,2026-09-24,26.27,24.6392,25.8811,25.3238,31.2,-15.8,0.5,-0.42,82481318.0,0,1,0,1,1,0,0,0,0,0,0,0,0,0,0,0,0,0,0,0
ARR,2026-09-24,14.11,15.4543,15.8256,15.9012,17.0743,-17.36,-4.73,-3.36,62777575.0,0,0,0,0,0,0,0,0,0,0,1,0,0,0,0,0,0,0,0,0
ARRY,2026-09-24,3.93,4.398,4.9719,7.65,11.96,-67.14,-6.43,1.81,27285603.0,0,0,0,0,0,0,0,0,0,0,0,1,0,0,0,0,0,0,0,0
ARTC,2026-09-24,10.0,9.9825,9.9754,,10.0,0.0,0.2,0.3,1025071.0,0,0,1,1,1,1,0,0,1,0,0,0,0,0,0,0,0,0,0,0
ARTL,2026-09-24,5.17,5.4521,6.6761,26.9191,157.95,-96.73,30.23,-29.27,10043995.0,0,0,0,0,0,0,0,0,0,0,0,0,0,0,1,0,0,0,0,0
ARTNA,2026-09-24,33.32,35.385,34.8124,32.6716,36.69,-9.19,-4.99,-1.27,1076041.0,0,1,0,0,0,0,0,0,0,0,1,0,0,0,0,0,0,0,0,0
ARTV,2026-09-24,7.49,10.0527,10.4907,7.7481,13.39,-44.06,-12.91,-2.98,4158508.0,0,0,0,0,0,0,0,0,0,0,1,0,0,0,0,0,0,0,0,0
ARTW,2026-09-24,3.28,3.0345,2.7256,2.5286,3.32,-1.2,12.33,3.47,49632.0,0,1,1,1,1,1,0,0,0,0,0,0,1,0,1,0,0,0,0,0
ARVN,2026-09-24,7.79,8.7425,8.6806,10.3182,13.83,-43.67,-4.53,-0.51,7268319.0,0,0,0,0,0,0,0,0,0,0,0,0,0,0,0,0,0,0,0,0
ARW,2026-09-24,227.33,214.255,212.5976,176.0999,234.83,-3.19,7.38,0.22,118462296.0,0,1,1,1,1,1,0,0,0,0,0,0,0,0,0,0,0,0,0,0
ARWR,2026-09-24,66.07,78.6235,82.3191,72.5525,89.59,-26.25,0.43,-1.33,156278275.0,0,0,0,0,0,0,0,0,0,0,1,0,0,0,0,0,0,0,0,0
ARX,2026-09-24,19.74,19.772,16.8914,14.4569,19.88,-0.7,-0.5,0.1,37762804.0,0,1,1,0,1,0,0,0,0,0,0,0,0,0,0,0,0,0,0,0
ARXS,2026-09-24,51.3,51.7595,51.3178,,,,3.62,0.27,42730493.0,0,0,0,0,0,0,0,0,0,0,0,0,0,0,0,0,0,0,0,0
AS,2026-09-24,26.77,28.331,32.1064,35.0068,41.96,-36.2,-1.33,-0.48,219912277.0,0,0,0,0,0,0,0,0,0,0,0,0,0,0,0,0,0,0,0,0
ASA,2026-09-24,56.1,60.9005,57.2374,61.8925,81.2392,-30.94,-2.01,-1.73,3913935.0,0,0,0,0,0,0,0,0,0,0,0,0,0,0,0,0,0,0,0,0
ASAN,2026-09-24,9.16,9.477,8.8972,8.6036,15.19,-39.7,-5.08,-3.27,81334336.0,0,1,0,0,1,0,0,0,0,0,0,0,0,0,0,0,0,0,0,0
ASB,2026-09-24,29.07,30.1232,30.635,27.8928,32.0765,-9.37,-2.32,1.36,66720896.0,0,1,0,0,0,0,0,0,0,0,0,0,0,0,0,0,0,0,0,0
ASBP,2026-09-24,8.7,8.7502,7.8388,4.2276,17.8,-51.12,1.4,4.44,293172.0,1,1,0,0,1,0,0,0,0,0,0,0,1,0,0,0,0,0,0,0
ASC,2026-09-24,17.83,18.0885,16.9545,14.6706,19.06,-6.45,-6.45,1.25,11225820.0,1,1,0,0,1,0,0,0,0,0,0,0,0,0,0,0,0,0,0,0
ASG,2026-09-24,5.04,5.0905,5.1898,5.056,5.48,-8.03,1.41,-0.59,1305751.0,0,0,0,0,0,0,0,0,0,0,0,0,0,0,0,0,0,0,0,0
ASGI,2026-09-24,19.44,21.4732,22.8547,22.0451,24.636,-21.09,-4.26,0.67,6982374.0,0,0,0,0,0,0,0,0,0,0,1,0,0,0,0,0,0,0,0,0
ASH,2026-09-24,69.1,71.6367,71.3189,61.561,76.0121,-9.09,-1.96,0.13,46469337.0,0,1,0,0,0,0,0,0,0,0,0,0,0,0,0,0,0,0,0,0
ASIC,2026-09-24,26.54,27.1385,25.4982,21.5696,28.66,-7.4,-6.19,0.08,1856615.0,1,1,0,0,1,0,0,0,0,0,0,0,0,0,0,0,0,0,0,0
ASIX,2026-09-24,15.75,16.6825,17.9313,19.3632,25.7294,-38.79,-5.29,-4.72,4399231.0,0,0,0,0,0,0,0,0,0,0,0,0,0,0,0,0,0,0,0,0
ASLE,2026-09-24,5.49,5.524,5.8159,6.5625,8.43,-34.88,1.67,0.18,2551418.0,0,0,0,0,0,0,0,0,0,0,0,0,0,0,0,0,0,0,0,0
ASM,2026-09-24,5.91,6.8515,6.5776,7.0133,11.24,-47.42,-1.01,-2.15,27234082.0,0,0,0,0,0,0,0,0,0,0,0,0,0,0,0,0,0,0,0,0
ASMB,2026-09-24,23.66,30.7445,29.2062,28.7817,38.5,-38.55,-7.14,-1.29,10355553.0,0,0,0,0,0,0,0,0,0,0,1,0,0,0,0,0,0,0,0,0
ASML,2026-09-24,1722.5,1685.915,1719.3277,1515.3132,1986.8704,-13.31,7.51,-1.27,2181414104.0,1,1,0,1,1,0,0,0,0,0,0,0,0,0,0,0,0,0,0,0
ASND,2026-09-24,230.7,252.7503,252.6293,234.8154,277.18,-16.77,-6.86,3.39,212629938.0,0,0,0,0,0,0,0,0,0,0,0,0,1,0,0,0,0,0,0,0
ASO,2026-09-24,48.13,47.4579,47.6154,52.272,60.6517,-20.65,-4.54,-0.37,109904407.0,0,0,0,1,1,0,0,0,0,0,0,0,0,0,0,0,0,0,0,0
ASPC,2026-09-24,10.81,10.9093,10.8281,12.0237,27.58,-60.8,-0.83,0.0,114663.0,0,0,0,0,0,0,0,0,0,0,0,0,0,0,0,0,0,0,0,0
ASPI,2026-09-24,2.95,3.578,3.8745,5.3643,14.05,-79.0,-6.35,-1.99,13947510.0,0,0,0,0,0,0,0,0,0,0,0,0,0,0,0,0,0,0,0,1
ASPN,2026-09-24,5.3,5.0095,5.1872,4.3639,8.82,-39.91,7.51,-6.69,3953665.0,0,1,0,1,1,0,0,0,0,0,0,0,0,0,0,0,0,1,0,0
ASPS,2026-09-24,5.37,5.6385,5.6858,6.3212,13.94,-61.48,-4.62,-2.19,46369.0,0,0,0,0,0,0,0,0,0,0,0,0,0,0,0,0,0,1,0,0
ASR,2026-09-24,238.3,251.4505,263.2122,304.8273,374.0717,-36.3,-4.02,-0.5,13813318.0,0,0,0,0,0,0,0,0,0,0,1,0,0,0,0,0,0,0,0,1
ASRV,2026-09-24,4.67,4.8355,4.6811,3.8479,5.24,-10.88,-4.3,-0.64,67588.0,0,1,0,0,0,0,0,0,0,0,0,0,0,0,0,0,0,0,0,0
ASST,2026-09-24,29.94,27.036,18.9121,15.1931,60.2,-50.27,5.87,3.28,291153495.0,0,1,0,1,1,1,0,0,0,0,0,0,1,0,0,0,0,0,0,0
ASTC,2026-09-24,7.18,6.938,7.4404,6.8895,49.8,-85.58,19.47,-3.23,234063.0,0,1,0,1,0,0,0,0,0,0,0,0,0,0,1,0,0,0,0,0
ASTE,2026-09-24,40.59,42.075,46.0077,51.3954,64.6606,-37.23,-0.78,-1.91,9271706.0,0,0,0,0,0,0,0,0,0,0,0,0,0,0,0,0,0,0,0,0
ASTH,2026-09-24,34.44,37.2685,38.3274,32.2102,49.81,-30.86,-8.65,0.29,14799666.0,0,1,0,0,0,0,0,0,0,0,0,0,0,0,0,0,0,0,0,0
ASTI,2026-09-24,2.87,2.9067,3.0743,4.6378,9.02,-68.18,3.24,-1.37,767498.0,0,0,0,0,0,0,0,0,0,0,0,0,0,0,0,0,0,0,0,0
ASTL,2026-09-24,4.19,4.2997,4.2259,4.4192,5.8,-27.76,-1.18,-3.9,3473887.0,0,0,0,0,0,0,0,0,0,0,0,0,0,0,0,0,0,0,0,0
ASTS,2026-09-24,61.06,60.7715,62.6584,81.5852,133.09,-54.12,-2.63,1.8,599707339.0,0,0,0,1,0,0,0,0,0,0,0,0,0,0,0,0,0,0,0,0
ASUR,2026-09-24,7.91,8.6275,8.444,8.6698,10.12,-21.84,-6.28,0.13,865977.0,0,0,0,0,0,0,0,0,0,0,0,0,0,0,0,0,0,0,0,0
ASX,2026-09-24,43.5,39.2795,38.1858,29.4646,44.6706,-2.62,14.62,-0.98,264104619.0,0,1,1,1,1,1,0,0,0,0,0,0,0,0,1,0,0,0,0,0
ASYS,2026-09-24,15.4,14.75,15.389,15.7093,23.99,-35.81,11.19,-0.19,5041534.0,0,0,0,1,1,0,0,0,0,0,0,0,0,0,1,0,0,0,0,0
ATAT,2026-09-24,32.35,33.416,33.7846,35.8349,42.2094,-23.36,0.87,0.25,29380743.0,0,0,0,0,0,0,0,0,0,0,0,0,0,0,0,0,0,0,0,0
ATCH,2026-09-24,0.195,0.1864,0.1873,0.227,0.825,-76.36,13.37,-1.02,1928336.0,0,0,0,1,1,0,0,0,0,0,0,0,0,0,1,0,0,1,0,0
ATCX,2026-09-24,3.105,3.2827,3.2074,,12.36,-74.88,-3.12,0.16,27123.0,0,0,0,0,0,0,0,0,0,0,0,0,0,0,0,0,0,0,0,0
ATEC,2026-09-24,9.92,9.759,9.4528,11.8901,22.68,-56.26,-5.52,-1.1,22609959.0,0,0,0,1,1,1,0,0,0,0,0,0,0,0,0,0,0,0,0,0
ATEN,2026-09-24,25.99,25.657,28.2944,25.2597,38.0266,-31.65,-2.07,-2.84,28969224.0,1,1,0,1,0,0,0,0,0,0,0,0,0,0,0,0,0,0,0,0
ATER,2026-09-24,0.675,0.6181,0.5991,0.7938,1.39,-51.44,-1.89,6.3,3670038.0,0,0,0,1,1,1,0,0,0,0,0,0,1,1,0,0,0,0,0,0
ATEX,2026-09-24,81.33,84.4515,90.912,57.2406,108.205,-24.84,6.7,-3.16,25912910.0,0,1,0,0,0,0,0,0,0,0,0,0,0,0,0,0,0,0,0,0
ATGL,2026-09-24,6.37,5.9378,7.4623,14.7767,30.61,-79.19,35.39,14.77,74619.0,0,0,0,1,0,0,0,0,0,0,0,0,1,1,1,0,0,1,0,0
ATHE,2026-09-24,3.77,4.1805,4.4578,4.0268,5.89,-35.99,-2.08,6.2,77300.0,0,0,0,0,0,0,0,0,0,0,0,0,1,1,0,0,0,0,0,0
ATHM,2026-09-24,21.3,21.714,22.063,19.8847,28.316,-24.78,-0.42,-0.23,13029773.0,1,1,0,0,0,0,0,0,0,0,0,0,0,0,0,0,0,0,0,0
ATHR,2026-09-24,3.6,3.2533,3.6104,4.059,6.5,-44.62,3.75,-0.55,45574.0,0,0,0,1,0,0,0,0,0,0,0,0,0,0,0,0,0,0,0,0
ATI,2026-09-24,186.21,198.5555,202.99,164.1437,231.78,-19.66,-1.81,1.1,404088036.0,0,1,0,0,0,0,0,0,0,0,0,0,0,0,0,0,0,0,0,0
ATII,2026-09-24,10.685,10.663,10.6694,10.6479,11.38,-6.11,0.23,0.05,3561913.0,1,1,0,1,1,0,0,0,0,0,0,0,0,0,0,0,0,1,0,0
ATKR,2026-09-24,94.54,94.0505,88.501,73.8642,94.55,-0.01,0.02,0.03,69732653.0,0,1,1,1,1,1,0,0,0,0,0,0,0,0,0,0,0,0,0,0
ATLC,2026-09-24,91.39,92.8575,97.4646,76.9362,111.79,-18.25,-1.94,0.46,11582171.0,1,1,0,0,0,0,0,0,0,0,0,0,0,0,0,0,0,0,0,0
ATLO,2026-09-24,31.81,31.8925,31.1472,27.8035,32.82,-3.08,-1.0,2.32,1078063.0,1,1,1,0,1,0,0,0,0,0,0,0,0,0,0,0,0,0,0,0
ATLX,2026-09-24,2.66,3.0768,3.0395,4.218,7.45,-64.3,-6.67,-3.27,646147.0,0,0,0,0,0,0,0,0,0,0,0,0,0,0,0,0,0,0,0,0
ATMP,2026-09-24,35.35,36.5474,36.141,33.1344,37.19,-4.95,-1.91,-0.31,660107.0,0,1,1,0,0,0,0,0,0,0,0,0,0,0,0,0,0,0,0,0
ATMU,2026-09-24,44.79,46.146,49.3059,54.1125,65.4167,-31.53,1.17,-0.33,33325326.0,0,0,0,0,0,0,0,0,0,0,0,0,0,0,0,0,0,0,0,0
ATNI,2026-09-24,29.14,30.019,28.3982,26.0788,32.11,-9.25,-2.08,0.21,2478528.0,1,1,0,0,1,0,0,0,0,0,0,0,0,0,0,0,0,0,0,0
ATNM,2026-09-24,1.19,1.1518,1.0077,1.1518,1.69,-29.59,-4.03,0.85,180575.0,0,1,0,1,1,1,0,0,0,0,0,0,0,0,0,0,0,0,0,0
ATO,2026-09-24,156.42,164.264,168.9654,173.1182,190.0626,-17.7,-3.42,0.12,160999943.0,0,0,0,0,0,0,0,0,0,0,1,0,0,0,0,0,0,0,0,0
ATOM,2026-09-24,4.34,4.124,4.7831,5.32,12.11,-64.16,9.05,0.7,1836944.0,0,0,0,1,0,0,0,0,0,0,0,0,0,0,0,0,0,0,0,0
ATOS,2026-09-24,2.05,2.4025,2.4264,4.9945,17.7,-88.42,-14.58,-5.96,117806.0,0,0,0,0,0,0,0,0,0,0,0,0,0,0,0,0,0,0,0,0
ATPC,2026-09-24,2.24,2.3332,2.4651,4.0233,69.0,-96.75,-2.61,0.0,48697.0,0,0,0,0,0,0,0,0,0,0,0,0,0,0,0,0,0,0,0,0
ATR,2026-09-24,123.38,126.989,130.73,125.9645,144.6354,-14.7,-1.07,-1.09,53079961.0,0,0,0,0,0,0,0,0,0,0,0,0,0,0,0,0,0,0,0,0
ATRA,2026-09-24,8.54,9.4285,8.9294,8.5625,18.09,-52.79,-15.53,-0.23,460718.0,0,0,0,0,0,0,0,0,0,0,0,0,0,0,0,0,0,0,0,0
ATRC,2026-09-24,60.77,53.975,45.9564,35.7677,60.77,0.0,6.35,1.35,82237243.0,0,1,1,1,1,1,0,0,1,0,0,0,0,0,0,0,0,0,0,0
ATRO,2026-09-24,69.15,72.132,74.062,63.703,93.45,-26.0,4.33,0.01,46402679.0,0,1,0,0,0,0,0,0,0,0,0,0,0,0,0,0,0,0,0,0
ATS,2026-09-24,18.89,19.2515,21.962,27.9388,35.38,-46.61,-1.51,-1.67,5820281.0,0,0,0,0,0,0,0,0,0,0,0,0,0,0,0,0,0,0,0,0
ATTT,2026-09-18,2.96,2.763,2.8178,3.1708,8.384,-64.69,0.0,7.64,1517999.0,0,0,0,1,1,0,0,0,0,0,0,0,1,1,0,0,0,0,0,0
ATXG,2026-09-24,3.65,3.6197,3.7178,4.8462,16.65,-78.08,-3.95,6.1,9603.0,0,0,0,1,0,0,0,0,0,0,0,0,1,1,0,0,0,1,0,0
ATYR,2026-09-24,0.338,0.4468,0.4859,0.6757,1.06,-68.11,-11.98,-9.87,2541734.0,0,0,0,0,0,0,0,0,0,0,1,0,0,0,0,0,0,1,0,1
AU,2026-09-24,98.49,106.456,96.8797,94.5981,123.8421,-20.47,-1.25,-0.25,280380835.0,0,1,0,0,1,0,0,0,0,0,0,0,0,0,0,0,0,0,0,0
AUB,2026-09-24,38.52,39.802,41.1436,38.1961,43.0117,-10.44,-1.58,0.71,49996204.0,0,1,0,0,0,0,0,0,0,0,0,1,0,0,0,0,0,0,0,0
AUBN,2026-09-24,27.19,26.4794,26.2388,24.7984,28.5863,-4.88,3.58,3.46,43050.0,1,1,1,1,1,1,0,0,0,0,0,0,1,0,0,0,0,0,0,0
AUC,2026-09-24,8.9,7.1636,7.1863,7.0922,10.54,-15.56,27.87,1.48,43980.0,0,1,0,1,1,0,0,0,0,0,0,0,0,0,1,0,0,0,0,0
AUDC,2026-09-24,10.53,9.9915,9.7664,8.8036,10.53,0.0,5.51,1.54,979746.0,0,1,1,1,1,1,0,0,1,0,0,0,0,0,0,0,0,0,0,0
AUGO,2026-09-24,83.07,85.9733,74.0204,70.3141,107.0243,-22.38,-3.36,-2.66,91617767.0,0,1,0,0,1,0,0,0,0,0,0,0,0,0,0,0,0,0,0,0
AUID,2026-09-24,0.415,0.439,0.5689,1.1023,3.37,-87.69,-9.78,1.22,258890.0,0,0,0,0,0,0,0,0,0,0,0,0,0,0,0,0,0,0,0,0
AUNA,2026-09-24,5.09,5.1815,5.1928,5.0726,6.77,-24.82,-2.68,-1.17,587711.0,1,1,0,0,0,0,0,0,0,0,0,0,0,0,0,0,0,0,0,0
AUPH,2026-09-24,16.595,16.3725,15.9018,15.535,18.62,-10.88,-2.15,1.19,13366177.0,1,1,0,1,1,1,0,0,0,0,0,0,0,0,0,0,0,0,0,0
AUR,2026-09-24,6.06,6.215,6.3285,5.5038,8.4,-27.86,-6.63,-4.11,205537840.0,1,1,0,0,0,0,0,0,0,0,0,0,0,0,0,0,0,0,0,0
AURA,2026-09-24,6.15,7.0317,7.2561,6.6452,8.9,-30.9,-8.62,2.16,5796824.0,0,0,0,0,0,0,0,0,0,0,1,0,0,0,0,0,0,0,0,0
AURE,2026-09-24,1.09,1.4236,1.6051,2.3056,11.7,-90.68,-21.58,-2.68,51761.0,0,0,0,0,0,0,0,0,0,0,1,0,0,0,0,0,0,0,0,1
AUST,2026-09-24,1.09,1.17,1.1495,1.4513,2.84,-61.62,-4.39,-2.68,53689.0,0,0,0,0,0,0,0,0,0,0,0,0,0,0,0,0,0,0,0,0
AUTL,2026-09-24,1.91,2.09,1.9661,1.6623,2.54,-24.8,2.14,-2.05,3322080.0,0,1,0,0,0,0,0,0,0,0,0,0,0,0,0,0,0,0,0,0
AUUD,2026-09-24,1.28,1.0652,1.0715,3.8102,17.5194,-92.69,23.08,-2.29,2373638.0,0,0,0,1,1,0,0,0,0,0,0,0,0,0,1,0,0,0,0,0
AVA,2026-09-24,35.05,36.951,38.469,39.243,41.8941,-16.34,-4.6,-1.13,26812459.0,0,0,0,0,0,0,0,0,0,0,1,0,0,0,0,0,0,0,0,0
AVAH,2026-09-24,12.38,13.644,11.7592,8.7064,14.38,-13.91,-13.18,-3.21,44818029.0,0,1,0,0,1,0,0,0,0,0,0,0,0,0,0,0,0,0,1,0
AVAT,2026-09-24,1.8,1.0829,0.6719,6.8167,10.62,-83.05,104.31,-18.55,3701760.0,0,0,0,1,1,1,0,0,0,0,0,0,0,0,1,0,0,0,0,0
AVAV,2026-09-24,158.55,151.2895,158.323,205.1929,409.83,-61.31,1.34,1.67,341883004.0,0,0,0,1,1,0,0,0,0,0,0,0,0,0,0,0,0,0,0,0
AVBC,2026-09-24,21.69,22.0005,21.6891,19.6112,22.59,-3.98,-2.69,0.28,4111005.0,1,1,1,0,1,0,0,0,0,0,0,0,0,0,0,0,0,0,0,0
AVBH,2026-09-24,31.2,31.527,32.0648,29.9664,33.51,-6.89,-0.48,0.26,2247518.0,1,1,0,0,0,0,0,0,0,0,0,0,0,0,0,0,0,0,0,0
AVBP,2026-09-24,30.1,29.718,30.1598,27.156,34.74,-13.36,8.86,-0.66,16717119.0,1,1,0,1,0,0,0,0,0,0,0,0,0,0,0,0,0,0,0,0
AVD,2026-09-24,1.93,2.202,2.326,3.2127,5.81,-66.78,-9.39,-4.93,577844.0,0,0,0,0,0,0,0,0,0,0,0,0,0,0,0,0,0,1,0,1
AVEX,2026-09-24,16.68,16.7205,17.4522,,,,3.15,1.46,20561641.0,0,0,0,0,0,0,0,0,0,0,0,0,0,0,0,0,0,0,0,0
AVGO,2026-09-24,350.36,358.4462,376.4247,367.2686,479.9351,-27.0,1.06,-1.3,9901239455.0,0,0,0,0,0,0,0,0,0,0,0,0,0,0,0,0,0,0,0,0
AVIR,2026-09-24,5.17,5.406,5.1466,4.7447,6.15,-15.93,0.39,-2.08,1492131.0,0,1,0,0,1,0,0,0,0,0,0,0,0,0,0,0,0,0,0,0
AVK,2026-09-24,11.74,12.1519,12.309,11.9501,12.8442,-8.6,-0.84,-0.93,1861784.0,0,0,0,0,0,0,0,0,0,0,0,0,0,0,0,0,0,0,0,0
AVLN,2026-09-24,28.55,34.358,33.2552,,,,-17.75,-3.77,8343244.0,0,0,0,0,0,0,0,0,0,0,0,0,0,0,0,0,0,0,0,0
AVNT,2026-09-24,40.78,42.0489,41.0444,36.7837,46.0345,-11.41,-0.37,-0.46,27967225.0,0,1,0,0,0,0,0,0,0,0,0,0,0,0,0,0,0,0,0,0
AVNW,2026-09-24,19.95,19.9775,20.5378,21.3585,26.74,-25.39,-1.14,0.45,4050063.0,0,0,0,0,0,0,0,0,0,0,0,0,0,0,0,0,0,0,0,0
AVO,2026-09-24,12.96,12.7915,12.8682,12.8892,15.34,-15.51,3.93,2.05,10786658.0,1,1,0,1,1,0,0,0,0,0,0,0,0,0,0,0,0,0,0,0
AVPT,2026-09-24,13.16,13.3915,13.1817,11.7091,15.58,-15.53,-2.01,0.3,22619481.0,1,1,0,0,0,0,0,0,0,0,0,0,0,0,0,0,0,0,0,0
AVR,2026-09-24,7.65,8.465,8.5688,7.1496,10.57,-27.63,-8.6,0.39,5722032.0,0,1,0,0,0,0,0,0,0,0,0,0,0,0,0,0,0,0,0,0
AVT,2026-09-24,100.91,93.0124,91.3643,74.1317,101.15,-0.24,8.82,-0.24,124568113.0,0,1,1,1,1,1,0,0,0,0,0,0,0,0,0,0,0,0,0,0
AVTR,2026-09-24,15.38,14.9945,13.7922,10.5934,15.86,-3.03,-1.47,4.2,126841007.0,1,1,1,1,1,1,0,0,0,0,0,0,1,0,0,0,0,0,0,0
AVTX,2026-09-24,15.72,17.8275,18.5748,16.8544,22.87,-31.26,-5.19,2.75,19195516.0,0,0,0,0,0,0,0,0,0,0,0,0,0,0,0,0,0,0,0,0
AVX,2026-09-24,5.45,3.806,3.4952,8.2226,50.88,-89.29,60.77,32.93,1354754.0,0,0,0,1,1,1,1,1,0,0,0,0,1,1,1,1,1,1,0,0
AVXL,2026-09-24,2.34,2.6915,2.8407,3.4196,9.96,-76.51,-0.85,-0.43,1891749.0,0,0,0,0,0,0,0,0,0,0,0,0,0,0,0,0,0,0,0,1
AVY,2026-09-24,169.01,172.3076,171.3257,171.1702,194.0973,-12.93,-1.9,-2.11,207401085.0,0,0,0,0,0,0,0,0,0,1,0,0,0,0,0,0,0,0,0,0
AWF,2026-09-24,9.7,9.9876,10.0143,10.0106,10.5132,-7.74,-2.32,-0.92,2644317.0,0,0,0,0,0,0,0,0,0,0,1,0,0,0,0,0,0,0,0,0
AWI,2026-09-24,162.13,166.659,170.6693,172.4325,202.1438,-19.79,2.67,-1.12,60601988.0,0,0,0,0,0,0,0,0,0,0,0,0,0,0,0,0,0,0,0,0
AWK,2026-09-24,131.53,137.7415,135.8898,130.5338,141.5679,-7.09,-4.52,-1.15,266259880.0,0,1,0,0,0,0,0,0,0,0,0,0,0,0,0,0,0,0,0,0
AWP,2026-09-24,10.66,11.1073,11.4744,11.1456,12.0127,-11.26,-1.03,-0.28,1328647.0,0,0,0,0,0,0,0,0,0,0,1,0,0,0,0,0,0,0,0,0
AWR,2026-09-24,82.5,87.403,87.2001,77.9378,91.1,-9.44,-5.36,-0.89,19244917.0,0,1,0,0,0,0,0,0,0,0,0,0,0,0,0,0,0,0,0,0
AWRE,2026-09-24,1.13,1.219,1.2002,1.4668,2.63,-57.03,-5.83,-2.59,40529.0,0,0,0,0,0,0,0,0,0,0,0,0,0,0,0,0,0,0,0,0
AWX,2026-09-24,2.55,2.627,2.636,2.5998,5.05,-49.5,-1.16,-1.92,20141.0,0,0,0,0,0,0,0,0,0,0,0,0,0,0,0,0,0,0,0,0
AX,2026-09-24,88.58,94.0245,97.0772,92.2045,105.1,-15.72,-4.28,1.11,35622119.0,0,0,0,0,0,0,0,0,0,0,0,1,0,0,0,0,0,0,0,0
AXG,2026-09-24,1.3,2.0337,2.5182,3.3789,4.69,-72.28,-34.34,-20.73,654610.0,0,0,0,0,0,0,0,0,0,0,1,0,0,0,0,0,0,1,0,1
AXGN,2026-09-24,43.32,46.6675,45.4472,38.5517,51.73,-16.26,-4.67,0.0,55657104.0,0,1,0,0,0,0,0,0,0,0,0,0,0,0,0,0,0,0,0,0
AXIL,2026-09-24,6.19,6.2262,6.0415,6.5717,8.69,-28.77,9.17,0.24,140769.0,0,0,0,0,1,0,0,0,0,0,0,0,0,0,0,0,0,0,0,0
AXIN,2026-09-24,10.34,10.3325,10.3068,10.2142,10.42,-0.77,-0.05,-0.1,915262.0,1,1,1,1,1,1,0,0,0,0,0,0,0,0,0,0,0,1,0,0
AXON,2026-09-24,445.0,503.415,542.257,501.5837,777.58,-42.77,-5.0,-1.24,510793876.0,0,0,0,0,0,0,0,0,0,0,0,0,0,0,0,0,0,0,0,0
AXP,2026-09-24,305.66,322.2855,334.114,333.5169,381.7815,-19.94,-2.17,1.23,898890613.0,0,0,0,0,0,0,0,0,0,0,0,1,0,0,0,0,0,0,0,0
AXR,2026-09-24,22.63,22.914,23.2444,24.1282,28.39,-20.29,0.67,-1.22,197352.0,0,0,0,0,0,0,0,0,0,0,0,0,0,0,0,0,0,0,0,0
AXS,2026-09-24,94.72,99.039,103.3414,102.3396,119.27,-20.58,-4.89,-0.62,61647413.0,0,0,0,0,0,0,0,0,0,0,0,0,0,0,0,0,0,0,0,0
AXSM,2026-09-24,196.03,206.9353,215.8215,198.3401,255.17,-23.18,-7.52,1.33,125564344.0,0,0,0,0,0,0,0,0,0,0,0,0,0,0,0,0,0,0,0,0
AXTA,2026-09-24,32.26,34.457,35.0094,32.0657,38.19,-15.53,-3.09,-0.52,65967060.0,0,1,0,0,0,0,0,0,0,0,0,0,0,0,0,0,0,0,0,0
AXTI,2026-09-24,75.9,65.422,64.7676,58.3969,140.83,-46.11,12.03,4.0,577123778.0,0,1,0,1,1,1,0,0,0,0,0,0,1,0,1,0,0,0,0,0
AYA,2026-09-24,27.94,28.214,25.265,19.2878,29.89,-6.52,4.45,-0.89,39565060.0,1,1,0,0,1,0,0,0,0,0,0,0,0,0,0,0,0,0,0,0
AYI,2026-09-24,309.45,319.0515,333.4935,315.9979,376.4386,-17.8,4.21,1.11,82002814.0,0,0,0,0,0,0,0,0,0,0,0,0,0,0,0,0,0,0,0,0
AYTU,2026-09-24,2.31,2.163,2.2184,2.3844,2.9,-20.34,17.26,1.32,75758.0,0,0,0,1,1,0,0,0,0,0,0,0,0,0,1,0,0,1,0,0
AZ,2026-09-24,5.68,5.9795,6.1534,6.4091,8.6,-33.95,1.43,-1.22,2513418.0,0,0,0,0,0,0,0,0,0,0,0,0,0,0,0,0,0,0,0,0
AZI,2026-09-24,1.21,1.2455,1.275,7.3097,113.5,-98.93,0.0,-1.63,95804.0,0,0,0,0,0,0,0,0,0,0,0,0,0,0,0,0,0,0,0,0
AZIO,2026-09-24,1.295,1.2357,1.4206,1.6471,3.68,-64.81,7.92,-0.38,1203879.0,0,0,0,1,0,0,0,0,0,0,0,0,0,0,0,0,0,0,0,0
AZN,2026-09-24,164.56,163.0355,164.08,182.2674,208.62,-21.12,1.03,0.75,504495450.0,0,0,0,1,1,0,0,0,0,0,0,0,0,0,0,0,0,0,0,0
AZO,2026-09-24,2861.75,2911.989,2983.3556,3321.2518,4290.2402,-33.3,0.45,0.65,1053993141.0,0,0,0,0,0,0,0,0,0,0,0,0,0,0,0,0,0,0,0,0
AZTA,2026-09-24,34.2,32.389,31.3846,28.1979,41.01,-16.61,2.98,0.32,26402677.0,0,1,0,1,1,1,0,0,0,0,0,0,0,0,0,0,0,0,0,0
AZTR,2026-09-24,0.167,0.175,0.1518,0.2089,0.792,-78.91,-6.18,0.6,125874.0,0,0,0,0,1,0,0,0,0,0,0,0,0,0,0,0,0,0,0,0
AZUL,2026-09-24,6.17,6.973,7.789,,,,-6.09,-1.28,1396509.0,0,0,0,0,0,0,0,0,0,0,1,0,0,0,0,0,0,1,0,0
AZZ,2026-09-24,137.98,136.498,143.4704,134.53,159.9023,-13.71,4.01,0.13,33323429.0,1,1,0,1,0,0,0,0,0,0,0,0,0,0,0,0,0,0,0,0
B,2026-09-24,42.32,43.8547,41.6836,42.4216,52.117,-18.8,-3.14,-0.4,391379546.0,0,0,0,0,1,0,0,0,0,0,0,0,0,0,0,0,0,0,0,0
BA,2026-09-24,196.8,205.495,214.6976,221.1221,252.15,-21.95,-0.1,-1.57,1316995300.0,0,0,0,0,0,0,0,0,0,0,0,0,0,0,0,0,0,0,0,0
BABA,2026-09-24,110.63,111.9985,117.9612,131.5509,187.6169,-41.03,1.93,-0.15,1026717818.0,0,0,0,0,0,0,0,0,0,0,0,0,0,0,0,0,0,0,0,0
BAC,2026-09-24,56.03,60.1573,61.407,54.7756,64.481,-13.11,-3.7,0.05,2303112675.0,0,1,0,0,0,0,0,0,0,0,1,0,0,0,0,0,0,0,0,0
BACC,2026-09-24,10.5,10.5098,10.508,10.3637,11.055,-5.02,-1.04,0.0,620806.0,1,1,0,0,0,0,0,0,0,0,0,0,0,0,0,0,0,0,0,0
BAER,2026-09-24,0.83,1.0328,1.3715,1.9425,3.27,-74.62,-16.33,-5.57,723265.0,0,0,0,0,0,0,0,0,0,0,1,0,0,0,0,0,0,0,0,1
BAFN,2026-09-24,7.12,7.8483,6.9408,6.6827,10.46,-31.93,-22.86,-14.32,1467638.0,0,1,0,0,1,0,0,0,0,0,0,0,0,0,0,0,0,0,1,0
BAH,2026-09-24,73.82,75.576,73.3902,77.4599,101.0451,-26.94,-5.85,-2.42,119015291.0,0,0,0,0,1,0,0,0,0,0,0,0,0,0,0,0,0,0,0,0
BAK,2026-09-24,1.52,1.8095,2.0568,3.213,5.02,-69.72,-14.12,-1.3,4604428.0,0,0,0,0,0,0,0,0,0,0,0,0,0,0,0,0,0,0,0,0
BALL,2026-09-24,56.66,61.2521,62.3403,59.4205,67.0972,-15.56,-7.51,-3.67,120039868.0,0,0,0,0,0,0,0,0,0,0,1,0,0,0,0,0,0,0,0,0
BALY,2026-09-24,14.05,9.9345,11.7118,13.329,19.46,-27.8,33.18,15.07,1280003.0,0,1,0,1,1,0,1,0,0,0,0,0,1,1,1,1,0,0,0,0
BAM,2026-09-24,44.58,48.1348,49.3161,47.9499,58.8915,-24.3,-1.33,-1.5,120143345.0,0,0,0,0,0,0,0,0,0,0,0,0,0,0,0,0,0,0,0,0
BANC,2026-09-24,17.73,18.3889,19.1667,18.9904,21.6881,-18.25,-3.01,0.06,47445702.0,0,0,0,0,0,0,0,0,0,0,0,0,0,0,0,0,0,0,0,0
BAND,2026-09-24,61.83,50.515,52.1881,35.9273,78.44,-21.18,26.36,4.57,46377236.0,0,1,0,1,1,0,0,0,0,0,0,0,1,0,1,0,0,0,0,0
BANF,2026-09-24,107.35,110.123,112.7546,111.3288,128.7612,-16.63,-2.08,0.35,14211391.0,0,0,0,0,0,0,0,0,0,0,0,0,0,0,0,0,0,0,0,0
BANL,2026-09-24,5.28,9.0969,7.6651,6.3528,16.1,-67.2,-6.38,0.96,409440.0,0,0,0,0,0,0,0,0,0,0,0,0,0,0,0,0,0,0,0,0
BANR,2026-09-24,68.79,70.3875,70.7172,64.964,74.01,-7.05,-3.22,1.06,20426816.0,1,1,0,0,0,0,0,0,0,0,0,0,0,0,0,0,0,0,0,0
BANX,2026-09-24,20.55,20.884,20.449,19.6072,21.15,-2.84,-1.53,-2.24,842026.0,1,1,1,0,1,0,0,0,0,0,0,0,0,0,0,0,0,0,0,0
BAOS,2026-09-24,0.278,0.3133,0.7006,2.2637,4.86,-94.28,-3.47,4.12,2892032.0,0,0,0,0,0,0,0,0,0,0,1,0,1,0,0,0,0,0,0,0
BAP,2026-09-24,383.01,378.6825,382.948,338.8214,402.27,-4.79,0.49,-0.61,130471957.0,1,1,1,1,1,0,0,0,0,0,0,0,0,0,0,0,0,0,0,0
BAR,2026-09-24,42.05,43.128,42.3166,44.6482,53.16,-20.9,-0.05,-0.24,11631181.0,0,0,0,0,0,0,0,0,0,0,0,0,0,0,0,0,0,0,0,0
BARK,2026-09-24,8.1,9.634,9.6718,11.6009,18.8,-56.91,-5.26,-1.58,545981.0,0,0,0,0,0,0,0,0,0,0,0,0,0,0,0,0,0,0,0,1
BATL,2026-09-24,1.12,1.2705,1.368,3.3615,27.68,-95.95,-8.94,1.82,6659663.0,0,0,0,0,0,0,0,0,0,0,0,0,0,0,0,0,0,0,0,0
BATRA,2026-09-24,58.85,55.9887,55.7181,50.8054,58.85,0.0,5.16,1.31,3876190.0,0,1,1,1,1,1,1,1,1,0,0,0,0,0,0,0,1,0,0,0
BATRK,2026-09-24,54.06,50.79,51.1594,46.5748,54.06,0.0,6.67,1.39,22274105.0,0,1,1,1,1,0,1,0,1,0,0,0,0,0,0,0,0,0,0,0
BAX,2026-09-24,23.48,24.5585,25.0589,20.6428,28.3391,-17.15,-0.21,-0.04,150220271.0,0,1,0,0,0,0,0,0,0,0,0,0,0,0,0,0,0,0,0,0
BB,2026-09-24,8.73,8.0005,8.3354,6.241,12.81,-31.85,9.95,4.18,113324481.0,0,1,0,1,1,0,0,0,0,0,0,0,1,0,0,0,0,1,0,0
BBAI,2026-09-24,2.8,2.9055,2.9734,4.0816,8.91,-68.57,-1.41,-1.41,46315056.0,0,0,0,0,0,0,0,0,0,0,0,0,0,0,0,0,0,0,0,0
BBAR,2026-09-24,13.49,14.6965,16.3826,16.6918,21.7253,-37.91,-7.03,-1.32,9313634.0,0,0,0,0,0,0,0,0,0,0,1,0,0,0,0,0,0,0,0,0
BBCP,2026-09-24,9.6,9.6596,9.7061,8.1541,11.8902,-19.26,-3.58,-0.88,2620006.0,1,1,0,0,0,0,0,0,0,0,0,0,0,0,0,0,0,0,0,0
BBD,2026-09-24,3.38,3.4334,3.4101,3.513,4.1061,-17.68,-3.43,-2.31,98131160.0,0,0,0,0,0,0,0,0,0,0,0,0,0,0,0,0,0,0,0,0
BBDC,2026-09-24,8.62,8.8861,8.7096,8.2891,9.1858,-6.16,-1.37,-0.46,5757830.0,1,1,0,0,0,0,0,0,0,0,0,0,0,0,0,0,0,0,0,0
BBDO,2026-09-24,3.08,3.1259,3.1416,3.1403,3.6523,-15.67,-2.16,-0.96,243940.0,0,0,0,0,0,0,0,0,0,0,0,0,0,0,0,0,0,0,0,0
BBGI,2026-09-24,16.04,17.6095,20.056,13.4151,26.51,-39.49,-5.09,-3.37,954774.0,0,1,0,0,0,0,0,0,0,0,0,0,0,0,0,0,0,0,0,0
BBIO,2026-09-24,66.28,72.595,78.4362,73.8215,90.17,-26.49,-2.96,0.87,176889651.0,0,0,0,0,0,0,0,0,0,0,1,0,0,0,0,0,0,0,0,0
BBLG,2026-09-24,0.491,0.5499,0.7505,1.2407,2.79,-82.4,-8.74,-2.96,165237.0,0,0,0,0,0,0,0,0,0,0,1,0,0,0,0,0,0,0,0,0
BBN,2026-09-24,14.36,15.2513,15.4979,15.5912,16.3139,-11.98,-3.3,-1.98,3436024.0,0,0,0,0,0,0,0,0,0,0,1,0,0,0,0,0,0,1,0,1
BBNX,2026-09-24,21.76,19.6868,17.9121,16.1368,31.99,-31.98,-1.89,-1.94,28864012.0,0,1,0,1,1,1,0,0,0,0,0,0,0,0,0,0,0,0,0,0
BBOT,2026-09-24,3.99,6.7407,8.0096,9.3641,13.73,-70.94,-16.18,-4.09,3964226.0,0,0,0,0,0,0,0,0,0,0,1,0,0,0,0,0,0,0,0,1
BBSI,2026-09-24,31.6,33.3965,35.2658,33.444,44.8849,-29.6,-7.87,-3.1,6209590.0,0,0,0,0,0,0,0,0,0,0,0,0,0,0,0,0,0,1,0,0
BBT,2026-09-24,28.0,30.8095,30.9265,29.2213,32.61,-14.14,-10.03,0.32,29568269.0,0,0,0,0,0,0,0,0,0,0,1,0,0,0,0,0,0,0,0,0
BBUC,2026-09-24,25.07,26.5955,28.6059,32.3807,37.4049,-32.98,-1.99,-1.8,9896129.0,0,0,0,0,0,0,0,0,0,0,1,0,0,0,0,0,0,0,0,1
BBVA,2026-09-24,28.47,28.904,28.0548,24.0514,29.64,-3.95,1.32,1.35,34152782.0,1,1,1,0,1,0,0,0,0,0,0,0,0,0,0,0,0,0,0,0
BBW,2026-09-24,25.1,27.3686,32.4274,40.9907,71.0123,-64.65,-0.57,-2.45,28630760.0,0,0,0,0,0,0,0,0,0,0,0,0,0,0,0,0,0,0,0,0
BBWI,2026-09-24,16.8,18.0475,19.02,19.648,25.9248,-35.2,0.42,-1.29,126619831.0,0,0,0,0,0,0,0,0,0,0,0,0,0,0,0,0,0,0,0,0
BBY,2026-09-24,91.0,88.3248,86.2055,70.6975,94.56,-3.76,-0.54,0.22,397861268.0,0,1,1,1,1,1,0,0,0,0,0,0,0,0,0,0,0,0,0,0
BC,2026-09-24,66.16,71.4365,76.9164,78.2273,87.7999,-24.65,-2.3,-0.11,56856656.0,0,0,0,0,0,0,0,0,0,0,1,0,0,0,0,0,0,0,0,0
BCAL,2026-09-24,21.59,21.5168,21.3365,19.3183,21.9684,-1.72,0.37,0.33,5030882.0,1,1,1,1,1,1,0,0,0,0,0,0,0,0,0,0,0,0,0,0
BCAT,2026-09-24,13.88,15.0175,15.1874,13.9666,15.8022,-12.16,-2.05,-0.5,16354187.0,0,0,0,0,0,0,0,0,0,0,1,0,0,0,0,0,0,0,0,0
BCAX,2026-09-24,19.78,22.9118,24.8634,21.2977,30.4,-34.93,-10.09,-3.44,13289993.0,0,0,0,0,0,0,0,0,0,0,1,0,0,0,0,0,0,1,0,0
BCBP,2026-09-24,8.75,8.614,9.1406,9.0979,11.47,-23.71,6.06,0.69,3013006.0,0,0,0,1,0,0,0,0,0,0,0,0,0,0,0,0,0,0,0,0
BCC,2026-09-24,76.1,76.6765,78.9979,76.8695,90.2329,-15.66,1.05,-2.13,24782363.0,0,0,0,0,0,0,0,0,0,0,0,0,0,0,0,0,0,0,0,0
BCDA,2026-09-24,1.07,1.1285,0.9992,1.1225,1.56,-31.41,-14.4,1.9,409287.0,0,0,0,0,1,0,0,0,0,0,0,0,0,0,0,0,0,0,0,0
BCE,2026-09-24,21.3,22.7931,22.4207,23.2681,25.4414,-16.28,-5.33,-1.43,85458956.0,0,0,0,0,0,0,0,0,0,0,1,0,0,0,0,0,0,0,0,0
BCG,2026-09-24,1.165,1.2935,1.384,1.8833,3.11,-62.54,-6.8,-1.27,35998.0,0,0,0,0,0,0,0,0,0,0,0,0,0,0,0,0,0,0,0,1
BCH,2026-09-24,41.5,41.7105,41.3918,39.0086,43.7002,-5.03,0.97,-0.72,12243340.0,1,1,0,0,1,0,0,0,0,0,0,0,0,0,0,0,0,0,0,0
BCHT,2026-09-24,1.62,1.4015,1.4198,2.2816,4.75,-65.89,1.25,-6.36,115917.0,0,0,0,1,1,0,0,0,0,0,0,0,0,0,0,0,0,0,0,0
BCIC,2026-09-24,7.0,7.2283,7.2438,8.3191,11.8581,-40.97,-0.28,-1.41,447313.0,0,0,0,0,0,0,0,0,0,0,0,0,0,0,0,0,0,0,0,0
BCML,2026-09-24,30.21,29.9943,30.6459,29.9025,34.4428,-12.29,0.6,1.92,1496074.0,1,1,0,1,0,0,0,0,0,0,0,0,0,0,0,0,0,0,0,0
BCO,2026-09-24,105.85,108.282,112.7075,112.0093,134.9641,-21.57,-2.37,0.85,44948592.0,0,0,0,0,0,0,0,0,0,0,0,0,0,0,0,0,0,0,0,0
BCPC,2026-09-24,167.84,170.5,171.3788,167.4676,183.26,-8.41,0.14,-0.24,34798603.0,1,1,0,0,0,0,0,0,0,0,0,0,0,0,0,0,0,0,0,0
BCRX,2026-09-24,8.52,9.085,9.3534,8.6544,11.11,-23.31,1.07,-0.58,42006483.0,0,0,0,0,0,0,0,0,0,0,0,0,0,0,0,0,0,0,0,0
BCS,2026-09-24,24.43,26.0535,26.919,24.8137,28.2428,-13.5,-3.59,0.58,107151214.0,0,0,0,0,0,0,0,0,0,0,0,0,0,0,0,0,0,0,0,0
BCSF,2026-09-24,11.12,11.2493,11.7625,12.0128,13.1867,-15.67,0.36,0.45,5907068.0,0,0,0,0,0,0,0,0,0,0,0,0,0,0,0,0,0,0,0,0
BCSS,2026-09-24,10.29,10.2852,10.2546,10.1844,10.32,-0.29,0.49,-0.19,143628.0,1,1,1,1,1,1,0,0,0,0,0,0,0,0,0,0,0,0,0,0
BCTX,2026-09-24,4.28,3.7685,3.6648,4.4734,13.79,-68.96,20.22,6.73,659919.0,0,0,0,1,1,1,0,0,0,0,0,0,1,1,1,0,0,0,0,0
BCV,2026-09-24,24.03,23.9746,24.0703,23.1978,26.0164,-7.64,0.5,-0.5,227989.0,1,1,0,1,0,0,0,0,0,0,0,0,0,0,0,0,0,0,0,0
BCX,2026-09-24,12.21,12.8011,12.3628,11.7504,13.2764,-8.03,-1.37,-0.65,1992532.0,0,1,0,0,0,0,0,0,0,0,0,0,0,0,0,0,0,0,0,0
BCYC,2026-09-24,3.73,3.966,4.0332,5.005,8.87,-57.95,2.47,3.61,1587034.0,0,0,0,0,0,0,0,0,0,0,0,0,1,0,0,0,0,1,0,0
BDC,2026-09-24,110.8,115.4422,117.4984,119.5502,150.7154,-26.48,-1.53,-2.92,49955020.0,0,0,0,0,0,0,0,0,0,0,0,0,0,0,0,0,0,0,0,0
BDCI,2026-09-24,10.155,10.1507,10.1133,10.054,10.2,-0.44,-0.05,0.05,107150.0,0,1,1,1,1,1,0,0,0,0,0,0,0,0,0,0,0,0,0,0
BDCZ,2026-09-24,14.931,15.3199,15.1473,14.8289,15.9737,-6.53,-1.74,-0.55,12908.0,1,1,0,0,0,0,0,0,0,0,0,0,0,0,0,0,0,0,0,0
BDJ,2026-09-24,9.58,9.6965,9.6624,9.0923,9.847,-2.71,-0.1,0.31,4055813.0,1,1,1,0,0,0,0,0,0,0,0,0,0,0,0,0,0,0,0,0
BDL,2026-09-24,44.42,45.3935,44.226,35.8021,51.77,-14.2,-0.43,1.83,975004.0,1,1,0,0,1,0,0,0,0,0,0,0,0,0,0,0,0,0,0,0
BDMD,2026-09-24,0.78,1.0555,1.0879,1.4428,3.44,-77.33,-26.42,-1.27,51560.0,0,0,0,0,0,0,0,0,0,0,1,0,0,0,0,0,0,0,0,0
BDN,2026-09-24,2.89,2.9965,3.0626,2.9238,4.0753,-29.09,-1.03,-0.69,5635326.0,0,0,0,0,0,0,0,0,0,0,0,0,0,0,0,0,0,0,0,0
BDRX,2026-09-24,0.675,0.853,1.2548,5.4865,54.5,-98.76,-15.62,-2.03,13600292.0,0,0,0,0,0,0,0,0,0,0,0,0,0,0,0,0,0,0,0,0
BDSX,2026-09-24,29.4,27.6323,24.7244,16.1919,30.6,-3.92,2.94,0.38,2506208.0,0,1,1,1,1,1,0,0,0,0,0,0,0,0,0,0,0,0,0,0
BDTX,2026-09-24,1.89,2.049,1.9699,2.2984,4.87,-61.19,-2.58,-0.53,1175500.0,0,0,0,0,0,0,0,0,0,0,0,0,0,0,0,0,0,0,0,0
BDX,2026-09-24,179.23,183.0864,175.7108,159.6558,190.8744,-6.1,-1.44,-1.8,335476850.0,1,1,0,0,1,0,0,0,0,0,0,0,0,0,0,0,0,0,0,0
BE,2026-09-24,266.65,252.952,228.0358,202.0716,345.85,-22.9,-5.03,-3.1,4226772718.0,0,1,0,1,1,1,0,0,0,0,0,0,0,0,0,0,0,0,0,0
BEAG,2026-09-24,10.71,10.7811,10.7332,10.6282,10.9,-1.74,-1.29,-0.09,454811.0,1,1,1,0,0,0,0,0,0,0,0,0,0,0,0,0,0,1,0,0
BEAM,2026-09-24,24.66,26.5783,26.9879,28.5631,37.92,-34.97,6.75,1.19,50380984.0,0,0,0,0,0,0,0,0,0,0,0,0,0,0,0,0,0,0,0,0
BEAT,2026-09-24,0.379,0.4275,0.4849,1.1194,3.44,-88.98,-9.76,-2.57,169267.0,0,0,0,0,0,0,0,0,0,0,0,0,0,0,0,0,0,0,0,1
BEBE,2026-09-24,10.04,10.008,9.9962,,10.05,-0.1,0.0,0.0,111010.0,0,0,1,1,1,1,0,0,0,0,0,0,0,0,0,0,0,1,0,0
BEEM,2026-09-24,1.21,1.3997,1.2435,1.4753,3.88,-68.81,-10.37,-1.22,984759.0,0,0,0,0,0,0,0,0,0,0,0,0,0,0,0,0,0,0,0,0
BEEP,2026-09-24,2.86,2.911,2.4894,2.4179,3.73,-23.32,0.35,0.7,69098.0,1,1,0,0,1,0,0,0,0,0,0,0,0,0,0,0,0,0,0,0
BEKE,2026-09-24,16.69,17.0695,17.0268,16.6435,19.8428,-15.89,4.51,0.6,90054176.0,1,1,0,0,0,0,0,0,0,0,0,0,0,0,0,0,0,0,0,0
BELFA,2026-09-24,203.15,201.8685,217.1048,212.1468,291.1556,-30.23,5.57,-0.49,18328717.0,0,0,0,1,0,0,0,0,0,0,0,0,0,0,0,0,0,0,0,0
BELFB,2026-09-24,250.96,244.557,262.5994,240.8205,332.9566,-24.63,6.97,-1.23,36780941.0,1,1,0,1,0,0,0,0,0,0,0,0,0,0,0,0,0,0,0,0
BEN,2026-09-24,32.55,33.678,33.6624,28.8505,35.77,-9.0,-0.52,-0.49,118591776.0,0,1,0,0,0,0,0,0,0,0,0,0,0,0,0,0,0,0,0,0
BENF,2026-09-24,1.45,1.4788,2.311,3.7015,11.92,-87.84,130.52,-50.0,53914768.0,0,0,0,0,0,0,0,0,0,0,0,0,0,0,1,0,0,0,0,0
BEPC,2026-09-24,28.38,30.8343,32.3493,36.9151,42.9946,-33.99,-2.97,-2.87,53586375.0,0,0,0,0,0,0,0,0,0,0,1,0,0,0,0,0,0,0,0,1
BESS,2026-09-24,2.6,2.9115,3.0846,4.9096,13.5,-80.74,-6.47,-7.14,147243.0,0,0,0,0,0,0,0,0,0,0,0,0,0,0,0,0,0,0,0,0
BETA,2026-09-24,23.15,21.1565,21.3774,20.2435,36.8,-37.09,14.26,-4.89,81305941.0,0,1,0,1,1,0,0,0,0,0,0,0,0,0,1,0,0,0,0,0
BETR,2026-09-24,10.84,12.9405,16.2279,28.5897,86.07,-87.41,-12.3,-10.86,6754458.0,0,0,0,0,0,0,0,0,0,0,0,0,0,0,0,0,0,1,0,1
BFAM,2026-09-24,66.34,68.8925,72.3496,78.6793,109.23,-39.27,-3.41,-0.26,63830181.0,0,0,0,0,0,0,0,0,0,0,0,0,0,0,0,0,0,0,0,0
BFC,2026-09-24,150.32,152.7165,152.5728,141.866,158.42,-5.11,-0.15,1.3,10383651.0,1,1,0,0,0,0,0,0,0,0,0,0,0,0,0,0,0,0,0,0
BFH,2026-09-24,101.56,106.6171,106.6204,87.9011,113.1533,-10.25,-5.83,2.39,60503278.0,0,1,0,0,0,0,0,0,0,0,0,0,0,0,0,0,0,0,0,0
BFLY,2026-09-24,9.41,7.9945,8.096,5.4916,9.93,-5.24,18.22,2.28,45816422.0,0,1,0,1,1,0,0,0,0,0,0,0,0,0,1,0,0,0,0,0
BFRG,2026-09-24,0.765,0.5317,0.5659,0.7033,1.68,-54.46,63.46,-19.47,11408248.0,0,1,0,1,1,0,0,0,0,0,0,0,0,0,1,0,0,0,0,0
BFRI,2026-09-24,1.2,1.4127,1.3043,1.0127,1.61,-25.47,-0.83,4.35,1123393.0,0,1,0,0,0,0,0,0,0,0,0,0,1,0,0,0,0,0,0,0
BFS,2026-09-24,29.85,31.668,33.5536,33.0559,37.2635,-19.89,-1.58,0.2,4189473.0,0,0,0,0,0,0,0,0,0,0,1,0,0,0,0,0,0,0,0,0
BFST,2026-09-24,30.63,31.1265,31.2882,28.5608,32.13,-4.67,-1.1,0.92,6407266.0,1,1,1,0,0,0,0,0,0,0,0,0,0,0,0,0,0,0,0,0
BG,2026-09-24,110.21,118.147,115.0724,114.4441,130.5866,-15.6,-5.91,-1.14,236611116.0,0,0,0,0,0,0,0,0,0,0,0,0,0,0,0,0,0,0,0,0
BGB,2026-09-24,11.06,11.208,11.1869,11.0875,11.3922,-2.92,-1.43,-1.43,2134709.0,0,0,1,0,0,0,0,0,0,0,0,0,0,0,0,0,0,0,0,0
BGC,2026-09-24,12.17,12.1125,11.5773,10.4563,12.6271,-3.62,-0.08,0.58,42609885.0,1,1,1,1,1,1,0,0,0,0,0,0,0,0,0,0,0,0,0,0
BGDE,2026-09-24,6.24,6.433,6.2288,5.3536,33.6,-81.43,9.67,1.46,323241.0,0,1,0,0,1,0,0,0,0,0,0,0,0,0,0,0,0,0,0,0
BGH,2026-09-24,13.11,13.7967,13.8839,13.692,15.0017,-12.61,-2.88,-2.46,1087458.0,0,0,0,0,0,0,0,0,0,0,1,0,0,0,0,0,0,0,0,0
BGIN,2026-09-24,1.86,1.921,1.9141,2.6555,4.96,-62.5,3.85,-1.33,12472.0,0,0,0,0,0,0,0,0,0,0,0,0,0,0,0,0,0,0,0,0
BGL,2026-09-24,0.211,0.21,0.2062,1.2554,11.56,-98.17,-2.76,-3.21,51001.0,0,0,0,1,1,1,0,0,0,0,0,0,0,0,0,0,0,0,0,0
BGLC,2026-09-24,1.48,1.4843,1.5167,2.3436,6.0,-75.33,0.0,0.68,7081.0,0,0,0,0,0,0,0,0,0,0,0,0,0,0,0,0,0,0,0,0
BGM,2026-09-24,0.249,0.2711,0.2797,1.2248,11.75,-97.88,-3.49,-2.35,31239.0,0,0,0,0,0,0,0,0,0,0,0,0,0,0,0,0,0,0,0,0
BGMS,2026-09-24,0.95,0.904,0.9098,1.0392,5.95,-84.03,-4.04,-1.04,165252.0,0,0,0,1,1,0,0,0,0,0,0,0,0,0,0,0,0,0,0,0
BGR,2026-09-24,17.24,17.3072,16.736,15.3215,17.79,-3.09,-1.03,0.52,1576559.0,1,1,1,0,1,0,0,0,0,0,0,0,0,0,0,0,0,0,0,0
BGS,2026-09-24,3.02,3.2405,3.432,4.2049,5.5207,-45.3,-3.82,1.34,6695788.0,0,0,0,0,0,0,0,0,0,0,0,0,0,0,0,0,0,0,0,0
BGSF,2026-09-24,5.0,5.198,5.4026,5.5212,6.58,-24.01,0.0,0.81,48370.0,0,0,0,0,0,0,0,0,0,0,0,0,0,0,0,0,0,0,0,0
BGSI,2026-09-24,79.18,84.9505,94.094,125.5243,181.8853,-56.47,-4.66,-0.54,5144115.0,0,0,0,0,0,0,0,0,0,0,0,0,0,0,0,0,0,0,0,1
BGT,2026-09-24,10.44,10.8392,10.7216,10.3916,11.0375,-5.41,-2.43,-1.88,1394709.0,0,1,0,0,0,0,0,0,0,0,1,0,0,0,0,0,0,0,0,0
BGX,2026-09-24,10.51,10.6705,10.6842,10.6784,11.2987,-6.98,-1.22,-0.1,727347.0,0,0,0,0,0,0,0,0,0,0,1,0,0,0,0,0,0,0,0,0
BGY,2026-09-24,5.72,5.8102,5.7453,5.5837,5.896,-2.99,0.88,-0.69,1201182.0,1,1,1,0,0,0,0,0,0,0,0,0,0,0,0,0,0,0,0,0
BH,2026-09-24,348.61,365.4085,378.1292,354.1337,476.92,-26.9,-1.22,0.48,59943886.0,0,0,0,0,0,0,0,0,0,0,0,0,0,0,0,0,0,0,0,0
BHAV,2026-09-24,10.02,10.027,9.998,,,,0.0,-0.1,20149.0,0,0,0,0,1,0,0,0,0,0,0,0,0,0,0,0,0,1,0,0
BHB,2026-09-24,39.73,39.9585,39.5154,34.9211,40.91,-2.88,-1.71,0.81,3200278.0,1,1,1,0,1,0,0,0,0,0,0,0,0,0,0,0,0,0,0,0
BHC,2026-09-24,5.65,6.112,5.9346,5.8172,7.9,-28.48,-0.7,-1.05,15120254.0,0,0,0,0,0,0,0,0,0,0,0,0,0,0,0,0,0,0,0,0
BHE,2026-09-24,82.15,74.188,77.4156,68.2649,98.67,-16.74,11.24,-1.16,26089011.0,0,1,0,1,1,0,0,0,0,0,0,0,0,0,1,0,0,0,0,0
BHF,2026-09-24,53.46,51.669,56.81,61.3171,66.61,-19.74,9.57,2.83,51934016.0,0,0,0,1,0,0,0,0,0,0,0,0,0,0,0,0,0,0,0,0
BHK,2026-09-24,8.26,8.7163,8.8205,8.822,9.1759,-9.98,-3.39,-0.72,3109850.0,0,0,0,0,0,0,0,0,0,0,1,0,0,0,0,0,0,0,0,1
BHM,2026-09-24,8.131,8.4288,8.5195,9.6303,11.9243,-31.81,-0.6,-5.8,19547.0,0,0,0,0,0,0,0,0,0,0,0,0,0,0,0,0,0,0,0,0
BHP,2026-09-24,85.09,88.9194,86.918,76.4895,96.5823,-11.9,1.13,0.16,207713018.0,0,1,0,0,0,0,0,0,0,0,0,0,0,0,0,0,0,0,0,0
BHR,2026-09-24,1.71,1.878,2.0196,2.4397,3.14,-45.54,-5.0,-2.84,898845.0,0,0,0,0,0,0,0,0,0,0,1,0,0,0,0,0,0,0,0,1
BHRB,2026-09-24,69.34,71.062,71.6811,66.0187,74.0792,-6.4,-1.76,0.73,8422194.0,1,1,0,0,0,0,0,0,0,0,0,0,0,0,0,0,0,0,0,0
BHST,2026-09-24,1.45,1.7682,2.0418,3.7528,12.65,-88.54,-12.65,-0.68,62005.0,0,0,0,0,0,0,0,0,0,0,1,0,0,0,0,0,0,0,0,1
BHV,2026-09-24,12.58,12.5239,12.5503,11.294,13.107,-4.02,2.28,-0.32,77509.0,1,1,1,1,1,0,0,0,0,0,0,0,0,0,0,0,0,0,0,0
BHVN,2026-09-24,13.19,14.377,14.309,11.9493,18.11,-27.17,9.73,-3.51,60150651.0,0,1,0,0,0,0,0,0,0,0,0,0,0,0,0,0,0,0,0,0
BIAF,2026-09-24,7.83,8.2748,8.146,21.2532,79.35,-90.13,-10.51,-1.39,89844366.0,0,0,0,0,0,0,0,0,0,0,0,0,0,0,0,0,0,0,0,0
BIDU,2026-09-24,88.08,92.7145,100.025,121.1586,162.52,-45.8,-0.53,-1.89,241077100.0,0,0,0,0,0,0,0,0,0,0,0,0,0,0,0,0,0,0,0,1
BIIB,2026-09-24,226.36,218.7315,212.0214,193.4922,227.53,-0.51,4.79,-0.51,194885314.0,0,1,1,1,1,1,0,0,0,0,0,0,0,0,0,0,0,0,0,0
BIII,2026-09-24,10.05,10.058,10.0044,,10.07,-0.2,-0.1,0.0,3813966.0,0,0,1,0,1,0,0,0,0,0,0,0,0,0,0,0,0,0,0,0
BILI,2026-09-24,14.81,15.5582,16.9869,22.35,35.92,-58.77,-0.6,-1.33,61261769.0,0,0,0,0,0,0,0,0,0,0,0,0,0,0,0,0,0,0,0,0
BILL,2026-09-24,44.97,48.253,47.369,43.6648,56.31,-20.14,-8.22,-2.07,87918471.0,0,1,0,0,0,0,0,0,0,0,0,0,0,0,0,0,0,0,0,0
BIO,2026-09-24,387.54,380.9595,355.7792,305.5179,390.34,-0.72,2.25,2.29,99602020.0,1,1,1,1,1,1,0,0,0,0,0,0,0,0,0,0,0,0,0,0
BIOA,2026-09-24,7.21,8.8433,12.6769,16.8847,25.1,-71.27,-6.97,-8.62,5690657.0,0,0,0,0,0,0,0,0,0,0,1,0,0,0,0,0,0,0,0,0
BIOX,2026-09-24,0.371,0.409,0.3881,0.6196,2.03,-81.72,-3.89,-5.36,223880.0,0,0,0,0,0,0,0,0,0,0,0,0,0,0,0,0,0,0,0,0
BIPC,2026-09-24,34.53,36.8352,38.7404,41.3065,49.401,-30.1,-3.28,-2.68,46696529.0,0,0,0,0,0,0,0,0,0,0,0,0,0,0,0,0,0,0,0,1
BIRD,2026-09-24,2.38,2.4417,2.3054,3.3756,14.8577,-83.98,0.42,0.42,1653800.0,0,0,0,0,1,0,0,0,0,0,0,0,0,0,0,0,0,0,0,0
BIRK,2026-09-24,31.79,32.5715,36.649,39.5244,48.97,-35.08,4.43,1.18,74458686.0,0,0,0,0,0,0,0,0,0,0,0,0,0,0,0,0,0,0,0,0
BIT,2026-09-24,11.19,11.6522,11.8473,11.9964,12.3755,-9.58,-3.03,-0.71,4897242.0,0,0,0,0,0,0,0,0,0,0,1,0,0,0,0,0,0,1,0,1
BIVI,2026-09-24,1.61,1.935,1.6802,1.5159,2.28,-29.39,-6.4,-1.23,1025196.0,0,1,0,0,0,0,0,0,0,0,0,0,0,0,0,0,0,0,0,0
BIXI,2026-09-24,10.15,10.1123,10.0666,,10.33,-1.74,0.54,0.0,325493.0,0,0,1,1,1,1,0,0,0,0,0,0,0,0,0,0,0,0,0,0
BIYA,2026-09-24,2.065,2.1947,2.7381,17.1063,156.5,-98.68,-0.72,-0.24,84936.0,0,0,0,0,0,0,0,0,0,0,0,0,0,0,0,0,0,0,0,0
BJ,2026-09-24,91.84,91.9015,93.572,93.4749,102.78,-10.64,-1.23,2.07,144779080.0,0,0,0,0,0,0,0,0,0,0,0,0,0,0,0,0,0,0,0,0
BJDX,2026-09-24,0.95,0.9056,0.989,2.1704,14.0,-93.21,12.43,-1.96,3400161.0,0,0,0,1,0,0,0,0,0,0,0,0,0,0,1,0,0,0,0,0
BJRI,2026-09-24,61.96,61.4645,64.9854,48.3234,74.26,-16.56,3.96,0.68,26627324.0,1,1,0,1,0,0,0,0,0,0,0,0,0,0,0,0,0,0,0,0
BKD,2026-09-24,11.07,11.799,13.009,13.3793,16.77,-33.99,-5.14,-0.9,49862609.0,0,0,0,0,0,0,0,0,0,0,1,0,0,0,0,0,0,0,0,0
BKE,2026-09-24,41.54,41.676,43.1398,47.9295,56.0642,-25.91,3.69,0.24,21150576.0,0,0,0,0,0,0,0,0,0,0,0,0,0,0,0,0,0,0,0,0
BKH,2026-09-24,69.93,71.951,72.5659,71.5222,75.3844,-7.24,-0.81,-0.82,64601577.0,0,0,0,0,0,0,0,0,0,0,0,0,0,0,0,0,0,0,0,0
BKHA,2026-09-24,12.19,11.9837,11.9613,11.7111,13.1,-6.95,1.67,0.74,2327.0,0,1,0,1,1,1,1,0,0,0,0,0,0,0,0,0,1,1,0,0
BKKT,2026-09-24,9.08,8.1145,7.813,9.7302,45.04,-79.84,26.64,3.06,10612995.0,0,0,0,1,1,1,0,0,0,0,0,0,1,0,1,0,0,0,0,0
BKNG,2026-09-24,157.41,179.5443,191.2808,183.2761,221.006,-28.78,-7.69,0.97,1462662715.0,0,0,0,0,0,0,0,0,0,0,1,0,0,0,0,0,0,0,0,0
BKR,2026-09-24,57.29,60.4155,60.5342,58.7269,69.1833,-17.19,1.72,-1.28,503181271.0,0,0,0,0,0,0,0,0,0,0,0,0,0,0,0,0,0,0,0,0
BKSY,2026-09-24,23.17,22.1175,24.1872,27.4344,51.63,-55.12,7.67,4.13,20639046.0,0,0,0,1,0,0,0,0,0,0,0,0,1,0,0,0,0,0,0,0
BKT,2026-09-24,9.53,9.9758,10.1298,10.2198,10.5227,-9.43,-2.56,-0.83,1698652.0,0,0,0,0,0,0,0,0,0,0,1,0,0,0,0,0,0,0,0,1
BKTI,2026-09-24,74.87,73.133,76.2548,81.1418,96.95,-22.77,4.57,0.5,2989108.0,0,0,0,1,0,0,0,0,0,0,0,0,0,0,0,0,0,0,0,0
BKU,2026-09-24,43.39,45.1215,46.3284,46.2542,50.2311,-13.62,-2.45,0.07,42845988.0,0,0,0,0,0,0,0,0,0,0,0,0,0,0,0,0,0,0,0,0
BKV,2026-09-24,23.08,24.292,24.8228,27.2431,32.16,-28.23,1.27,-0.82,59237048.0,0,0,0,0,0,0,0,0,0,0,0,0,0,0,0,0,0,0,0,0
BKYI,2026-09-24,2.04,2.7275,3.4798,5.0968,10.3,-80.19,-20.31,-18.07,139717.0,0,0,0,0,0,0,0,0,0,0,1,0,0,0,0,0,0,1,0,1
BL,2026-09-24,27.89,30.355,30.3958,36.5126,58.83,-52.59,-0.96,-0.85,28550428.0,0,0,0,0,0,0,0,0,0,0,0,0,0,0,0,0,0,0,0,0
BLBD,2026-09-24,55.58,60.8583,66.7199,62.2365,81.5,-31.8,-9.86,-4.32,33986309.0,0,0,0,0,0,0,0,0,0,0,1,0,0,0,0,0,0,0,0,0
BLCO,2026-09-24,16.8,17.377,16.9656,16.6312,18.6,-9.68,-1.58,-1.47,6965946.0,0,1,0,0,0,0,0,0,0,0,0,0,0,0,0,0,0,0,0,0
BLDP,2026-09-24,2.13,2.2365,2.4928,3.0024,6.38,-66.61,1.43,-2.74,6334870.0,0,0,0,0,0,0,0,0,0,0,0,0,0,0,0,0,0,0,0,0
BLDR,2026-09-24,58.28,62.0505,67.9994,87.3206,129.54,-55.01,-2.3,-1.49,227347125.0,0,0,0,0,0,0,0,0,0,0,0,0,0,0,0,0,0,0,0,0
BLFS,2026-09-24,38.58,36.2485,34.3406,26.0812,38.58,0.0,6.84,2.23,33832095.0,0,1,1,1,1,1,1,1,1,0,0,0,0,0,0,0,1,0,0,0
BLIN,2026-09-24,0.85,0.9115,1.036,0.9674,1.57,-45.86,-1.16,2.41,29114.0,0,0,0,0,0,0,0,0,0,0,0,1,0,0,0,0,0,0,0,0
BLIV,2026-09-24,2.315,2.207,2.2692,2.6643,3.95,-41.39,4.75,0.0,11710.0,0,0,0,1,1,0,0,0,0,0,0,0,0,0,0,0,0,0,0,0
BLK,2026-09-24,1073.45,1095.8551,1104.58,1050.7525,1177.4277,-8.83,3.49,1.18,646260825.0,1,1,0,0,0,0,0,0,0,0,0,0,0,0,0,0,0,0,0,0
BLKB,2026-09-24,43.27,45.657,42.873,43.1581,67.95,-36.32,-3.46,0.89,19279392.0,0,1,0,0,1,0,0,0,0,0,0,0,0,0,0,0,0,0,0,0
BLLN,2026-09-24,124.9,101.3305,109.7183,94.8337,149.97,-16.72,20.55,9.16,63035303.0,0,1,0,1,1,0,1,0,0,0,0,0,1,1,1,1,0,0,0,0
BLMN,2026-09-24,8.12,9.191,9.5442,7.5771,11.85,-31.48,1.0,-5.03,18979115.0,0,1,0,0,0,0,0,0,0,0,0,0,0,0,0,0,0,0,0,0
BLND,2026-09-24,1.07,1.4015,1.5658,1.8971,3.93,-72.77,-19.55,-4.46,2768962.0,0,0,0,0,0,0,0,0,0,0,1,0,0,0,0,0,0,0,0,1
BLNE,2026-09-24,0.96,1.021,1.0057,1.8325,4.35,-77.93,-3.03,-0.62,423145.0,0,0,0,0,0,0,0,0,0,0,0,0,0,0,0,0,0,0,0,0
BLNK,2026-09-24,0.559,0.5535,0.5582,0.6764,2.5,-77.64,2.19,-1.06,684989.0,0,0,0,1,1,0,0,0,0,0,0,0,0,0,0,0,0,0,0,0
BLRK,2026-09-24,10.13,10.103,10.0776,,10.13,0.0,0.0,0.1,1431884.0,0,0,1,1,1,1,0,0,1,0,0,0,0,0,0,0,0,0,0,0
BLRX,2026-09-24,2.52,2.5975,2.7212,2.8511,4.44,-43.24,1.61,-1.56,77981.0,0,0,0,0,0,0,0,0,0,0,0,0,0,0,0,0,0,0,0,0
BLSH,2026-09-24,39.69,35.4365,29.0284,33.7509,69.49,-42.88,23.72,-1.05,57034002.0,0,1,0,1,1,1,0,0,0,0,0,0,0,0,1,0,0,0,0,0
BLTE,2026-09-24,169.44,169.6265,163.8764,160.2698,193.61,-12.48,0.14,0.46,37706530.0,1,1,0,0,1,0,0,0,0,0,0,0,0,0,0,0,0,0,0,0
BLUW,2026-09-24,10.37,10.3693,10.3592,10.3175,10.38,-0.1,0.05,0.1,742239.0,1,1,1,1,1,1,0,0,0,0,0,0,0,0,0,0,0,0,0,0
BLW,2026-09-24,11.58,12.2609,12.3893,12.3729,12.9734,-10.74,-4.46,-0.86,2045389.0,0,0,0,0,0,0,0,0,0,0,1,0,0,0,0,0,0,0,0,0
BLX,2026-09-24,54.66,54.8355,56.0435,51.7439,62.0326,-11.89,1.96,-1.07,9252583.0,1,1,0,0,0,0,0,0,0,0,0,0,0,0,0,0,0,0,0,0
BLZE,2026-09-24,13.505,13.553,14.9114,8.325,20.43,-33.9,3.01,-3.95,22654595.0,1,1,0,0,0,0,0,0,0,0,0,0,0,0,0,0,0,0,0,0
BLZR,2026-09-24,10.215,10.2123,10.1787,10.0991,10.225,-0.1,0.0,-0.05,738763.0,1,1,1,1,1,1,0,0,0,0,0,0,0,0,0,0,0,0,0,0
BMA,2026-09-24,71.0,76.9115,82.2716,82.5559,101.1279,-29.79,-6.76,-1.39,18547338.0,0,0,0,0,0,0,0,0,0,0,1,0,0,0,0,0,0,0,0,0
BMBL,2026-09-24,2.68,2.8485,2.8577,3.2498,6.85,-60.88,-10.67,0.0,6313387.0,0,0,0,0,0,0,0,0,0,0,0,0,0,0,0,0,0,0,0,0
BME,2026-09-24,44.98,44.8615,44.0189,40.3592,46.0075,-2.23,1.44,0.81,1741716.0,1,1,1,1,1,1,0,0,0,0,0,0,0,0,0,0,0,0,0,0
BMEA,2026-09-24,1.49,1.763,1.497,1.4188,2.67,-44.19,-16.76,3.47,3857435.0,0,1,0,0,0,0,0,0,0,0,0,0,1,0,0,0,0,0,1,0
BMEZ,2026-09-24,16.8,16.6257,16.0555,14.5788,17.1334,-1.95,2.07,0.6,2252446.0,1,1,1,1,1,1,0,0,0,0,0,0,0,0,0,0,0,0,0,0
BMGL,2026-09-24,3.8,4.9233,5.2378,7.0983,22.32,-82.97,-7.32,-7.09,11668021.0,0,0,0,0,0,0,0,0,0,0,0,0,0,0,0,0,0,0,0,1
BMHL,2026-09-24,5.11,5.6958,5.7322,4.4826,6.16,-17.05,-7.59,-7.59,9516.0,0,1,0,0,0,0,0,0,0,0,1,0,0,0,0,0,0,1,0,0
BMI,2026-09-24,130.6,131.0897,133.2672,143.7701,185.7277,-29.68,2.43,-1.8,47351093.0,0,0,0,0,0,0,0,0,0,0,0,0,0,0,0,0,0,0,0,0
BMM,2026-09-24,5.22,5.6242,5.496,,8.46,-38.3,-1.51,-0.76,2417669.0,0,0,0,0,0,0,0,0,0,0,0,0,0,0,0,0,0,0,0,0
BMN,2026-09-24,23.15,24.821,25.0564,25.4031,26.8356,-13.73,-2.73,-3.82,347929.0,0,0,0,0,0,0,0,0,0,0,1,0,0,0,0,0,0,1,0,1
BMNR,2026-09-24,28.03,25.268,21.299,21.965,63.2014,-55.65,17.33,2.08,1125625936.0,0,1,0,1,1,1,0,0,0,0,0,0,0,0,1,0,0,0,0,0
BMO,2026-09-24,171.06,173.2155,176.7544,153.6465,185.81,-7.94,-0.89,0.41,128088367.0,1,1,0,0,0,0,0,0,0,0,0,0,0,0,0,0,0,0,0,0
BMR,2026-09-24,1.3,1.2713,1.2722,1.6515,3.16,-58.86,5.69,-3.7,59061.0,0,0,0,1,1,0,0,0,0,0,0,0,0,0,0,0,0,0,0,0
BMRA,2026-09-24,2.46,2.2745,1.8696,2.131,3.2,-23.12,3.8,-5.75,438251.0,0,1,0,1,1,1,0,0,0,0,0,0,0,0,0,0,0,0,0,0
BMRC,2026-09-24,27.78,27.4635,27.9753,26.3614,30.04,-7.52,0.04,0.73,4750634.0,1,1,0,1,0,0,0,0,0,0,0,0,0,0,0,0,0,0,0,0
BMRN,2026-09-24,61.35,64.9015,63.8958,58.4425,70.24,-12.66,-5.22,-1.38,125638217.0,0,1,0,0,0,0,0,0,0,0,0,0,0,0,0,0,0,0,0,0
BMY,2026-09-24,61.5,64.8245,64.236,58.2901,68.09,-9.68,-3.3,0.57,638163741.0,0,1,0,0,0,0,0,0,0,0,0,0,0,0,0,0,0,0,0,0
BN,2026-09-24,36.63,38.8591,41.2962,43.6658,48.9163,-25.12,-1.08,-1.24,176834097.0,0,0,0,0,0,0,0,0,0,0,1,0,0,0,0,0,0,0,0,1
BNAI,2026-09-24,6.485,9.273,11.6834,20.2095,63.0,-89.71,-5.19,-0.08,1262209.0,0,0,0,0,0,0,0,0,0,0,1,0,0,0,0,0,0,0,0,0
BNC,2026-09-24,6.26,4.631,3.478,3.7686,11.37,-44.94,15.5,2.45,28625582.0,0,1,0,1,1,1,0,0,0,0,0,0,0,0,1,0,0,0,0,0
BNED,2026-09-24,11.13,11.474,12.034,10.1993,13.6535,-18.48,6.3,-0.71,3539465.0,1,1,0,0,0,0,0,0,0,0,0,0,0,0,0,0,0,0,0,0
BNGO,2026-09-24,1.69,1.3815,1.2416,1.2689,2.13,-20.66,11.92,-0.59,3936241.0,0,1,0,1,1,1,0,0,0,0,0,0,0,0,1,0,0,0,0,0
BNKK,2026-09-24,1.42,1.342,1.1901,2.4375,14.84,-90.43,10.94,-0.7,148263.0,0,0,0,1,1,1,0,0,0,0,0,0,0,0,1,0,0,0,0,0
BNL,2026-09-24,18.9,20.2875,21.0946,19.4888,22.84,-17.25,-2.68,-0.05,36525352.0,0,0,0,0,0,0,0,0,0,0,1,0,0,0,0,0,0,0,0,0
BNR,2026-09-24,18.0,11.959,10.4167,17.2,41.06,-56.16,43.77,19.4,731281.0,0,1,0,1,1,1,1,1,0,0,0,0,1,1,1,1,1,1,0,0
BNS,2026-09-24,92.23,93.136,90.3758,79.0012,95.35,-3.27,-0.79,-0.02,173846496.0,1,1,1,0,1,0,0,0,0,0,0,0,0,0,0,0,0,0,0,0
BNT,2026-09-24,36.59,38.8765,41.5335,43.9858,49.3498,-25.86,-1.16,-1.32,775506.0,0,0,0,0,0,0,0,0,0,0,1,0,0,0,0,0,0,0,0,1
BNTC,2026-09-24,9.64,11.8493,12.2627,12.0108,16.52,-41.65,-12.68,-1.93,1716737.0,0,0,0,0,0,0,0,0,0,0,1,0,0,0,0,0,0,0,0,1
BNTX,2026-09-24,99.26,100.589,97.6086,97.6037,119.34,-16.83,3.58,0.81,107194996.0,1,1,0,0,1,0,0,0,0,1,0,0,0,0,0,0,0,0,0,0
BNY,2026-09-24,150.19,158.8815,159.0631,134.9626,164.84,-8.89,-2.14,0.45,563682386.0,0,1,0,0,0,0,0,0,0,0,0,1,0,0,0,0,0,0,0,0
BOBS,2026-09-24,13.69,15.845,16.7212,,22.53,-39.24,-6.36,0.88,12866403.0,0,0,0,0,0,0,0,0,0,0,0,0,0,0,0,0,0,0,0,0
BOC,2026-09-24,13.43,13.678,13.9678,12.9781,15.09,-11.0,-2.61,0.37,2270957.0,1,1,0,0,0,0,0,0,0,0,0,0,0,0,0,0,0,0,0,0
BODI,2026-09-24,4.8,5.431,7.5805,9.9635,16.05,-70.09,-4.38,-2.04,174273.0,0,0,0,0,0,0,0,0,0,0,1,0,0,0,0,0,0,0,0,0
BOE,2026-09-24,12.05,12.2532,12.1435,11.4745,12.4347,-3.09,-0.74,-0.9,1293575.0,1,1,1,0,0,0,0,0,0,0,0,0,0,0,0,0,0,0,0,0
BOF,2026-09-24,3.89,3.8505,3.9792,3.7238,5.09,-23.58,4.85,6.87,104442.0,1,1,0,1,0,0,0,0,0,0,0,0,1,1,0,0,0,1,0,0
BOH,2026-09-24,71.13,75.2065,77.9925,75.3146,85.0725,-16.39,-4.98,1.12,25517868.0,0,0,0,0,0,0,0,0,0,0,1,0,0,0,0,0,0,0,0,0
BOKF,2026-09-24,130.8,135.0175,139.1303,131.0206,145.4354,-10.06,-1.52,0.17,36850560.0,0,0,0,0,0,0,0,0,0,0,0,1,0,0,0,0,0,0,0,0
BOLD,2026-09-24,2.6,2.8262,2.7407,1.7375,3.0,-13.33,-7.8,-3.7,341678.0,0,1,0,0,0,0,0,0,0,0,0,0,0,0,0,0,0,1,0,0
BOLT,2026-09-24,3.59,3.8007,3.8131,4.665,7.09,-49.37,-1.1,-1.64,140168.0,0,0,0,0,0,0,0,0,0,0,0,0,0,0,0,0,0,0,0,0
BON,2026-09-24,1.21,1.1476,1.1401,1.3716,2.28,-46.93,7.08,1.26,8886.0,0,0,0,1,1,1,0,0,0,0,0,0,0,0,0,0,0,0,0,0
BOOM,2026-09-24,5.82,6.525,6.6836,6.69,8.97,-35.12,-6.73,-1.69,601648.0,0,0,0,0,0,0,0,0,0,0,0,0,0,0,0,0,0,0,0,0
BOOT,2026-09-24,126.0,140.7565,151.1982,167.9435,207.98,-39.42,2.65,1.21,88693145.0,0,0,0,0,0,0,0,0,0,0,0,1,0,0,0,0,0,0,0,0
BORR,2026-09-24,4.26,4.4195,4.2698,4.8636,6.61,-35.55,0.71,-2.29,24728328.0,0,0,0,0,0,0,0,0,0,0,0,0,0,0,0,0,0,0,0,0
BOSC,2026-09-24,4.74,4.6885,4.5536,4.6129,6.6,-28.18,0.0,0.21,151940.0,1,1,0,1,1,1,0,0,0,0,0,0,0,0,0,0,0,0,0,0
BOT,2026-09-24,30.01,27.319,28.0676,,,,15.02,5.71,6262143.0,0,0,0,1,1,0,0,0,0,0,0,0,1,1,1,0,0,0,0,0
BOTJ,2026-09-24,26.69,27.232,27.1142,22.6754,28.15,-5.19,-2.09,0.72,1012568.0,1,1,0,0,0,0,0,0,0,0,0,0,0,0,0,0,0,0,0,0
BOW,2026-09-24,33.87,33.677,32.8466,27.6069,33.87,0.0,0.53,0.09,9725909.0,0,1,1,1,1,1,0,0,1,0,0,0,0,0,0,0,0,0,0,0
BOX,2026-09-24,32.32,34.3925,32.784,27.6305,35.96,-10.12,-6.75,-1.34,108594380.0,0,1,0,0,0,0,0,0,0,0,0,0,0,0,0,0,0,0,0,0
BOXL,2026-09-24,4.79,5.4995,4.8271,7.7568,105.48,-95.46,13.78,-2.84,326306.0,0,0,0,0,0,0,0,0,0,0,0,0,0,0,1,0,0,0,0,0
BP,2026-09-24,44.41,44.466,43.3809,40.5684,46.96,-5.43,-2.22,-0.18,455548283.0,1,1,0,0,1,0,0,0,0,0,0,0,0,0,0,0,0,0,0,0
BPAC,2026-09-24,10.19,10.1892,10.1705,,10.2,-0.1,0.0,0.0,34960.0,0,0,1,1,1,1,0,0,0,0,0,0,0,0,0,0,0,0,0,0
BPOP,2026-09-24,159.59,165.2176,169.5393,147.4221,176.8989,-9.78,-0.85,0.45,92336841.0,0,1,0,0,0,0,0,0,0,0,0,0,0,0,0,0,0,0,0,0
BPRE,2026-09-24,12.3,11.9811,12.1375,,17.0974,-28.06,1.49,-0.57,11529596.0,0,0,0,1,1,0,0,0,0,0,0,0,0,0,0,0,0,0,0,0
BPRN,2026-09-24,43.19,43.039,41.9085,36.6852,43.88,-1.57,0.35,1.48,1173117.0,1,1,1,1,1,1,0,0,0,0,0,0,0,0,0,0,0,0,0,0
BQ,2026-09-24,0.846,0.8611,0.8856,1.132,16.97,-95.01,1.68,-0.24,48424.0,0,0,0,0,0,0,0,0,0,0,0,0,0,0,0,0,0,0,0,0
BR,2026-09-24,162.66,171.8436,165.8086,171.3136,233.4839,-30.33,-2.65,-0.48,187817899.0,0,0,0,0,0,0,0,0,0,0,0,0,0,0,0,0,0,0,0,0
BRAG,2026-09-24,1.38,1.3874,1.5162,1.8154,3.15,-56.19,-4.83,-2.82,34862.0,0,0,0,0,0,0,0,0,0,0,0,0,0,0,0,0,0,0,0,0
BRAI,2026-09-24,5.53,5.5525,5.5886,,14.8433,-62.74,1.84,-1.6,205521.0,0,0,0,0,0,0,0,0,0,0,0,0,0,0,0,0,0,0,0,0
BRBI,2026-09-24,11.24,10.8889,10.6785,12.8482,15.9299,-29.44,1.26,0.0,5221.0,0,0,0,1,1,1,0,0,0,0,0,0,0,0,0,0,0,0,0,0
BRBR,2026-09-24,7.69,9.63,10.9768,15.9584,36.8,-79.1,-15.4,-8.89,29850108.0,0,0,0,0,0,0,0,0,0,0,1,0,0,0,0,0,0,1,0,1
BRBS,2026-09-24,3.88,3.9625,3.7808,3.5921,4.11,-5.6,-1.52,1.84,5421331.0,1,1,0,0,1,0,0,0,0,0,0,0,0,0,0,0,0,0,0,0
BRC,2026-09-24,82.63,87.8745,91.8772,86.2269,98.24,-15.89,-2.33,-1.42,23961688.0,0,0,0,0,0,0,0,0,0,0,1,0,0,0,0,0,0,0,0,0
BRCB,2026-09-24,7.19,8.4165,8.2304,12.5262,25.94,-72.28,4.2,0.98,3341423.0,0,0,0,0,0,0,0,0,0,0,0,0,0,0,0,0,0,0,0,0
BRCC,2026-09-24,9.04,8.788,9.4806,10.3908,17.8,-49.21,-8.22,0.78,1049109.0,0,0,0,1,0,0,0,0,0,0,0,0,0,0,0,0,0,0,0,0
BREZ,2026-09-24,10.02,10.018,9.9856,,,,-0.5,0.0,369795.0,0,0,0,1,1,1,0,0,0,0,0,0,0,0,0,0,0,0,0,0
BRFH,2026-09-24,1.0,1.197,1.4704,2.3661,3.93,-74.55,-10.71,-3.85,23795.0,0,0,0,0,0,0,0,0,0,0,1,0,0,0,0,0,0,0,0,1
BRIA,2026-09-24,1.38,1.4183,1.3806,1.6591,2.27,-39.21,-3.23,-2.13,6279.0,0,0,0,0,0,0,0,0,0,0,0,0,0,0,0,0,0,0,0,0
BRID,2026-09-24,5.9,5.979,6.1936,7.1835,8.5,-30.59,0.34,0.0,24966.0,0,0,0,0,0,0,0,0,0,0,0,0,0,0,0,0,0,0,0,0
BRKR,2026-09-24,64.0,58.1062,58.2829,48.6128,64.2876,-0.45,5.57,7.26,131855761.0,0,1,1,1,1,0,0,0,0,0,0,0,1,1,0,0,0,0,0,0
BRLS,2026-09-24,1.34,1.288,1.0985,1.3466,4.01,-66.58,0.0,3.08,146652.0,0,0,0,1,1,1,0,0,0,0,0,0,1,0,0,0,0,0,0,0
BRLT,2026-09-24,1.4,1.381,1.2744,1.3892,2.8,-50.0,1.45,-2.1,121112.0,1,1,0,1,1,1,0,0,0,0,0,0,0,0,0,0,0,0,0,0
BRN,2026-09-24,0.97,0.9925,0.9958,1.0679,1.39,-30.22,-3.0,-2.02,44504.0,0,0,0,0,0,0,0,0,0,0,0,0,0,0,0,0,0,0,0,0
BRNX,2026-09-24,2.29,3.035,3.3513,38.73,491.4,-99.53,-6.15,-3.78,7298242.0,0,0,0,0,0,0,0,0,0,0,0,0,0,0,0,0,0,0,0,0
BRO,2026-09-24,60.33,68.143,69.4916,68.292,95.0407,-36.52,-8.42,-2.22,138484156.0,0,0,0,0,0,0,0,0,0,0,1,0,0,0,0,0,0,0,0,0
BROS,2026-09-24,38.51,44.4915,52.9298,56.3291,73.31,-47.47,-6.91,0.21,182996354.0,0,0,0,0,0,0,0,0,0,0,1,0,0,0,0,0,0,0,0,0
BRSL,2026-09-24,9.74,10.8485,10.825,12.0628,17.0361,-42.83,-7.5,-5.07,20824341.0,0,0,0,0,0,0,0,0,0,0,1,0,0,0,0,0,0,0,0,1
BRSP,2026-09-24,4.09,4.4835,4.8472,5.3292,5.8928,-30.59,-4.66,0.99,6927716.0,0,0,0,0,0,0,0,0,0,0,1,0,0,0,0,0,0,0,0,0
BRT,2026-09-24,13.7,14.2015,14.5094,14.2643,15.63,-12.35,-1.79,-1.01,759051.0,0,0,0,0,0,0,0,0,0,0,0,0,0,0,0,0,0,0,0,0
BRTX,2026-09-24,2.51,1.5482,0.77,0.6004,2.76,-9.06,-1.57,-3.46,85071.0,0,1,0,1,1,1,0,0,0,0,0,0,0,0,0,0,0,0,0,0
BRUN,2026-09-24,16.72,16.9075,19.2535,18.1075,39.2,-57.35,10.29,1.27,39192438.0,0,0,0,0,0,0,0,0,0,0,0,0,0,0,1,0,0,0,0,0
BRW,2026-09-24,6.03,6.3223,6.4087,6.2867,7.0433,-14.39,-3.52,-1.63,1322060.0,0,0,0,0,0,0,0,0,0,0,1,0,0,0,0,0,0,0,0,0
BRX,2026-09-24,27.73,28.6825,30.021,28.955,32.69,-15.17,-0.89,0.33,86905012.0,0,0,0,0,0,0,0,0,0,0,1,0,0,0,0,0,0,0,0,0
BRZE,2026-09-24,24.67,28.3915,27.4776,24.5562,36.19,-31.83,-0.8,-4.64,77679774.0,0,1,0,0,0,0,0,0,0,0,0,0,0,0,0,0,0,0,0,0
BSAA,2026-09-24,11.3,11.1245,11.3685,10.9005,15.1,-25.17,2.91,0.0,26468.0,1,1,0,1,0,0,0,0,0,0,0,0,0,0,0,0,0,0,0,0
BSAC,2026-09-24,33.78,34.896,34.6614,32.4684,36.15,-6.56,-1.08,-1.52,10482585.0,0,1,0,0,0,0,0,0,0,0,0,0,0,0,0,0,0,0,0,0
BSBK,2026-09-24,9.01,9.1373,9.0925,8.6859,9.43,-4.45,0.0,-1.26,39327.0,1,1,1,0,0,0,0,0,0,0,0,0,0,0,0,0,0,0,0,0
BSEM,2026-09-24,3.88,3.9628,3.7396,4.4497,8.2,-52.68,-4.9,2.11,672224.0,0,0,0,0,1,0,0,0,0,0,0,0,0,0,0,0,0,0,0,0
BSET,2026-09-24,17.87,18.1765,19.0477,16.1822,21.5581,-17.11,2.35,1.53,407588.0,1,1,0,0,0,0,0,0,0,0,0,0,0,0,0,0,0,0,0,0
BSIN,2026-09-24,1.55,1.555,1.4042,1.1025,1.65,-6.06,1.31,5.44,1290737.0,1,1,0,0,1,0,0,0,0,0,0,0,1,1,0,0,0,0,0,0
BSL,2026-09-24,12.85,12.9825,12.9482,12.7563,13.0905,-1.84,-1.08,-0.77,784949.0,1,1,1,0,0,0,0,0,0,0,0,0,0,0,0,0,0,0,0,0
BSP,2026-09-24,32.8,39.3845,39.1284,,,,-14.92,-5.31,75658027.0,0,0,0,0,0,0,0,0,0,0,0,0,0,0,0,0,0,0,0,0
BSRR,2026-09-24,39.65,40.258,40.5459,36.9785,42.5662,-6.85,-2.32,0.63,1942136.0,1,1,0,0,0,0,0,0,0,0,0,0,0,0,0,0,0,0,0,0
BST,2026-09-24,48.73,48.0099,46.2295,40.7751,49.61,-1.77,2.91,-1.42,4400440.0,1,1,1,1,1,1,0,0,0,0,0,0,0,0,0,0,0,0,0,0
BSTZ,2026-09-24,29.55,29.186,28.3219,24.317,30.0255,-1.58,5.39,-0.17,4707802.0,1,1,1,1,1,1,0,0,0,0,0,0,0,0,0,0,0,0,0,0
BSVN,2026-09-24,55.29,53.6582,51.79,45.1714,57.1142,-3.19,2.25,0.34,2779648.0,0,1,1,1,1,1,0,0,0,0,0,0,0,0,0,0,0,0,0,0
BSX,2026-09-24,44.68,45.497,46.8542,63.4661,104.98,-57.44,1.75,0.13,990748550.0,0,0,0,0,0,0,0,0,0,0,0,0,0,0,0,0,0,0,0,0
BSY,2026-09-24,31.9,33.4691,34.163,34.7497,56.3619,-43.4,2.8,-2.51,88316290.0,0,0,0,0,0,0,0,0,0,0,0,0,0,0,0,0,0,0,0,0
BTBD,2026-09-24,1.87,1.6826,1.398,1.4105,2.25,-16.89,10.0,1.63,55886.0,0,1,0,1,1,1,0,0,0,0,0,0,0,0,0,0,0,0,0,0
BTBT,2026-09-24,1.79,1.5935,1.5038,1.747,4.22,-57.58,16.99,1.13,47662855.0,0,1,0,1,1,1,0,0,0,0,0,0,0,0,1,0,0,0,0,0
BTCS,2026-09-24,1.63,1.425,1.2439,1.7486,5.96,-72.65,17.27,4.15,3178833.0,0,0,0,1,1,1,0,0,0,0,0,0,1,0,1,0,0,0,0,0
BTCT,2026-09-24,1.24,1.5415,1.0796,1.2452,3.08,-59.74,6.9,3.33,9377317.0,0,0,0,0,1,0,0,0,0,0,0,0,1,0,0,0,0,0,0,0
BTDR,2026-09-24,12.15,11.6225,11.0102,12.0057,25.9,-53.09,10.15,-1.3,119560350.0,0,1,0,1,1,1,0,0,0,0,0,0,0,0,1,0,0,0,0,0
BTE,2026-09-24,4.59,4.8678,4.5524,4.1356,5.2848,-13.15,-6.13,0.22,81197998.0,0,1,0,0,1,0,0,0,0,0,0,0,0,0,0,0,0,0,0,0
BTG,2026-09-24,5.32,5.4325,4.8385,4.7191,6.1332,-13.26,3.5,-0.56,146408221.0,1,1,0,0,1,0,0,0,0,0,0,0,0,0,0,0,0,0,0,0
BTGO,2026-09-24,7.97,7.417,6.2314,,18.49,-56.9,17.9,-1.6,17445560.0,0,0,0,1,1,1,0,0,0,0,0,0,0,0,1,0,0,0,0,0
BTI,2026-09-24,56.02,55.8645,57.8324,58.1198,65.785,-14.84,-0.12,0.3,286271586.0,0,0,0,1,0,0,0,0,0,0,0,0,0,0,0,0,0,0,0,0
BTLN,2026-09-24,0.65,0.842,0.8762,0.7871,1.81,-64.09,-5.11,-4.13,145675.0,0,0,0,0,0,0,0,0,0,0,0,0,0,0,0,0,0,1,0,0
BTMD,2026-09-24,1.23,1.457,1.735,2.0275,3.19,-61.44,-8.21,-5.38,345869.0,0,0,0,0,0,0,0,0,0,0,0,0,0,0,0,0,0,0,0,1
BTO,2026-09-24,36.48,38.3713,39.2584,36.2992,40.8264,-10.65,-2.59,-0.55,1322247.0,0,1,0,0,0,0,0,0,0,0,1,0,0,0,0,0,0,0,0,0
BTOC,2026-09-24,0.241,0.2846,0.2764,0.3493,1.21,-80.08,-10.74,-5.86,7535.0,0,0,0,0,0,0,0,0,0,0,0,0,0,0,0,0,0,0,0,0
BTQ,2026-09-24,2.79,2.9148,3.3575,3.7973,14.14,-80.27,3.33,2.2,7667818.0,0,0,0,0,0,0,0,0,0,0,0,0,0,0,0,0,0,0,0,0
BTSG,2026-09-24,56.02,59.0825,62.3057,51.5374,72.91,-23.17,-4.99,0.43,152158995.0,0,1,0,0,0,0,0,0,0,0,0,0,0,0,0,0,0,0,0,0
BTT,2026-09-24,21.6,22.2903,22.3983,22.4425,22.8367,-5.42,-2.26,-0.83,2407271.0,0,0,0,0,0,0,0,0,0,0,1,0,0,0,0,0,0,0,0,1
BTTC,2026-09-24,0.541,0.4403,0.6187,1.2569,23.98,-97.74,43.12,-1.46,18051059.0,0,0,0,1,0,0,0,0,0,0,0,0,0,0,1,0,0,0,0,0
BTU,2026-09-24,25.68,27.871,25.5268,28.8196,39.2546,-34.58,-6.11,-2.76,71950254.0,0,0,0,0,1,0,0,0,0,0,0,0,0,0,0,0,0,0,0,0
BTX,2026-09-24,8.98,8.8266,8.5744,7.5132,9.2498,-2.92,3.58,0.0,3396898.0,1,1,1,1,1,1,0,0,0,0,0,0,0,0,0,0,0,0,0,0
BTZ,2026-09-24,9.4,9.7563,9.8891,9.8785,10.2304,-8.12,-2.29,-0.32,3921869.0,0,0,0,0,0,0,0,0,0,0,1,0,0,0,0,0,0,0,0,0
BUD,2026-09-24,77.42,78.859,80.4066,75.2569,86.48,-10.48,-3.1,0.47,201991943.0,1,1,0,0,0,0,0,0,0,0,0,0,0,0,0,0,0,0,0,0
BUDA,2026-09-24,7.5,7.9474,8.3549,,10.86,-30.94,-1.96,-0.66,48666.0,0,0,0,0,0,0,0,0,0,0,0,0,0,0,0,0,0,0,0,0
BUI,2026-09-24,25.09,26.1458,26.7173,26.5635,29.5162,-15.0,-1.72,-0.63,1998612.0,0,0,0,0,0,0,0,0,0,0,1,0,0,0,0,0,0,0,0,0
BULL,2026-09-24,7.26,8.82,8.2062,7.1441,15.55,-53.31,-5.84,-5.1,137357418.0,0,1,0,0,0,0,0,0,0,0,0,0,0,0,0,0,0,0,0,0
BUR,2026-09-24,3.63,4.185,4.2196,6.0922,12.4311,-70.8,-6.2,-4.72,7525653.0,0,0,0,0,0,0,0,0,0,0,1,0,0,0,0,0,0,0,0,1
BURL,2026-09-24,254.83,254.117,313.3718,310.9625,372.19,-31.53,10.45,-0.97,502131215.0,0,0,0,1,0,0,0,0,0,0,0,0,0,0,1,0,0,0,0,0
BURU,2026-09-24,1.04,0.51,0.2483,0.4333,3.27,-68.2,10.64,-1.89,1000836.0,0,1,0,1,1,1,0,0,0,0,0,0,0,0,1,0,0,0,0,0
BUSE,2026-09-24,30.0,30.2625,30.3905,26.9023,31.58,-5.0,-0.79,1.21,22353122.0,1,1,0,0,0,0,0,0,0,0,0,0,0,0,0,0,0,0,0,0
BUUU,2026-09-24,45.915,37.952,30.3226,18.2194,46.975,-2.26,-0.21,-2.26,2716686.0,0,1,1,1,1,1,0,0,0,0,0,0,0,0,0,0,0,0,0,0
BV,2026-09-24,9.91,10.9685,11.9532,12.6157,14.85,-33.27,-8.75,-2.27,9776353.0,0,0,0,0,0,0,0,0,0,0,1,0,0,0,0,0,0,0,0,1
BVC,2026-09-24,13.04,14.253,13.0626,9.6794,16.79,-22.33,-8.75,4.07,596023.0,0,1,0,0,0,0,0,0,0,0,0,0,1,0,0,0,0,0,0,0
BVFL,2026-09-24,20.81,21.2235,21.227,19.9346,21.88,-4.89,-0.57,0.05,428318.0,1,1,1,0,0,0,0,0,0,0,0,0,0,0,0,0,0,0,0,0
BVN,2026-09-24,32.85,34.2025,33.22,33.2313,42.4376,-22.59,-0.67,-1.71,42856944.0,0,0,0,0,0,0,0,0,0,0,0,0,0,0,0,0,0,0,0,0
BVS,2026-09-24,13.52,13.528,13.4064,10.0574,15.26,-11.4,2.42,-0.66,6742874.0,1,1,0,0,1,0,0,0,0,0,0,0,0,0,0,0,0,0,0,0
BW,2026-09-24,6.17,7.196,8.5604,11.6192,21.85,-71.76,-9.13,-7.08,33493443.0,0,0,0,0,0,0,0,0,0,0,0,0,0,0,0,0,0,0,0,0
BWA,2026-09-24,58.48,64.0524,64.7667,58.5849,76.8259,-23.88,-6.09,-3.42,129098375.0,0,0,0,0,0,0,0,0,0,0,0,0,0,0,0,0,0,0,0,0
BWAY,2026-09-24,13.21,13.953,14.8642,13.6073,17.17,-23.06,-1.86,-1.78,1115722.0,0,0,0,0,0,0,0,0,0,0,0,0,0,0,0,0,0,0,0,0
BWB,2026-09-24,20.68,21.1605,21.3274,19.4015,22.49,-8.05,-0.91,0.98,2198069.0,1,1,0,0,0,0,0,0,0,0,0,0,0,0,0,0,0,0,0,0
BWEN,2026-09-24,4.17,4.1755,4.4826,3.4606,5.44,-23.35,4.77,-3.47,953164.0,1,1,0,0,0,0,0,0,0,0,0,0,0,0,0,0,0,0,0,0
BWFG,2026-09-24,66.0,66.583,65.7206,54.1256,68.57,-3.75,-1.03,0.82,5101213.0,1,1,1,0,1,0,0,0,0,0,0,0,0,0,0,0,0,0,0,0
BWG,2026-09-24,7.08,7.4635,7.5892,7.6752,8.0605,-12.16,-3.01,-0.28,551975.0,0,0,0,0,0,0,0,0,0,0,1,0,0,0,0,0,0,0,0,1
BWIN,2026-09-24,31.84,30.922,29.6612,24.0817,32.49,-2.0,-0.62,-0.03,144289758.0,1,1,1,1,1,1,0,0,0,0,0,0,0,0,0,0,0,0,0,0
BWIV,2026-09-24,9.97,9.9585,9.933,,,,-0.1,-0.3,430572.0,0,0,0,1,1,1,0,0,0,0,0,0,0,0,0,0,0,0,0,0
BWLP,2026-09-24,24.06,24.3735,22.4958,17.5219,26.14,-7.96,-6.89,-0.99,11936621.0,1,1,0,0,1,0,0,0,0,0,0,0,0,0,0,0,0,0,0,0
BWMN,2026-09-24,42.56,42.517,36.7338,33.2662,44.43,-4.21,0.24,0.0,12718059.0,0,1,1,1,1,1,0,0,0,0,0,0,0,0,0,0,0,0,0,0
BWMX,2026-09-24,16.45,15.945,16.4192,16.4468,18.4544,-10.86,1.98,-0.36,1273125.0,0,1,0,1,1,0,0,0,0,0,0,0,0,0,0,0,0,0,0,0
BWXT,2026-09-24,138.68,151.5825,161.4205,190.614,237.7264,-41.66,-4.79,-2.21,165664485.0,0,0,0,0,0,0,0,0,0,0,0,0,0,0,0,0,0,0,0,1
BX,2026-09-24,117.21,131.422,133.5284,127.6915,177.7015,-34.04,-5.05,-1.73,480153112.0,0,0,0,0,0,0,0,0,0,0,1,0,0,0,0,0,0,0,0,0
BXBL,2026-09-24,4.03,4.133,4.8328,8.822,14.89,-72.93,1.26,1.26,857326.0,0,0,0,0,0,0,0,0,0,0,0,0,0,0,0,0,0,0,0,0
BXC,2026-09-24,73.82,78.065,74.317,63.4583,91.41,-19.24,-2.21,-7.51,12309325.0,0,1,0,0,0,0,0,0,0,0,0,0,0,0,0,0,0,0,0,0
BXDC,2026-09-24,19.57,19.919,20.1834,,,,0.36,1.29,43141391.0,0,0,0,0,0,0,0,0,0,0,0,0,0,0,0,0,0,0,0,0
BXMT,2026-09-24,12.39,13.544,14.5532,17.2989,19.6745,-37.02,-6.77,-1.43,31996537.0,0,0,0,0,0,0,0,0,0,0,1,0,0,0,0,0,0,0,0,1
BXP,2026-09-24,62.27,65.7175,67.7308,62.322,73.7504,-15.57,-2.76,-0.14,89465664.0,0,0,0,0,0,0,0,0,0,0,0,0,0,0,0,0,0,0,0,0
BXSL,2026-09-24,24.59,24.72,24.2522,23.6835,25.8586,-4.91,-1.17,-0.08,31830386.0,1,1,1,0,1,0,0,0,0,0,0,0,0,0,0,0,0,0,0,0
BY,2026-09-24,37.11,38.0175,38.3964,33.8078,39.75,-6.64,-1.36,0.62,11222832.0,1,1,0,0,0,0,0,0,0,0,0,0,0,0,0,0,0,0,0,0
BYAH,2026-09-24,2.87,2.5865,2.921,20.4729,200.8,-98.57,21.1,8.71,338067.0,0,0,0,1,0,0,0,0,0,0,0,0,1,1,1,0,0,0,0,0
BYD,2026-09-24,71.84,76.0593,81.3545,83.4886,91.0234,-21.08,-4.97,0.14,75573600.0,0,0,0,0,0,0,0,0,0,0,1,0,0,0,0,0,0,0,0,0
BYFC,2026-09-24,11.91,11.9665,11.2364,9.0346,12.31,-3.25,0.42,0.17,27087.0,1,1,1,0,1,0,0,0,0,0,0,0,0,0,0,0,0,0,0,0
BYND,2026-09-24,9.19,11.543,14.1082,21.8293,108.6,-91.54,-16.07,-8.37,13604118.0,0,0,0,0,0,0,0,0,0,0,0,0,0,0,0,0,0,1,0,1
BYRN,2026-09-24,3.62,3.609,3.8562,8.7128,27.63,-86.9,-2.43,0.0,1138881.0,0,0,0,1,0,0,0,0,0,0,0,0,0,0,0,0,0,0,0,0
BYSI,2026-09-24,0.725,0.686,0.8643,1.4338,2.35,-69.15,2.26,-0.28,67734.0,0,0,0,1,0,0,0,0,0,0,0,0,0,0,0,0,0,0,0,0
BZ,2026-09-24,14.22,16.2177,16.0173,15.9164,24.38,-41.67,-5.26,-1.32,167020052.0,0,0,0,0,0,0,0,0,0,0,0,0,0,0,0,0,0,0,0,0
BZAI,2026-09-24,0.508,0.5281,0.7233,1.4289,6.29,-91.92,-13.61,-8.47,1709050.0,0,0,0,0,0,0,0,0,0,0,0,0,0,0,0,0,0,0,0,0
BZFD,2026-09-24,1.03,1.0998,1.1465,1.0461,2.09,-50.72,-5.5,0.0,400243.0,0,0,0,0,0,0,0,0,0,0,0,0,0,0,0,0,0,0,0,0
BZH,2026-09-24,33.36,33.2635,33.1374,25.9293,34.07,-2.08,0.03,0.03,21829046.0,1,1,1,1,1,1,0,0,0,0,0,0,0,0,0,0,0,0,0,0
BZUN,2026-09-24,2.94,2.8332,2.8056,2.7057,4.15,-29.16,6.52,-2.0,587209.0,0,1,0,1,1,1,0,0,0,0,0,0,0,0,0,0,0,1,0,0
C,2026-09-24,132.1,134.7105,133.9147,124.2791,144.9331,-8.85,-0.64,0.13,1287980660.0,1,1,0,0,0,0,0,0,0,0,0,0,0,0,0,0,0,0,0,0
CAAP,2026-09-24,23.55,23.9137,23.9674,24.9453,29.2065,-19.37,0.04,-0.76,5160311.0,0,0,0,0,0,0,0,0,0,0,0,0,0,0,0,0,0,0,0,0
CAAS,2026-09-24,5.08,5.251,4.8142,4.5172,5.51,-7.8,-0.2,0.0,120205.0,0,1,0,0,1,0,0,0,0,0,0,0,0,0,0,0,0,0,0,0
CABA,2026-09-24,2.155,2.9145,2.8584,2.9265,4.15,-48.07,-13.45,-2.93,17036971.0,0,0,0,0,0,0,0,0,0,0,0,0,0,0,0,0,0,0,0,0
CABO,2026-09-24,15.63,21.751,30.463,71.4524,178.48,-91.24,-17.48,-1.26,6604579.0,0,0,0,0,0,0,0,0,0,0,0,0,0,0,0,0,0,0,0,1
CABR,2026-09-24,1.215,1.2708,1.3565,1.1259,1.61,-24.53,-0.41,-2.8,53337.0,0,1,0,0,0,0,0,0,0,0,0,0,0,0,0,0,0,0,0,0
CAC,2026-09-24,56.9,57.249,57.051,50.0474,59.77,-4.8,-0.39,0.98,5469623.0,1,1,1,0,0,0,0,0,0,0,0,0,0,0,0,0,0,0,0,0
CACC,2026-09-24,547.4,591.999,589.5102,527.3645,657.2,-16.71,-9.0,-1.39,72025483.0,0,1,0,0,0,0,0,0,0,0,1,0,0,0,0,0,0,0,0,0
CACI,2026-09-24,616.82,625.8705,587.6868,561.3247,680.08,-9.3,-2.28,0.02,163566764.0,1,1,0,0,1,0,0,0,0,0,0,0,0,0,0,0,0,0,0,0
CADL,2026-09-24,11.55,12.0335,11.308,7.7915,13.75,-16.0,4.81,2.3,14438554.0,0,1,0,0,1,0,0,0,0,0,0,0,0,0,0,0,0,0,0,0
CAE,2026-09-24,24.62,24.212,25.1702,27.3714,34.05,-27.69,2.37,0.86,24250814.0,0,0,0,1,0,0,0,0,0,0,0,0,0,0,0,0,0,0,0,0
CAES,2026-09-24,10.06,10.084,10.0796,,,,-0.2,0.0,156207.0,0,0,0,0,0,0,0,0,0,0,0,0,0,0,0,0,0,0,0,0
CAF,2026-09-24,18.64,18.634,19.1652,18.6411,21.33,-12.61,2.25,-0.32,208420.0,0,0,0,1,0,0,0,0,0,0,0,0,0,0,0,0,0,1,0,0
CAG,2026-09-24,14.67,15.3495,15.2127,15.3191,19.3071,-24.02,-3.36,-0.74,167395694.0,0,0,0,0,0,0,0,0,0,0,0,0,0,0,0,0,0,0,0,0
CAH,2026-09-24,222.62,234.7925,232.954,216.5791,248.61,-10.45,-4.27,0.61,396559888.0,0,1,0,0,0,0,0,0,0,0,0,0,0,0,0,0,0,1,0,0
CAI,2026-09-24,32.27,26.9875,22.4266,21.1006,32.95,-2.06,14.39,1.96,156148769.0,0,1,1,1,1,1,0,0,0,0,0,0,0,0,1,0,0,0,0,0
CAII,2026-09-24,9.99,9.9895,9.967,,,,0.1,0.0,323282.0,0,0,0,1,1,1,0,0,0,0,0,0,0,0,0,0,0,0,0,0
CAKE,2026-09-24,105.05,104.68,102.2489,71.539,117.29,-10.44,8.28,0.61,146064733.0,1,1,0,1,1,1,0,0,0,0,0,0,0,0,0,0,0,0,0,0
CAL,2026-09-24,12.49,12.2013,12.7159,12.4268,14.6432,-14.7,3.91,1.05,7505096.0,1,1,0,1,0,0,0,0,0,0,0,0,0,0,0,0,0,0,0,0
CALC,2026-09-24,1.74,2.0938,2.9398,7.5351,33.7,-94.84,-12.12,-2.79,217616.0,0,0,0,0,0,0,0,0,0,0,1,0,0,0,0,0,0,0,0,1
CALM,2026-09-24,68.48,75.4805,81.5618,80.4895,95.6242,-28.39,-7.82,-4.53,71353334.0,0,0,0,0,0,0,0,0,0,0,1,0,0,0,0,0,0,0,0,1
CALX,2026-09-24,33.27,35.961,37.3544,44.9996,68.42,-51.37,-6.12,-3.68,38326613.0,0,0,0,0,0,0,0,0,0,0,1,0,0,0,0,0,0,0,0,1
CALY,2026-09-24,14.25,15.2695,16.7066,15.195,19.66,-27.52,-3.91,-2.33,30789290.0,0,0,0,0,0,0,0,0,0,0,1,0,0,0,0,0,0,0,0,0
CAMP,2026-09-24,3.84,4.128,4.0688,4.5229,7.13,-46.14,-0.52,3.23,1316513.0,0,0,0,0,0,0,0,0,0,0,0,0,1,0,0,0,0,0,0,0
CAMT,2026-09-24,145.12,141.621,147.3306,154.435,207.46,-30.05,4.71,-1.32,52193170.0,0,0,0,1,0,0,0,0,0,0,0,0,0,0,0,0,0,0,0,0
CAN,2026-09-24,0.393,0.3555,0.2926,0.4703,2.05,-80.83,23.2,1.81,6580547.0,0,0,0,1,1,1,0,0,0,0,0,0,0,0,1,0,0,0,0,0
CANF,2026-09-24,2.17,2.514,2.9962,3.5978,12.6,-82.78,-3.12,0.46,2573550.0,0,0,0,0,0,0,0,0,0,0,1,0,0,0,0,0,0,0,0,0
CANG,2026-09-24,2.03,2.1165,1.9252,5.9448,24.15,-91.59,-4.69,1.0,1188822.0,0,0,0,0,1,0,0,0,0,0,0,0,0,0,0,0,0,0,0,0
CAPN,2026-09-24,11.25,11.233,11.1618,10.9353,11.32,-0.62,-0.35,-0.44,26839.0,1,1,1,1,1,1,0,0,0,0,0,0,0,0,0,0,0,1,0,0
CAPR,2026-09-24,8.57,9.121,9.2274,23.3403,35.34,-75.75,0.12,-1.15,39746139.0,0,0,0,0,0,0,0,0,0,0,0,0,0,0,0,0,0,0,0,0
CAPS,2026-09-24,0.18,0.1815,0.2148,0.4473,1.4,-87.14,0.0,-10.0,1369428.0,0,0,0,0,0,0,0,0,0,0,0,0,0,0,0,0,0,0,0,0
CAQ,2026-09-24,10.0,10.008,9.9736,,10.03,-0.3,0.1,0.0,539786.0,0,0,1,0,1,0,0,0,0,0,0,0,0,0,0,0,0,0,0,0
CAR,2026-09-24,103.54,127.672,140.1216,156.9398,713.97,-85.5,-11.47,-2.02,54908616.0,0,0,0,0,0,0,0,0,0,0,1,0,0,0,0,0,0,0,0,0
CARE,2026-09-24,30.07,31.142,32.2498,25.9664,35.6118,-15.56,-1.67,0.47,8425845.0,0,1,0,0,0,0,0,0,0,0,0,0,0,0,0,0,0,1,0,0
CARG,2026-09-24,30.99,34.0723,35.3444,33.8502,39.03,-20.6,-10.69,1.37,35344918.0,0,0,0,0,0,0,0,0,0,0,0,1,0,0,0,0,0,0,0,0
CARL,2026-09-24,14.82,15.5835,14.184,12.1934,16.99,-12.77,-3.2,0.41,1450464.0,0,1,0,0,1,0,0,0,0,0,0,0,0,0,0,0,0,0,0,0
CARR,2026-09-24,54.87,56.9645,61.2642,61.2424,75.7277,-27.54,1.12,-0.42,392178635.0,0,0,0,0,0,0,0,0,0,0,0,0,0,0,0,0,0,0,0,0
CARS,2026-09-24,10.61,11.4955,11.8364,10.8693,13.5,-21.41,-7.98,2.51,6695443.0,0,0,0,0,0,0,0,0,0,0,0,0,0,0,0,0,0,0,0,0
CART,2026-09-24,43.26,47.8325,47.5482,42.632,51.78,-16.45,-4.78,0.7,189963023.0,0,1,0,0,0,0,0,0,0,0,0,0,0,0,0,0,0,0,0,0
CASH,2026-09-24,73.5,79.2527,83.97,84.9584,99.8056,-26.36,-6.31,0.31,19367402.0,0,0,0,0,0,0,0,0,0,0,1,0,0,0,0,0,0,0,0,0
CASS,2026-09-24,54.38,55.4469,55.6211,47.7684,58.2057,-6.57,-1.7,0.65,4747900.0,1,1,0,0,0,0,0,0,0,0,0,0,0,0,0,0,0,0,0,0
CAST,2026-09-24,1.24,1.3605,1.5346,,9.84,-87.4,-10.14,-5.34,1767018.0,0,0,0,0,0,0,0,0,0,0,0,0,0,0,0,0,0,0,0,0
CASY,2026-09-24,598.85,675.15,779.6501,729.6984,915.5934,-34.59,1.67,0.26,473410572.0,0,0,0,0,0,0,0,0,0,0,1,0,0,0,0,0,0,0,0,0
CAT,2026-09-24,805.25,803.7685,832.3721,785.5265,1062.9282,-24.24,2.88,-0.83,1922041519.0,1,1,0,1,0,0,0,0,0,0,0,0,0,0,0,0,0,0,0,0
CATO,2026-09-24,2.43,2.516,2.9772,3.0669,4.58,-46.94,3.85,-1.22,317338.0,0,0,0,0,0,0,0,0,0,0,0,0,0,0,0,0,0,0,0,0
CATX,2026-09-24,2.5,2.9475,3.0172,3.6038,5.65,-55.75,-7.41,-4.58,5525765.0,0,0,0,0,0,0,0,0,0,0,0,0,0,0,0,0,0,0,0,0
CATY,2026-09-24,61.13,61.7975,62.4003,55.3246,64.5328,-5.27,-1.4,1.09,30156800.0,1,1,0,0,0,0,0,0,0,0,0,0,0,0,0,0,0,0,0,0
CAVA,2026-09-24,53.51,57.767,63.1636,72.299,97.39,-45.06,7.54,0.77,184497573.0,0,0,0,0,0,0,0,0,0,0,0,0,0,0,0,0,0,0,0,0
CB,2026-09-24,334.84,339.1801,344.2842,327.0334,362.4052,-7.61,-1.96,-0.11,537421884.0,1,1,0,0,0,0,0,0,0,0,0,0,0,0,0,0,0,0,0,0
CBAN,2026-09-24,20.74,21.1765,21.4357,19.9433,22.27,-6.87,-1.52,1.47,3101828.0,1,1,0,0,0,0,0,0,0,0,0,0,0,0,0,0,0,0,0,0
CBAT,2026-09-24,1.37,1.0485,0.7952,0.8153,1.46,-6.16,34.31,-6.16,801075.0,0,1,0,1,1,1,0,0,0,0,0,0,0,0,1,0,0,1,0,0
CBC,2026-09-24,32.0,32.1187,32.2597,27.2279,33.3847,-4.15,1.91,2.01,49986555.0,1,1,1,0,0,0,0,0,0,0,0,0,0,0,0,0,0,0,0,0
CBFV,2026-09-24,37.11,37.2845,37.0274,35.4536,38.0232,-2.4,-0.27,0.0,179518.0,1,1,1,0,1,0,0,0,0,0,0,0,0,0,0,0,0,0,0,0
CBIO,2026-09-24,14.24,18.06,16.9712,15.7041,26.98,-47.22,-17.11,0.35,9468278.0,0,0,0,0,0,0,0,0,0,0,0,0,0,0,0,0,0,0,0,0
CBK,2026-09-24,31.81,33.411,33.8642,28.9224,35.314,-9.92,-3.28,1.08,1413286.0,0,1,0,0,0,0,0,0,0,0,0,1,0,0,0,0,0,0,0,0
CBL,2026-09-24,52.31,53.8835,55.1914,44.2585,59.3605,-11.88,-1.41,-1.41,14352924.0,1,1,0,0,0,0,0,0,0,0,0,0,0,0,0,0,0,0,0,0
CBLL,2026-09-24,23.82,24.196,21.7742,20.2431,25.04,-4.87,-2.78,0.85,8438605.0,1,1,1,0,1,0,0,0,0,0,0,0,0,0,0,0,0,0,0,0
CBNA,2026-09-24,47.41,46.503,45.7862,38.6316,48.5,-2.25,3.0,-2.17,958332.0,1,1,1,1,1,1,0,0,0,0,0,0,0,0,0,0,0,0,0,0
CBNK,2026-09-24,35.98,36.262,36.6012,32.2405,37.88,-5.02,-0.96,1.01,1838205.0,1,1,0,0,0,0,0,0,0,0,0,0,0,0,0,0,0,0,0,0
CBOE,2026-09-24,267.57,287.9658,288.8395,285.3045,364.9193,-26.68,-1.06,-0.48,289247849.0,0,0,0,0,0,0,0,0,0,0,0,0,0,0,0,0,0,0,0,0
CBRE,2026-09-24,136.53,142.615,145.0008,146.0648,171.61,-20.44,-1.47,0.09,268760952.0,0,0,0,0,0,0,0,0,0,0,0,0,0,0,0,0,0,0,0,0
CBRL,2026-09-24,51.84,50.8525,53.8859,37.9421,59.04,-12.2,19.94,9.09,54224879.0,1,1,0,1,0,0,0,0,0,0,0,0,1,1,1,0,0,0,0,0
CBRS,2026-09-24,206.41,193.3815,202.185,,,,6.32,0.57,1141605665.0,0,0,0,1,1,0,0,0,0,0,0,0,0,0,0,0,0,0,0,0
CBSH,2026-09-24,55.76,57.6004,58.3857,53.6481,60.0458,-7.14,-2.65,0.31,60407361.0,0,1,0,0,0,0,0,0,0,0,0,1,0,0,0,0,0,0,0,0
CBT,2026-09-24,78.65,80.3167,84.3335,77.7991,92.8777,-15.32,0.24,-0.19,30275083.0,1,1,0,0,0,0,0,0,0,0,0,0,0,0,0,0,0,0,0,0
CBU,2026-09-24,60.74,62.2289,64.0205,61.8332,70.4408,-13.77,-3.23,0.08,16432154.0,0,0,0,0,0,0,0,0,0,0,0,0,0,0,0,0,0,0,0,0
CBUS,2026-09-24,1.5,1.5842,1.7281,1.889,4.05,-62.96,-0.66,-2.6,159929.0,0,0,0,0,0,0,0,0,0,0,0,0,0,0,0,0,0,0,0,0
CBZ,2026-09-24,54.68,54.63,52.2118,39.834,56.8,-3.73,0.15,0.04,58932237.0,0,1,1,1,1,1,0,0,0,0,0,0,0,0,0,0,0,0,0,0
CC,2026-09-24,14.19,15.0455,15.811,18.1454,27.6805,-48.74,-1.6,-3.73,26573453.0,0,0,0,0,0,0,0,0,0,0,0,0,0,0,0,0,0,0,0,0
CCAP,2026-09-24,9.58,10.1455,10.6914,11.9109,13.8367,-30.76,-3.04,-0.93,3058199.0,0,0,0,0,0,0,0,0,0,0,1,0,0,0,0,0,0,0,0,1
CCAQ,2026-09-24,10.69,10.618,10.5444,10.3856,10.7,-0.09,-0.09,-0.09,11463.0,0,1,1,1,1,1,0,0,0,0,0,0,0,0,0,0,0,1,0,0
CCB,2026-09-24,43.62,47.0875,53.2059,78.0971,118.97,-63.34,-3.94,-0.66,8301910.0,0,0,0,0,0,0,0,0,0,0,0,0,0,0,0,0,0,0,0,0
CCBG,2026-09-24,49.31,50.4411,51.0198,45.939,52.5648,-6.19,-1.66,1.15,3706195.0,1,1,0,0,0,0,0,0,0,0,0,0,0,0,0,0,0,0,0,0
CCC,2026-09-24,6.87,6.974,6.7238,6.1658,9.49,-27.61,8.53,3.15,77375754.0,1,1,0,0,1,0,0,0,0,0,0,0,1,0,0,0,0,0,0,0
CCCC,2026-09-24,3.03,3.5742,3.707,3.094,4.67,-35.12,-12.17,-1.62,7185093.0,0,0,0,0,0,0,0,0,0,0,1,0,0,0,0,0,0,0,0,0
CCD,2026-09-24,23.39,23.9185,24.5968,22.7996,26.0807,-10.32,1.37,-1.08,1323718.0,1,1,0,0,0,0,0,0,0,0,0,0,0,0,0,0,0,0,0,0
CCEC,2026-09-24,21.36,22.322,22.4792,21.2269,23.4952,-9.09,-2.91,-1.75,96089.0,0,1,0,0,0,0,0,0,0,0,0,0,0,0,0,0,0,0,0,0
CCEL,2026-09-24,4.03,4.184,3.8844,3.583,4.93,-18.26,-8.62,1.0,54852.0,0,1,0,0,1,0,0,0,0,0,0,0,0,0,0,0,0,0,0,0
CCEP,2026-09-24,100.31,104.5465,106.2752,97.8366,111.71,-10.2,-2.36,0.62,180329034.0,0,1,0,0,0,0,0,0,0,0,0,0,0,0,0,0,0,0,0,0
CCG,2026-09-24,12.94,14.3813,13.5604,3.9278,17.21,-24.81,-6.71,0.0,523757.0,0,1,0,0,0,0,0,0,0,0,0,0,0,0,0,0,0,1,0,0
CCHH,2026-09-24,1.03,1.1838,1.306,7.774,151.2,-99.32,-8.04,-0.48,45394.0,0,0,0,0,0,0,0,0,0,0,0,0,0,0,0,0,0,0,0,0
CCI,2026-09-24,67.63,73.6123,74.3695,81.5998,94.028,-28.07,-7.63,-3.7,246065686.0,0,0,0,0,0,0,0,0,0,0,1,0,0,0,0,0,0,0,0,1
CCIF,2026-09-24,2.24,2.5264,2.5966,3.0277,4.5248,-50.5,-8.54,-3.86,300149.0,0,0,0,0,0,0,0,0,0,0,1,0,0,0,0,0,0,0,0,1
CCII,2026-09-24,10.3,10.3175,10.3291,10.2865,10.4,-0.96,-0.05,-0.1,1128781.0,1,1,1,0,0,0,0,0,0,0,0,0,0,0,0,0,0,0,0,0
CCJ,2026-09-24,88.12,96.744,94.6798,105.8196,134.09,-34.28,-3.06,-2.95,283075254.0,0,0,0,0,0,0,0,0,0,0,0,0,0,0,0,0,0,0,0,0
CCK,2026-09-24,105.7,113.3475,116.3007,106.5006,121.79,-13.21,-5.77,-3.67,104640877.0,0,0,0,0,0,0,0,0,0,0,1,0,0,0,0,0,0,0,0,0
CCL,2026-09-24,21.79,22.8945,25.4643,27.3161,33.4524,-34.86,-1.71,-0.05,513066855.0,0,0,0,0,0,0,0,0,0,0,0,0,0,0,0,0,0,0,0,1
CCLD,2026-09-24,2.06,2.2185,2.3427,2.6436,3.81,-45.93,-1.44,0.0,817144.0,0,0,0,0,0,0,0,0,0,0,0,0,0,0,0,0,0,0,0,0
CCM,2026-09-24,3.56,4.216,4.4514,4.3167,6.9,-48.41,-9.18,-7.53,162735.0,0,0,0,0,0,0,0,0,0,0,0,0,0,0,0,0,0,0,0,0
CCNE,2026-09-24,33.91,34.1054,34.3034,30.4116,35.5193,-4.53,-0.38,1.44,5204465.0,1,1,1,0,0,0,0,0,0,0,0,0,0,0,0,0,0,0,0,0
CCO,2026-09-24,2.35,2.375,2.3876,2.3268,2.43,-3.29,-1.67,0.0,10783144.0,1,1,1,0,0,0,0,0,0,0,0,0,0,0,0,0,0,0,0,0
CCOI,2026-09-24,7.64,9.2955,10.6187,17.6166,44.8619,-82.97,-11.88,-6.03,20285169.0,0,0,0,0,0,0,0,0,0,0,0,0,0,0,0,0,0,0,0,1
CCS,2026-09-24,62.0,63.2555,66.5247,62.1343,73.708,-15.88,1.89,0.98,18798408.0,0,0,0,0,0,0,0,0,0,0,0,0,0,0,0,0,0,0,0,0
CCSI,2026-09-24,35.37,36.48,36.924,30.1116,39.85,-11.24,-3.41,-1.2,6175462.0,0,1,0,0,0,0,0,0,0,0,0,0,0,0,0,0,0,0,0,0
CCTG,2026-09-24,0.52,0.6016,0.6734,0.7963,23.4,-97.78,-4.06,1.36,48714.0,0,0,0,0,0,0,0,0,0,0,0,0,0,0,0,0,0,0,0,0
CCU,2026-09-24,10.93,11.6385,11.6998,12.1565,15.043,-27.34,-4.04,-1.8,1678686.0,0,0,0,0,0,0,0,0,0,0,0,0,0,0,0,0,0,0,0,0
CCXI,2026-09-24,12.23,13.0005,14.237,,19.1,-35.97,1.24,-3.85,25631569.0,0,0,0,0,0,0,0,0,0,0,0,0,0,0,0,0,0,0,0,0
CCZ,2026-09-24,64.67,65.382,65.2552,63.7678,66.5,-2.75,0.0,0.0,323.0,1,1,1,0,0,0,0,0,0,0,0,0,0,0,0,0,0,0,0,0
CD,2026-09-24,5.17,3.4063,3.2774,4.9268,35.79,-85.55,75.25,20.79,779983.0,0,1,0,1,1,1,1,1,0,0,0,0,1,1,1,1,1,0,0,0
CDE,2026-09-24,18.94,20.447,18.464,19.1921,27.1195,-30.16,-0.21,-1.97,701499768.0,0,0,0,0,1,0,0,0,0,0,0,0,0,0,0,0,0,0,0,0
CDIO,2026-09-24,1.91,1.9405,1.8471,2.2306,6.55,-70.84,-4.5,-0.52,65063.0,0,0,0,0,1,0,0,0,0,0,0,0,0,0,0,0,0,0,0,0
CDLR,2026-09-24,23.45,25.1615,23.9298,23.7337,29.57,-20.7,-6.69,-4.6,1623135.0,0,0,0,0,0,0,0,0,0,0,0,0,0,0,0,0,0,0,0,0
CDLX,2026-09-24,3.45,3.871,3.953,7.4691,28.2,-87.77,-11.99,0.29,141234.0,0,0,0,0,0,0,0,0,0,0,0,0,0,0,0,0,0,0,0,0
CDNA,2026-09-24,61.37,51.9915,46.5528,27.2046,61.37,0.0,14.6,13.0,62442595.0,0,1,1,1,1,1,1,1,1,0,0,0,1,1,1,1,1,1,0,0
CDNL,2026-09-24,27.54,34.675,47.703,,94.31,-70.8,-15.08,-3.97,19215940.0,0,0,0,0,0,0,0,0,0,0,1,0,0,0,0,0,0,0,0,0
CDNS,2026-09-24,322.0,302.2145,320.5164,325.7579,416.39,-22.67,15.04,4.18,792402714.0,0,0,0,1,1,0,0,0,0,0,0,0,1,0,1,0,0,0,0,0
CDP,2026-09-24,33.81,35.251,36.5354,32.6057,38.35,-11.84,-1.49,0.12,31395028.0,0,1,0,0,0,0,0,0,0,0,1,0,0,0,0,0,0,0,0,0
CDRE,2026-09-24,26.21,28.523,30.5521,34.0958,45.7646,-42.73,-0.79,-1.84,12183140.0,0,0,0,0,0,0,0,0,0,0,0,0,0,0,0,0,0,0,0,0
CDRO,2026-09-24,9.8,9.1782,9.1587,8.7093,10.2,-3.92,1.14,6.18,266556.0,0,1,1,1,1,1,0,0,0,0,0,0,1,1,0,0,0,1,0,0
CDT,2026-09-24,0.121,0.6181,2.046,113.2036,1660.0,-99.99,-36.32,-10.37,1893624.0,0,0,0,0,0,0,0,0,0,0,1,0,0,0,0,0,0,0,0,1
CDTG,2026-09-24,1.21,1.2092,1.3547,5.9204,20.95,-94.22,0.83,0.0,9844627.0,0,0,0,1,0,0,0,0,0,0,0,0,0,0,0,0,0,0,0,0
CDW,2026-09-24,139.46,148.0515,141.5955,130.9039,161.2956,-13.54,-7.0,-4.58,239684914.0,0,1,0,0,0,0,0,0,0,0,0,0,0,0,0,0,0,0,0,0
CDXS,2026-09-24,1.37,1.4635,1.5904,1.8675,2.85,-51.93,2.24,-0.72,1254601.0,0,0,0,0,0,0,0,0,0,0,0,0,0,0,0,0,0,0,0,0
CDZI,2026-09-24,3.71,3.8495,3.5532,4.625,6.92,-46.39,4.21,-2.88,3456498.0,0,0,0,0,1,0,0,0,0,0,0,0,0,0,0,0,0,0,0,0
CDZIP,2026-09-24,21.8,22.0778,22.2086,20.1442,23.393,-6.81,-2.02,0.23,115208.0,1,1,0,0,0,0,0,0,0,0,0,0,0,0,0,0,0,0,0,0
CE,2026-09-24,47.56,45.651,45.3608,51.0832,69.1932,-31.26,1.47,-1.92,85923958.0,0,0,0,1,1,1,0,0,0,0,0,0,0,0,0,0,0,0,0,0
CECO,2026-09-24,72.86,72.5925,73.379,71.5328,99.67,-26.9,4.96,-2.84,51904922.0,1,1,0,1,0,0,0,0,0,0,0,0,0,0,0,0,0,0,0,0
CEE,2026-09-24,19.0,19.7835,20.4276,19.6291,21.84,-13.0,-0.78,-2.01,424604.0,0,0,0,0,0,0,0,0,0,0,0,0,0,0,0,0,0,0,0,0
CEG,2026-09-24,261.62,276.0297,271.4039,290.5238,401.7044,-34.87,0.81,-0.86,781856370.0,0,0,0,0,0,0,0,0,0,0,0,0,0,0,0,0,0,0,0,0
CELC,2026-09-24,79.37,87.793,88.8412,105.3042,144.98,-45.25,-3.89,-0.78,75710278.0,0,0,0,0,0,0,0,0,0,0,0,0,0,0,0,0,0,0,0,0
CELH,2026-09-24,28.43,29.423,29.5234,36.9188,64.86,-56.17,0.32,-2.57,214718120.0,0,0,0,0,0,0,0,0,0,0,0,0,0,0,0,0,0,0,0,0
CELU,2026-09-24,1.32,1.4852,1.0342,1.1055,2.27,-41.85,2.33,14.78,25149124.0,0,1,0,0,1,0,0,0,0,0,0,0,1,1,0,0,0,0,0,0
CELZ,2026-09-24,0.97,1.0079,0.9976,1.7449,5.59,-82.65,10.54,-0.39,1262486.0,0,0,0,0,0,0,0,0,0,0,0,0,0,0,1,0,0,0,0,0
CENN,2026-09-24,4.4288,4.3182,3.816,5.6927,38.658,-88.54,2.52,-1.8,87871.0,0,0,0,1,1,1,0,0,0,0,0,0,0,0,0,0,0,0,0,0
CENT,2026-09-24,39.51,41.1695,42.8554,38.6899,46.54,-15.11,-2.73,0.05,3808892.0,0,1,0,0,0,0,0,0,0,0,0,0,0,0,0,0,0,0,0,0
CENTA,2026-09-24,34.19,35.571,37.2766,34.2476,40.6,-15.79,-2.37,0.09,11298863.0,0,0,0,0,0,0,0,0,0,0,0,1,0,0,0,0,0,0,0,0
CENX,2026-09-24,38.12,43.5725,44.7912,50.2896,68.77,-44.57,-4.22,-1.8,69290640.0,0,0,0,0,0,0,0,0,0,0,0,0,0,0,0,0,0,0,0,0
CEPF,2026-09-24,10.285,10.3587,10.3917,10.3446,10.62,-3.15,-0.87,0.05,883394.0,0,0,1,0,0,0,0,0,0,0,0,1,0,0,0,0,0,0,0,0
CEPO,2026-09-24,10.765,10.7598,10.7089,10.5568,10.8,-0.32,0.14,0.05,1493180.0,1,1,1,1,1,1,0,0,0,0,0,0,0,0,0,0,0,0,0,0
CEPS,2026-09-24,10.3,10.345,10.375,,10.44,-1.34,-0.48,0.0,63429.0,0,0,1,0,0,0,0,0,0,0,1,0,0,0,0,0,0,0,0,0
CEPU,2026-09-24,13.42,13.848,13.997,15.2102,17.95,-25.24,-1.68,-0.07,3649170.0,0,0,0,0,0,0,0,0,0,0,0,0,0,0,0,0,0,0,0,0
CEPV,2026-09-24,10.36,10.3725,10.3922,10.2663,10.45,-0.86,-0.1,0.0,20029.0,1,1,1,0,0,0,0,0,0,0,0,0,0,0,0,0,0,0,0,0
CERS,2026-09-24,2.61,2.589,2.6956,2.417,3.28,-20.43,3.16,0.38,3734372.0,1,1,0,1,0,0,0,0,0,0,0,0,0,0,0,0,0,0,0,0
CERT,2026-09-24,8.89,8.182,7.963,7.177,13.6,-34.63,9.35,2.89,18619350.0,0,1,0,1,1,1,0,0,0,0,0,0,0,0,0,0,0,0,0,0
CET,2026-09-24,55.85,55.3085,54.5012,52.3354,56.74,-1.57,1.21,-1.05,1347194.0,1,1,1,1,1,1,0,0,0,0,0,0,0,0,0,0,0,0,0,0
CETX,2026-09-24,2.05,2.4162,2.6489,10.4521,95.1,-97.84,-16.33,-1.44,115693.0,0,0,0,0,0,0,0,0,0,0,1,0,0,0,0,0,0,0,0,0
CETY,2026-09-24,1.005,1.0231,0.971,0.8548,4.35,-76.9,2.55,-0.5,27738.0,1,1,0,0,1,0,0,0,0,0,0,0,0,0,0,0,0,0,0,0
CEV,2026-09-24,9.99,10.2834,10.3152,10.0905,10.7871,-7.39,-2.82,-2.06,248597.0,0,0,0,0,0,0,0,0,0,0,0,0,0,0,0,0,0,1,0,0
CEVA,2026-09-24,34.46,28.6665,31.6848,29.2348,50.06,-31.16,23.91,2.5,17724404.0,0,1,0,1,1,0,0,0,0,0,0,0,0,0,1,0,0,0,0,0
CF,2026-09-24,118.44,130.826,125.0918,110.3445,139.27,-14.96,-10.27,-1.82,349684062.0,0,1,0,0,0,0,0,0,0,0,0,0,0,0,0,0,0,0,1,0
CFBK,2026-09-24,34.11,34.9085,34.8508,30.1872,36.31,-6.06,-2.15,0.59,1167579.0,1,1,0,0,0,0,0,0,0,0,0,0,0,0,0,0,0,0,0,0
CFFI,2026-09-24,93.01,92.9297,87.3005,77.0997,96.26,-3.38,-1.93,1.77,7322149.0,1,1,1,1,1,1,0,0,0,0,0,0,0,0,0,0,0,0,0,0
CFFN,2026-09-24,8.66,8.762,8.7186,7.6704,9.1031,-4.87,-2.26,-0.35,7877065.0,1,1,1,0,0,0,0,0,0,0,0,0,0,0,0,0,0,0,0,0
CFG,2026-09-24,64.73,68.851,70.7963,64.2646,74.73,-13.38,-3.16,0.19,246657715.0,0,1,0,0,0,0,0,0,0,0,0,1,0,0,0,0,0,0,0,0
CFND,2026-09-24,3.0,3.012,2.9998,3.7433,8.391,-64.25,3.45,-5.36,313016.0,0,0,0,0,1,0,0,0,0,0,0,0,0,0,0,0,0,0,0,0
CFR,2026-09-24,156.21,160.7081,162.6862,143.8512,168.9966,-7.57,-2.03,1.26,85783283.0,1,1,0,0,0,0,0,0,0,0,0,0,0,0,0,0,0,0,0,0
CG,2026-09-24,39.42,44.165,45.9881,49.5961,65.3713,-39.7,-1.47,-1.25,141818815.0,0,0,0,0,0,0,0,0,0,0,1,0,0,0,0,0,0,0,0,1
CGAU,2026-09-24,22.78,22.779,20.6109,17.9357,24.25,-6.06,3.92,0.75,30153443.0,1,1,0,1,1,1,0,0,0,0,0,0,0,0,0,0,0,0,0,0
CGBD,2026-09-24,11.15,11.4972,11.0375,10.9822,12.0699,-7.62,-2.11,-0.62,5191769.0,0,1,0,0,1,0,0,0,0,0,0,0,0,0,0,0,0,0,0,0
CGC,2026-09-24,0.929,0.954,0.9615,1.0713,1.92,-51.61,-1.06,-0.64,2197005.0,0,0,0,0,0,0,0,0,0,0,0,0,0,0,0,0,0,0,0,0
CGEM,2026-09-24,15.44,20.9925,19.6372,15.2088,22.95,-32.72,-25.16,-8.48,22503565.0,0,1,0,0,0,0,0,0,0,0,1,0,0,0,0,0,0,1,1,0
CGEN,2026-09-24,2.37,2.525,2.4542,2.2257,3.1,-23.55,-1.66,1.28,556728.0,0,1,0,0,0,0,0,0,0,0,0,0,0,0,0,0,0,0,0,0
CGNT,2026-09-24,8.7,8.4865,8.7134,8.8924,12.24,-28.92,2.72,-0.34,6154618.0,0,0,0,1,0,0,0,0,0,0,0,0,0,0,0,0,0,0,0,0
CGNX,2026-09-24,57.7,60.931,62.3448,54.8236,72.3185,-20.21,-3.99,-0.84,87580104.0,0,1,0,0,0,0,0,0,0,0,0,0,0,0,0,0,0,0,0,0
CGO,2026-09-24,12.87,12.9316,12.8699,12.2123,13.7422,-6.35,3.13,0.55,288649.0,1,1,0,0,1,0,0,0,0,0,0,0,0,0,0,0,0,0,0,0
CGON,2026-09-24,68.76,74.358,74.0914,62.9087,80.68,-14.77,-7.23,-6.27,58770573.0,0,1,0,0,0,0,0,0,0,0,0,0,0,0,0,0,0,0,0,0
CGTL,2026-09-24,3.8,4.1,4.2592,17.3213,78.0,-95.13,2.7,0.53,258132.0,0,0,0,0,0,0,0,0,0,0,0,0,0,0,0,0,0,0,0,0
CGTX,2026-09-24,0.951,1.0164,0.9961,1.1586,1.95,-51.23,-6.76,0.11,402026.0,0,0,0,0,0,0,0,0,0,0,0,0,0,0,0,0,0,0,0,0
CHA,2026-09-24,11.47,11.785,11.2302,11.2627,16.4426,-30.24,-5.91,1.68,17059284.0,1,1,0,0,1,0,0,0,0,0,0,0,0,0,0,0,0,0,0,0
CHAI,2026-09-24,0.286,0.2907,0.3292,1.1666,12.88,-97.78,6.32,-6.23,6513328.0,0,0,0,0,0,0,0,0,0,0,0,0,0,0,0,0,0,0,0,0
CHAR,2026-09-24,11.015,10.965,10.9274,10.6927,11.015,0.0,0.23,0.0,113684.0,0,1,1,1,1,1,0,0,1,0,0,0,0,0,0,0,0,0,0,0
CHCI,2026-09-24,19.4,20.197,17.7142,15.1769,21.15,-8.27,-3.72,-1.52,1026611.0,0,1,0,0,1,0,0,0,0,0,0,0,0,0,0,0,0,0,0,0
CHCO,2026-09-24,140.09,143.359,143.1988,128.0121,147.98,-5.33,-2.59,0.6,17983966.0,1,1,0,0,0,0,0,0,0,0,0,0,0,0,0,0,0,0,0,0
CHCT,2026-09-24,14.31,14.6745,15.7668,16.0551,18.5956,-23.05,-2.39,0.28,5654658.0,0,0,0,0,0,0,0,0,0,0,0,0,0,0,0,0,0,0,0,0
CHD,2026-09-24,95.33,97.161,98.6193,95.1172,104.5985,-8.86,-0.19,-0.72,178502408.0,1,1,0,0,0,0,0,0,0,0,0,0,0,0,0,0,0,0,0,0
CHDN,2026-09-24,79.41,84.699,86.2166,92.5649,117.59,-32.47,-3.92,-1.3,91170980.0,0,0,0,0,0,0,0,0,0,0,0,0,0,0,0,0,0,0,0,1
CHE,2026-09-24,495.65,514.819,522.6157,451.2372,551.9939,-10.21,-2.8,-0.49,79500649.0,0,1,0,0,0,0,0,0,0,0,0,0,0,0,0,0,0,0,0,0
CHEC,2026-09-24,10.27,10.2477,10.228,10.1101,10.27,0.0,0.1,0.0,35480.0,0,1,1,1,1,1,0,0,1,0,0,0,0,0,0,0,0,1,0,0
CHEF,2026-09-24,110.36,111.329,107.9452,80.4892,115.52,-4.47,0.62,1.35,76746972.0,1,1,1,0,1,0,0,0,0,0,0,0,0,0,0,0,0,0,0,0
CHGA,2026-09-24,2.06,2.2938,3.5051,10.7622,50.4,-95.91,1.23,-7.21,1235587.0,0,0,0,0,0,0,0,0,0,0,0,0,0,0,0,0,0,0,0,0
CHGG,2026-09-24,0.73,0.78,0.8442,0.8897,1.65,-55.76,0.0,0.0,1094795.0,0,0,0,0,0,0,0,0,0,0,0,0,0,0,0,0,0,0,0,0
CHH,2026-09-24,100.96,100.6535,105.6644,105.3306,121.7612,-17.08,2.82,-0.67,56920277.0,0,0,0,1,0,0,0,0,0,0,0,0,0,0,0,0,0,0,0,0
CHI,2026-09-24,12.01,12.3424,12.5775,11.5602,13.1978,-9.0,-0.17,-0.33,1832850.0,1,1,0,0,0,0,0,0,0,0,0,0,0,0,0,0,0,0,0,0
CHKP,2026-09-24,136.29,135.353,132.4112,147.7515,206.91,-34.13,-1.02,-3.45,154470865.0,0,0,0,1,1,1,0,0,0,0,0,0,0,0,0,0,0,0,0,0
CHMG,2026-09-24,82.09,82.8087,81.4073,66.3205,84.8628,-3.27,-1.32,1.07,5841506.0,1,1,1,0,1,0,0,0,0,0,0,0,0,0,0,0,0,0,0,0
CHMI,2026-09-24,2.74,2.886,2.6852,2.469,2.97,-7.74,-2.49,-0.72,653426.0,0,1,0,0,1,0,0,0,0,0,0,0,0,0,0,0,0,0,0,0
CHNR,2026-09-24,3.82,3.897,3.9122,3.9269,7.17,-46.72,2.96,0.26,17180.0,0,0,0,0,0,0,0,0,0,0,0,0,0,0,0,0,0,0,0,0
CHOW,2026-09-24,0.701,0.527,0.4329,0.6625,11.7,-94.01,35.33,7.02,5114704.0,0,1,0,1,1,1,0,0,0,0,0,0,1,1,1,0,0,0,0,0
CHPG,2026-09-24,10.45,10.464,10.4464,10.3315,10.5,-0.48,0.1,0.0,95730.0,1,1,1,0,1,0,0,0,0,0,0,0,0,0,0,0,0,0,0,0
CHPT,2026-09-24,8.98,8.1525,6.7272,6.5546,12.34,-27.23,0.79,-2.71,38563967.0,0,1,0,1,1,1,0,0,0,0,0,0,0,0,0,0,0,0,0,0
CHR,2026-09-24,1.6,1.692,1.8104,2.784,126.0,-98.73,3.9,1.91,62045.0,0,0,0,0,0,0,0,0,0,0,0,0,0,0,0,0,0,0,0,0
CHRD,2026-09-24,140.02,146.8865,140.192,122.4013,157.0,-10.82,-4.77,1.67,103372970.0,0,1,0,0,0,0,0,0,0,0,0,0,0,0,0,0,0,0,0,0
CHRN,2026-09-24,21.85,19.5972,21.5,14.5307,29.63,-26.26,17.16,6.53,2776725.0,0,1,0,1,1,0,0,0,0,0,0,0,1,1,1,0,0,0,0,0
CHRS,2026-09-24,1.17,1.3485,1.3541,1.5769,2.51,-53.39,-4.1,-7.14,1423445.0,0,0,0,0,0,0,0,0,0,0,0,0,0,0,0,0,0,0,0,0
CHRW,2026-09-24,146.2,150.7766,158.564,171.2691,208.5206,-29.89,-4.74,-2.32,209665602.0,0,0,0,0,0,0,0,0,0,0,0,0,0,0,0,0,0,0,0,0
CHSN,2026-09-24,1.19,1.06,1.0753,108.6883,290.0,-99.59,11.21,11.21,141767.0,0,0,0,1,1,0,1,0,0,0,0,0,1,1,1,1,0,1,0,0
CHT,2026-09-24,46.07,44.5005,43.3824,41.8773,46.2,-0.28,1.97,-0.28,11061402.0,0,1,1,1,1,1,0,0,0,0,0,0,0,0,0,0,0,0,0,0
CHTR,2026-09-24,117.55,141.068,142.7536,178.2541,282.74,-58.42,-12.93,0.81,393325152.0,0,0,0,0,0,0,0,0,0,0,0,0,0,0,0,0,0,0,0,0
CHW,2026-09-24,8.24,8.3521,8.3995,7.9363,8.9089,-7.51,2.36,-0.96,1170024.0,1,1,0,0,0,0,0,0,0,0,0,0,0,0,0,0,0,0,0,0
CHWY,2026-09-24,18.32,21.646,22.2946,24.9698,40.45,-54.71,-12.34,-1.24,223877708.0,0,0,0,0,0,0,0,0,0,0,1,0,0,0,0,0,0,0,0,0
CHY,2026-09-24,12.3,12.5508,12.7389,11.891,13.4406,-8.49,1.49,-0.81,1766876.0,1,1,0,0,0,0,0,0,0,0,0,0,0,0,0,0,0,0,0,0
CHYM,2026-09-24,27.07,32.058,28.962,23.4373,34.55,-21.65,-13.38,2.31,253945709.0,0,1,0,0,0,0,0,0,0,0,0,0,0,0,0,0,0,0,1,0
CI,2026-09-24,265.5,278.5178,279.8922,276.9454,304.1076,-12.7,-5.33,-1.03,406756683.0,0,0,0,0,0,0,0,0,0,0,0,0,0,0,0,0,0,0,0,0
CIA,2026-09-24,3.61,3.7035,4.1774,5.076,6.38,-43.42,2.27,2.27,455369.0,0,0,0,0,0,0,0,0,0,0,0,0,0,0,0,0,0,0,0,0
CIEN,2026-09-24,358.43,352.464,378.5032,386.2285,627.0,-42.83,5.27,0.71,945779170.0,0,0,0,1,0,0,0,0,0,0,0,0,0,0,0,0,0,0,0,0
CIFR,2026-09-24,18.1,16.8853,18.2051,18.371,29.18,-37.97,6.85,-1.36,584050124.0,0,0,0,1,0,0,0,0,0,0,0,0,0,0,0,0,0,0,0,0
CIG,2026-09-24,2.07,2.1135,2.0882,2.1187,2.6168,-20.89,-4.17,-0.96,10858289.0,0,0,0,0,0,0,0,0,0,0,0,0,0,0,0,0,0,0,0,0
CIGI,2026-09-24,92.23,95.53,99.3616,111.5892,168.847,-45.38,3.47,1.01,26523823.0,0,0,0,0,0,0,0,0,0,0,0,0,0,0,0,0,0,0,0,0
CII,2026-09-24,24.05,24.1901,24.2316,23.0611,25.7084,-6.45,1.48,-0.37,1641858.0,1,1,0,0,0,0,0,0,0,0,0,0,0,0,0,0,0,0,0,0
CIIT,2026-09-24,2.785,2.7827,3.2473,16.8947,70.0,-96.02,7.95,6.5,166651.0,0,0,0,1,0,0,0,0,0,0,0,0,1,1,0,0,0,0,0,0
CIK,2026-09-24,2.33,2.3878,2.3985,2.4841,2.7595,-15.56,-1.27,-0.43,1240116.0,0,0,0,0,0,0,0,0,0,0,0,0,0,0,0,0,0,0,0,1
CIM,2026-09-24,10.41,11.211,11.816,12.3166,13.4915,-22.84,-4.41,-3.16,12582320.0,0,0,0,0,0,0,0,0,0,0,1,0,0,0,0,0,0,0,0,1
CINF,2026-09-24,162.33,169.876,173.529,166.5172,192.03,-15.47,-4.94,-0.15,105609101.0,0,0,0,0,0,0,0,0,0,0,1,0,0,0,0,0,0,0,0,0
CING,2026-09-24,5.06,5.1768,5.0557,5.3695,11.66,-56.6,-0.59,1.61,531517.0,0,0,0,0,1,0,0,0,0,0,0,0,0,0,0,0,0,0,0,0
CINT,2026-09-24,3.01,3.258,3.3696,4.155,5.54,-45.67,-4.44,-0.99,298075.0,0,0,0,0,0,0,0,0,0,0,0,0,0,0,0,0,0,0,0,0
CION,2026-09-24,7.13,7.2071,6.8181,7.1007,9.0225,-20.98,0.28,-0.7,2584978.0,1,1,0,0,1,0,0,0,0,0,0,0,0,0,0,0,0,0,0,0
CIRC,2026-09-24,0.332,0.5615,0.6502,1.7799,4.57,-92.74,-27.03,-2.35,269186.0,0,0,0,0,0,0,0,0,0,0,1,0,0,0,0,0,0,0,0,1
CISO,2026-09-24,0.235,0.2362,0.2476,0.3365,1.4,-83.21,-1.26,-2.49,40108.0,0,0,0,0,0,0,0,0,0,0,0,0,0,0,0,0,0,0,0,0
CISS,2026-09-24,1.12,1.413,10.1682,446.7218,22792.0,-100.0,-15.79,1.82,2878955.0,0,0,0,0,0,0,0,0,0,0,1,0,0,0,0,0,0,0,0,0
CITR,2026-09-24,4.27,5.262,5.4886,6.8933,10.09,-57.68,-12.68,-6.97,198630.0,0,0,0,0,0,0,0,0,0,0,0,0,0,0,0,0,0,0,0,1
CIVB,2026-09-24,27.06,27.292,27.9454,25.0549,29.1194,-7.07,-0.37,1.77,4259838.0,1,1,0,0,0,0,0,0,0,0,0,0,0,0,0,0,0,0,0,0
CIX,2026-09-24,36.26,35.3664,31.3884,25.3242,38.49,-5.79,-0.03,1.68,1181223.0,1,1,0,1,1,1,0,0,0,0,0,0,0,0,0,0,0,0,0,0
CJMB,2026-09-24,2.19,2.2055,2.009,1.5217,4.97,-55.94,-0.45,3.3,353161.0,1,1,0,0,1,0,0,0,0,0,0,0,1,0,0,0,0,0,0,0
CKX,2026-09-24,10.96,10.928,10.9188,10.612,12.33,-11.11,4.28,0.0,33520.0,1,1,0,1,1,1,0,0,0,0,0,0,0,0,0,0,0,0,0,0
CL,2026-09-24,85.32,88.397,90.4536,87.4964,97.966,-12.91,-1.95,-0.71,454517950.0,0,0,0,0,0,0,0,0,0,0,0,0,0,0,0,0,0,0,0,0
CLAR,2026-09-24,3.51,3.642,3.5418,3.1889,3.82,-8.12,-1.13,0.29,425223.0,0,1,0,0,0,0,0,0,0,0,0,0,0,0,0,0,0,0,0,0
CLB,2026-09-24,10.49,11.989,11.7733,14.793,19.6269,-46.55,-8.38,-1.32,5886038.0,0,0,0,0,0,0,0,0,0,0,1,0,0,0,0,0,0,0,0,0
CLBK,2026-09-24,11.26,11.5415,11.2711,9.021,11.82,-4.74,-1.75,0.72,50564997.0,1,1,1,0,0,0,0,0,0,0,0,0,0,0,0,0,0,0,0,0
CLBR,2026-09-24,10.21,10.2285,10.2564,,10.4,-1.83,0.0,-0.1,1582134.0,0,0,1,0,0,0,0,0,0,0,0,0,0,0,0,0,0,0,0,0
CLBT,2026-09-24,11.37,11.6207,13.0174,14.3391,19.56,-41.87,-0.52,-1.13,29554064.0,0,0,0,0,0,0,0,0,0,0,0,0,0,0,0,0,0,0,0,0
CLDI,2026-09-24,1.2,1.2654,1.4741,7.0736,26.72,-95.51,2.56,10.09,249471.0,0,0,0,0,0,0,0,0,0,0,0,0,1,1,0,0,0,1,0,0
CLDT,2026-09-24,13.4,13.079,13.1816,9.8784,13.79,-2.83,4.36,2.45,3504682.0,1,1,1,1,1,0,0,0,0,0,0,0,0,0,0,0,0,0,0,0
CLDX,2026-09-24,31.48,37.875,38.7196,32.2258,44.87,-29.84,-19.24,1.16,57795483.0,0,0,0,0,0,0,0,0,0,0,1,0,0,0,0,0,0,0,0,0
CLF,2026-09-24,12.5,12.1415,11.6914,11.4223,16.18,-22.74,-2.04,-2.87,158609621.0,1,1,0,1,1,1,0,0,0,0,0,0,0,0,0,0,0,0,0,0
CLFD,2026-09-24,30.53,29.4505,29.7382,32.2873,51.26,-40.44,1.46,-1.74,4573716.0,0,0,0,1,1,0,0,0,0,0,0,0,0,0,0,0,0,0,0,0
CLGN,2026-09-24,4.12,3.657,3.3596,6.7318,31.4,-86.88,18.39,1.98,4234345.0,0,0,0,1,1,1,0,0,0,0,0,0,0,0,1,0,0,0,0,0
CLH,2026-09-24,316.07,316.32,314.051,288.3166,326.34,-3.15,-0.91,0.93,121666411.0,1,1,1,0,1,0,0,0,0,0,0,0,0,0,0,0,0,0,0,0
CLIK,2026-09-24,1.16,1.2813,1.3833,2.6916,10.46,-88.91,-4.13,-0.85,534656.0,0,0,0,0,0,0,0,0,0,0,0,0,0,0,0,0,0,0,0,0
CLIR,2026-09-24,3.46,4.0295,4.0214,4.9577,10.6,-67.36,-1.7,-2.26,82949.0,0,0,0,0,0,0,0,0,0,0,0,0,0,0,0,0,0,0,0,0
CLLS,2026-09-24,1.43,2.5765,2.7798,3.5249,5.35,-73.27,4.0,-0.69,325467.0,0,0,0,0,0,0,0,0,0,0,1,0,0,0,0,0,0,0,0,0
CLM,2026-09-24,6.38,6.4513,6.8166,6.951,7.3563,-13.27,1.59,0.16,14758426.0,0,0,0,0,0,0,0,0,0,0,0,0,0,0,0,0,0,0,0,0
CLMB,2026-09-24,31.16,28.3435,27.6072,24.9987,35.7949,-12.95,10.34,1.73,3883229.0,0,1,0,1,1,1,1,1,0,0,0,0,0,0,1,1,1,0,0,0
CLMT,2026-09-24,53.85,54.0805,48.313,33.8973,59.05,-8.81,-7.17,-0.97,77579708.0,1,1,0,0,1,0,0,0,0,0,0,0,0,0,0,0,0,0,0,0
CLNE,2026-09-24,1.64,1.658,1.7874,2.1151,3.06,-46.41,-3.53,1.23,3223071.0,0,0,0,0,0,0,0,0,0,0,0,0,0,0,0,0,0,0,0,0
CLNN,2026-09-24,4.21,4.0505,4.6118,5.4904,12.5,-66.32,9.07,-1.86,565742.0,0,0,0,1,0,0,0,0,0,0,0,0,0,0,0,0,0,0,0,0
CLOV,2026-09-24,4.51,4.4745,4.4179,3.2797,5.41,-16.64,-0.66,-1.31,19077983.0,1,1,0,1,1,1,0,0,0,0,0,0,0,0,0,0,0,0,0,0
CLPR,2026-09-24,3.41,3.334,3.0906,3.0599,3.7254,-8.47,-0.29,-1.16,183092.0,1,1,0,1,1,1,0,0,0,0,0,0,0,0,0,0,0,0,0,0
CLPS,2026-09-24,1.015,1.0485,0.9492,0.9514,1.62,-37.35,-0.98,0.5,8818.0,0,1,0,0,1,0,0,0,0,0,0,0,0,0,0,0,0,0,0,0
CLPT,2026-09-24,14.61,14.324,14.6606,13.4057,29.6,-50.64,9.03,-2.4,8020488.0,1,1,0,1,0,0,0,0,0,0,0,0,0,0,0,0,0,0,0,0
CLRB,2026-09-24,2.08,2.3735,2.4776,2.8776,6.17,-66.29,-11.49,-0.48,102887.0,0,0,0,0,0,0,0,0,0,0,1,0,0,0,0,0,0,0,0,1
CLRO,2026-09-24,3.43,4.8375,5.4972,4.8873,13.84,-75.22,-18.14,-18.72,101959.0,0,0,0,0,0,0,0,0,0,0,0,0,0,0,0,0,0,1,0,0
CLS,2026-09-24,373.56,322.489,324.0146,329.4537,472.4,-20.92,15.36,3.24,714771835.0,0,1,0,1,1,0,1,0,0,0,0,0,1,0,1,1,0,0,0,0
CLSK,2026-09-24,14.26,13.112,13.095,12.6011,23.2,-38.53,6.82,-1.38,232367904.0,0,1,0,1,1,1,0,0,0,0,0,0,0,0,0,0,0,0,0,0
CLST,2026-09-24,17.9,17.8565,17.3953,16.3744,18.15,-1.38,-0.56,-0.78,65228.0,1,1,1,1,1,1,0,0,0,0,0,0,0,0,0,0,0,0,0,0
CLVT,2026-09-24,1.84,1.9555,2.0158,2.461,3.95,-53.42,-1.6,0.55,8732084.0,0,0,0,0,0,0,0,0,0,0,0,0,0,0,0,0,0,0,0,0
CLW,2026-09-24,20.27,20.7885,20.3812,17.0487,23.31,-13.04,-4.02,-5.19,2855799.0,1,1,0,0,0,0,0,0,0,0,0,0,0,0,0,0,0,0,0,0
CLWT,2026-09-24,1.45,1.593,1.586,1.3553,1.91,-24.08,-5.23,-3.97,22652.0,0,1,0,0,0,0,0,0,0,0,0,0,0,0,0,0,0,0,0,0
CLX,2026-09-24,81.8,91.123,97.1163,100.2582,124.127,-34.1,-3.61,-2.55,317765639.0,0,0,0,0,0,0,0,0,0,0,1,0,0,0,0,0,0,0,0,1
CLYM,2026-09-24,11.89,14.4155,14.2104,9.4468,17.84,-33.35,-15.73,-5.03,27109100.0,0,1,0,0,0,0,0,0,0,0,0,0,0,0,0,0,0,0,1,0
CM,2026-09-24,111.42,114.691,117.2252,105.2108,123.74,-9.96,-1.36,-0.03,147187715.0,1,1,0,0,0,0,0,0,0,0,0,0,0,0,0,0,0,0,0,0
CMBT,2026-09-24,19.04,19.1205,17.464,13.8467,20.41,-6.71,-3.15,-0.63,22626389.0,1,1,0,0,1,0,0,0,0,0,0,0,0,0,0,0,0,0,0,0
CMC,2026-09-24,64.22,67.079,68.5534,69.768,82.6719,-22.32,-2.43,-0.68,68759430.0,0,0,0,0,0,0,0,0,0,0,0,0,0,0,0,0,0,0,0,0
CMCL,2026-09-24,23.87,25.119,22.4023,24.1036,37.2848,-35.98,-1.12,-1.08,4468802.0,0,0,0,0,1,0,0,0,0,0,0,0,0,0,0,0,0,0,0,0
CMCM,2026-09-24,2.65,3.1013,3.0511,4.9503,8.83,-69.99,-10.92,0.0,34344.0,0,0,0,0,0,0,0,0,0,0,0,0,0,0,0,0,0,0,0,0
CMCO,2026-09-24,16.03,17.1735,17.5026,16.7662,23.0102,-30.34,-0.43,-2.91,7144203.0,0,0,0,0,0,0,0,0,0,0,0,0,0,0,0,0,0,0,0,0
CMCSA,2026-09-24,22.13,24.817,24.9038,26.3945,31.6751,-30.13,-3.4,-1.86,724868493.0,0,0,0,0,0,0,0,0,0,0,1,0,0,0,0,0,0,0,0,0
CMCT,2026-09-24,2.14,3.05,3.5382,107.2272,1288.0,-99.83,-16.41,-3.17,69332.0,0,0,0,0,0,0,0,0,0,0,1,0,0,0,0,0,0,0,0,1
CMDB,2026-09-24,22.8,22.636,20.4232,17.8911,24.51,-6.98,-2.73,2.15,1582460.0,1,1,0,1,1,1,0,0,0,0,0,0,0,0,0,0,0,0,0,0
CME,2026-09-24,268.91,277.0933,267.0257,274.3617,315.7112,-14.82,-1.3,-0.7,533398194.0,0,0,0,0,1,0,0,0,0,0,0,0,0,0,0,0,0,0,0,0
CMG,2026-09-24,32.01,35.6065,34.8368,34.9556,42.36,-24.43,-4.48,-2.14,441243562.0,0,0,0,0,0,0,0,0,0,0,0,0,0,0,0,0,0,0,0,0
CMI,2026-09-24,521.07,547.794,598.1698,599.5351,724.8918,-28.12,-1.22,-0.68,632708115.0,0,0,0,0,0,0,0,0,0,0,1,0,0,0,0,0,0,0,0,0
CMMB,2026-09-24,2.2,2.615,2.0874,1.8416,3.5,-37.14,-16.98,-3.51,330138.0,0,1,0,0,1,0,0,0,0,0,0,0,0,0,0,0,0,0,1,0
CMND,2026-09-24,0.81,1.2266,1.525,9.6672,428.0,-99.81,0.5,-4.71,1326334.0,0,0,0,0,0,0,0,0,0,0,1,0,0,0,0,0,0,0,0,0
CMP,2026-09-24,22.75,24.4995,26.5234,25.6424,33.51,-32.11,-4.69,-1.94,9684437.0,0,0,0,0,0,0,0,0,0,0,0,0,0,0,0,0,0,0,0,0
CMPR,2026-09-24,78.61,84.7685,91.8454,83.9431,105.31,-25.35,-3.55,0.79,15613113.0,0,0,0,0,0,0,0,0,0,0,1,0,0,0,0,0,0,0,0,0
CMPS,2026-09-24,13.09,14.0745,13.2674,9.7063,15.19,-13.82,-5.14,-4.8,39823068.0,0,1,0,0,0,0,0,0,0,0,0,0,0,0,0,0,0,0,0,0
CMPX,2026-09-24,1.135,1.9998,2.098,3.7538,6.69,-83.03,-38.65,-2.99,7688602.0,0,0,0,0,0,0,0,0,0,0,1,0,0,0,0,0,0,0,0,1
CMRC,2026-09-24,3.15,2.9147,2.755,3.0561,5.51,-42.83,-8.16,-2.78,3831973.0,0,1,0,1,1,1,0,0,0,0,0,0,0,0,0,0,0,0,0,0
CMRE,2026-09-24,14.66,15.1785,15.1317,15.8546,17.643,-16.91,-2.59,-0.14,5592796.0,0,0,0,0,0,0,0,0,0,0,0,0,0,0,0,0,0,0,0,0
CMS,2026-09-24,62.77,66.98,69.6621,72.1557,78.6889,-20.23,-4.88,-0.6,207623014.0,0,0,0,0,0,0,0,0,0,0,1,0,0,0,0,0,0,0,0,1
CMT,2026-09-24,23.1,23.9985,24.5408,22.6487,28.35,-18.52,-1.37,0.7,743703.0,0,1,0,0,0,0,0,0,0,0,0,0,0,0,0,0,0,0,0,0
CMTG,2026-09-24,1.3,1.5155,1.774,2.3931,3.7,-64.86,-9.72,-1.52,1430882.0,0,0,0,0,0,0,0,0,0,0,1,0,0,0,0,0,0,0,0,1
CMTL,2026-09-24,1.39,1.546,1.6508,3.6056,5.98,-76.76,-6.71,-3.47,495326.0,0,0,0,0,0,0,0,0,0,0,0,0,0,0,0,0,0,0,0,1
CMTV,2026-09-24,40.47,40.6815,40.5256,35.265,42.2,-4.1,-1.12,3.24,1968526.0,1,1,1,0,0,0,0,0,0,0,0,0,1,0,0,0,0,0,0,0
CNA,2026-09-24,46.11,48.1625,50.1024,46.3832,54.7894,-15.84,-4.1,-2.12,26011716.0,0,0,0,0,0,0,0,0,0,0,1,0,0,0,0,0,0,0,0,0
CNC,2026-09-24,61.92,65.613,65.19,51.9832,69.41,-10.79,-6.2,-0.26,309444831.0,0,1,0,0,0,0,0,0,0,0,0,0,0,0,0,0,0,0,0,0
CNCK,2026-09-24,1.68,1.9585,2.1581,2.2761,7.88,-78.68,-10.64,0.0,85845.0,0,0,0,0,0,0,0,0,0,0,1,0,0,0,0,0,0,0,0,0
CNDT,2026-09-24,1.63,1.689,1.6254,1.5997,2.84,-42.61,0.62,1.87,1731314.0,0,1,0,0,1,0,0,0,0,0,0,0,0,0,0,0,0,0,0,0
CNET,2026-09-24,1.37,1.314,1.2894,1.026,2.55,-46.27,5.38,4.58,5690.0,0,1,0,1,1,1,0,0,0,0,0,0,1,0,0,0,0,0,0,0
CNEY,2026-09-24,0.581,0.5571,0.6048,0.7298,2.633,-77.93,10.25,0.17,33999.0,0,0,0,1,0,0,0,0,0,0,0,0,0,0,1,0,0,0,0,0
CNF,2026-09-24,1.87,2.0205,2.1992,3.728,6.41,-70.83,2.19,7.47,7637.0,0,0,0,0,0,0,0,0,0,0,0,1,1,1,0,0,0,0,0,0
CNH,2026-09-24,13.28,13.2155,11.7422,10.9352,14.4,-7.78,-1.78,-3.42,328679078.0,1,1,0,1,1,1,0,0,0,0,0,0,0,0,0,0,0,0,0,0
CNI,2026-09-24,119.92,121.7476,124.7857,111.3447,129.8783,-7.67,0.36,0.36,174529447.0,1,1,0,0,0,0,0,0,0,0,0,0,0,0,0,0,0,0,0,0
CNK,2026-09-24,36.98,35.418,35.3962,29.188,38.3076,-3.47,8.67,3.32,75897194.0,0,1,1,1,1,1,0,0,0,0,0,0,1,0,0,0,0,0,0,0
CNL,2026-09-24,13.03,14.5648,14.038,15.5667,20.79,-37.33,6.11,-1.51,2507276.0,0,0,0,0,0,0,0,0,0,0,0,0,0,0,0,0,0,0,0,0
CNM,2026-09-24,41.62,42.601,43.9706,49.6113,59.09,-29.57,-2.8,-2.67,125174559.0,0,0,0,0,0,0,0,0,0,0,0,0,0,0,0,0,0,0,0,0
CNMD,2026-09-24,45.18,47.5775,47.4422,40.6885,51.86,-12.88,-3.95,-1.35,15207165.0,0,1,0,0,0,0,0,0,0,0,0,0,0,0,0,0,0,0,0,0
CNNE,2026-09-24,15.53,15.3902,15.0386,13.9172,18.0253,-13.84,2.31,-1.65,8440594.0,1,1,0,1,1,1,0,0,0,0,0,0,0,0,0,0,0,0,0,0
CNO,2026-09-24,53.52,55.0516,54.3541,46.635,56.5636,-5.38,-3.65,-0.93,62582113.0,1,1,0,0,0,0,0,0,0,0,0,0,0,0,0,0,0,0,0,0
CNOB,2026-09-24,30.89,31.6115,32.2937,29.2111,33.9106,-8.91,-2.06,1.28,12180313.0,1,1,0,0,0,0,0,0,0,0,0,0,0,0,0,0,0,0,0,0
CNP,2026-09-24,36.82,38.909,40.4083,41.0107,44.7724,-17.76,-3.94,-0.91,252095687.0,0,0,0,0,0,0,0,0,0,0,1,0,0,0,0,0,0,0,0,0
CNQ,2026-09-24,47.93,49.8953,47.8139,42.7104,51.55,-7.02,-4.27,0.61,358224722.0,0,1,0,0,1,0,0,0,0,0,0,0,0,0,0,0,0,0,0,0
CNR,2026-09-24,88.76,97.0036,91.5412,90.6561,112.9974,-21.45,-5.58,-3.68,49077028.0,0,0,0,0,0,0,0,0,0,0,0,0,0,0,0,0,0,0,0,0
CNS,2026-09-24,75.15,76.9935,80.1002,70.0467,85.65,-12.26,4.59,-0.38,21989124.0,1,1,0,0,0,0,0,0,0,0,0,0,0,0,0,0,0,0,0,0
CNSP,2026-09-24,5.15,5.5969,5.4734,4.7598,10.57,-51.28,-6.36,0.0,30051.0,0,1,0,0,0,0,0,0,0,0,0,0,0,0,0,0,0,0,0,0
CNSY,2026-09-24,1.87,2.47,3.1672,6.337,22.25,-91.6,-8.33,-4.1,175799.0,0,0,0,0,0,0,0,0,0,0,1,0,0,0,0,0,0,0,0,1
CNTB,2026-09-24,1.1,1.7515,2.0512,2.3903,3.69,-70.19,-14.73,2.8,3325253.0,0,0,0,0,0,0,0,0,0,0,0,1,0,0,0,0,0,0,0,0
CNTN,2026-09-24,2.31,2.2122,2.112,3.0537,5.48,-57.85,13.24,3.12,1689255.0,0,0,0,1,1,1,0,0,0,0,0,0,1,0,1,0,0,0,0,0
CNTX,2026-09-24,0.371,0.3751,0.4841,1.5934,3.36,-88.96,-2.11,-3.13,493426.0,0,0,0,0,0,0,0,0,0,0,0,0,0,0,0,0,0,0,0,0
CNTY,2026-09-24,1.11,1.183,1.2054,1.3799,2.66,-58.27,-2.63,0.0,44838.0,0,0,0,0,0,0,0,0,0,0,0,0,0,0,0,0,0,0,0,1
CNVS,2026-09-24,2.04,2.2385,2.4516,2.4715,3.5,-41.71,-4.67,0.0,255406.0,0,0,0,0,0,0,0,0,0,0,1,0,0,0,0,0,0,0,0,0
CNX,2026-09-24,33.41,35.582,35.2328,36.8233,42.61,-21.59,-0.89,1.24,65339482.0,0,0,0,0,0,0,0,0,0,0,0,1,0,0,0,0,0,0,0,0
CNXC,2026-09-24,29.39,29.3345,26.6162,29.5332,53.0452,-44.59,0.79,-2.71,48043959.0,0,0,0,1,1,1,0,0,0,0,0,0,0,0,0,0,0,0,0,0
CNXN,2026-09-24,89.02,83.893,82.1212,67.9423,89.02,0.0,2.18,0.51,11381986.0,0,1,1,1,1,1,0,0,1,0,0,0,0,0,0,0,0,0,0,0
CNXU,2026-09-24,3.96,5.252,7.3264,,,,-14.29,-5.94,1217974.0,0,0,0,0,0,0,0,0,0,0,0,0,0,0,0,0,0,0,0,0
COAG,2026-09-24,35.72,42.474,46.4572,,,,-12.81,-2.75,24365081.0,0,0,0,0,0,0,0,0,0,0,1,0,0,0,0,0,0,0,0,0
COCH,2026-09-24,0.716,0.7132,0.7108,0.6967,1.59,-54.97,0.85,-0.83,39791.0,1,1,0,1,1,1,0,0,0,0,0,0,0,0,0,0,0,0,0,0
COCO,2026-09-24,59.17,56.6162,62.9113,61.2466,84.02,-29.58,4.97,2.05,84609928.0,0,0,0,1,0,0,0,0,0,0,0,0,0,0,0,0,0,0,0,0
COCP,2026-09-24,1.15,1.164,1.0716,1.0995,1.57,-26.75,0.88,-3.36,58837.0,1,1,0,0,1,0,0,0,0,0,0,0,0,0,0,0,0,0,0,0
CODA,2026-09-24,10.71,10.3745,10.2595,11.1406,16.76,-36.1,0.0,-2.37,1247576.0,0,0,0,1,1,1,0,0,0,0,0,0,0,0,0,0,0,0,0,0
CODI,2026-09-24,11.25,11.295,11.084,9.019,12.71,-11.49,2.18,-0.88,6092314.0,1,1,0,0,1,0,0,0,0,0,0,0,0,0,0,0,0,0,0,0
CODX,2026-09-24,1.15,1.1129,1.4222,3.02,37.8,-96.96,22.34,4.55,263590.0,0,0,0,1,0,0,0,0,0,0,0,0,1,0,1,0,0,0,0,0
COE,2026-09-24,11.57,13.0032,15.7547,22.683,55.56,-79.18,13.32,0.0,875666.0,0,0,0,0,0,0,0,0,0,0,0,0,0,0,1,0,0,0,0,0
COF,2026-09-24,196.61,209.5575,212.0895,205.6594,254.9582,-22.89,-3.24,0.26,726773420.0,0,0,0,0,0,0,0,0,0,0,0,0,0,0,0,0,0,0,0,0
COFS,2026-09-24,32.87,33.325,33.5147,30.5781,34.326,-4.24,-1.47,1.33,2411098.0,1,1,1,0,0,0,0,0,0,0,0,0,0,0,0,0,0,0,0,0
COGT,2026-09-24,31.43,33.8805,37.0436,36.6529,42.84,-26.63,-3.41,0.06,63628597.0,0,0,0,0,0,0,0,0,0,0,0,0,0,0,0,0,0,0,0,0
COHN,2026-09-24,10.11,10.764,11.7264,14.368,27.5257,-63.27,1.1,-1.37,248379.0,0,0,0,0,0,0,0,0,0,0,0,0,0,0,0,0,0,0,0,0
COHR,2026-09-24,290.61,290.366,296.3894,285.6071,426.89,-31.92,-1.81,-3.32,1830540663.0,1,1,0,1,0,0,0,0,0,0,0,0,0,0,0,0,0,0,0,0
COHU,2026-09-24,63.7,52.8835,52.5802,42.2983,73.91,-13.81,24.76,-1.21,52219060.0,0,1,0,1,1,1,0,0,0,0,0,0,0,0,1,0,0,0,0,0
COIN,2026-09-24,199.21,184.1775,169.7474,187.7986,387.27,-48.56,14.51,0.55,1888601897.0,0,1,0,1,1,1,0,0,0,0,0,0,0,0,1,0,0,0,0,0
COKE,2026-09-24,189.65,193.63,189.3105,180.9574,216.3251,-12.33,-4.54,1.15,111031580.0,1,1,0,0,1,0,0,0,0,0,0,0,0,0,0,0,0,0,0,0
COLA,2026-09-24,10.7,10.5212,10.6249,10.5725,11.25,-4.89,-1.2,0.0,454507.0,1,1,1,1,1,0,0,0,0,0,0,0,0,0,0,0,0,0,0,0
COLB,2026-09-24,29.18,29.9535,30.7958,29.1697,33.2048,-12.12,-1.82,1.14,89086892.0,1,1,0,0,0,0,0,0,0,0,0,0,0,0,0,0,0,0,0,0
COLD,2026-09-24,14.36,14.5755,14.7374,13.3414,16.25,-11.63,-1.1,-0.07,53330343.0,1,1,0,0,0,0,0,0,0,0,0,0,0,0,0,0,0,0,0,0
COLL,2026-09-24,22.64,23.598,28.6536,36.655,49.84,-54.57,2.03,0.85,22521581.0,0,0,0,0,0,0,0,0,0,0,0,1,0,0,0,0,0,0,0,0
COLM,2026-09-24,56.97,57.116,58.7687,58.817,67.4529,-15.54,-0.21,0.33,37658564.0,0,0,0,0,0,0,0,0,0,0,0,0,0,0,0,0,0,0,0,0
COMP,2026-09-24,9.29,10.483,11.4268,10.1402,13.58,-31.59,-10.07,1.42,144149669.0,0,0,0,0,0,0,0,0,0,0,0,0,0,0,0,0,0,0,0,0
CON,2026-09-24,34.62,34.739,33.5869,25.9969,36.37,-4.81,-4.81,-0.49,33385180.0,1,1,1,0,1,0,0,0,0,0,0,0,0,0,0,0,0,0,0,0
COO,2026-09-24,55.38,62.0065,69.0464,72.2265,84.32,-34.32,1.41,-1.23,275653827.0,0,0,0,0,0,0,0,0,0,0,0,0,0,0,0,0,0,0,0,0
COOK,2026-09-24,46.73,50.7625,57.5336,51.1383,82.0,-43.01,-4.03,-3.01,1459053.0,0,0,0,0,0,0,0,0,0,0,0,0,0,0,0,0,0,1,0,0
COOT,2026-09-24,0.485,0.4855,0.4465,0.5884,2.64,-81.63,5.43,2.11,3061855.0,0,0,0,0,1,0,0,0,0,0,0,0,0,0,0,0,0,0,0,0
COP,2026-09-24,129.34,133.6355,126.2033,114.1739,141.22,-8.41,-2.41,0.98,903362265.0,0,1,0,0,1,0,0,0,0,0,0,0,0,0,0,0,0,0,0,0
COPL,2026-09-24,10.555,10.5308,10.4978,10.3697,10.565,-0.09,0.05,0.0,21216.0,0,1,1,1,1,1,0,0,0,0,0,0,0,0,0,0,0,0,0,0
COPR,2026-09-25,3.07,3.3265,2.9162,,,,-4.66,-0.32,385897.0,0,0,0,0,1,0,0,0,0,0,0,0,0,0,0,0,0,0,0,0
COR,2026-09-24,309.87,322.2765,316.8943,318.3177,372.5274,-16.82,-2.71,-0.77,404207216.0,0,0,0,0,0,0,0,0,0,0,0,0,0,0,0,0,0,0,0,0
CORT,2026-09-24,118.51,113.7185,109.7006,68.8763,123.57,-4.09,5.99,4.93,194179720.0,0,1,1,1,1,1,0,0,0,0,0,0,1,0,0,0,0,0,0,0
CORZ,2026-09-24,18.12,17.412,19.4099,19.7965,29.16,-37.86,7.35,0.11,200693011.0,0,0,0,1,0,0,0,0,0,0,0,0,0,0,0,0,0,0,0,0
COSM,2026-09-24,0.38,0.2811,0.2412,0.3329,1.25,-69.6,28.38,-6.63,1154469.0,0,1,0,1,1,1,0,0,0,0,0,0,0,0,1,0,0,0,0,0
COSO,2026-09-24,26.57,27.2985,27.3124,25.5091,28.01,-5.14,-2.42,0.99,3486528.0,1,1,0,0,0,0,0,0,0,0,0,0,0,0,0,0,0,0,0,0
COST,2026-09-24,896.48,915.628,935.037,958.0862,1092.5829,-17.95,0.31,-0.91,1976002819.0,0,0,0,0,0,0,0,0,0,0,0,0,0,0,0,0,0,0,0,0
COTY,2026-09-24,2.63,2.7125,2.7262,2.5599,4.45,-40.9,0.0,-0.38,15037753.0,0,1,0,0,0,0,0,0,0,0,0,0,0,0,0,0,0,0,0,0
COUR,2026-09-24,5.06,5.6165,5.6634,6.0451,12.07,-58.08,-3.44,-1.17,27052079.0,0,0,0,0,0,0,0,0,0,0,0,0,0,0,0,0,0,0,0,0
COYA,2026-09-24,5.18,4.6905,4.6201,4.7776,7.36,-29.62,16.14,2.78,633078.0,0,1,0,1,1,1,0,0,0,0,0,0,0,0,1,0,0,0,0,0
CP,2026-09-24,87.32,90.06,91.3654,84.0237,96.69,-9.69,-0.41,-1.09,196167706.0,0,1,0,0,0,0,0,0,0,0,0,0,0,0,0,0,0,1,0,0
CPA,2026-09-24,128.83,129.4084,133.5278,128.6942,155.1144,-16.95,0.48,-0.85,38545860.0,1,1,0,0,0,0,0,0,0,0,0,0,0,0,0,0,0,0,0,0
CPAC,2026-09-24,12.17,12.4605,12.1066,10.9396,12.7,-4.17,-3.49,-1.14,778572.0,1,1,1,0,1,0,0,0,0,0,0,0,0,0,0,0,0,0,0,0
CPAY,2026-09-24,400.32,406.3585,397.828,343.8208,425.24,-5.86,-0.48,1.31,172466972.0,1,1,0,0,1,0,0,0,0,0,0,0,0,0,0,0,0,0,0,0
CPB,2026-09-24,19.85,21.8075,22.3442,23.0242,31.7348,-37.45,-7.2,-2.41,187053744.0,0,0,0,0,0,0,0,0,0,0,0,0,0,0,0,0,0,0,0,0
CPBI,2026-09-24,20.1,21.0322,20.6978,18.4376,21.46,-6.34,-6.12,-0.25,60352.0,0,1,0,0,0,0,0,0,0,0,0,0,0,0,0,0,0,1,0,0
CPF,2026-09-24,36.84,37.4594,38.0649,34.2846,39.6729,-7.14,-1.89,1.43,6499689.0,1,1,0,0,0,0,0,0,0,0,0,0,0,0,0,0,0,0,0,0
CPHC,2026-09-24,15.78,15.833,15.6968,15.5467,16.7675,-5.89,1.09,0.0,24260.0,1,1,0,0,1,0,0,0,0,0,0,0,0,0,0,0,0,0,0,0
CPHI,2026-09-24,0.74,0.796,1.1644,0.9227,8.1,-90.86,1.37,2.78,124263.0,0,0,0,0,0,0,0,0,0,0,0,0,0,0,0,0,0,0,0,0
CPIX,2026-09-24,8.01,7.177,6.9385,4.2641,8.97,-10.7,14.76,0.88,408737.0,0,1,0,1,1,1,0,0,0,0,0,0,0,0,1,0,0,0,0,0
CPK,2026-09-24,128.26,130.7428,132.5102,127.1145,137.1391,-6.47,-1.15,-1.06,23167852.0,1,1,0,0,0,0,0,0,0,0,0,0,0,0,0,0,0,0,0,0
CPNG,2026-09-24,13.88,15.1495,15.7764,18.5415,32.83,-57.72,-3.61,-2.8,249072341.0,0,0,0,0,0,0,0,0,0,0,0,0,0,0,0,0,0,0,0,1
CPOP,2026-09-24,5.47,1.8812,0.9798,2.7489,20.5,-73.32,47.04,5.8,2422247.0,0,1,0,1,1,1,0,0,0,0,0,0,1,1,1,0,0,0,0,0
CPRI,2026-09-24,15.19,13.799,14.787,19.215,27.66,-45.08,3.12,-1.56,80339488.0,0,0,0,1,1,0,0,0,0,0,0,0,0,0,0,0,0,0,0,0
CPRT,2026-09-24,28.04,31.351,30.485,33.8872,45.76,-38.72,-9.02,-2.87,309420773.0,0,0,0,0,0,0,0,0,0,0,0,0,0,0,0,0,0,0,0,0
CPS,2026-09-24,22.22,24.6445,27.0096,30.2556,45.2,-50.84,-3.05,-3.43,5749967.0,0,0,0,0,0,0,0,0,0,0,0,0,0,0,0,0,0,0,0,1
CPSH,2026-09-24,3.87,3.8975,4.104,4.7108,11.59,-66.61,-1.02,0.0,852543.0,0,0,0,0,0,0,0,0,0,0,0,0,0,0,0,0,0,0,0,0
CPSS,2026-09-24,9.37,9.3555,9.3506,9.0082,10.3,-9.03,-1.26,0.32,268346.0,1,1,0,1,1,1,0,0,0,0,0,0,0,0,0,0,0,0,0,0
CPT,2026-09-24,97.41,103.23,107.9136,105.954,117.58,-17.15,-3.84,-0.28,109174839.0,0,0,0,0,0,0,0,0,0,0,1,0,0,0,0,0,0,0,0,0
CPZ,2026-09-24,12.7,12.9273,12.9985,13.1224,14.6952,-13.58,-0.63,-0.86,776220.0,0,0,0,0,0,0,0,0,0,0,0,0,0,0,0,0,0,0,0,0
CR,2026-09-24,204.56,201.766,210.8762,196.0219,226.1611,-9.55,3.71,0.11,81769573.0,1,1,0,1,0,0,0,0,0,0,0,0,0,0,0,0,0,0,0,0
CRAC,2026-09-24,10.24,10.1995,10.1794,,10.24,0.0,0.2,0.1,57580.0,0,0,1,1,1,1,1,1,1,0,0,0,0,0,0,0,1,0,0,0
CRAI,2026-09-24,162.57,167.611,170.7333,168.5033,221.0191,-26.45,-1.1,0.34,21152784.0,0,0,0,0,0,0,0,0,0,0,0,0,0,0,0,0,0,0,0,0
CRAN,2026-09-24,10.1,10.13,10.137,,10.21,-1.08,-0.2,0.0,520130.0,0,0,1,0,0,0,0,0,0,0,1,0,0,0,0,0,0,0,0,0
CRAQ,2026-09-24,10.4,10.379,10.3612,10.2414,10.4,0.0,0.19,0.0,840118.0,0,1,1,1,1,1,0,0,1,0,0,0,0,0,0,0,0,1,0,0
CRBG,2026-09-24,34.09,33.7717,32.8131,28.8409,34.88,-2.26,-2.18,0.59,133594038.0,1,1,1,1,1,1,0,0,0,0,0,0,0,0,0,0,0,0,0,0
CRBP,2026-09-24,7.45,9.2602,9.4362,9.0827,19.36,-61.52,2.62,-3.75,11119338.0,0,0,0,0,0,0,0,0,0,0,0,0,0,0,0,0,0,0,0,0
CRBU,2026-09-24,1.25,1.432,1.5396,1.7604,2.84,-55.99,0.0,-3.1,1662352.0,0,0,0,0,0,0,0,0,0,0,0,0,0,0,0,0,0,0,0,1
CRC,2026-09-24,52.43,54.0981,52.9578,55.3647,69.1359,-24.16,-3.75,0.63,48494842.0,0,0,0,0,0,0,0,0,0,0,0,0,0,0,0,0,0,0,0,0
CRCL,2026-09-24,93.0,92.263,79.0258,86.0655,150.48,-38.2,9.3,1.4,1447200158.0,1,1,0,1,1,1,0,0,0,0,0,0,0,0,0,0,0,0,0,0
CRCT,2026-09-24,5.92,5.6925,5.3909,4.5855,6.5122,-9.09,5.9,0.51,3918436.0,0,1,0,1,1,1,0,0,0,0,0,0,0,0,0,0,0,0,0,0
CRDF,2026-09-24,1.28,1.168,1.0134,1.6671,3.21,-60.12,-5.19,-2.29,1061752.0,0,0,0,1,1,1,0,0,0,0,0,0,0,0,0,0,0,0,0,0
CRDL,2026-09-24,1.73,2.0055,1.6772,1.2634,2.285,-24.29,-8.95,-2.26,3177081.0,0,1,0,0,1,0,0,0,0,0,0,0,0,0,0,0,0,0,0,0
CRDO,2026-09-24,195.97,182.024,209.8993,176.0082,302.52,-35.22,16.48,1.08,1650522354.0,0,1,0,1,0,0,0,0,0,0,0,0,0,0,1,0,0,0,0,0
CRE,2026-09-24,3.01,3.297,2.9379,3.0296,12.0,-74.92,8.27,3.44,22791004.0,0,0,0,0,1,0,0,0,0,0,0,0,1,0,0,0,0,0,0,0
CRESY,2026-09-24,12.74,12.066,11.4426,11.6689,14.11,-9.71,5.99,0.24,3253815.0,0,1,0,1,1,1,0,0,0,0,0,0,0,0,0,0,0,0,0,0
CREX,2026-09-24,2.52,2.7215,2.9596,3.3555,4.15,-39.28,-3.08,-0.79,90824.0,0,0,0,0,0,0,0,0,0,0,0,0,0,0,0,0,0,0,0,0
CRF,2026-09-24,6.15,6.2196,6.5442,6.6479,7.043,-12.68,1.49,0.82,10002438.0,0,0,0,0,0,0,0,0,0,0,0,0,0,0,0,0,0,0,0,0
CRGO,2026-09-24,1.02,1.189,1.2605,1.7615,4.1,-75.12,-5.56,-1.92,72022.0,0,0,0,0,0,0,0,0,0,0,0,0,0,0,0,0,0,0,0,1
CRGY,2026-09-24,13.42,14.0025,12.6113,11.1927,15.37,-12.69,-6.81,1.82,92378726.0,0,1,0,0,1,0,0,0,0,0,0,0,0,0,0,0,0,0,0,0
CRH,2026-09-24,83.96,90.0835,95.0893,109.0336,129.9237,-35.38,-3.16,-1.49,438252702.0,0,0,0,0,0,0,0,0,0,0,1,0,0,0,0,0,0,0,0,1
CRI,2026-09-24,30.26,31.367,35.3699,35.8972,43.4163,-30.3,4.24,1.65,49115237.0,0,0,0,0,0,0,0,0,0,0,0,0,0,0,0,0,0,0,0,0
CRIS,2026-09-24,0.88,1.228,2.6578,11.8559,33.8,-97.4,-21.43,-7.37,172406.0,0,0,0,0,0,0,0,0,0,0,1,0,0,0,0,0,0,1,0,1
CRK,2026-09-24,13.82,14.37,13.8426,17.3797,27.37,-49.51,5.5,2.75,43936559.0,0,0,0,0,0,0,0,0,0,0,0,0,0,0,0,0,0,0,0,0
CRL,2026-09-24,294.44,283.374,266.6326,206.457,298.58,-1.39,7.69,6.17,275104059.0,0,1,1,1,1,1,0,0,0,0,0,0,1,1,0,0,0,0,0,0
CRM,2026-09-24,238.22,247.2959,210.8007,200.5978,264.417,-9.91,-4.75,0.27,4227282533.0,0,1,0,0,1,0,0,0,0,0,0,0,0,0,0,0,0,0,0,0
CRMD,2026-09-24,7.77,8.073,7.925,8.1328,12.73,-38.96,-0.64,1.04,7091028.0,0,0,0,0,0,0,0,0,0,0,0,0,0,0,0,0,0,0,0,0
CRML,2026-09-24,8.17,7.271,6.7834,9.646,29.97,-72.74,18.92,5.83,82428120.0,0,0,0,1,1,1,0,0,0,0,0,0,1,1,1,0,0,0,0,0
CRMT,2026-09-24,1.36,1.9595,2.7352,12.6253,32.16,-95.77,-24.86,-18.56,1010627.0,0,0,0,0,0,0,0,0,0,0,0,0,0,0,0,0,0,0,0,1
CRNC,2026-09-24,7.93,8.239,8.4935,9.4094,13.3,-40.38,1.02,-1.73,5091235.0,0,0,0,0,0,0,0,0,0,0,0,0,0,0,0,0,0,0,0,0
CRNT,2026-09-24,2.13,2.077,2.134,2.3286,3.2,-33.44,3.9,-2.74,649880.0,0,0,0,1,0,0,0,0,0,0,0,0,0,0,0,0,0,0,0,0
CRON,2026-09-24,3.32,3.2982,3.1129,2.7824,3.55,-6.48,0.91,-2.35,3080189.0,1,1,0,1,1,1,0,0,0,0,0,0,0,0,0,0,0,0,0,0
CROX,2026-09-24,123.44,117.733,126.4216,105.3138,141.19,-12.57,6.97,-0.95,133866395.0,0,1,0,1,0,0,0,0,0,0,0,0,0,0,0,0,0,0,0,0
CRS,2026-09-24,400.85,443.6765,504.7006,438.4019,618.9904,-35.24,-2.66,1.47,378236230.0,0,0,0,0,0,0,0,0,0,0,1,0,0,0,0,0,0,0,0,0
CRSP,2026-09-24,55.7,55.6103,53.3348,53.337,76.78,-27.46,6.68,-0.11,87203069.0,1,1,0,1,1,1,0,0,0,0,0,0,0,0,0,0,0,0,0,0
CRSR,2026-09-24,13.55,12.7455,11.8097,8.0165,14.35,-5.57,2.96,0.22,14288173.0,0,1,0,1,1,1,0,0,0,0,0,0,0,0,0,0,0,0,0,0
CRT,2026-09-24,12.25,11.4847,10.6071,9.5546,13.07,-6.27,-2.78,3.55,409494.0,0,1,0,1,1,1,0,0,0,0,0,0,1,0,0,0,0,0,0,0
CRTO,2026-09-24,16.56,17.2915,18.7509,18.8101,23.28,-28.87,-3.16,0.06,3813248.0,0,0,0,0,0,0,0,0,0,0,0,0,0,0,0,0,0,0,0,0
CRUS,2026-09-24,118.8,114.97,122.4148,139.9486,178.9,-33.59,0.68,-1.37,112301009.0,0,0,0,1,0,0,0,0,0,0,0,0,0,0,0,0,0,0,0,0
CRVL,2026-09-24,73.73,70.056,66.0006,61.2055,80.11,-7.96,3.51,0.59,14420575.0,0,1,0,1,1,1,0,0,0,0,0,0,0,0,0,0,0,0,0,0
CRVO,2026-09-24,2.52,2.538,2.671,4.2515,9.94,-74.65,3.28,0.4,386058.0,0,0,0,0,0,0,0,0,0,0,0,0,0,0,0,0,0,0,0,0
CRVS,2026-09-24,11.8,13.4215,13.8536,14.0428,25.52,-53.76,-3.52,-5.9,14658610.0,0,0,0,0,0,0,0,0,0,0,0,0,0,0,0,0,0,0,0,0
CRWD,2026-09-24,259.67,226.0305,210.798,148.8846,262.49,-1.07,7.59,-1.07,3028826131.0,0,1,1,1,1,1,0,0,0,0,0,0,0,0,0,0,0,0,0,0
CRWS,2026-09-24,2.55,2.6664,2.8253,2.7147,3.0061,-15.17,0.0,-1.54,239748.0,0,0,0,0,0,0,0,0,0,0,0,0,0,0,0,0,0,0,0,0
CRWV,2026-09-24,90.13,86.1605,85.4692,92.1764,143.08,-37.01,12.83,3.72,2493180368.0,0,0,0,1,1,1,0,0,0,0,0,0,1,0,1,0,0,0,0,0
CSAI,2026-09-24,3.53,4.2885,5.6005,15.9231,57.9,-93.9,9.97,1.73,262074.0,0,0,0,0,0,0,0,0,0,0,0,0,0,0,0,0,0,0,0,0
CSBR,2026-09-24,4.95,5.0515,5.2836,6.0031,7.8,-36.54,0.0,-1.39,64291.0,0,0,0,0,0,0,0,0,0,0,0,0,0,0,0,0,0,0,0,0
CSCO,2026-09-24,106.97,109.3335,112.506,96.404,129.5155,-17.41,-2.97,0.51,1944294786.0,1,1,0,0,0,0,0,0,0,0,0,0,0,0,0,0,0,0,0,0
CSGP,2026-09-24,27.86,30.523,30.4472,41.449,85.31,-67.34,-8.23,-1.42,230126653.0,0,0,0,0,0,0,0,0,0,0,0,0,0,0,0,0,0,0,0,0
CSHR,2026-09-24,5.84,5.6035,5.1374,,8.61,-32.17,17.74,-0.34,2030661.0,0,0,0,1,1,1,0,0,0,0,0,0,0,0,1,0,0,0,0,0
CSIQ,2026-09-24,10.95,12.6475,14.0606,17.1209,33.58,-67.39,-3.44,-3.44,26833525.0,0,0,0,0,0,0,0,0,0,0,0,0,0,0,0,0,0,0,0,1
CSL,2026-09-24,314.13,335.412,349.3664,350.2289,414.7653,-24.26,-1.07,-3.03,233609199.0,0,0,0,0,0,0,0,0,0,0,0,0,0,0,0,0,0,0,0,0
CSPI,2026-09-24,7.57,7.8285,7.893,9.3599,14.7712,-48.75,-1.43,2.02,93076.0,0,0,0,0,0,0,0,0,0,0,0,0,0,0,0,0,0,0,0,0
CSQ,2026-09-24,20.67,20.6647,20.4505,19.057,20.9533,-1.35,2.53,-0.39,3363127.0,1,1,1,1,1,1,0,0,0,0,0,0,0,0,0,0,0,0,0,0
CSR,2026-09-24,55.17,54.9615,55.205,59.9251,67.9594,-18.82,-2.92,0.16,20978333.0,0,0,0,1,0,0,0,0,0,0,0,0,0,0,0,0,0,0,0,0
CSTE,2026-09-24,3.0,3.016,2.7862,1.97,3.56,-15.73,4.53,7.53,182043.0,1,1,0,0,1,0,0,0,0,0,0,0,1,1,0,0,0,0,0,0
CSTL,2026-09-24,35.19,33.9305,30.7908,29.1901,43.04,-18.24,-0.82,0.89,11282319.0,0,1,0,1,1,1,0,0,0,0,0,0,0,0,0,0,0,0,0,0
CSTM,2026-09-24,24.63,26.2795,27.6744,27.1771,36.15,-31.87,-5.01,-1.32,38952055.0,0,0,0,0,0,0,0,0,0,0,0,0,0,0,0,0,0,0,0,0
CSV,2026-09-24,31.98,32.697,35.3386,41.1112,51.3871,-37.77,0.03,0.82,4655969.0,0,0,0,0,0,0,0,0,0,0,0,0,0,0,0,0,0,0,0,0
CSW,2026-09-24,294.45,300.3045,311.313,292.2321,351.29,-16.18,2.31,-1.17,40788029.0,1,1,0,0,0,0,0,0,0,0,0,0,0,0,0,0,0,0,0,0
CSWC,2026-09-24,23.04,24.1321,24.0478,22.2784,25.3021,-8.94,-2.37,-0.48,15435137.0,0,1,0,0,0,0,0,0,0,0,0,0,0,0,0,0,0,0,0,0
CSX,2026-09-24,46.95,48.8189,49.8727,43.7334,53.0847,-11.56,-1.98,-0.51,510320607.0,0,1,0,0,0,0,0,0,0,0,0,0,0,0,0,0,0,0,0,0
CTAA,2026-09-24,9.95,9.959,9.9404,,,,-0.1,0.0,154247.0,0,0,0,0,1,0,0,0,0,0,0,0,0,0,0,0,0,0,0,0
CTAS,2026-09-24,197.68,199.897,202.0344,186.9049,215.969,-8.47,-0.89,2.97,391928384.0,1,1,0,0,0,0,0,0,0,0,0,0,0,0,0,0,0,0,0,0
CTBI,2026-09-24,75.29,76.0741,76.3127,65.8823,78.7352,-4.38,-1.16,1.2,7348837.0,1,1,1,0,0,0,0,0,0,0,0,0,0,0,0,0,0,0,0,0
CTEV,2026-09-24,23.36,34.9685,32.2758,27.4292,71.36,-67.26,-26.38,-6.71,4775308.0,0,0,0,0,0,0,0,0,0,0,1,0,0,0,0,0,0,0,0,0
CTGO,2026-09-24,18.13,19.184,18.382,22.2646,33.1,-45.23,0.11,-1.36,7447693.0,0,0,0,0,0,0,0,0,0,0,0,0,0,0,0,0,0,0,0,0
CTKB,2026-09-24,5.73,4.885,4.6718,4.5806,5.88,-2.55,16.23,0.88,5485621.0,0,1,1,1,1,1,0,0,0,0,0,0,0,0,1,0,0,0,0,0
CTM,2026-09-24,0.625,0.611,0.6403,0.7781,1.31,-52.29,3.31,-1.26,363646.0,0,0,0,1,0,0,0,0,0,0,0,0,0,0,0,0,0,0,0,0
CTMX,2026-09-24,2.75,3.2033,3.2986,4.0947,6.75,-59.26,-2.48,-1.08,13812305.0,0,0,0,0,0,0,0,0,0,0,0,0,0,0,0,0,0,0,0,0
CTNM,2026-09-24,12.49,15.1935,15.0836,13.6822,17.57,-28.91,-9.23,-0.16,7704295.0,0,0,0,0,0,0,0,0,0,0,0,0,0,0,0,0,0,0,0,0
CTNT,2026-09-24,0.032,0.7318,1.3045,119.2751,418.0,-99.99,-28.89,-15.79,8561957.0,0,0,0,0,0,0,0,0,0,0,1,0,0,0,0,0,0,0,0,1
CTO,2026-09-24,20.55,20.8318,21.2748,19.2766,22.1299,-7.14,-0.72,1.48,8538568.0,1,1,0,0,0,0,0,0,0,0,0,0,0,0,0,0,0,0,0,0
CTOR,2026-09-24,1.05,0.9004,0.7716,0.8799,2.03,-48.28,10.06,3.96,87615.0,0,1,0,1,1,1,0,0,0,0,0,0,1,0,1,0,0,0,0,0
CTOS,2026-09-24,9.23,9.196,9.9026,8.4031,11.97,-22.89,1.99,-2.94,8789582.0,1,1,0,1,0,0,0,0,0,0,0,0,0,0,0,0,0,0,0,0
CTRE,2026-09-24,37.32,38.6795,40.0532,38.61,43.4,-14.01,-1.74,0.4,80918527.0,0,0,0,0,0,0,0,0,0,0,0,0,0,0,0,0,0,0,0,0
CTRI,2026-09-24,20.39,20.1765,22.935,28.1661,41.8,-51.22,6.42,1.09,32878090.0,0,0,0,1,0,0,0,0,0,0,0,0,0,0,0,0,0,0,0,0
CTRM,2026-09-24,2.14,2.3288,2.1929,2.1165,2.64,-18.94,-10.08,0.47,129466.0,0,1,0,0,0,0,0,0,0,0,0,0,0,0,0,0,0,0,1,0
CTRN,2026-09-24,50.07,62.7725,66.7286,51.9263,76.18,-34.27,-13.97,-0.97,11952190.0,0,0,0,0,0,0,0,0,0,0,1,0,0,0,0,0,0,0,0,0
CTS,2026-09-24,59.58,57.2895,59.981,55.5282,68.2691,-12.73,4.73,0.57,12700353.0,0,1,0,1,0,0,1,0,0,0,0,0,0,0,0,0,0,0,0,0
CTSH,2026-09-24,57.17,61.566,56.7451,61.148,85.1577,-32.87,-7.57,-3.33,381765088.0,0,0,0,0,1,0,0,0,0,0,0,0,0,0,0,0,0,0,0,0
CTSO,2026-09-24,4.3,3.3177,1.5484,0.8395,6.41,-32.92,-24.96,-12.42,184898.0,0,1,0,1,1,1,0,0,0,0,0,0,0,0,0,0,0,0,1,0
CTVA,2026-09-24,79.45,83.715,82.5967,78.0647,90.3175,-12.03,-1.93,-1.21,414157761.0,0,1,0,0,0,0,0,0,0,0,0,0,0,0,0,0,0,0,0,0
CTW,2026-09-24,2.1,2.3767,2.4681,2.2103,3.01,-30.23,-7.08,-1.41,57659.0,0,0,0,0,0,0,0,0,0,0,0,0,0,0,0,0,0,0,0,0
CTXR,2026-09-24,0.57,0.5837,0.5953,0.7226,1.82,-68.68,1.79,0.18,152164.0,0,0,0,0,0,0,0,0,0,0,0,0,0,0,0,0,0,0,0,0
CUB,2026-09-24,10.88,10.873,10.8516,10.7696,10.91,-0.27,0.09,-0.09,1241166.0,1,1,1,1,1,1,0,0,0,0,0,0,0,0,0,0,0,0,0,0
CUBE,2026-09-24,37.61,39.5165,40.682,38.6477,42.5,-11.51,-5.24,-1.39,104424924.0,0,0,0,0,0,0,0,0,0,0,0,0,0,0,0,0,0,0,0,0
CUBI,2026-09-24,76.83,78.4325,79.2948,75.5669,83.65,-8.15,-1.68,0.14,21196439.0,1,1,0,0,0,0,0,0,0,0,0,0,0,0,0,0,0,0,0,0
CUE,2026-09-24,32.85,30.112,29.2802,19.6698,37.84,-13.19,-3.86,3.6,11095787.0,0,1,0,1,1,1,0,0,0,0,0,0,1,0,0,0,0,0,0,0
CULP,2026-09-24,3.51,3.5265,3.5174,3.3382,4.46,-21.3,-1.68,-1.96,751165.0,1,1,0,0,0,0,0,0,0,0,0,0,0,0,0,0,0,0,0,0
CUPR,2026-09-24,1.9,2.6443,2.9958,3.2829,9.12,-79.17,18.75,1.06,287062.0,0,0,0,0,0,0,0,0,0,0,0,0,0,0,1,0,0,0,0,0
CURB,2026-09-24,28.44,29.2385,29.9524,27.4329,31.75,-10.43,-0.87,0.99,43342984.0,1,1,0,0,0,0,0,0,0,0,0,0,0,0,0,0,0,0,0,0
CURI,2026-09-24,3.12,2.7396,2.6793,2.9675,4.9076,-36.43,11.83,8.33,2327448.0,0,1,0,1,1,1,1,0,0,0,0,0,1,1,1,1,1,0,0,0
CURR,2026-09-24,3.01,3.3577,3.4027,2.7664,4.49,-32.96,-6.23,-2.59,2338585.0,0,1,0,0,0,0,0,0,0,0,0,0,0,0,0,0,0,0,0,0
CURV,2026-09-24,2.44,2.2845,2.3416,1.6839,2.75,-11.27,13.49,2.52,1125166.0,0,1,0,1,1,0,0,0,0,0,0,0,0,0,1,0,0,0,0,0
CURX,2026-09-24,4.45,4.5167,4.3431,6.5713,20.0,-77.75,6.21,-0.56,98901.0,0,0,0,0,1,0,0,0,0,0,0,0,0,0,0,0,0,0,0,0
CUVL,2026-09-24,5.78,6.1022,6.626,7.1448,8.7017,-33.58,-2.03,-0.17,163413.0,0,0,0,0,0,0,0,0,0,0,0,0,0,0,0,0,0,0,0,1
CUZ,2026-09-24,28.49,28.5935,29.8444,26.2811,32.3,-11.8,0.78,0.85,40586558.0,1,1,0,0,0,0,0,0,0,0,0,0,0,0,0,0,0,0,0,0
CV,2026-09-24,6.17,6.179,6.4103,6.8345,14.42,-57.21,3.01,1.98,1605478.0,0,0,0,0,0,0,0,0,0,0,0,0,0,0,0,0,0,0,0,0
CVBF,2026-09-24,22.3,22.4085,22.5972,20.5731,23.3,-4.29,-1.85,1.32,29016592.0,1,1,1,0,0,0,0,0,0,0,0,0,0,0,0,0,0,0,0,0
CVCO,2026-09-24,543.21,548.068,566.8288,558.8926,697.76,-22.15,1.13,0.25,55093386.0,0,0,0,0,0,0,0,0,0,0,0,0,0,0,0,0,0,0,0,0
CVE,2026-09-24,31.28,32.4142,30.7218,25.2481,33.92,-7.78,-3.81,0.64,211946174.0,0,1,0,0,1,0,0,0,0,0,0,0,0,0,0,0,0,0,0,0
CVEO,2026-09-24,33.0,33.666,33.4936,30.015,35.56,-7.2,-1.84,-0.6,2448268.0,1,1,0,0,0,0,0,0,0,0,0,0,0,0,0,0,0,0,0,0
CVGI,2026-09-24,3.01,3.079,3.5852,3.3334,5.78,-47.92,-1.63,-0.66,747786.0,0,0,0,0,0,0,0,0,0,0,0,0,0,0,0,0,0,0,0,0
CVI,2026-09-24,51.3,47.366,39.7663,31.4918,54.14,-5.25,-3.3,-0.97,57916309.0,0,1,0,1,1,1,0,0,0,0,0,0,0,0,0,0,0,0,0,0
CVKD,2026-09-24,1.2,1.2698,1.6687,4.9429,14.2,-91.55,11.11,-9.09,2086288.0,0,0,0,0,0,0,0,0,0,0,0,0,0,0,1,0,0,0,0,0
CVLG,2026-09-24,33.16,34.7532,37.3856,32.8206,49.7784,-33.38,-3.58,-2.9,8240175.0,0,1,0,0,0,0,0,0,0,0,0,0,0,0,0,0,0,0,0,0
CVLT,2026-09-24,150.0,138.836,137.8228,114.6112,193.03,-22.29,3.3,0.38,75803207.0,0,1,0,1,1,1,1,0,0,0,0,0,0,0,0,0,1,0,0,0
CVM,2026-09-24,1.72,1.5895,1.4556,3.0236,10.47,-83.57,16.22,2.38,197903.0,0,0,0,1,1,1,0,0,0,0,0,0,0,0,1,0,0,0,0,0
CVNA,2026-09-24,64.18,70.345,69.0932,72.8766,95.69,-32.93,-1.87,0.36,457110788.0,0,0,0,0,0,0,0,0,0,0,0,0,0,0,0,0,0,0,0,0
CVR,2026-09-24,10.25,10.182,10.1898,11.5507,14.6297,-29.94,4.06,1.49,41578.0,0,0,0,1,1,0,0,0,0,0,0,0,0,0,0,0,0,0,0,0
CVRX,2026-09-24,2.53,2.9585,3.6735,6.1167,10.81,-76.6,-16.23,-6.99,1768756.0,0,0,0,0,0,0,0,0,0,0,0,0,0,0,0,0,0,0,0,0
CVS,2026-09-24,85.05,93.188,97.7137,86.5688,109.9195,-22.63,-7.27,-0.94,635661957.0,0,0,0,0,0,0,0,0,0,0,1,0,0,0,0,0,0,0,0,0
CVSA,2026-09-24,124.16,128.6875,127.0744,116.5294,154.45,-19.61,-2.39,0.79,43471080.0,0,1,0,0,0,0,0,0,0,0,0,0,0,0,0,0,0,0,0,0
CVU,2026-09-24,5.16,5.1455,5.1082,4.3976,5.86,-11.95,3.2,1.18,235590.0,1,1,0,1,1,1,0,0,0,0,0,0,0,0,0,0,0,0,0,0
CVV,2026-09-24,4.39,5.741,6.7678,5.4883,8.34,-47.36,-4.57,-0.9,599855.0,0,0,0,0,0,0,0,0,0,0,1,0,0,0,0,0,0,0,0,0
CVX,2026-09-24,205.65,208.9275,199.4231,182.0557,217.77,-5.57,-2.78,0.07,2098502492.0,1,1,0,0,1,0,0,0,0,0,0,0,0,0,0,0,0,0,0,0
CW,2026-09-24,544.21,570.6365,651.77,676.8262,792.77,-31.35,-4.53,-0.17,233144431.0,0,0,0,0,0,0,0,0,0,0,1,0,0,0,0,0,0,0,0,0
CWBC,2026-09-24,26.36,26.084,25.9749,24.3062,27.8876,-5.48,1.58,3.7,4762758.0,1,1,0,1,1,1,0,0,0,0,0,0,1,0,0,0,0,0,0,0
CWCO,2026-09-24,27.83,28.7345,29.4282,32.3331,38.0859,-26.93,-1.9,-0.93,2413148.0,0,0,0,0,0,0,0,0,0,0,0,0,0,0,0,0,0,0,0,1
CWD,2026-09-24,0.658,0.5418,0.5579,1.003,6.0,-89.03,35.67,-12.73,3958677.0,0,0,0,1,1,0,0,0,0,0,0,0,0,0,1,0,0,0,0,0
CWEN,2026-09-24,29.19,31.139,31.9072,35.0698,40.6427,-28.18,-2.64,-3.09,38736693.0,0,0,0,0,0,0,0,0,0,0,0,0,0,0,0,0,0,0,0,0
CWH,2026-09-24,5.19,6.132,6.2362,8.1575,17.0911,-69.63,-6.65,-3.17,10793941.0,0,0,0,0,0,0,0,0,0,0,0,0,0,0,0,0,0,0,0,1
CWK,2026-09-24,12.28,13.0995,13.5248,13.9514,17.2,-28.6,-2.07,-0.41,23101815.0,0,0,0,0,0,0,0,0,0,0,0,0,0,0,0,0,0,0,0,0
CWST,2026-09-24,83.83,90.805,91.3126,91.8353,107.34,-21.9,-6.92,-1.14,42591537.0,0,0,0,0,0,0,0,0,0,0,1,0,0,0,0,0,0,0,0,0
CWT,2026-09-24,46.0,48.8155,49.6672,45.7519,52.0923,-11.7,-4.27,-0.15,24325451.0,0,1,0,0,0,0,0,0,0,0,1,0,0,0,0,0,0,0,0,0
CX,2026-09-24,9.51,10.4772,11.1839,11.8153,13.4775,-29.44,-6.4,-2.56,60709140.0,0,0,0,0,0,0,0,0,0,0,1,0,0,0,0,0,0,0,0,0
CXAI,2026-09-24,2.58,3.0705,4.9408,9.9829,47.0,-94.51,4.88,3.2,388604.0,0,0,0,0,0,0,0,0,0,0,1,0,1,0,0,0,0,0,0,0
CXDO,2026-09-24,5.87,5.896,6.4701,7.005,10.47,-43.94,4.08,1.21,1829840.0,0,0,0,0,0,0,0,0,0,0,0,0,0,0,0,0,0,0,0,0
CXII,2026-09-24,10.72,10.7625,10.7404,,,,-0.09,0.19,296067.0,0,0,0,0,0,0,0,0,0,0,0,0,0,0,0,0,0,0,0,0
CXM,2026-09-24,5.3,6.2185,6.3946,6.0912,8.21,-35.44,-5.19,-2.39,28546544.0,0,0,0,0,0,0,0,0,0,0,0,0,0,0,0,0,0,0,0,0
CXT,2026-09-24,47.16,48.884,50.4509,47.1752,67.8998,-30.54,-0.36,-2.6,26746172.0,0,0,0,0,0,0,0,0,0,0,0,0,0,0,0,0,0,0,0,0
CXW,2026-09-24,34.36,34.0815,32.7604,24.0722,35.54,-3.32,-1.63,6.44,67495193.0,1,1,1,1,1,1,0,0,0,0,0,0,1,1,0,0,0,0,0,0
CYAB,2026-09-24,0.24,0.341,0.321,,3.69,-93.5,-20.0,-7.69,6833126.0,0,0,0,0,0,0,0,0,0,0,0,0,0,0,0,0,0,0,0,1
CYCU,2026-09-24,2.86,3.4007,4.2376,10.556,114.5776,-97.5,-9.78,-4.98,1261914.0,0,0,0,0,0,0,0,0,0,0,0,0,0,0,0,0,0,0,0,0
CYD,2026-09-24,31.2,36.3225,41.616,43.3981,58.5484,-46.71,-7.91,-9.83,4199861.0,0,0,0,0,0,0,0,0,0,0,1,0,0,0,0,0,0,0,0,1
CYH,2026-09-24,2.88,2.92,2.948,3.0931,4.41,-34.69,-3.36,-4.32,3545258.0,0,0,0,0,0,0,0,0,0,0,0,0,0,0,0,0,0,0,0,0
CYN,2026-09-24,0.712,0.8705,1.0216,1.6562,6.36,-88.81,-1.39,-7.53,153254.0,0,0,0,0,0,0,0,0,0,0,1,0,0,0,0,0,0,0,0,1
CYPH,2026-09-24,4.08,2.589,1.5309,1.0416,4.08,0.0,32.9,13.02,49438857.0,0,1,1,1,1,1,1,1,1,0,0,0,1,1,1,1,1,0,0,0
CYRX,2026-09-24,17.4,16.2375,15.8824,12.2684,17.62,-1.25,5.39,-0.51,8637199.0,0,1,1,1,1,1,0,0,0,0,0,0,0,0,0,0,0,0,0,0
CYTK,2026-09-24,65.66,71.7915,75.751,70.0331,87.26,-24.75,-5.38,-0.23,144614962.0,0,0,0,0,0,0,0,0,0,0,1,0,0,0,0,0,0,0,0,0
CZFS,2026-09-24,79.33,81.2139,79.2922,66.9398,83.1566,-4.6,-2.46,1.34,2819451.0,1,1,1,0,1,0,0,0,0,0,0,0,0,0,0,0,0,0,0,0
CZNC,2026-09-24,25.48,25.7325,25.2197,22.4809,26.13,-2.49,-1.85,1.03,1549594.0,1,1,1,0,1,0,0,0,0,0,0,0,0,0,0,0,0,0,0,0
CZR,2026-09-24,29.62,29.6645,29.769,26.9458,30.41,-2.6,-0.17,0.03,127045246.0,1,1,1,0,0,0,0,0,0,0,0,0,0,0,0,0,0,0,0,0
CZWI,2026-09-24,21.21,21.4955,21.6328,20.0485,23.834,-11.01,-1.26,-0.09,1274224.0,1,1,0,0,0,0,0,0,0,0,0,0,0,0,0,0,0,0,0,0
D,2026-09-24,60.4,64.5109,66.834,63.1342,70.973,-14.9,-4.9,-1.26,312185293.0,0,0,0,0,0,0,0,0,0,0,1,0,0,0,0,0,0,0,0,0
DAAQ,2026-09-24,10.44,10.4393,9.8505,10.1602,10.46,-0.19,-0.19,-0.1,788594.0,1,1,1,1,1,1,0,0,0,0,0,0,0,0,0,0,0,0,0,0
DAC,2026-09-24,154.66,155.4135,146.0418,120.7465,162.4,-4.77,-2.83,0.16,18973809.0,1,1,1,0,1,0,0,0,0,0,0,0,0,0,0,0,0,0,0,0
DAIC,2026-09-24,3.41,3.4453,1.9769,6.9804,84.0,-95.94,69.65,2.4,55329322.0,0,0,0,0,1,0,0,0,0,0,0,0,0,0,1,0,0,0,0,0
DAIO,2026-09-24,2.88,2.8355,2.9684,3.0431,4.26,-32.39,2.86,0.7,66451.0,0,0,0,1,0,0,0,0,0,0,0,0,0,0,0,0,0,0,0,0
DAKT,2026-09-24,17.21,18.5705,19.4478,20.5771,27.73,-37.94,-1.99,-2.49,14738215.0,0,0,0,0,0,0,0,0,0,0,1,0,0,0,0,0,0,0,0,1
DAL,2026-09-24,82.76,79.7105,84.1252,74.9889,93.4293,-11.42,6.28,1.24,532477634.0,0,1,0,1,0,0,0,0,0,0,0,0,0,0,0,0,0,0,0,0
DAN,2026-09-24,27.35,30.266,29.2291,30.4904,38.6244,-29.19,-8.71,-7.91,44028884.0,0,0,0,0,0,0,0,0,0,0,0,0,0,0,0,0,0,0,0,0
DAO,2026-09-24,14.56,15.1325,15.923,12.0954,18.45,-21.08,-0.61,-0.41,1194982.0,0,1,0,0,0,0,0,0,0,0,0,0,0,0,0,0,0,0,0,0
DAR,2026-09-24,61.74,65.1035,63.6946,55.3233,68.34,-9.66,-5.83,0.62,157199934.0,0,1,0,0,0,0,0,0,0,0,0,0,0,0,0,0,0,0,0,0
DARE,2026-09-24,0.741,0.7426,1.0436,1.7579,3.27,-77.34,2.07,-8.18,239595.0,0,0,0,0,0,0,0,0,0,0,0,0,0,0,0,0,0,0,0,0
DASH,2026-09-24,187.53,209.0142,205.4103,188.0948,281.74,-33.44,-4.69,-0.92,814758499.0,0,0,0,0,0,0,0,0,0,0,0,0,0,0,0,0,0,0,0,0
DAVA,2026-09-24,1.7,2.896,2.935,4.2925,9.65,-82.38,-41.58,-15.0,1085041.0,0,0,0,0,0,0,0,0,0,0,1,0,0,0,0,0,0,1,0,1
DAVE,2026-09-24,331.455,361.2812,371.1829,269.1232,442.53,-25.1,-9.4,1.61,123534767.0,0,1,0,0,0,0,0,0,0,0,0,0,0,0,0,0,0,0,0,0
DB,2026-09-24,35.62,39.4715,37.9832,34.5945,41.56,-14.29,-7.14,-0.7,77486715.0,0,1,0,0,0,0,0,0,0,0,0,0,0,0,0,0,0,0,0,0
DBCA,2026-09-24,10.03,10.0265,10.0056,,10.08,-0.5,0.1,-0.1,439002.0,0,0,1,1,1,1,0,0,0,0,0,0,0,0,0,0,0,0,0,0
DBD,2026-09-24,62.47,65.797,72.6314,75.4013,90.75,-31.16,-3.76,-0.9,15511381.0,0,0,0,0,0,0,0,0,0,0,1,0,0,0,0,0,0,0,0,0
DBGI,2026-09-24,5.13,5.1467,11.6112,135.9606,711.2,-99.28,25.12,-10.16,13102392.0,0,0,0,0,0,0,0,0,0,0,0,0,0,0,1,0,0,0,0,0
DBI,2026-09-24,6.27,5.7038,5.8661,6.5214,8.9647,-30.06,4.65,1.62,4705152.0,0,0,0,1,1,0,0,0,0,0,0,0,0,0,0,0,0,0,0,0
DBL,2026-09-24,13.56,13.9274,13.9194,13.9928,14.3796,-5.7,-1.88,-0.66,1019310.0,0,0,0,0,0,0,0,0,0,0,1,0,0,0,0,0,0,0,0,0
DBRG,2026-09-24,15.98,15.9255,15.8994,15.4921,15.99,-0.06,0.63,-0.06,71358066.0,1,1,1,1,1,1,0,0,0,0,0,0,0,0,0,0,0,0,0,0
DBVT,2026-09-24,11.6,12.9325,13.6678,18.0876,24.54,-52.73,-1.61,-4.68,3827568.0,0,0,0,0,0,0,0,0,0,0,0,0,0,0,0,0,0,0,0,0
DBX,2026-09-24,32.66,35.4765,33.8348,28.028,37.74,-13.46,-13.46,-4.56,154804832.0,0,1,0,0,0,0,0,0,0,0,0,0,0,0,0,0,0,0,1,0
DC,2026-09-24,6.72,6.062,5.6154,5.5962,7.0,-4.0,18.31,1.2,8761018.0,0,1,1,1,1,1,0,0,0,1,0,0,0,0,1,0,0,0,0,0
DCBO,2026-09-24,22.37,24.3435,22.6059,19.8118,29.64,-24.53,-7.14,-0.97,1169293.0,0,1,0,0,0,0,0,0,0,0,0,0,0,0,0,0,0,0,0,0
DCGO,2026-09-24,0.34,0.3798,0.512,0.6531,1.49,-77.18,-10.76,-6.08,247614.0,0,0,0,0,0,0,0,0,0,0,0,0,0,0,0,0,0,1,0,1
DCH,2026-09-24,5.42,6.2615,6.16,6.3503,9.0,-39.78,-11.29,-4.58,20697945.0,0,0,0,0,0,0,0,0,0,0,0,0,0,0,0,0,0,1,0,0
DCI,2026-09-24,86.6,89.159,91.8435,90.823,109.4952,-20.91,0.31,-0.16,65608867.0,0,0,0,0,0,0,0,0,0,0,0,0,0,0,0,0,0,0,0,0
DCO,2026-09-24,174.57,170.555,180.149,143.9213,206.98,-15.66,1.78,1.19,42538960.0,1,1,0,1,0,0,0,0,0,0,0,0,0,0,0,0,0,0,0,0
DCOM,2026-09-24,40.21,40.5435,40.5297,35.9719,41.74,-3.67,-0.81,0.65,11517932.0,1,1,1,0,0,0,0,0,0,0,0,0,0,0,0,0,0,0,0,0
DCOY,2026-09-24,3.11,2.893,3.5987,6.4872,55.2,-94.37,9.89,-19.22,21761255.0,0,0,0,1,0,0,0,0,0,0,0,0,0,0,0,0,0,0,0,0
DCTH,2026-09-24,16.08,16.232,15.1698,11.6738,17.36,-7.37,-0.86,0.75,6144339.0,1,1,0,0,1,0,0,0,0,0,0,0,0,0,0,0,0,0,0,0
DCX,2026-09-24,0.06,0.4546,0.7415,2.3768,214.8,-99.97,-86.36,-17.81,5400426.0,0,0,0,0,0,0,0,0,0,0,1,0,0,0,0,0,0,1,0,1
DD,2026-09-24,130.22,130.8054,135.9208,136.3587,152.6918,-14.72,2.08,-0.5,155868451.0,0,0,0,0,0,0,0,0,0,0,0,0,0,0,0,0,0,0,0,0
DDC,2026-09-24,0.211,0.29,0.4283,1.5847,9.75,-97.84,-9.05,-1.4,1818532.0,0,0,0,0,0,0,0,0,0,0,0,0,0,0,0,0,0,0,0,1
DDD,2026-09-24,3.43,3.3585,3.213,2.6267,3.88,-11.6,9.24,-2.28,7788710.0,1,1,0,1,1,1,0,0,0,0,0,0,0,0,0,0,0,0,0,0
DDI,2026-09-24,13.0,12.7993,12.3042,10.3943,13.1,-0.76,2.12,0.0,2101956.0,1,1,1,1,1,1,0,0,0,0,0,0,0,0,0,0,0,0,0,0
DDL,2026-09-24,2.25,2.2345,2.306,2.5046,3.2,-29.69,3.21,-1.32,604693.0,0,0,0,1,0,0,0,0,0,0,0,0,0,0,0,0,0,0,0,0
DDOG,2026-09-24,256.92,229.715,242.9266,180.6685,288.15,-10.84,11.32,2.16,844854233.0,0,1,0,1,1,0,1,0,0,0,0,0,0,0,1,1,0,0,0,0
DDS,2026-09-24,651.79,638.7375,612.7922,604.4067,699.5149,-6.82,0.66,0.95,117614859.0,1,1,0,1,1,1,0,0,0,0,0,0,0,0,0,0,0,0,0,0
DDT,2026-09-24,26.23,26.159,26.2296,25.564,26.4,-0.64,0.46,-0.15,261759.0,1,1,1,1,1,0,0,0,0,0,0,0,0,0,0,0,0,0,0,0
DE,2026-09-24,694.94,675.5095,636.7506,578.7757,709.48,-2.05,3.8,-2.05,897179088.0,1,1,1,1,1,1,0,0,0,0,0,0,0,0,0,0,0,0,0,0
DEA,2026-09-24,22.71,23.929,24.3544,22.7344,25.1679,-9.77,-2.49,0.04,8482547.0,0,0,0,0,0,0,0,0,0,0,1,0,0,0,0,0,0,0,0,0
DEC,2026-09-24,14.05,14.7201,13.9787,13.943,17.5969,-20.16,-0.78,1.15,13564293.0,0,1,0,0,1,0,0,0,0,0,0,0,0,0,0,0,0,0,0,0
DECK,2026-09-24,78.68,82.246,91.325,102.0685,120.94,-34.94,0.92,0.11,273490311.0,0,0,0,0,0,0,0,0,0,0,0,0,0,0,0,0,0,0,0,0
DEFT,2026-09-24,0.532,0.5883,0.5125,0.6837,2.61,-79.62,5.77,-0.37,1571341.0,0,0,0,0,1,0,0,0,0,0,0,0,0,0,0,0,0,0,0,0
DEI,2026-09-24,9.67,10.8885,11.5298,10.8603,15.0608,-35.79,-6.66,-2.22,20310370.0,0,0,0,0,0,0,0,0,0,0,1,0,0,0,0,0,0,0,0,0
DELL,2026-09-24,536.02,524.645,472.253,280.2467,588.4,-8.9,-8.9,-2.51,5787668413.0,1,1,0,1,1,1,0,0,0,0,0,0,0,0,0,0,0,0,0,0
DEO,2026-09-24,86.83,88.6025,89.3502,85.1179,101.1191,-14.13,-0.14,0.84,86797118.0,1,1,0,0,0,0,0,0,0,0,0,0,0,0,0,0,0,0,0,0
DERM,2026-09-24,6.32,7.3653,7.0037,6.9101,9.26,-31.75,-13.31,-2.77,1156589.0,0,0,0,0,0,0,0,0,0,0,0,0,0,0,0,0,0,1,0,0
DETX,2026-09-24,2.1,2.6215,3.0806,,,,-5.83,2.44,86315.0,0,0,0,0,0,0,0,0,0,0,0,1,0,0,0,0,0,0,0,0
DFDV,2026-09-24,5.79,5.384,3.9796,4.2814,17.91,-67.67,27.53,0.35,14369813.0,0,1,0,1,1,1,0,0,0,0,0,0,0,0,1,0,0,0,0,0
DFH,2026-09-24,11.09,12.8745,14.0646,15.871,26.9,-58.77,-7.66,-4.64,11153979.0,0,0,0,0,0,0,0,0,0,0,0,0,0,0,0,0,0,0,0,1
DFIN,2026-09-24,49.22,48.526,48.5938,46.8029,55.53,-11.36,0.63,1.25,11666346.0,1,1,0,1,1,0,0,0,0,0,0,0,0,0,0,0,0,0,0,0
DFLI,2026-09-24,0.899,0.9991,1.1801,2.3733,19.7,-95.44,6.26,1.24,267964.0,0,0,0,0,0,0,0,0,0,0,0,0,0,0,0,0,0,0,0,0
DFNS,2026-09-24,7.87,9.6152,20.1375,160.5463,1652.5,-99.52,2.47,0.0,7110458.0,0,0,0,0,0,0,0,0,0,0,0,0,0,0,0,0,0,0,0,0
DFSC,2026-09-24,1.06,1.4388,1.5509,2.3476,5.25,-79.81,-13.82,-9.4,308944.0,0,0,0,0,0,0,0,0,0,0,0,0,0,0,0,0,0,0,0,1
DFTX,2026-09-24,36.73,39.0345,41.9796,26.5189,48.45,-24.19,-2.96,-2.44,87693628.0,0,1,0,0,0,0,0,0,0,0,0,0,0,0,0,0,0,0,0,0
DG,2026-09-24,122.53,125.7025,124.3956,126.3312,154.7135,-20.8,-0.39,1.6,363213337.0,0,0,0,0,0,0,0,0,0,0,0,0,0,0,0,0,0,0,0,0
DGICA,2026-09-24,17.92,19.03,18.9076,18.0522,20.3092,-11.76,-5.68,-1.16,2076334.0,0,0,0,0,0,0,0,0,0,0,1,0,0,0,0,0,0,0,0,0
DGICB,2026-09-24,17.41,23.017,23.0944,19.1312,26.4866,-34.27,-22.79,-10.26,29268.0,0,0,0,0,0,0,0,0,0,0,1,0,0,0,0,0,0,0,0,0
DGII,2026-09-24,76.75,71.81,72.7332,58.8799,85.24,-9.96,9.44,1.93,26044852.0,0,1,0,1,1,0,0,0,0,0,0,0,0,0,0,0,0,0,0,0
DGNX,2026-09-24,1.4,1.3825,1.3923,9.1228,251.12,-99.44,0.72,-4.76,471418.0,0,0,0,1,1,0,0,0,0,0,0,0,0,0,0,0,0,1,0,0
DGP,2026-09-24,151.3,157.993,150.3616,172.281,241.97,-37.47,-0.45,-0.46,24388365.0,0,0,0,0,1,0,0,0,0,0,0,0,0,0,0,0,0,0,0,0
DGX,2026-09-24,236.59,240.1885,234.5066,203.2432,247.45,-4.39,-4.25,1.54,243324066.0,1,1,1,0,1,0,0,0,0,0,0,0,0,0,0,0,0,0,0,0
DGXX,2026-09-24,4.53,3.8418,3.8744,3.9297,8.46,-46.45,23.77,7.35,8544720.0,0,1,0,1,1,0,1,0,0,0,0,0,1,1,1,1,0,0,0,0
DGZ,2026-09-24,5.48,5.1385,5.3598,5.3726,7.04,-22.16,13.93,4.78,9516.0,0,1,0,1,1,0,0,0,0,0,0,0,1,0,1,0,0,0,0,0
DH,2026-09-24,1.01,0.967,0.8086,1.2782,4.17,-75.78,4.66,0.0,1150389.0,0,0,0,1,1,1,0,0,0,0,0,0,0,0,0,0,0,0,0,0
DHC,2026-09-24,8.12,7.7835,8.349,7.3944,9.64,-15.77,2.27,-0.12,14403548.0,0,1,0,1,0,0,0,0,0,0,0,0,0,0,0,0,0,0,0,0
DHF,2026-09-24,2.21,2.3035,2.3316,2.3419,2.4379,-9.35,-2.64,-0.9,796845.0,0,0,0,0,0,0,0,0,0,0,1,0,0,0,0,0,0,0,0,1
DHI,2026-09-24,140.35,141.2115,145.1143,148.3865,172.875,-18.81,1.47,0.13,360698769.0,0,0,0,0,0,0,0,0,0,0,0,0,0,0,0,0,0,0,0,0
DHR,2026-09-24,223.77,210.67,205.093,201.3441,241.0351,-7.16,7.4,1.0,806689324.0,0,1,0,1,1,1,1,1,0,0,0,0,0,0,0,0,1,0,0,0
DHT,2026-09-24,21.68,21.1015,19.1019,15.9245,23.27,-6.83,-5.9,1.88,84438710.0,1,1,0,1,1,1,0,0,0,0,0,0,0,0,0,0,0,0,0,0
DHX,2026-09-24,4.73,4.5755,4.2632,3.0857,4.99,-5.21,-4.44,2.83,1367051.0,0,1,0,1,1,1,0,0,0,0,0,0,0,0,0,0,0,0,0,0
DHY,2026-09-24,1.62,1.6669,1.6931,1.7556,1.9122,-15.28,0.0,-0.61,1745089.0,0,0,0,0,0,0,0,0,0,0,0,0,0,0,0,0,0,1,0,1
DIBS,2026-09-24,4.05,4.388,4.5046,5.0633,6.43,-37.01,-6.25,0.75,508100.0,0,0,0,0,0,0,0,0,0,0,0,0,0,0,0,0,0,0,0,0
DIN,2026-09-24,29.01,30.1677,33.1394,31.7016,38.0636,-23.79,5.57,1.15,10782380.0,0,0,0,0,0,0,0,0,0,0,0,0,0,0,0,0,0,0,0,0
DINO,2026-09-24,105.79,106.7655,96.4185,68.3942,116.62,-9.29,-7.18,-0.33,298615380.0,1,1,0,0,1,0,0,0,0,0,0,0,0,0,0,0,0,0,0,0
DIOD,2026-09-24,94.74,91.0455,91.9346,82.5665,122.76,-22.83,5.94,-0.81,47924999.0,0,1,0,1,1,0,0,0,0,0,0,0,0,0,0,0,0,0,0,0
DIS,2026-09-24,105.56,106.1825,103.2248,103.4383,114.9988,-8.21,-1.34,2.03,869052987.0,1,1,0,0,1,0,0,0,0,0,0,0,0,0,0,0,0,0,0,0
DIT,2026-09-24,67.56,66.738,66.843,75.3192,95.2953,-29.1,4.29,0.0,12829.0,0,0,0,1,1,0,0,0,0,0,0,0,0,0,0,0,0,1,0,0
DJCO,2026-09-24,655.01,645.734,612.2438,552.7144,687.66,-4.75,-2.96,-0.67,42153134.0,1,1,1,1,1,1,0,0,0,0,0,0,0,0,0,0,0,0,0,0
DJP,2026-09-24,53.2,52.255,49.742,45.7878,53.58,-0.71,-0.08,0.76,2213136.0,1,1,1,1,1,1,0,0,0,0,0,0,0,0,0,0,0,0,0,0
DJT,2026-09-24,9.1,9.0793,9.2117,10.0393,17.62,-48.35,6.43,0.44,29698572.0,0,0,0,1,0,0,0,0,0,0,0,0,0,0,0,0,0,0,0,0
DK,2026-09-24,66.91,74.183,68.5296,46.8955,81.55,-17.95,-15.47,-7.4,196385966.0,0,1,0,0,0,0,0,0,0,0,0,0,0,0,0,0,0,1,1,0
DKI,2026-09-24,2.9,2.9295,3.688,2.3383,11.6,-75.0,10.27,12.4,256002.0,1,1,0,0,0,0,0,0,0,0,0,0,1,1,1,0,0,1,0,0
DKNG,2026-09-24,21.27,23.4965,24.023,26.177,42.95,-50.48,-5.34,0.09,282370438.0,0,0,0,0,0,0,0,0,0,0,0,0,0,0,0,0,0,0,0,0
DKS,2026-09-24,133.25,130.6644,170.8576,199.3719,236.9245,-43.76,7.76,0.67,533232773.0,0,0,0,1,0,0,0,0,0,0,0,0,0,0,0,0,0,0,0,0
DLB,2026-09-24,57.56,60.8915,58.7415,59.4477,71.026,-18.96,-2.01,-0.81,65457615.0,0,0,0,0,0,0,0,0,0,0,0,0,0,0,0,0,0,0,0,0
DLHC,2026-09-24,3.77,4.0495,4.5754,5.4152,6.57,-42.62,-5.51,-2.08,47127.0,0,0,0,0,0,0,0,0,0,0,0,0,0,0,0,0,0,0,0,0
DLO,2026-09-24,13.88,14.7932,14.7062,13.3876,15.78,-12.04,-2.94,-1.28,24846093.0,0,1,0,0,0,0,0,0,0,0,0,0,0,0,0,0,0,0,0,0
DLPN,2026-09-24,1.09,1.1195,1.1126,1.3613,1.82,-40.11,2.83,-0.91,9494.0,0,0,0,0,0,0,0,0,0,0,0,0,0,0,0,0,0,0,0,0
DLR,2026-09-24,181.0,184.5205,186.8207,178.0508,201.18,-10.03,-0.04,-0.25,389574716.0,1,1,0,0,0,0,0,0,0,0,0,0,0,0,0,0,0,0,0,0
DLTH,2026-09-24,4.02,4.147,4.1084,3.2948,4.77,-15.72,-2.9,-1.11,1164187.0,0,1,0,0,0,0,0,0,0,0,0,0,0,0,0,0,0,0,0,0
DLTR,2026-09-24,113.5,121.454,125.5456,117.678,141.21,-19.62,0.98,0.3,372124749.0,0,0,0,0,0,0,0,0,0,0,0,0,0,0,0,0,0,0,0,0
DLX,2026-09-24,24.29,23.665,24.5005,24.8005,31.1096,-21.92,2.71,1.72,10407810.0,0,0,0,1,0,0,0,0,0,0,0,0,0,0,0,0,0,0,0,0
DLXY,2026-09-24,0.46,0.5624,0.4735,0.6525,6.72,-93.15,-79.91,-8.55,30292050.0,0,0,0,0,0,0,0,0,0,0,0,0,0,0,0,0,0,0,0,0
DLY,2026-09-24,13.06,13.5533,13.6983,13.6044,14.0194,-6.84,-2.39,-0.23,2663192.0,0,0,0,0,0,0,0,0,0,0,1,0,0,0,0,0,0,1,0,0
DMA,2026-09-24,7.6,7.5177,7.4566,7.4559,8.1361,-6.59,1.94,0.0,137987.0,1,1,0,1,1,1,0,0,0,1,0,0,0,0,0,0,0,0,0,0
DMAA,2026-09-24,10.85,10.7988,10.7447,10.5643,10.85,0.0,0.09,0.0,455688.0,0,1,1,1,1,1,0,0,1,0,0,0,0,0,0,0,0,0,0,0
DMAC,2026-09-24,7.83,6.7415,6.7481,7.1297,9.39,-16.61,18.1,3.57,1126057.0,0,1,0,1,1,0,1,1,0,0,0,0,1,0,1,1,0,0,0,0
DMB,2026-09-24,9.62,10.171,10.4167,10.5674,10.9623,-12.24,-2.73,-1.43,644521.0,0,0,0,0,0,0,0,0,0,0,1,0,0,0,0,0,0,0,0,1
DMC,2026-09-24,30.51,31.567,30.4652,34.7224,41.9338,-27.24,-3.14,-0.55,14191157.0,0,0,0,0,1,0,0,0,0,0,0,0,0,0,0,0,0,0,0,0
DMII,2026-09-24,10.15,10.1596,10.1318,10.0283,10.18,-0.29,-0.1,-0.1,799138.0,1,1,1,0,1,0,0,0,0,0,0,0,0,0,0,0,0,0,0,0
DMO,2026-09-24,9.47,9.9495,10.1825,10.3004,10.7731,-12.1,-2.77,-0.21,504719.0,0,0,0,0,0,0,0,0,0,0,1,0,0,0,0,0,0,0,0,1
DMRA,2026-09-24,20.27,26.4765,28.8164,26.4091,34.14,-40.63,-17.37,-0.83,18041411.0,0,0,0,0,0,0,0,0,0,0,1,0,0,0,0,0,0,0,0,0
DMRC,2026-09-24,4.94,5.3285,6.1636,7.1845,16.43,-69.93,0.2,0.2,791579.0,0,0,0,0,0,0,0,0,0,0,0,0,0,0,0,0,0,0,0,0
DNA,2026-09-24,10.25,7.3485,7.6014,8.2515,16.14,-36.49,45.18,19.46,10384553.0,0,1,0,1,1,0,1,1,0,0,0,0,1,1,1,1,0,1,0,0
DNLI,2026-09-24,20.47,21.8622,23.2171,20.979,27.21,-24.77,2.04,0.05,32843559.0,0,0,0,0,0,0,0,0,0,0,0,0,0,0,0,0,0,0,0,0
DNMX,2026-09-24,10.05,10.0672,10.0454,9.9743,10.08,-0.3,-0.1,-0.1,770100.0,1,1,1,0,1,0,0,0,0,0,0,0,0,0,0,0,0,0,0,0
DNN,2026-09-24,2.63,3.112,3.1122,3.3892,4.37,-39.82,-9.0,-6.74,73474065.0,0,0,0,0,0,0,0,0,0,0,0,0,0,0,0,0,0,0,0,0
DNOW,2026-09-24,15.91,15.8655,15.3402,13.8089,16.87,-5.69,1.99,1.27,35065076.0,1,1,0,1,1,1,0,0,0,0,0,0,0,0,0,0,0,0,0,0
DNP,2026-09-24,9.85,10.4922,10.7021,10.23,10.9783,-10.28,-3.43,-1.2,8446620.0,0,0,0,0,0,0,0,0,0,0,1,0,0,0,0,0,0,0,0,0
DNTH,2026-09-24,90.71,104.0855,106.4674,79.516,115.96,-21.77,-11.49,-2.92,80836849.0,0,1,0,0,0,0,0,0,0,0,1,0,0,0,0,0,0,0,1,0
DNUT,2026-09-24,2.98,3.2375,3.2594,3.5218,4.7,-36.6,-4.18,-1.32,6814322.0,0,0,0,0,0,0,0,0,0,0,0,0,0,0,0,0,0,0,0,0
DOC,2026-09-24,20.27,20.5803,21.0844,18.3155,22.5939,-10.29,-0.39,-1.03,101822937.0,1,1,0,0,0,0,0,0,0,0,0,0,0,0,0,0,0,0,0,0
DOCN,2026-09-24,141.57,123.0735,123.0304,102.2627,181.29,-21.91,14.39,0.25,350814675.0,0,1,0,1,1,1,0,0,0,0,0,0,0,0,1,0,0,0,0,0
DOCS,2026-09-24,26.04,25.953,24.2668,27.4093,75.12,-65.34,0.39,-1.99,70333236.0,0,0,0,1,1,1,0,0,0,0,0,0,0,0,0,0,0,0,0,0
DOCU,2026-09-24,68.99,66.878,60.7854,53.6841,84.82,-18.66,-2.0,-0.72,257406114.0,0,1,0,1,1,1,0,0,0,0,0,0,0,0,0,0,0,0,0,0
DOGZ,2026-09-24,0.9065,0.9491,0.9864,2.7708,14.98,-93.95,1.85,0.72,15257.0,0,0,0,0,0,0,0,0,0,0,0,0,0,0,0,0,0,0,0,0
DOLE,2026-09-24,12.9,13.4355,13.5799,14.3634,16.0749,-19.75,-1.53,-0.15,14315227.0,0,0,0,0,0,0,0,0,0,0,0,0,0,0,0,0,0,0,0,0
DOMH,2026-09-24,2.3,2.264,2.4976,3.0268,6.216,-63.0,6.98,-6.12,564124.0,0,0,0,1,0,0,0,0,0,0,0,0,0,0,0,0,0,1,0,0
DOO,2026-09-24,55.39,60.655,62.1822,65.6484,81.2166,-31.8,-4.91,-2.55,20187925.0,0,0,0,0,0,0,0,0,0,0,0,0,0,0,0,0,0,0,0,0
DORM,2026-09-24,122.6,126.395,132.1196,123.6267,158.03,-22.42,-1.89,0.98,23822586.0,0,0,0,0,0,0,0,0,0,0,0,0,0,0,0,0,0,0,0,0
DOUG,2026-09-24,1.53,1.7405,1.8046,2.0287,3.09,-50.49,-10.53,-0.65,854331.0,0,0,0,0,0,0,0,0,0,0,1,0,0,0,0,0,0,0,0,1
DOV,2026-09-24,187.89,191.465,200.316,209.3185,231.5927,-18.87,-0.25,-0.6,263621430.0,0,0,0,0,0,0,0,0,0,0,0,0,0,0,0,0,0,0,0,0
DOW,2026-09-24,28.56,29.6177,29.9308,31.2389,40.973,-30.3,-5.05,-0.31,258907711.0,0,0,0,0,0,0,0,0,0,0,0,0,0,0,0,0,0,0,0,0
DOX,2026-09-24,57.85,61.265,58.29,64.5641,83.2583,-30.52,-5.78,-0.87,63589673.0,0,0,0,0,0,0,0,0,0,0,0,0,0,0,0,0,0,0,0,0
DOYU,2026-09-24,4.65,4.5155,4.5593,5.2229,7.65,-39.22,0.87,-0.43,140670.0,0,0,0,1,1,0,0,0,0,0,0,0,0,0,0,0,0,0,0,0
DPC,2026-09-24,41.34,41.8505,45.7814,,,,4.61,-1.41,53056423.0,0,0,0,0,0,0,0,0,0,0,0,0,0,0,0,0,0,0,0,0
DPG,2026-09-24,12.94,13.9037,14.3189,13.8449,14.8659,-12.95,-4.43,-0.46,998444.0,0,0,0,0,0,0,0,0,0,0,1,0,0,0,0,0,0,0,0,0
DPRO,2026-09-24,5.57,5.4682,4.8213,6.1279,13.77,-59.55,2.58,3.92,10696197.0,0,0,0,1,1,1,0,0,0,0,0,0,1,0,0,0,0,0,0,0
DPU,2026-09-24,1.67,1.9041,2.0341,2.1843,4.67,-64.24,0.6,6.37,918947.0,0,0,0,0,0,0,0,0,0,0,0,1,1,1,0,0,0,0,0,0
DPZ,2026-09-24,293.03,320.7996,332.9581,353.9351,430.8719,-31.99,-2.74,-1.15,277847269.0,0,0,0,0,0,0,0,0,0,0,0,0,0,0,0,0,0,0,0,0
DQ,2026-09-24,11.45,12.283,12.8622,19.7046,35.69,-67.92,1.24,-3.86,10197320.0,0,0,0,0,0,0,0,0,0,0,0,0,0,0,0,0,0,0,0,0
DRCT,2026-09-24,1.58,1.909,2.3154,5.0704,83.82,-98.12,-8.14,-1.86,823452.0,0,0,0,0,0,0,0,0,0,0,0,0,0,0,0,0,0,0,0,1
DRD,2026-09-24,24.94,26.8974,24.3325,27.6525,37.7474,-33.93,-1.93,-2.16,7434766.0,0,0,0,0,1,0,0,0,0,0,0,0,0,0,0,0,0,0,0,0
DRDB,2026-09-24,10.71,10.672,10.6386,10.5265,10.72,-0.09,0.37,-0.09,133717.0,0,1,1,1,1,1,0,0,0,0,0,0,0,0,0,0,0,1,0,0
DRH,2026-09-24,12.42,12.2785,12.5404,10.675,13.38,-7.17,1.22,1.47,36282594.0,1,1,0,1,0,0,0,0,0,0,0,0,0,0,0,0,0,0,0,0
DRI,2026-09-24,207.24,212.7065,211.3162,201.4094,227.68,-8.98,-0.4,-3.02,252119409.0,1,1,0,0,0,0,0,0,0,0,0,0,0,0,0,0,0,0,0,0
DRIO,2026-09-24,6.77,6.9615,7.1678,8.6338,17.35,-60.98,-0.15,0.45,165232.0,0,0,0,0,0,0,0,0,0,0,0,0,0,0,0,0,0,0,0,0
DRK,2026-09-24,3.05,2.614,2.2903,2.3545,10.5,-70.95,5.54,7.39,1361514.0,0,1,0,1,1,1,0,0,0,0,0,0,1,1,0,0,0,0,0,0
DRMA,2026-09-24,1.17,1.238,1.2758,1.4994,5.38,-78.25,1.74,4.46,55638.0,0,0,0,0,0,0,0,0,0,0,0,0,1,0,0,0,0,0,0,0
DRS,2026-09-24,37.59,37.243,41.6772,41.9679,49.591,-24.2,1.35,0.48,38537328.0,0,0,0,1,0,0,0,0,0,0,0,0,0,0,0,0,0,0,0,0
DRTS,2026-09-24,14.77,14.7135,13.8552,9.4449,15.5,-4.71,-1.8,1.72,9594653.0,1,1,1,1,1,1,0,0,0,0,0,0,0,0,0,0,0,0,0,0
DRUG,2026-09-24,53.51,65.3563,72.2612,77.6306,95.985,-44.25,-9.47,-7.61,5469847.0,0,0,0,0,0,0,0,0,0,0,1,0,0,0,0,0,0,0,0,0
DRVN,2026-09-24,12.04,12.5823,13.3137,13.7323,17.09,-29.55,-0.25,-2.39,15175747.0,0,0,0,0,0,0,0,0,0,0,0,0,0,0,0,0,0,0,0,0
DSAC,2026-09-24,10.15,10.164,10.1662,,10.19,-0.39,-0.2,0.0,1697708.0,0,0,1,0,0,0,0,0,0,0,0,0,0,0,0,0,0,0,0,0
DSC,2026-09-24,6.2,7.726,6.8998,,,,-21.02,-7.46,369533.0,0,0,0,0,0,0,0,0,0,0,0,0,0,0,0,0,0,0,0,0
DSGN,2026-09-24,12.24,14.1005,13.7658,11.9151,15.94,-23.21,-2.12,-0.97,11091257.0,0,1,0,0,0,0,0,0,0,0,0,0,0,0,0,0,0,0,0,0
DSGR,2026-09-24,34.95,34.793,34.587,29.4258,34.96,-0.03,0.29,0.0,7597575.0,0,1,1,1,1,1,0,0,0,0,0,0,0,0,0,0,0,0,0,0
DSGX,2026-09-24,80.13,78.5565,76.653,75.1671,100.65,-20.39,1.38,-0.14,64363834.0,1,1,0,1,1,1,0,0,0,0,0,0,0,0,0,0,0,0,0,0
DSL,2026-09-24,9.95,10.318,10.4205,10.4316,10.9736,-9.33,-2.16,-0.2,6373441.0,0,0,0,0,0,0,0,0,0,0,1,0,0,0,0,0,0,0,0,0
DSM,2026-09-24,5.28,5.5895,5.739,5.8699,6.0852,-13.23,-3.3,-0.75,646994.0,0,0,0,0,0,0,0,0,0,0,1,0,0,0,0,0,0,0,0,1
DSP,2026-09-24,12.34,12.6387,12.3789,11.6027,14.09,-12.42,-0.24,0.41,5750096.0,1,1,0,0,0,0,0,0,0,0,0,0,0,0,0,0,0,0,0,0
DSS,2026-09-24,0.677,0.6895,0.6053,0.7562,1.475,-54.1,-8.88,-2.59,5182038.0,0,0,0,0,1,0,0,0,0,0,0,0,0,0,0,0,0,0,0,0
DSU,2026-09-24,8.91,9.206,9.2548,9.2924,9.5245,-6.45,-1.76,-0.45,2547396.0,0,0,0,0,0,0,0,0,0,0,1,0,0,0,0,0,0,0,0,0
DSWL,2026-09-24,3.13,3.079,3.217,3.168,3.6715,-14.75,0.97,-0.32,33462.0,0,0,0,1,0,0,0,0,0,0,0,0,0,0,0,0,0,0,0,0
DSX,2026-09-24,2.89,2.912,2.5974,2.3524,3.11,-7.07,-3.34,0.35,4364234.0,1,1,0,0,1,0,0,0,0,0,0,0,0,0,0,0,0,0,0,0
DSY,2026-09-24,3.6,3.746,3.7335,3.779,25.6,-85.94,5.26,-1.64,83166.0,0,0,0,0,0,0,0,0,0,0,0,0,0,0,0,0,0,0,0,0
DT,2026-09-24,58.68,53.666,49.4308,42.106,58.68,0.0,6.32,0.29,369088186.0,0,1,1,1,1,1,0,0,1,0,0,0,0,0,0,0,0,0,0,0
DTCX,2026-09-24,1.99,2.133,2.0672,2.3364,5.42,-63.28,-4.33,-1.49,535623.0,0,0,0,0,0,0,0,0,0,0,0,0,0,0,0,0,0,0,0,0
DTE,2026-09-24,121.18,131.5822,137.1337,138.8143,153.0301,-20.81,-6.44,-1.39,206040612.0,0,0,0,0,0,0,0,0,0,0,1,0,0,0,0,0,0,0,0,1
DTF,2026-09-24,11.33,11.4425,11.4456,11.2903,11.5467,-1.88,-1.31,0.27,57351.0,1,1,1,0,0,0,0,0,0,0,0,0,0,0,0,0,0,0,0,0
DTI,2026-09-24,2.45,2.534,2.4405,2.9728,4.49,-45.43,-1.61,0.41,500289.0,0,0,0,0,1,0,0,0,0,0,0,0,0,0,0,0,0,0,0,0
DTIL,2026-09-24,6.33,7.1965,7.4738,6.2618,9.28,-31.79,-4.52,-0.47,1795776.0,0,1,0,0,0,0,0,0,0,0,1,0,0,0,0,0,0,0,0,0
DTM,2026-09-24,124.75,127.5357,132.5236,132.5701,149.6861,-16.66,0.51,-0.86,118659470.0,0,0,0,0,0,0,0,0,0,0,0,0,0,0,0,0,0,0,0,0
DTSQ,2026-09-24,11.5,11.4092,11.3538,11.1543,11.5,0.0,0.0,0.0,7841.0,0,1,1,1,1,1,0,0,1,0,0,0,0,0,0,0,0,0,0,0
DTSS,2026-09-24,0.883,0.7453,0.7645,0.8842,2.3,-61.61,49.41,-2.21,10400080.0,0,0,0,1,1,0,0,0,0,0,0,0,0,0,1,0,0,0,0,0
DTST,2026-09-24,2.85,2.9565,3.0962,3.8756,5.12,-44.34,-0.35,1.79,28130.0,0,0,0,0,0,0,0,0,0,0,0,0,0,0,0,0,0,0,0,0
DUK,2026-09-24,113.23,119.034,122.0911,122.3013,131.1634,-13.67,-3.85,-0.82,454993713.0,0,0,0,0,0,0,0,0,0,0,1,0,0,0,0,0,0,0,0,0
DUKR,2026-09-24,5.31,5.4685,5.4368,4.9977,12.34,-56.97,0.95,-0.38,83076.0,1,1,0,0,0,0,0,0,0,0,0,0,0,0,0,0,0,0,0,0
DUO,2026-09-24,0.597,0.586,0.6063,1.092,3.9,-84.69,12.64,1.36,3236501.0,0,0,0,1,0,0,0,0,0,0,0,0,0,0,1,0,0,0,0,0
DUOL,2026-09-24,147.75,148.4415,140.288,129.3588,347.27,-57.45,-0.28,1.21,175667239.0,1,1,0,0,1,0,0,0,0,0,0,0,0,0,0,0,0,0,0,0
DUOT,2026-09-24,9.55,8.8457,8.9529,9.3984,14.64,-34.77,15.06,6.35,6615279.0,0,1,0,1,1,0,0,0,0,0,0,0,1,1,1,0,0,0,0,0
DV,2026-09-24,13.37,13.3975,12.6748,11.0036,13.52,-1.11,-0.89,-0.22,47727201.0,1,1,1,0,1,0,0,0,0,0,0,0,0,0,0,0,0,0,0,0
DVA,2026-09-24,174.67,182.1965,197.3634,168.0062,240.96,-27.51,-9.9,-4.62,131814699.0,0,1,0,0,0,0,0,0,0,0,0,0,0,0,0,0,0,0,0,0
DVLT,2026-09-24,0.15,0.2105,0.2858,0.5845,3.42,-95.61,-6.25,0.0,12082142.0,0,0,0,0,0,0,0,0,0,0,0,0,0,0,0,0,0,0,0,1
DVN,2026-09-24,48.9,48.4831,46.2642,43.7191,51.3696,-4.81,0.95,1.79,628514417.0,1,1,1,1,1,1,0,0,0,0,0,0,0,0,0,0,0,0,0,0
DWSN,2026-09-24,3.08,3.3095,3.826,3.3964,7.57,-59.31,-4.64,3.7,251860.0,0,0,0,0,0,0,0,0,0,0,0,0,1,0,0,0,0,0,0,0
DWTX,2026-09-24,1.43,2.0498,1.9097,2.4468,7.91,-81.92,-15.88,-5.3,153323.0,0,0,0,0,0,0,0,0,0,0,1,0,0,0,0,0,0,0,0,0
DX,2026-09-24,11.34,12.3205,12.4917,12.4069,13.2719,-14.56,-6.42,-3.32,74884078.0,0,0,0,0,0,0,0,0,0,0,1,0,0,0,0,0,0,0,0,0
DXC,2026-09-24,10.81,11.2655,10.8102,11.7954,15.43,-29.94,-6.65,-0.64,28603046.0,0,0,0,0,0,0,0,0,0,0,0,0,0,0,0,0,0,0,0,0
DXCM,2026-09-24,87.47,87.682,84.623,72.3463,92.34,-5.27,0.15,-0.3,340721724.0,1,1,0,0,1,0,0,0,0,0,0,0,0,0,0,0,0,0,0,0
DXF,2026-09-24,0.54,0.488,0.494,0.9381,6.15,-91.22,1.89,10.2,329706.0,0,0,0,1,1,0,0,0,0,0,0,0,1,1,0,0,0,0,0,0
DXLG,2026-09-24,0.52,0.623,0.6126,0.6747,1.56,-66.67,-17.46,-11.86,59054.0,0,0,0,0,0,0,0,0,0,0,0,0,0,0,0,0,0,1,0,0
DXPE,2026-09-24,193.65,185.8685,181.4942,152.2519,200.84,-3.58,5.51,1.34,20658676.0,0,1,1,1,1,1,0,0,0,0,0,0,0,0,0,0,0,0,0,0
DXR,2026-09-24,11.39,10.8335,10.5922,11.1536,14.75,-22.78,-2.82,5.27,488669.0,0,1,0,1,1,1,0,0,0,0,0,0,1,1,0,0,0,0,0,0
DXST,2026-09-24,2.3,2.5575,2.5178,10.2666,51.75,-95.56,-8.73,-8.37,69991.0,0,0,0,0,0,0,0,0,0,0,0,0,0,0,0,0,0,1,0,0
DXYZ,2026-09-24,29.14,32.0985,29.362,31.7932,71.24,-59.1,-5.24,-1.98,28873323.0,0,0,0,0,0,0,0,0,0,0,0,0,0,0,0,0,0,0,0,0
DY,2026-09-24,272.1,292.9885,362.552,391.2768,535.2,-49.16,-5.32,-3.15,234702361.0,0,0,0,0,0,0,0,0,0,0,0,0,0,0,0,0,0,0,0,1
DYAI,2026-09-24,0.44,0.494,0.799,0.8311,1.47,-70.07,10.0,7.32,108962.0,0,0,0,0,0,0,0,0,0,0,0,1,1,1,0,0,0,0,0,0
DYN,2026-09-24,16.51,20.8653,23.5601,19.7436,26.78,-38.35,-4.59,1.73,68817539.0,0,0,0,0,0,0,0,0,0,0,1,0,0,0,0,0,0,0,0,0
DYNC,2026-09-24,10.88,10.8947,10.858,10.6286,10.95,-0.64,-0.14,-0.37,230586.0,1,1,1,0,1,0,0,0,0,0,0,0,0,0,0,0,0,0,0,0
DYOR,2026-09-24,10.14,10.125,10.1024,10.0085,10.14,0.0,0.1,0.1,386675.0,0,1,1,1,1,1,0,0,1,0,0,0,0,0,0,0,0,0,0,0
DZZ,2026-09-24,1.75,1.712,1.7762,2.4012,9.5,-81.58,-0.57,0.57,3391.0,0,0,0,1,0,0,0,0,0,0,0,0,0,0,0,0,0,0,0,0
E,2026-09-24,55.04,54.358,53.4304,48.2874,56.6835,-2.9,0.7,0.38,18529477.0,1,1,1,1,1,1,0,0,0,0,0,0,0,0,0,0,0,0,0,0
EAD,2026-09-24,6.02,6.2516,6.265,6.3118,6.4784,-7.08,-2.27,-0.66,1510465.0,0,0,0,0,0,0,0,0,0,0,1,0,0,0,0,0,0,0,0,0
EAF,2026-09-24,10.57,7.4975,7.3314,9.3965,19.82,-46.67,30.33,-6.95,4933935.0,0,1,0,1,1,1,0,0,0,0,0,0,0,0,1,0,0,0,0,0
EAI,2026-09-24,18.86,19.4748,19.5597,,20.7047,-8.91,-3.58,-1.15,478053.0,0,0,0,0,0,0,0,0,0,0,1,0,0,0,0,0,0,0,0,1
EARN,2026-09-24,4.17,4.292,4.2865,4.3853,4.9763,-16.2,0.48,-0.95,1483284.0,0,0,0,0,0,0,0,0,0,0,0,0,0,0,0,0,0,0,0,0
EAT,2026-09-24,206.71,218.211,217.4576,167.8164,253.94,-18.6,-1.85,-1.94,300062044.0,0,1,0,0,0,0,0,0,0,0,0,0,0,0,0,0,0,0,0,0
EBAY,2026-09-24,107.83,106.6502,107.8128,99.7143,118.2715,-8.83,-1.23,-1.16,568393583.0,1,1,0,1,1,0,0,0,0,0,0,0,0,0,0,0,0,0,0,0
EBC,2026-09-24,21.31,21.7388,22.4313,20.4728,23.4905,-9.28,-1.3,0.8,50264270.0,1,1,0,0,0,0,0,0,0,0,0,0,0,0,0,0,0,0,0,0
EBF,2026-09-24,22.31,21.4145,21.6728,20.3183,22.53,-0.98,4.55,0.9,3335500.0,0,1,1,1,1,0,1,0,0,0,0,0,0,0,0,0,0,0,0,0
EBMT,2026-09-24,21.4,22.281,22.8914,21.7658,24.278,-11.85,-2.46,0.94,823283.0,0,0,0,0,0,0,0,0,0,0,0,1,0,0,0,0,0,0,0,0
EBON,2026-09-24,2.01,2.1515,2.0816,2.4342,5.42,-62.92,-0.5,0.0,10410.0,0,0,0,0,0,0,0,0,0,0,0,0,0,0,0,0,0,0,0,0
EBS,2026-09-24,6.77,6.306,6.2694,8.7781,13.9,-51.29,0.3,1.5,7750114.0,0,0,0,1,1,1,0,0,0,0,0,0,0,0,0,0,0,0,0,0
EC,2026-09-24,16.37,17.2705,16.9626,13.8525,18.26,-10.35,-6.24,-1.92,28139495.0,0,1,0,0,0,0,0,0,0,0,0,0,0,0,0,0,0,0,0,0
ECAT,2026-09-24,14.08,14.6356,14.7961,13.8785,15.2814,-7.86,1.96,-1.33,8747676.0,0,1,0,0,0,0,0,0,0,0,0,0,0,0,0,0,0,0,0,0
ECBK,2026-09-24,20.7,20.806,20.5966,18.6074,21.55,-3.94,-0.19,3.24,223695.0,1,1,1,0,1,0,0,0,0,0,0,0,1,0,0,0,0,0,0,0
ECC,2026-09-24,3.52,3.7321,3.706,3.9209,5.3951,-34.76,-3.56,-1.4,3124637.0,0,0,0,0,0,0,0,0,0,0,1,0,0,0,0,0,0,0,0,0
ECF,2026-09-24,12.02,12.1614,12.2585,11.9123,13.3163,-9.73,-0.58,-2.67,337440.0,1,1,0,0,0,0,0,0,0,0,0,0,0,0,0,0,0,0,0,0
ECG,2026-09-24,116.7,115.6585,125.1408,122.6099,169.16,-31.01,4.87,1.5,49942181.0,0,0,0,1,0,0,0,0,0,0,0,0,0,0,0,0,0,0,0,0
ECHO,2026-09-24,90.38,90.643,89.7642,108.9618,141.8,-36.26,-3.3,-2.52,280048918.0,0,0,0,0,1,0,0,0,0,0,0,0,0,0,0,0,0,0,0,0
ECL,2026-09-24,275.37,277.036,277.2313,271.7772,305.8773,-9.97,0.47,-0.49,338669793.0,1,1,0,0,0,0,0,0,0,0,0,0,0,0,0,0,0,0,0,0
ECO,2026-09-24,78.22,74.41,63.8613,46.9622,86.3,-9.36,-7.69,0.24,55135482.0,0,1,0,1,1,1,0,0,0,0,0,0,0,0,0,0,0,0,0,0
ECOR,2026-09-24,11.35,10.066,8.6632,7.1921,11.995,-5.38,6.57,-0.61,874746.0,0,1,0,1,1,1,0,0,0,0,0,0,0,0,0,0,0,0,0,0
ECPG,2026-09-24,97.58,98.2,96.7454,77.1649,103.74,-5.94,-2.19,3.29,38836737.0,1,1,0,0,1,0,0,0,0,0,0,0,1,0,0,0,0,0,0,0
ECVT,2026-09-24,10.14,10.261,10.9406,11.766,14.97,-32.26,-6.8,-1.84,13518191.0,0,0,0,0,0,0,0,0,0,0,0,0,0,0,0,0,0,0,0,0
ECX,2026-09-24,1.1,1.0577,1.0746,1.3153,2.64,-58.33,6.8,3.77,1144769.0,0,0,0,1,1,0,0,0,0,0,0,0,1,0,0,0,0,0,0,0
ED,2026-09-24,102.71,106.387,107.7889,106.2297,113.5695,-9.56,-2.57,0.1,216925896.0,0,0,0,0,0,0,0,0,0,0,0,0,0,0,0,0,0,0,0,0
EDBL,2026-09-24,1.18,1.4015,1.8908,100.7235,1044.0,-99.89,-15.71,-1.67,1020229.0,0,0,0,0,0,0,0,0,0,0,1,0,0,0,0,0,0,0,0,1
EDD,2026-09-24,5.53,5.8105,5.8592,5.4769,6.0,-7.83,-2.3,-2.12,1788765.0,0,1,0,0,0,0,0,0,0,0,0,0,0,0,0,0,0,0,0,0
EDF,2026-09-24,5.05,5.2414,5.1538,4.8963,5.4742,-7.75,-3.44,-3.44,698866.0,0,1,0,0,0,0,0,0,0,0,0,0,0,0,0,0,0,0,0,0
EDHL,2026-09-24,5.44,4.4486,4.1559,4.1392,19.2,-71.67,17.24,6.04,1927525.0,0,1,0,1,1,1,0,0,0,1,0,0,1,1,1,0,0,0,0,0
EDIT,2026-09-24,2.75,2.904,2.8702,2.6337,4.15,-33.73,1.48,2.23,9019313.0,0,1,0,0,0,0,0,0,0,0,0,0,0,0,0,0,0,0,0,0
EDN,2026-09-24,22.0,23.9335,24.3788,26.7721,35.71,-38.39,-7.45,-3.04,1481850.0,0,0,0,0,0,0,0,0,0,0,0,0,0,0,0,0,0,1,0,0
EDRY,2026-09-24,50.9,58.7973,42.8104,24.6379,71.85,-29.16,-26.53,-0.86,10358077.0,0,1,0,0,1,0,0,0,0,0,0,0,0,0,0,0,0,0,1,0
EDSA,2026-09-24,4.03,4.4395,5.0306,5.4309,18.28,-77.95,4.13,1.51,240542.0,0,0,0,0,0,0,0,0,0,0,0,0,0,0,0,0,0,0,0,0
EDTK,2026-09-24,1.074,0.939,0.9353,0.9611,1.12,-4.11,14.26,2.29,4731.0,0,1,1,1,1,1,1,0,0,0,0,0,0,0,1,1,1,0,0,0
EDU,2026-09-24,57.08,56.9775,55.082,53.7018,62.7751,-9.07,2.26,1.78,45723274.0,1,1,0,1,1,1,0,0,0,0,0,0,0,0,0,0,0,0,0,0
EDUC,2026-09-24,1.3,1.3265,1.3758,1.391,1.65,-21.21,0.0,0.0,98469.0,0,0,0,0,0,0,0,0,0,0,1,0,0,0,0,0,0,0,0,0
EDVA,2026-09-24,0.19,0.2558,0.334,1.5113,10.16,-98.13,-28.57,-7.32,1425024.0,0,0,0,0,0,0,0,0,0,0,1,0,0,0,0,0,0,0,0,1
EE,2026-09-24,33.57,37.858,37.9072,35.1708,42.5969,-21.19,-10.98,-1.18,16716010.0,0,0,0,0,0,0,0,0,0,0,0,0,0,0,0,0,0,0,0,0
EEA,2026-09-24,10.58,10.9085,11.0082,10.4774,11.35,-6.78,-0.56,0.0,188450.0,0,1,0,0,0,0,0,0,0,0,0,0,0,0,0,0,0,0,0,0
EEFT,2026-09-24,64.33,69.571,72.8088,72.0219,89.45,-28.08,-6.78,-0.48,41635928.0,0,0,0,0,0,0,0,0,0,0,0,0,0,0,0,0,0,0,0,0
EEIQ,2026-09-24,4.1,3.2998,2.7548,3.5103,10.58,-61.25,13.42,3.8,51834.0,0,1,0,1,1,1,1,1,0,0,0,0,1,0,1,1,1,0,0,0
EFC,2026-09-24,12.37,13.0016,13.1939,12.597,13.5787,-8.9,-1.98,-0.32,16433280.0,0,0,0,0,0,0,0,0,0,0,1,0,0,0,0,0,0,0,0,0
EFOI,2026-09-24,2.74,2.7745,2.8758,2.74,6.49,-57.78,4.98,3.4,24443.0,1,1,0,0,0,0,0,0,0,0,0,0,1,0,0,0,0,0,0,0
EFOR,2026-09-24,32.43,32.041,29.172,33.5855,53.28,-39.13,0.0,-2.17,23767385.0,0,0,0,1,1,1,0,0,0,0,0,0,0,0,0,0,0,0,0,0
EFR,2026-09-24,10.22,10.3822,10.4625,10.3446,10.7033,-4.52,-1.54,-0.49,1103201.0,0,0,1,0,0,0,0,0,0,0,0,0,0,0,0,0,0,0,0,0
EFSC,2026-09-24,60.69,62.7384,64.4307,59.3609,68.1461,-10.94,-2.19,1.4,18384327.0,0,1,0,0,0,0,0,0,0,0,0,1,0,0,0,0,0,0,0,0
EFSI,2026-09-24,45.4,44.0925,42.6764,39.078,46.58,-2.53,-0.79,0.09,2157320.0,1,1,1,1,1,1,0,0,0,0,0,0,0,0,0,0,0,0,0,0
EFT,2026-09-24,10.38,10.5239,10.5852,10.573,11.0529,-6.09,-1.33,-0.67,1081508.0,0,0,0,0,0,0,0,0,0,0,0,0,0,0,0,0,0,0,0,0
EFTY,2026-09-24,15.02,15.02,15.02,15.02,16.98,-11.54,0.0,0.0,0.0,0,0,0,0,0,0,0,0,0,0,0,0,0,0,0,0,0,1,0,0
EFX,2026-09-24,148.8,173.1646,177.1613,183.9595,254.6691,-41.57,-9.16,-4.2,233758184.0,0,0,0,0,0,0,0,0,0,0,1,0,0,0,0,0,0,0,0,1
EFXT,2026-09-24,23.25,21.9345,21.8723,21.4246,28.3182,-17.9,3.98,0.61,11297217.0,0,1,0,1,1,1,0,0,0,0,0,0,0,0,0,0,0,0,0,0
EG,2026-09-24,371.96,375.0657,373.283,342.7961,396.5439,-6.2,-1.54,-0.11,156733274.0,1,1,0,0,0,0,0,0,0,0,0,0,0,0,0,0,0,0,0,0
EGAN,2026-09-24,5.79,6.0945,6.6394,8.0977,15.46,-62.55,7.42,-2.36,1824145.0,0,0,0,0,0,0,0,0,0,0,0,0,0,0,0,0,0,0,0,0
EGBN,2026-09-24,28.32,27.818,27.8859,25.9987,29.1197,-2.75,0.21,0.93,8092809.0,1,1,1,1,1,0,0,0,0,0,0,0,0,0,0,0,0,0,0,0
EGG,2026-09-24,2.67,2.7735,3.665,5.6037,10.85,-75.39,1.14,-1.48,24565.0,0,0,0,0,0,0,0,0,0,0,0,0,0,0,0,0,0,0,0,0
EGHA,2026-09-24,10.4,10.395,10.3677,10.2712,10.4,0.0,0.08,0.0,19542.0,0,1,1,1,1,1,0,0,1,0,0,0,0,0,0,0,0,0,0,0
EGHT,2026-09-24,2.28,1.9025,1.9628,2.0156,2.76,-17.39,26.67,-0.44,3148803.0,0,1,0,1,1,0,0,0,0,0,0,0,0,0,1,0,0,0,0,0
EGO,2026-09-24,42.13,43.3855,38.7731,36.635,49.4339,-14.78,3.85,-1.66,135605367.0,1,1,0,0,1,0,0,0,0,0,0,0,0,0,0,0,0,0,0,0
EGP,2026-09-24,202.5,199.6795,204.7086,194.2758,223.38,-9.35,2.34,-0.05,100139106.0,1,1,0,1,0,0,0,0,0,0,0,0,0,0,0,0,0,0,0,0
EGY,2026-09-24,5.94,6.0575,5.7046,5.2141,6.5295,-9.03,-3.73,1.71,8349454.0,1,1,0,0,1,0,0,0,0,0,0,0,0,0,0,0,0,0,0,0
EH,2026-09-24,4.54,4.5832,5.0704,9.3943,19.44,-76.65,0.0,-0.87,3042759.0,0,0,0,0,0,0,0,0,0,0,0,0,0,0,0,0,0,0,0,0
EHC,2026-09-24,122.01,121.6435,118.957,107.475,126.4648,-3.52,-1.53,-0.16,104048536.0,1,1,1,1,1,1,0,0,0,0,0,0,0,0,0,0,0,0,0,0
EHGO,2026-09-24,0.887,1.0301,1.5212,2.5728,10.4,-91.47,1.37,-1.11,551476.0,0,0,0,0,0,0,0,0,0,0,0,0,0,0,0,0,0,0,0,0
EHI,2026-09-24,5.38,5.6195,5.699,5.7788,6.0383,-10.9,-2.89,-0.92,952440.0,0,0,0,0,0,0,0,0,0,0,1,0,0,0,0,0,0,0,0,1
EHLD,2026-09-24,11.52,12.1811,10.0722,7.9998,15.7,-26.62,-15.73,-3.4,173978.0,0,1,0,0,1,0,0,0,0,0,0,0,0,0,0,0,0,0,1,0
EHTH,2026-09-24,0.82,0.96,1.1782,1.9747,5.65,-85.49,-4.65,-2.38,329275.0,0,0,0,0,0,0,0,0,0,0,1,0,0,0,0,0,0,0,0,1
EIC,2026-09-24,9.41,9.8545,9.9368,10.0737,12.3436,-23.77,-3.09,-1.47,928521.0,0,0,0,0,0,0,0,0,0,0,1,0,0,0,0,0,0,0,0,0
EIG,2026-09-24,47.57,49.187,49.2078,44.3613,51.566,-7.75,-4.9,-0.46,7832022.0,0,1,0,0,0,0,0,0,0,0,0,0,0,0,0,0,0,0,0,0
EIKN,2026-09-24,8.29,9.9385,10.0346,,16.26,-49.02,-2.59,1.97,6102120.0,0,0,0,0,0,0,0,0,0,0,0,0,0,0,0,0,0,0,0,0
EIM,2026-09-24,8.8,9.2812,9.4574,9.5169,9.8237,-10.42,-2.76,-1.12,1809310.0,0,0,0,0,0,0,0,0,0,0,1,0,0,0,0,0,0,1,0,1
EIX,2026-09-24,52.54,58.3115,67.838,67.3471,80.38,-34.64,-4.14,-1.81,431644338.0,0,0,0,0,0,0,0,0,0,0,0,0,0,0,0,0,0,0,0,0
EJH,2026-09-24,1.259,1.2382,1.4034,7.1701,27.125,-95.36,1.78,0.88,25482.0,0,0,0,1,0,0,0,0,0,0,0,0,0,0,0,0,0,0,0,0
EL,2026-09-24,95.37,99.1857,91.881,91.8611,118.3745,-19.43,-0.24,-3.5,310455989.0,0,1,0,0,1,0,0,0,0,1,0,0,0,0,0,0,0,0,0,0
ELA,2026-09-24,12.62,13.4725,16.5728,17.4704,28.88,-56.3,-1.56,1.28,1741508.0,0,0,0,0,0,0,0,0,0,0,0,0,0,0,0,0,0,0,0,0
ELAB,2026-09-24,4.52,4.9355,7.3508,110.6237,2167.2,-99.79,-5.24,-0.22,181512.0,0,0,0,0,0,0,0,0,0,0,0,0,0,0,0,0,0,0,0,0
ELAN,2026-09-24,22.35,23.509,24.1854,23.7684,26.84,-16.73,-2.23,-0.97,123562991.0,0,0,0,0,0,0,0,0,0,0,0,0,0,0,0,0,0,0,0,0
ELBM,2026-09-24,0.527,0.5659,0.5631,0.6865,7.02,-92.49,-1.5,-3.13,197765.0,0,0,0,0,0,0,0,0,0,0,0,0,0,0,0,0,0,0,0,0
ELC,2026-09-24,18.8,19.3921,19.5058,19.7525,20.4601,-8.11,-3.04,-0.42,615816.0,0,0,0,0,0,0,0,0,0,0,1,0,0,0,0,0,0,0,0,1
ELDN,2026-09-24,2.68,2.881,3.3204,2.9985,4.36,-38.53,0.37,-1.47,2757680.0,0,0,0,0,0,0,0,0,0,0,1,0,0,0,0,0,0,0,0,0
ELE,2026-09-24,20.15,21.1855,19.3164,18.6097,24.1623,-16.61,0.65,-1.37,9059233.0,0,1,0,0,1,0,0,0,0,0,0,0,0,0,0,0,0,0,0,0
ELF,2026-09-24,100.57,101.3935,93.369,77.4396,145.07,-30.67,7.67,-0.21,154987367.0,1,1,0,0,1,0,0,0,0,0,0,0,0,0,0,0,0,0,0,0
ELLO,2026-09-24,21.98,20.8395,20.1984,23.1886,29.79,-26.22,8.87,0.0,41797.0,0,0,0,1,1,1,0,0,0,0,0,0,0,0,0,0,0,0,0,0
ELMD,2026-09-24,27.86,27.653,35.6182,31.4287,46.31,-39.84,6.54,1.05,3495509.0,0,0,0,1,0,0,0,0,0,0,0,0,0,0,0,0,0,0,0,0
ELME,2026-09-24,1.7,1.6765,1.6276,2.0541,3.18,-46.54,4.29,-0.58,1166642.0,0,0,0,1,1,1,0,0,0,0,0,0,0,0,0,0,0,0,0,0
ELMT,2026-09-24,19.73,18.3675,16.9286,,,,-0.55,-4.13,25497573.0,0,0,0,1,1,1,0,0,0,0,0,0,0,0,0,0,0,0,0,0
ELOG,2026-09-24,0.49,0.6207,0.7457,1.0225,2.97,-83.5,-13.73,-0.2,582094.0,0,0,0,0,0,0,0,0,0,0,1,0,0,0,0,0,0,0,0,1
ELOX,2026-09-24,16.0,16.3495,16.141,,,,-9.25,3.63,534101.0,0,0,0,0,0,0,0,0,0,0,0,0,1,0,0,0,0,0,0,0
ELPC,2026-09-24,12.08,12.1685,11.653,11.2453,13.3894,-9.78,-3.9,-1.39,5769149.0,1,1,0,0,1,0,0,0,0,0,0,0,0,0,0,0,0,0,0,0
ELPW,2026-09-24,2.68,3.0155,5.389,1934.2919,50184.0,-99.99,2.29,0.37,173017.0,0,0,0,0,0,0,0,0,0,0,0,0,0,0,0,0,0,0,0,0
ELS,2026-09-24,59.55,61.763,63.8702,63.123,67.65,-11.97,-2.18,-0.22,95460558.0,0,0,0,0,0,0,0,0,0,0,0,0,0,0,0,0,0,0,0,0
ELTK,2026-09-24,8.12,8.1395,8.4402,8.7214,11.55,-29.7,-3.56,-0.73,133677.0,0,0,0,0,0,0,0,0,0,0,0,0,0,0,0,0,0,0,0,0
ELTX,2026-09-24,1.88,2.2702,2.7406,7.6282,14.85,-87.34,6.21,0.53,838410.0,0,0,0,0,0,0,0,0,0,0,1,0,0,0,0,0,0,0,0,0
ELUT,2026-09-24,0.83,0.8439,0.8827,0.9522,1.22,-31.97,2.47,-4.38,38677.0,0,0,0,0,0,0,0,0,0,0,0,0,0,0,0,0,0,0,0,0
ELV,2026-09-24,398.25,406.1067,394.612,361.1189,424.9405,-6.28,-3.47,-0.08,474342118.0,1,1,0,0,1,0,0,0,0,0,0,0,0,0,0,0,0,0,0,0
ELVA,2026-09-24,6.39,6.589,7.6754,8.6494,12.26,-47.88,3.23,-0.93,2364759.0,0,0,0,0,0,0,0,0,0,0,0,0,0,0,0,0,0,0,0,0
ELVN,2026-09-24,45.17,54.8528,55.9917,39.4676,61.15,-26.13,-8.04,-2.0,74679302.0,0,1,0,0,0,0,0,0,0,0,1,0,0,0,0,0,0,0,0,0
ELVR,2026-09-24,42.83,52.7745,56.5116,62.9554,102.33,-58.15,-4.72,-2.44,2515178.0,0,0,0,0,0,0,0,0,0,0,1,0,0,0,0,0,0,0,0,0
ELWT,2026-09-24,6.895,7.1654,7.5801,6.7097,8.84,-22.0,-1.64,-3.23,79046.0,0,1,0,0,0,0,0,0,0,0,0,0,0,0,0,0,0,0,0,0
EMA,2026-09-24,47.76,49.546,51.2622,50.6421,54.5773,-12.49,-2.31,-0.91,18486043.0,0,0,0,0,0,0,0,0,0,0,1,0,0,0,0,0,0,0,0,0
EMAT,2026-09-24,3.21,3.3957,3.6491,,19.0,-83.11,-15.53,-3.75,4825189.0,0,0,0,0,0,0,0,0,0,0,0,0,0,0,0,0,0,0,0,0
EMBC,2026-09-24,5.62,5.274,4.5977,7.1499,14.241,-60.54,9.55,0.72,6825358.0,0,0,0,1,1,1,0,0,0,0,0,0,0,0,0,0,0,0,0,0
EMBJ,2026-09-24,76.4,74.3095,72.2082,66.5009,79.6016,-4.02,3.23,1.29,87039534.0,1,1,1,1,1,1,0,0,0,0,0,0,0,0,0,0,0,0,0,0
EMD,2026-09-24,9.45,10.222,10.3605,10.2074,10.62,-11.02,-5.5,-2.38,2112246.0,0,0,0,0,0,0,0,0,0,0,1,0,0,0,0,0,0,1,0,0
EME,2026-09-24,751.96,750.0135,770.6388,767.3795,943.2628,-20.28,1.69,0.02,278393985.0,0,0,0,1,0,0,0,0,0,0,0,0,0,0,0,0,0,0,0,0
EMF,2026-09-24,22.19,22.515,21.9764,20.2988,24.44,-9.21,1.09,-1.47,634676.0,1,1,0,0,1,0,0,0,0,0,0,0,0,0,0,0,0,0,0,0
EMIS,2026-09-24,10.26,10.2475,10.222,10.1077,10.26,0.0,0.1,0.1,286723.0,1,1,1,1,1,1,0,0,1,0,0,0,0,0,0,0,0,1,0,0
EML,2026-09-24,24.6,25.9745,25.287,21.7352,29.2641,-15.94,-2.61,-3.83,341120.0,0,1,0,0,0,0,0,0,0,0,0,0,0,0,0,0,0,0,0,0
EMN,2026-09-24,66.19,68.3493,69.6221,69.3513,78.4974,-15.68,1.72,-0.91,73565749.0,0,0,0,0,0,0,0,0,0,0,0,0,0,0,0,0,0,0,0,0
EMO,2026-09-24,52.07,54.45,53.0335,48.8985,55.87,-6.8,-2.56,-1.53,2288011.0,0,1,0,0,0,0,0,0,0,0,0,0,0,0,0,0,0,0,0,0
EMP,2026-09-24,19.13,19.844,19.9004,,20.821,-8.12,-3.97,-1.14,193297.0,0,0,0,0,0,0,0,0,0,0,1,0,0,0,0,0,0,0,0,1
EMPD,2026-09-24,2.93,3.111,3.0516,4.0439,8.0,-63.37,-5.18,-1.84,1121891.0,0,0,0,0,0,0,0,0,0,0,0,0,0,0,0,0,0,0,0,0
EMR,2026-09-24,156.14,151.3605,151.8408,143.0444,163.8244,-4.69,7.07,1.0,337981305.0,0,1,1,1,1,0,0,0,0,0,0,0,0,0,0,0,0,0,0,0
ENB,2026-09-24,47.35,49.2545,51.3412,51.0664,57.2524,-17.3,-2.09,-1.04,295518391.0,0,0,0,0,0,0,0,0,0,0,0,0,0,0,0,0,0,0,0,0
ENGN,2026-09-24,1.92,1.8815,1.8322,5.2987,12.17,-84.22,0.52,-4.0,1266237.0,0,0,0,1,1,1,0,0,0,0,0,0,0,0,0,0,0,0,0,0
ENGS,2026-09-24,2.91,2.7875,2.7646,1.6539,12.22,-76.19,5.82,1.75,5962189.0,0,1,0,1,1,1,0,0,0,0,0,0,0,0,0,0,0,1,0,0
ENHA,2026-09-24,1.47,1.5305,2.0632,,,,0.68,5.0,1321035.0,0,0,0,0,0,0,0,0,0,0,0,0,1,1,0,0,0,0,0,0
ENIC,2026-09-24,4.24,4.367,4.4198,4.2102,4.66,-9.01,-1.62,-2.3,3863373.0,1,1,0,0,0,0,0,0,0,0,0,0,0,0,0,0,0,0,0,0
ENJ,2026-09-24,18.9,19.2216,19.4437,19.832,21.3282,-11.39,-1.56,0.0,30083.0,0,0,0,0,0,0,0,0,0,0,0,0,0,0,0,0,0,0,0,0
ENLT,2026-09-24,68.87,75.2708,81.2526,74.7104,107.42,-35.89,-3.8,-5.02,14372808.0,0,0,0,0,0,0,0,0,0,0,0,0,0,0,0,0,0,0,0,0
ENLV,2026-09-24,0.606,1.0266,2.03,10.4231,18.15,-96.66,-25.28,-5.31,364255.0,0,0,0,0,0,0,0,0,0,0,1,0,0,0,0,0,0,0,0,1
ENO,2026-09-24,20.45,20.8186,20.9357,21.508,22.6931,-9.88,-2.2,-0.7,125621.0,0,0,0,0,0,0,0,0,0,0,0,0,0,0,0,0,0,0,0,1
ENOV,2026-09-24,18.27,20.0085,24.23,24.1039,32.87,-44.42,-2.09,0.16,39669582.0,0,0,0,0,0,0,0,0,0,0,0,0,0,0,0,0,0,0,0,0
ENPH,2026-09-24,32.82,36.0045,37.8802,41.2191,72.33,-54.62,-8.88,-0.76,163261055.0,0,0,0,0,0,0,0,0,0,0,0,0,0,0,0,0,0,0,0,0
ENR,2026-09-24,22.2,21.198,21.2255,19.6375,24.8845,-10.79,6.99,0.91,19773873.0,0,1,0,1,1,0,0,0,0,0,0,0,0,0,0,0,0,0,0,0
ENRD,2026-09-24,3.83,4.291,4.9614,,,,1.32,-1.29,798098.0,0,0,0,0,0,0,0,0,0,0,0,0,0,0,0,0,0,0,0,0
ENS,2026-09-24,177.13,179.5283,187.0385,187.8107,242.6604,-27.0,3.23,-1.31,103397684.0,0,0,0,0,0,0,0,0,0,0,0,0,0,0,0,0,0,0,0,0
ENSC,2026-09-24,0.4,0.4404,0.3809,0.5249,2.57,-84.44,-10.71,-3.61,263193.0,0,0,0,0,1,0,0,0,0,0,0,0,0,0,0,0,0,0,0,0
ENSG,2026-09-24,173.28,173.7415,176.1832,181.7541,215.6714,-19.66,-2.57,-1.24,61553110.0,0,0,0,0,0,0,0,0,0,0,0,0,0,0,0,0,0,0,0,0
ENTA,2026-09-24,12.0,13.0935,13.1848,13.5607,16.85,-28.78,-5.51,0.42,3219857.0,0,0,0,0,0,0,0,0,0,0,0,0,0,0,0,0,0,0,0,0
ENTG,2026-09-24,148.63,137.9055,138.9352,129.777,183.8443,-19.15,14.16,-1.52,292847282.0,0,1,0,1,1,0,0,0,0,0,0,0,0,0,1,0,0,0,0,0
ENTX,2026-09-24,2.8,2.935,2.8382,1.7781,3.92,-28.57,-5.41,-0.36,1116345.0,0,1,0,0,0,0,0,0,0,0,0,0,0,0,0,0,0,0,0,0
ENVA,2026-09-24,171.9,208.969,232.1968,181.4541,265.45,-35.24,-0.14,2.1,78737598.0,0,0,0,0,0,0,0,0,0,0,1,0,0,0,0,0,0,0,0,0
ENVB,2026-09-24,1.545,1.4593,1.4466,2.4827,10.8,-85.69,3.69,-1.28,116322.0,0,0,0,1,1,1,0,0,0,0,0,0,0,0,0,0,0,0,0,0
ENVX,2026-09-24,2.96,3.1678,3.7402,5.8499,13.19,-77.56,0.68,0.68,18086881.0,0,0,0,0,0,0,0,0,0,0,0,0,0,0,0,0,0,0,0,0
EOCN,2026-09-24,3.62,3.8768,4.2039,5.1277,12.88,-71.89,6.16,0.0,147866.0,0,0,0,0,0,0,0,0,0,0,0,0,0,0,0,0,0,0,0,0
EOD,2026-09-24,6.34,6.4517,6.4358,6.0178,6.5784,-3.62,-0.63,-0.31,658573.0,1,1,1,0,0,0,0,0,0,0,0,0,0,0,0,0,0,0,0,0
EOG,2026-09-24,142.86,145.8145,144.4867,129.6912,153.74,-7.08,-1.43,0.72,493620996.0,1,1,0,0,0,0,0,0,0,0,0,0,0,0,0,0,0,0,0,0
EOI,2026-09-24,19.73,19.7504,19.7113,19.2673,20.0726,-1.71,1.7,-0.25,1208996.0,1,1,1,0,1,0,0,0,0,0,0,0,0,0,0,0,0,0,0,0
EOLS,2026-09-24,7.86,8.4435,7.5656,6.1288,9.3,-15.48,-1.63,-1.75,7472186.0,0,1,0,0,1,0,0,0,0,0,0,0,0,0,0,0,0,0,0,0
EONR,2026-09-24,0.516,0.5567,0.5249,0.5768,1.53,-66.27,-7.19,0.78,451930.0,0,0,0,0,0,0,0,0,0,0,0,0,0,0,0,0,0,0,0,0
EOS,2026-09-24,21.33,21.2711,21.3534,21.2404,22.3397,-4.52,2.25,-0.23,2863231.0,1,1,1,1,0,0,0,0,0,0,0,0,0,0,0,0,0,0,0,0
EOSE,2026-09-24,3.245,3.752,3.7876,7.7347,19.19,-83.09,-18.47,-9.36,103544864.0,0,0,0,0,0,0,0,0,0,0,0,0,0,0,0,0,0,0,0,0
EOT,2026-09-24,15.46,16.42,16.9099,16.8105,17.4981,-11.65,-2.64,-0.96,738468.0,0,0,0,0,0,0,0,0,0,0,1,0,0,0,0,0,0,0,0,1
EP,2026-09-24,2.26,2.7175,2.7134,2.8778,4.82,-53.11,-9.6,4.15,103394.0,0,0,0,0,0,0,0,0,0,0,0,0,1,0,0,0,0,0,0,0
EPAC,2026-09-24,36.04,36.2425,36.2242,37.083,43.02,-16.23,0.56,0.08,14982879.0,0,0,0,0,0,0,0,0,0,0,0,0,0,0,0,0,0,0,0,0
EPAM,2026-09-24,106.99,115.6605,105.8638,134.0091,221.4,-51.68,-8.69,-2.79,131785667.0,0,0,0,0,1,0,0,0,0,0,0,0,0,0,0,0,0,0,0,0
EPC,2026-09-24,27.33,27.6041,27.879,22.2674,29.4994,-7.35,2.05,0.92,16210416.0,1,1,0,0,0,0,0,0,0,0,0,0,0,0,0,0,0,0,0,0
EPD,2026-09-24,37.27,38.7705,38.3269,35.91,39.36,-5.31,-2.15,-0.8,95781056.0,0,1,0,0,0,0,0,0,0,0,0,0,0,0,0,0,0,0,0,0
EPM,2026-09-24,3.63,3.5727,3.5764,3.8151,4.6578,-22.07,3.21,0.83,2078108.0,0,0,0,1,1,0,0,0,0,0,0,0,0,0,0,0,0,0,0,0
EPOW,2026-09-24,5.73,8.6502,10.6696,17.3021,35.0,-83.63,-15.74,-9.26,2365039.0,0,0,0,0,0,0,0,0,0,0,1,0,0,0,0,0,0,0,0,1
EPR,2026-09-24,56.81,58.7004,60.2103,55.4283,63.6753,-10.78,-0.35,-0.19,52515095.0,0,1,0,0,0,0,0,0,0,0,0,0,0,0,0,0,0,0,0,0
EPRT,2026-09-24,26.47,28.7715,30.379,30.637,33.8825,-21.88,-1.19,-1.49,62298367.0,0,0,0,0,0,0,0,0,0,0,1,0,0,0,0,0,0,0,0,1
EPRX,2026-09-24,8.16,7.8278,7.0641,7.261,9.07,-10.03,0.87,0.25,4111767.0,0,1,0,1,1,1,0,0,0,0,0,0,0,0,0,0,0,0,0,0
EPSM,2026-09-24,1.42,1.403,1.4032,1.6015,37.63,-96.23,10.08,-0.7,1226253.0,0,0,0,1,1,0,0,0,0,0,0,0,0,0,1,0,0,0,0,0
EPSN,2026-09-24,6.03,6.0811,5.7777,5.4141,6.3528,-5.08,2.2,2.73,1054199.0,1,1,0,0,1,0,0,0,0,0,0,0,0,0,0,0,0,0,0,0
EQ,2026-09-24,1.72,2.1525,2.267,2.0551,3.2,-46.25,-7.53,-1.71,941276.0,0,0,0,0,0,0,0,0,0,0,0,0,0,0,0,0,0,0,0,0
EQBK,2026-09-24,48.17,49.5375,50.2156,46.861,51.73,-6.88,-2.11,0.77,5018479.0,1,1,0,0,0,0,0,0,0,0,0,0,0,0,0,0,0,0,0,0
EQH,2026-09-24,52.61,52.303,50.6735,44.6214,54.04,-2.65,-2.36,0.65,169944166.0,1,1,1,1,1,1,0,0,0,0,0,0,0,0,0,0,0,0,0,0
EQIX,2026-09-24,1034.76,1035.7725,1041.6599,970.1584,1110.6332,-6.83,1.83,-0.28,531829731.0,1,1,0,0,0,0,0,0,0,0,0,0,0,0,0,0,0,0,0,0
EQNR,2026-09-24,43.17,43.4805,41.2148,34.1814,45.75,-5.64,-2.33,0.63,138999537.0,1,1,0,0,1,0,0,0,0,0,0,0,0,0,0,0,0,0,0,0
EQPT,2026-09-24,16.32,17.998,18.6587,,34.63,-52.87,-7.17,-9.73,56797695.0,0,0,0,0,0,0,0,0,0,0,0,0,0,0,0,0,0,1,0,0
EQS,2026-09-24,0.95,0.996,1.0832,1.336,2.44,-61.07,-3.06,-3.06,14940.0,0,0,0,0,0,0,0,0,0,0,0,0,0,0,0,0,0,0,0,0
EQT,2026-09-24,51.87,53.468,52.8741,55.5006,67.5273,-23.19,2.9,1.59,385689295.0,0,0,0,0,0,0,0,0,0,0,0,0,0,0,0,0,0,0,0,0
EQX,2026-09-24,11.73,12.483,11.3315,13.1762,18.6822,-37.21,1.3,-2.66,159829680.0,0,0,0,0,1,0,0,0,0,0,0,0,0,0,0,0,0,0,0,0
ERAS,2026-09-24,14.52,16.2703,17.5977,13.5881,22.47,-35.38,-5.47,4.12,81680276.0,0,1,0,0,0,0,0,0,0,0,0,1,1,0,0,0,0,0,0,0
ERC,2026-09-24,8.64,9.0068,9.04,8.8338,9.265,-6.75,-2.48,-1.03,543619.0,0,0,0,0,0,0,0,0,0,0,1,0,0,0,0,0,0,0,0,0
ERH,2026-09-24,10.34,11.0445,11.4052,11.5152,12.3146,-16.03,-2.91,-1.52,308005.0,0,0,0,0,0,0,0,0,0,0,1,0,0,0,0,0,0,0,0,1
ERIC,2026-09-24,9.51,10.0515,9.9982,10.8408,13.74,-30.79,-5.18,-2.26,87614541.0,0,0,0,0,0,0,0,0,0,0,0,0,0,0,0,0,0,0,0,0
ERIE,2026-09-24,218.96,247.257,244.7386,249.2588,324.5125,-32.53,-10.84,-3.02,75767241.0,0,0,0,0,0,0,0,0,0,0,1,0,0,0,0,0,0,0,0,0
ERII,2026-09-24,6.83,7.388,7.95,10.5942,18.11,-62.29,-3.8,0.44,8135275.0,0,0,0,0,0,0,0,0,0,0,0,0,0,0,0,0,0,0,0,0
ERNA,2026-09-24,3.62,4.199,4.3764,11.3244,47.0,-92.3,-7.42,-0.82,191213.0,0,0,0,0,0,0,0,0,0,0,0,0,0,0,0,0,0,0,0,0
ERO,2026-09-24,37.11,35.783,32.7546,29.636,40.4,-8.14,14.96,1.73,49891638.0,0,1,0,1,1,1,0,0,0,0,0,0,0,0,1,0,0,0,0,0
EROC,2026-09-24,12.06,12.3215,12.24,,,,-1.23,-3.67,31641008.0,0,0,0,0,0,0,0,0,0,0,0,0,0,0,0,0,0,0,0,0
EROK,2026-09-24,22.01,24.629,23.7602,,,,-7.87,-0.36,2845749.0,0,0,0,0,0,0,0,0,0,0,0,0,0,0,0,0,0,0,0,0
ES,2026-09-24,63.8,68.4186,70.569,68.7583,74.5127,-14.38,-4.88,-1.71,155413133.0,0,0,0,0,0,0,0,0,0,0,1,0,0,0,0,0,0,0,0,0
ESAB,2026-09-24,67.89,71.666,80.2624,99.4754,134.514,-49.53,2.12,0.83,63672889.0,0,0,0,0,0,0,0,0,0,0,0,0,0,0,0,0,0,0,0,0
ESCA,2026-09-24,19.31,19.874,20.1562,17.2281,22.6,-14.56,-1.63,1.21,564097.0,1,1,0,0,0,0,0,0,0,0,0,0,0,0,0,0,0,0,0,0
ESE,2026-09-24,268.42,269.1555,293.9198,280.2437,354.8165,-24.35,3.65,0.84,64847650.0,0,0,0,0,0,0,0,0,0,0,0,0,0,0,0,0,0,0,0,0
ESEA,2026-09-24,71.03,74.7762,74.4066,65.2196,78.5387,-9.56,-4.5,-0.75,2983672.0,0,1,0,0,0,0,0,0,0,0,0,0,0,0,0,0,0,0,0,0
ESI,2026-09-24,34.5,34.4134,36.1315,35.5229,48.9795,-29.56,7.48,-2.73,192396641.0,0,0,0,1,0,0,0,0,0,0,0,0,0,0,0,0,0,0,0,0
ESLA,2026-09-24,0.471,0.6274,0.6996,1.1267,3.05,-84.56,-26.41,-0.21,25296.0,0,0,0,0,0,0,0,0,0,0,1,0,0,0,0,0,0,0,0,1
ESLT,2026-09-24,739.72,723.3605,762.3558,765.433,1011.9257,-26.9,0.21,-0.37,49384545.0,0,0,0,1,0,0,0,0,0,0,0,0,0,0,0,0,0,0,0,0
ESNT,2026-09-24,64.26,67.9682,67.31,62.3708,69.63,-7.71,-5.25,-1.82,50985717.0,0,1,0,0,0,0,0,0,0,0,1,0,0,0,0,0,0,0,0,0
ESOA,2026-09-24,11.09,11.3275,13.1682,13.4202,19.34,-42.66,0.0,2.69,1383480.0,0,0,0,0,0,0,0,0,0,0,0,0,0,0,0,0,0,0,0,0
ESP,2026-09-24,63.25,62.3887,60.8751,57.3708,70.8106,-10.68,1.67,0.65,2034471.0,1,1,0,1,1,1,0,0,0,0,0,0,0,0,0,0,0,1,0,0
ESQ,2026-09-24,123.17,118.4255,122.0475,112.0832,132.718,-7.19,1.69,1.49,26131355.0,0,1,0,1,1,0,0,0,0,0,0,0,0,0,0,0,0,0,0,0
ESRT,2026-09-24,4.16,4.302,4.7622,5.486,7.7626,-46.41,1.71,0.73,18347525.0,0,0,0,0,0,0,0,0,0,0,0,0,0,0,0,0,0,0,0,0
ESS,2026-09-24,271.65,276.3005,283.9474,264.9874,298.33,-8.94,0.11,-0.67,165588513.0,1,1,0,0,0,0,0,0,0,0,0,0,0,0,0,0,0,0,0,0
ESTA,2026-09-24,65.58,71.0955,79.1286,73.4775,95.65,-31.44,-7.84,-3.22,23156125.0,0,0,0,0,0,0,0,0,0,0,0,0,0,0,0,0,0,0,0,0
ESTC,2026-09-24,91.28,88.7865,78.5098,64.57,99.91,-8.64,7.35,0.0,268631975.0,1,1,0,1,1,1,0,0,0,0,0,0,0,0,0,0,0,0,0,0
ESYN,2026-09-24,2.58,2.0646,1.7609,1.4826,3.12,-17.31,29.0,12.17,225790.0,0,1,0,1,1,1,0,0,0,0,0,0,1,1,1,0,0,0,0,0
ETB,2026-09-24,15.44,15.4826,15.3903,14.8029,15.7118,-1.73,1.11,-0.39,792188.0,1,1,1,0,1,0,0,0,0,0,0,0,0,0,0,0,0,0,0,0
ETD,2026-09-24,21.05,21.4237,20.5494,19.1951,23.8784,-11.84,-2.64,0.14,14435116.0,1,1,0,0,1,0,0,0,0,0,0,0,0,0,0,0,0,0,0,0
ETG,2026-09-24,23.09,23.5092,23.4977,22.1705,24.2942,-4.96,1.14,-0.39,1888432.0,1,1,1,0,0,0,0,0,0,0,0,0,0,0,0,0,0,0,0,0
ETJ,2026-09-24,8.24,8.2993,8.3147,8.1809,8.4435,-2.41,1.48,-0.48,928143.0,1,1,1,0,0,0,0,0,0,0,0,0,0,0,0,0,0,0,0,0
ETN,2026-09-24,440.0,411.666,417.2928,384.1854,459.96,-4.34,10.61,0.28,856513010.0,0,1,1,1,1,0,0,0,0,0,0,0,0,0,1,0,0,0,0,0
ETO,2026-09-24,30.33,30.9454,30.8923,29.1423,31.9189,-4.98,0.33,-0.39,590441.0,1,1,1,0,0,0,0,0,0,0,0,0,0,0,0,0,0,0,0,0
ETON,2026-09-24,59.49,58.5635,52.5718,30.7237,64.43,-7.67,5.57,6.98,28510271.0,1,1,0,1,1,1,0,0,0,0,0,0,1,1,0,0,0,0,0,0
ETOR,2026-09-24,26.81,30.1,32.3486,34.2518,43.93,-38.97,-5.1,-1.36,31574084.0,0,0,0,0,0,0,0,0,0,0,0,0,0,0,0,0,0,0,0,0
ETR,2026-09-24,98.16,104.7265,107.2842,105.079,116.6636,-15.86,-4.07,-1.08,297721088.0,0,0,0,0,0,0,0,0,0,0,1,0,0,0,0,0,0,0,0,0
ETS,2026-09-24,1.63,1.38,1.1794,0.729,2.6,-37.31,-20.87,2.52,953379.0,0,1,0,1,1,1,0,0,0,0,0,0,0,0,0,0,0,0,1,0
ETSS,2026-09-24,9.92,9.931,9.9018,,,,-0.2,0.0,1048627.0,0,0,0,0,1,0,0,0,0,0,0,0,0,0,0,0,0,0,0,0
ETSY,2026-09-24,68.98,76.1495,80.0128,65.0747,87.03,-20.74,-6.1,-6.4,245755718.0,0,1,0,0,0,0,0,0,0,0,0,0,0,0,0,0,0,0,0,0
ETV,2026-09-24,15.24,15.1969,14.9368,14.1661,15.48,-1.55,1.94,-0.78,2126954.0,1,1,1,1,1,1,0,0,0,0,0,0,0,0,0,0,0,0,0,0
ETW,2026-09-24,9.54,9.6849,9.5887,9.0707,9.8522,-3.17,-0.21,-0.93,2626947.0,1,1,1,0,0,0,0,0,0,0,0,0,0,0,0,0,0,0,0,0
ETX,2026-09-24,17.64,17.9199,18.0765,18.2705,18.8205,-6.27,-1.4,0.86,442848.0,0,0,0,0,0,0,0,0,0,0,0,1,0,0,0,0,0,0,0,0
ETY,2026-09-24,14.07,14.1881,14.2395,14.1646,14.7329,-4.5,1.3,0.14,4413012.0,0,0,1,0,0,0,0,0,0,0,0,0,0,0,0,0,0,0,0,0
EU,2026-09-24,1.22,1.15,1.1696,1.8829,4.07,-70.02,38.64,0.0,8399503.0,0,0,0,1,1,0,0,0,0,0,0,0,0,0,1,0,0,0,0,0
EUDA,2026-09-24,16.42,15.1015,15.2753,19.5994,77.8,-78.89,-0.99,-5.25,456534.0,0,0,0,1,1,0,0,0,0,0,0,0,0,0,0,0,0,0,0,0
EURK,2026-09-24,11.55,11.5679,11.8323,11.423,12.88,-10.33,0.52,0.43,205747.0,1,1,0,0,0,0,0,0,0,0,0,0,0,0,0,0,0,0,0,0
EVAC,2026-09-24,10.3,10.2973,10.2675,10.1456,10.31,-0.1,0.19,-0.1,1166801.0,1,1,1,1,1,1,0,0,0,0,0,0,0,0,0,0,0,0,0,0
EVAX,2026-09-24,3.26,3.136,3.0894,3.7955,11.01,-70.39,7.59,-0.61,182105.0,0,0,0,1,1,1,0,0,0,0,0,0,0,0,0,0,0,0,0,0
EVC,2026-09-24,7.8,8.1108,9.3125,6.2261,13.397,-41.78,-1.14,-1.02,8893201.0,0,1,0,0,0,0,0,0,0,0,0,0,0,0,0,0,0,0,0,0
EVCM,2026-09-24,8.32,7.9395,9.7541,10.7027,13.4,-37.91,4.65,0.0,1408345.0,0,0,0,1,0,0,0,0,0,0,0,0,0,0,0,0,0,0,0,0
EVER,2026-09-24,18.06,23.7355,24.6814,21.1971,27.87,-35.2,-22.62,2.44,16241149.0,0,0,0,0,0,0,0,0,0,0,1,0,0,0,0,0,0,0,0,0
EVEX,2026-09-24,2.09,2.172,2.3876,3.0553,5.06,-58.7,5.03,0.48,1984558.0,0,0,0,0,0,0,0,0,0,0,0,0,0,0,0,0,0,0,0,0
EVF,2026-09-24,4.83,4.8937,4.9107,4.8961,5.1077,-5.44,-0.82,-0.82,312160.0,0,0,0,0,0,0,0,0,0,0,0,0,0,0,0,0,0,0,0,0
EVG,2026-09-24,9.93,10.3864,10.4561,10.386,10.6741,-6.97,-2.74,-0.9,363132.0,0,0,0,0,0,0,0,0,0,0,1,0,0,0,0,0,0,0,0,1
EVGN,2026-09-24,0.42,0.507,0.547,0.7547,1.46,-71.23,-16.0,-6.67,98613.0,0,0,0,0,0,0,0,0,0,0,0,0,0,0,0,0,0,0,0,0
EVGO,2026-09-24,1.33,1.398,1.5102,2.1843,5.01,-73.45,-4.32,-2.21,6345196.0,0,0,0,0,0,0,0,0,0,0,0,0,0,0,0,0,0,0,0,0
EVH,2026-09-24,3.52,4.11,4.2782,3.8475,9.61,-63.37,-5.88,-2.76,9663712.0,0,0,0,0,0,0,0,0,0,0,1,0,0,0,0,0,0,0,0,0
EVI,2026-09-24,19.62,15.82,15.34,19.1917,33.91,-42.14,13.87,-0.56,903007.0,0,1,0,1,1,1,0,0,0,0,0,0,0,0,1,0,0,0,0,0
EVLV,2026-09-24,4.9,5.0547,5.3969,5.9707,8.6,-43.02,-2.87,0.41,10517731.0,0,0,0,0,0,0,0,0,0,0,0,0,0,0,0,0,0,0,0,0
EVMN,2026-09-24,8.8,11.178,12.1778,19.3229,31.57,-72.13,-6.08,0.34,8180180.0,0,0,0,0,0,0,0,0,0,0,1,0,0,0,0,0,0,0,0,0
EVN,2026-09-24,9.75,10.3719,10.5351,10.4931,11.1007,-12.17,-3.94,-1.52,749231.0,0,0,0,0,0,0,0,0,0,0,1,0,0,0,0,0,0,1,0,1
EVO,2026-09-24,1.53,1.756,1.885,2.7459,4.15,-63.13,-6.13,-0.65,242364.0,0,0,0,0,0,0,0,0,0,0,1,0,0,0,0,0,0,0,0,1
EVOX,2026-09-24,10.12,10.1185,10.0896,10.0097,10.13,-0.1,0.0,0.0,524986.0,1,1,1,1,1,1,0,0,0,0,0,0,0,0,0,0,0,0,0,0
EVR,2026-09-24,256.93,279.7826,301.3316,325.8408,379.9941,-32.39,-1.87,-1.14,132686026.0,0,0,0,0,0,0,0,0,0,0,1,0,0,0,0,0,0,0,0,1
EVRG,2026-09-24,77.66,80.7465,82.3452,79.7551,87.4002,-11.14,-3.4,-0.97,180549842.0,0,0,0,0,0,0,0,0,0,0,0,0,0,0,0,0,0,0,0,0
EVT,2026-09-24,27.99,28.4584,28.2723,25.7507,29.315,-4.52,1.01,-0.99,2341840.0,1,1,1,0,0,0,0,0,0,0,0,0,0,0,0,0,0,0,0,0
EVTC,2026-09-24,28.2,29.0755,29.8906,28.2341,34.2413,-17.64,-0.32,2.29,13037056.0,0,0,0,0,0,0,0,0,0,0,0,0,0,0,0,0,0,0,0,0
EVTL,2026-09-24,0.677,0.6239,0.9342,2.9374,7.28,-90.7,12.09,-0.88,3756615.0,0,0,0,1,0,0,0,0,0,0,0,0,0,0,1,0,0,0,0,0
EVV,2026-09-24,8.41,8.8236,8.9574,9.0988,9.4297,-10.81,-2.89,-0.83,4630463.0,0,0,0,0,0,0,0,0,0,0,1,0,0,0,0,0,0,0,0,1
EW,2026-09-24,85.73,88.2455,88.3196,85.0378,95.18,-9.93,-3.98,-1.26,285081439.0,1,1,0,0,0,0,0,0,0,0,0,0,0,0,0,0,0,0,0,0
EWBC,2026-09-24,125.62,128.2435,130.5093,120.1785,136.6,-8.04,-0.44,0.91,106626068.0,1,1,0,0,0,0,0,0,0,0,0,0,0,0,0,0,0,0,0,0
EWTX,2026-09-24,41.16,43.483,42.6669,34.2006,48.35,-14.87,-9.42,0.27,58902780.0,0,1,0,0,0,0,0,0,0,0,0,0,0,0,0,0,0,0,0,0
EXC,2026-09-24,40.2,42.9126,44.3644,44.9705,49.3516,-18.54,-5.28,-1.2,331379536.0,0,0,0,0,0,0,0,0,0,0,1,0,0,0,0,0,0,0,0,1
EXE,2026-09-24,88.62,94.458,93.3033,98.4528,120.7623,-26.62,-0.14,1.82,284096301.0,0,0,0,0,0,0,0,0,0,0,0,1,0,0,0,0,0,0,0,0
EXEL,2026-09-24,57.95,57.11,55.4614,48.5027,59.13,-2.0,2.06,2.15,123442252.0,1,1,1,1,1,1,0,0,0,0,0,0,0,0,0,0,0,0,0,0
EXFY,2026-09-24,2.26,2.3705,2.2034,1.4817,2.72,-16.91,-1.74,-3.83,1277789.0,0,1,0,0,1,0,0,0,0,0,0,0,0,0,0,0,0,0,0,0
EXG,2026-09-24,9.52,9.7362,9.717,9.1853,9.9755,-4.57,0.11,-0.42,3554026.0,1,1,1,0,0,0,0,0,0,0,0,0,0,0,0,0,0,0,0,0
EXK,2026-09-24,9.16,10.421,9.5924,9.9393,14.12,-35.13,-3.88,-1.08,87610925.0,0,0,0,0,0,0,0,0,0,0,0,0,0,0,0,0,0,0,0,0
EXLS,2026-09-24,35.16,36.263,34.2614,33.2418,44.03,-20.15,-1.92,0.95,71154641.0,0,1,0,0,1,0,0,0,0,0,0,0,0,0,0,0,0,0,0,0
EXOD,2026-09-24,7.95,7.211,6.4276,8.896,32.0,-75.16,25.79,1.79,817537.0,0,0,0,1,1,1,0,0,0,0,0,0,0,0,1,0,0,0,0,0
EXOZ,2026-09-24,6.335,6.5493,5.9674,8.7425,16.5,-61.61,2.84,-0.71,44880.0,0,0,0,0,1,0,0,0,0,0,0,0,0,0,0,0,0,0,0,0
EXP,2026-09-24,177.43,187.051,200.0511,208.3902,240.6438,-26.27,-1.12,-0.51,77961392.0,0,0,0,0,0,0,0,0,0,0,1,0,0,0,0,0,0,0,0,0
EXPD,2026-09-24,183.66,189.3955,183.5878,160.9452,193.9,-5.28,-2.85,-2.32,182986142.0,0,1,0,0,1,0,0,0,0,0,0,0,0,0,0,0,0,0,0,0
EXPE,2026-09-24,261.75,292.5195,297.534,259.442,338.6418,-22.71,-8.79,1.05,596315760.0,0,1,0,0,0,0,0,0,0,0,0,0,0,0,0,0,0,0,0,0
EXPO,2026-09-24,64.46,68.4236,66.7699,66.1444,78.6933,-18.09,-5.22,-1.45,32621634.0,0,0,0,0,0,0,0,0,0,0,0,0,0,0,0,0,0,0,0,0
EXR,2026-09-24,132.23,137.5653,142.7275,138.5425,151.0737,-12.47,-3.08,-1.2,198032322.0,0,0,0,0,0,0,0,0,0,0,0,0,0,0,0,0,0,0,0,0
EXTR,2026-09-24,21.64,22.08,24.9938,21.2464,33.71,-35.81,-1.14,-1.77,29664853.0,1,1,0,0,0,0,0,0,0,0,0,0,0,0,0,0,0,0,0,0
EXYN,2026-09-24,2.42,2.8275,2.7322,,,,-6.2,-3.59,1075164.0,0,0,0,0,0,0,0,0,0,0,0,0,0,0,0,0,0,0,0,0
EYE,2026-09-24,16.41,16.9718,19.1077,22.8083,29.46,-44.3,-0.24,0.31,38736629.0,0,0,0,0,0,0,0,0,0,0,0,0,0,0,0,0,0,0,0,0
EYPT,2026-09-24,3.65,4.2545,8.3578,13.0042,18.85,-80.64,5.8,-1.88,16010242.0,0,0,0,0,0,0,0,0,0,0,0,0,0,0,0,0,0,0,0,0
EZGO,2026-09-24,1.09,0.8972,0.984,127.29,840.0,-99.87,25.43,28.99,241197.0,0,0,0,1,1,0,1,0,0,0,0,0,1,1,1,1,0,1,0,0
EZPW,2026-09-24,30.29,32.1,31.047,28.201,35.59,-14.89,-1.46,0.33,24285316.0,0,1,0,0,0,0,0,0,0,0,0,0,0,0,0,0,0,0,0,0
EZRA,2026-09-24,2.7,2.7395,2.5069,8.2008,41.516,-93.5,0.75,0.37,126664.0,0,0,0,0,1,0,0,0,0,0,0,0,0,0,0,0,0,0,0,0
F,2026-09-24,12.6,13.671,13.9606,13.2894,17.2531,-26.97,-7.42,-2.63,668118463.0,0,0,0,0,0,0,0,0,0,0,0,0,0,0,0,0,0,0,0,0
FA,2026-09-24,19.92,20.8325,21.035,15.7083,24.12,-17.41,-7.61,-0.4,28379314.0,0,1,0,0,0,0,0,0,0,0,0,0,0,0,0,0,0,0,0,0
FABC,2026-09-24,2.31,2.4395,2.5908,2.984,6.15,-62.44,2.67,0.87,360848.0,0,0,0,0,0,0,0,0,0,0,0,0,0,0,0,0,0,0,0,0
FAC,2026-09-24,6.04,5.3795,5.375,9.3886,21.94,-72.47,20.8,-6.21,2448821.0,0,0,0,1,1,1,0,0,0,0,0,0,0,0,1,0,0,0,0,0
FACT,2026-09-24,10.73,10.7087,10.6807,10.5683,10.735,-0.05,0.19,-0.05,55526.0,0,1,1,1,1,1,0,0,0,0,0,0,0,0,0,0,0,0,0,0
FAF,2026-09-24,65.6,72.0435,72.9046,66.7272,79.16,-17.13,-7.75,-3.66,62316762.0,0,0,0,0,0,0,0,0,0,0,1,0,0,0,0,0,0,0,0,0
FAMI,2026-09-24,0.13,0.1245,0.1396,0.9453,1.99,-93.47,0.0,0.0,10270510.0,0,0,0,1,0,0,0,0,0,0,0,0,0,0,0,0,0,0,0,0
FANG,2026-09-24,189.01,199.2485,198.8834,182.0283,211.53,-10.65,-2.84,1.81,643268293.0,0,1,0,0,0,0,0,0,0,0,0,0,0,0,0,0,0,0,0,0
FAST,2026-09-24,50.73,49.5415,49.1853,45.5732,52.38,-3.15,3.47,-0.51,324091650.0,1,1,1,1,1,1,0,0,0,0,0,0,0,0,0,0,0,0,0,0
FATE,2026-09-24,2.33,2.438,2.5268,1.8067,3.11,-25.08,-4.51,-4.12,3318019.0,0,1,0,0,0,0,0,0,0,0,0,0,0,0,0,0,0,0,0,0
FATN,2026-09-24,5.45,5.766,5.7503,3.7917,7.96,-31.53,-1.27,3.81,446089.0,0,1,0,0,0,0,0,0,0,0,0,0,1,0,0,0,0,0,0,0
FAX,2026-09-24,13.53,14.1412,14.1719,14.0726,14.9791,-9.67,-0.98,-1.24,1995871.0,0,0,0,0,0,0,0,0,0,0,0,0,0,0,0,0,0,0,0,0
FBGL,2026-09-24,0.373,0.3945,0.4475,0.6503,1.38,-72.97,-4.36,-7.9,2251150.0,0,0,0,0,0,0,0,0,0,0,0,0,0,0,0,0,0,0,0,0
FBIN,2026-09-24,37.99,41.5905,46.0095,46.2046,63.3031,-39.99,-3.94,-2.66,88753730.0,0,0,0,0,0,0,0,0,0,0,1,0,0,0,0,0,0,0,0,0
FBIO,2026-09-24,2.28,2.596,2.8746,2.9978,4.38,-47.95,-7.32,-2.56,778686.0,0,0,0,0,0,0,0,0,0,0,1,0,0,0,0,0,0,0,0,0
FBIZ,2026-09-24,70.2,71.341,69.8323,59.8052,72.85,-3.64,-2.04,1.27,4507803.0,1,1,1,0,1,0,0,0,0,0,0,0,0,0,0,0,0,1,0,0
FBK,2026-09-24,52.81,55.309,58.0861,55.7185,62.08,-14.93,-2.47,0.32,31884339.0,0,0,0,0,0,0,0,0,0,0,1,0,0,0,0,0,0,0,0,0
FBLA,2026-09-24,16.26,15.9437,15.7225,14.2025,16.26,0.0,0.56,0.87,1926870.0,1,1,1,1,1,1,0,0,1,0,0,0,0,0,0,0,0,0,0,0
FBLG,2026-09-24,1.36,1.5942,1.2027,3.0056,12.24,-88.89,-4.9,2.26,482460.0,0,0,0,0,1,0,0,0,0,0,0,0,0,0,0,0,0,0,0,0
FBNC,2026-09-24,62.8,63.682,64.1572,59.0931,66.34,-5.34,0.29,0.93,14326890.0,1,1,0,0,0,0,0,0,0,0,0,0,0,0,0,0,0,0,0,0
FBP,2026-09-24,26.79,27.7995,28.202,23.8827,29.4888,-9.15,-3.11,0.37,38827715.0,0,1,0,0,0,0,0,0,0,0,0,0,0,0,0,0,0,0,0,0
FBRT,2026-09-24,7.3,8.011,7.9674,8.618,10.1774,-28.27,-5.56,-2.14,20306351.0,0,0,0,0,0,0,0,0,0,0,0,0,0,0,0,0,0,0,0,1
FBYD,2026-09-24,6.75,7.676,9.3365,11.126,20.8,-67.55,-3.71,1.05,1164386.0,0,0,0,0,0,0,0,0,0,0,0,0,0,0,0,0,0,0,0,0
FC,2026-09-24,17.27,18.5335,19.9114,19.5296,25.55,-32.41,-3.03,0.41,1150739.0,0,0,0,0,0,0,0,0,0,0,0,0,0,0,0,0,0,0,0,0
FCAP,2026-09-24,61.15,62.2182,62.5427,57.0994,68.5571,-10.8,-0.36,-1.12,1358705.0,1,1,0,0,0,0,0,0,0,0,0,0,0,0,0,0,0,0,0,0
FCBC,2026-09-24,47.43,47.8775,47.7786,41.4461,49.55,-4.28,1.09,1.43,4893494.0,1,1,1,0,0,0,0,0,0,0,0,0,0,0,0,0,0,0,0,0
FCBM,2026-09-24,12.71,12.759,12.6966,,,,-1.93,-0.16,3221388.0,0,0,0,0,1,0,0,0,0,0,0,0,0,0,0,0,0,0,0,0
FCCO,2026-09-24,32.65,33.6465,33.7155,30.8263,34.8377,-6.28,-2.83,1.24,2491682.0,1,1,0,0,0,0,0,0,0,0,0,0,0,0,0,0,0,1,0,0
FCEL,2026-09-24,16.39,16.623,18.994,14.0696,36.01,-54.48,-7.45,-4.6,114040527.0,1,1,0,0,0,0,0,0,0,0,0,0,0,0,0,0,0,0,0,0
FCF,2026-09-24,20.94,21.038,21.1414,18.7869,21.8067,-3.97,-1.27,1.55,19041823.0,1,1,1,0,0,0,0,0,0,0,0,0,0,0,0,0,0,0,0,0
FCFS,2026-09-24,216.4,220.765,214.6192,199.8216,236.43,-8.47,-1.5,-0.03,90714461.0,1,1,0,0,1,0,0,0,0,0,0,0,0,0,0,0,0,0,0,0
FCHL,2026-09-24,0.97,1.0226,1.0913,46.4509,481.5,-99.8,-5.83,-4.9,440960.0,0,0,0,0,0,0,0,0,0,0,0,0,0,0,0,0,0,0,0,0
FCN,2026-09-24,130.45,147.235,152.991,163.5483,187.03,-30.25,-10.12,-2.28,58464007.0,0,0,0,0,0,0,0,0,0,0,1,0,0,0,0,0,0,0,0,1
FCNCA,2026-09-24,2056.8301,2146.0644,2168.6009,2055.5522,2289.137,-10.15,-2.04,0.86,143342059.0,0,1,0,0,0,0,0,0,0,0,0,0,0,0,0,0,0,0,0,0
FCPT,2026-09-24,22.14,23.9897,24.7963,24.0843,26.236,-15.61,-3.99,-0.45,25818232.0,0,0,0,0,0,0,0,0,0,0,1,0,0,0,0,0,0,1,0,0
FCRS,2026-09-24,10.229,10.2407,10.2347,10.1727,10.3,-0.69,-0.25,-0.11,1083949.0,1,1,1,0,0,0,0,0,0,0,0,0,0,0,0,0,0,0,0,0
FCUV,2026-09-24,4.73,8.3495,6.8217,19.9504,195.2,-97.58,-8.69,-1.87,3505934.0,0,0,0,0,0,0,0,0,0,0,0,0,0,0,0,0,0,0,0,0
FCX,2026-09-24,72.08,73.18,69.0762,62.5476,79.91,-9.8,4.1,-0.69,930063760.0,1,1,0,0,1,0,0,0,0,0,0,0,0,0,0,0,0,0,0,0
FDBC,2026-09-24,54.71,54.3805,53.5536,47.2625,56.72,-3.54,-0.05,1.37,630698.0,1,1,1,1,1,1,0,0,0,0,0,0,0,0,0,0,0,0,0,0
FDMT,2026-09-24,14.71,14.484,12.9294,10.3161,16.76,-12.23,6.9,-1.93,13096734.0,1,1,0,1,1,1,0,0,0,0,0,0,0,0,0,0,0,0,0,0
FDS,2026-09-24,271.25,288.2084,279.3802,247.8758,313.55,-13.49,-1.87,-2.93,249807599.0,0,1,0,0,0,0,0,0,0,0,0,0,0,0,0,0,0,0,0,0
FDSB,2026-09-24,17.82,18.3722,18.0631,15.8645,18.69,-4.65,-3.41,-1.82,93684.0,0,1,1,0,0,0,0,0,0,0,0,0,0,0,0,0,0,0,0,0
FDUS,2026-09-24,19.09,19.1686,19.3065,17.9634,20.15,-5.26,-0.83,0.05,6070628.0,1,1,0,0,0,0,0,0,0,0,0,0,0,0,0,0,0,0,0,0
FDX,2026-09-24,279.54,312.2426,315.9219,294.6407,338.023,-17.3,-7.35,-4.1,496645598.0,0,0,0,0,0,0,0,0,0,0,1,0,0,0,0,0,0,0,0,0
FDXF,2026-09-24,113.81,125.9975,136.9614,,,,-6.51,-4.54,208014820.0,0,0,0,0,0,0,0,0,0,0,0,0,0,0,0,0,0,0,0,0
FE,2026-09-24,43.19,45.768,46.9351,46.7326,50.8757,-15.11,-4.83,-1.05,191306321.0,0,0,0,0,0,0,0,0,0,0,1,0,0,0,0,0,0,0,0,0
FEAM,2026-09-24,2.775,1.7843,1.5557,2.014,7.035,-60.55,57.67,5.11,1432176.0,0,1,0,1,1,1,0,0,0,0,0,0,1,1,1,0,0,0,0,0
FEBO,2026-09-24,0.661,0.7093,0.7561,1.001,1.4,-52.79,-7.55,1.54,100509.0,0,0,0,0,0,0,0,0,0,0,0,0,0,0,0,0,0,0,0,0
FEDU,2026-09-24,9.4,10.0556,9.2587,10.2693,14.73,-36.18,-6.09,-8.05,2929.0,0,0,0,0,1,0,0,0,0,0,0,0,0,0,0,0,0,0,0,0
FEIM,2026-09-24,84.54,72.2725,70.0974,59.0507,89.0,-5.01,-0.07,0.38,28372146.0,0,1,0,1,1,1,0,0,0,0,0,0,0,0,0,0,0,0,0,0
FELE,2026-09-24,96.84,98.047,102.5928,99.6914,109.77,-11.78,0.77,0.56,27958433.0,0,0,0,0,0,0,0,0,0,0,0,0,0,0,0,0,0,0,0,0
FEMY,2026-09-24,2.43,2.811,2.8692,7.8392,20.8,-88.32,-4.33,-5.81,316384.0,0,0,0,0,0,0,0,0,0,0,0,0,0,0,0,0,0,0,0,0
FENC,2026-09-24,10.62,11.4775,11.0881,8.8225,12.78,-16.9,0.66,1.05,2865397.0,0,1,0,0,0,0,0,0,0,0,0,0,0,0,0,0,0,0,0,0
FENG,2026-09-24,1.45,1.4695,1.4816,1.6891,3.13,-53.67,0.69,0.0,3447.0,0,0,0,0,0,0,0,0,0,0,0,0,0,0,0,0,0,1,0,0
FER,2026-09-24,55.38,56.708,61.2213,65.8457,73.6583,-24.82,0.47,0.18,79969787.0,0,0,0,0,0,0,0,0,0,0,0,0,0,0,0,0,0,0,0,0
FERA,2026-09-24,10.53,10.5145,10.4808,10.371,10.54,-0.09,0.1,0.1,254281.0,0,1,1,1,1,1,1,0,0,0,0,0,0,0,0,0,1,0,0,0
FERG,2026-09-24,220.17,222.237,232.4525,236.4749,265.6917,-17.13,2.72,-0.45,307083585.0,0,0,0,0,0,0,0,0,0,0,0,0,0,0,0,0,0,0,0,0
FET,2026-09-24,83.64,81.222,73.5968,56.5788,86.31,-3.09,2.47,1.16,16001872.0,1,1,1,1,1,1,0,0,0,0,0,0,0,0,0,0,0,0,0,0
FF,2026-09-24,5.14,5.3615,5.2334,4.2672,6.358,-19.16,-4.99,-0.96,2078748.0,0,1,0,0,0,0,0,0,0,0,0,0,0,0,0,0,0,0,0,0
FFA,2026-09-24,22.24,22.603,22.5893,21.3675,23.2153,-4.2,-0.1,-0.58,390695.0,1,1,1,0,0,0,0,0,0,0,0,0,0,0,0,0,0,0,0,0
FFAI,2026-09-24,1.31,1.7935,4.6404,63.6996,247.5,-99.47,-25.99,-5.76,1867427.0,0,0,0,0,0,0,0,0,0,0,1,0,0,0,0,0,0,0,0,1
FFBC,2026-09-24,31.55,32.3283,33.2017,29.7872,35.8917,-12.1,-1.96,1.06,27246241.0,1,1,0,0,0,0,0,0,0,0,0,0,0,0,0,0,0,0,0,0
FFIN,2026-09-24,32.17,32.9015,33.9283,32.1051,36.2578,-11.27,-3.45,0.78,23688625.0,1,1,0,0,0,0,0,0,0,0,0,0,0,0,0,0,0,0,0,0
FFIV,2026-09-24,446.55,413.5145,406.0176,338.5218,455.99,-2.07,5.42,-2.07,230450918.0,0,1,1,1,1,1,0,0,0,0,0,0,0,0,0,0,0,0,0,0
FG,2026-09-24,21.62,23.2947,25.9407,26.6781,33.625,-35.7,-6.2,-0.32,15871189.0,0,0,0,0,0,0,0,0,0,0,0,0,0,0,0,0,0,0,0,0
FGBI,2026-09-24,7.91,8.2975,8.8242,8.6371,10.72,-26.21,-6.83,3.81,199762.0,0,0,0,0,0,0,0,0,0,0,0,0,1,0,0,0,0,0,0,0
FGI,2026-09-24,8.05,8.0982,6.7151,5.8777,11.72,-31.31,-11.34,-4.28,447419.0,1,1,0,0,1,0,0,0,0,0,0,0,0,0,0,0,0,0,1,0
FGII,2026-09-24,10.02,10.0155,9.9864,,10.03,-0.1,0.0,-0.1,434912.0,0,0,1,1,1,1,0,0,0,0,0,0,0,0,0,0,0,1,0,0
FGL,2026-09-24,4.41,9.1742,49.7197,637.8299,13600.0,-99.97,1.38,-0.45,3436577.0,0,0,0,0,0,0,0,0,0,0,1,0,0,0,0,0,0,0,0,0
FGNX,2026-09-24,7.7,7.94,7.3673,8.468,33.35,-76.91,19.38,-6.15,963049.0,0,0,0,0,1,0,0,0,0,0,0,0,0,0,1,0,0,1,0,0
FHB,2026-09-24,25.12,25.6653,26.8259,26.2768,30.0548,-16.42,-1.91,1.37,51485054.0,0,0,0,0,0,0,0,0,0,0,0,1,0,0,0,0,0,0,0,0
FHI,2026-09-24,57.38,60.4585,61.085,56.3093,65.39,-12.25,1.22,-0.31,41160802.0,0,1,0,0,0,0,0,0,0,0,0,0,0,0,0,0,0,0,0,0
FHN,2026-09-24,23.18,24.1941,24.8728,24.0841,26.04,-10.98,-3.13,0.7,114286164.0,0,0,0,0,0,0,0,0,0,0,0,1,0,0,0,0,0,0,0,0
FHTX,2026-09-24,3.6,4.816,5.3682,5.0844,7.07,-49.08,-13.67,-6.98,2065267.0,0,0,0,0,0,0,0,0,0,0,1,0,0,0,0,0,0,0,0,0
FIBK,2026-09-24,36.51,37.026,37.6325,35.5628,39.7299,-8.1,-1.11,1.36,42309377.0,1,1,0,0,0,0,0,0,0,0,0,0,0,0,0,0,0,0,0,0
FICO,2026-09-24,856.48,1013.191,1097.851,1255.6048,1879.55,-54.43,-13.6,-2.63,403964190.0,0,0,0,0,0,0,0,0,0,0,1,0,0,0,0,0,0,0,0,1
FIEE,2026-09-24,3.78,3.9615,3.8408,4.9757,7.7,-50.91,-2.33,-2.58,80559.0,0,0,0,0,0,0,0,0,0,0,0,0,0,0,0,0,0,0,0,0
FIG,2026-09-24,21.34,24.168,24.5318,25.0542,71.08,-69.98,-8.37,-1.93,383238964.0,0,0,0,0,0,0,0,0,0,0,0,0,0,0,0,0,0,0,0,0
FIGR,2026-09-24,32.66,35.4377,32.6912,36.8352,73.91,-55.81,-1.89,-5.77,163951817.0,0,0,0,0,0,0,0,0,0,0,0,0,0,0,0,0,0,0,0,0
FIGS,2026-09-24,12.49,13.9035,12.8512,12.7032,17.12,-27.04,-3.18,4.34,34563735.0,0,0,0,0,0,0,0,0,0,0,0,0,1,0,0,0,0,0,0,0
FIGX,2026-09-24,10.33,10.3238,10.2954,10.189,10.36,-0.29,0.09,0.0,182474.0,1,1,1,1,1,1,0,0,0,0,0,0,0,0,0,0,0,0,0,0
FINS,2026-09-24,11.86,12.3665,12.3743,12.2602,12.6304,-6.1,-3.58,-1.08,590425.0,0,0,0,0,0,0,0,0,0,0,1,0,0,0,0,0,0,1,0,0
FINV,2026-09-24,3.13,3.4285,4.1764,4.7393,7.2313,-56.72,-6.29,-1.88,5669437.0,0,0,0,0,0,0,0,0,0,0,1,0,0,0,0,0,0,0,0,1
FINW,2026-09-24,11.28,13.2535,13.6405,15.4603,20.89,-46.0,-12.76,-0.97,444711.0,0,0,0,0,0,0,0,0,0,0,1,0,0,0,0,0,0,0,0,1
FIP,2026-09-24,3.09,3.256,3.7305,4.7609,6.3115,-51.04,7.67,0.0,4168141.0,0,0,0,0,0,0,0,0,0,0,0,0,0,0,0,0,0,0,0,0
FIRY,2026-09-24,12.74,10.342,9.767,6.5529,13.1,-2.75,23.69,-2.75,1377251.0,0,1,1,1,1,1,0,0,0,0,0,0,0,0,1,0,0,0,0,0
FIS,2026-09-24,34.99,38.4296,40.5907,46.8696,66.0466,-47.02,-5.05,0.92,236347489.0,0,0,0,0,0,0,0,0,0,0,1,0,0,0,0,0,0,0,0,0
FISI,2026-09-24,40.02,40.5095,40.6167,35.1005,42.3669,-5.54,-0.52,0.91,6031562.0,1,1,0,0,0,0,0,0,0,0,0,0,0,0,0,0,0,0,0,0
FISN,2026-09-24,6.95,7.1635,8.4038,,,,-2.11,-10.9,2458758.0,0,0,0,0,0,0,0,0,0,0,0,0,0,0,0,0,0,1,0,0
FISV,2026-09-24,45.98,50.3135,51.7032,57.511,130.59,-64.79,-7.02,0.07,352841481.0,0,0,0,0,0,0,0,0,0,0,0,0,0,0,0,0,0,0,0,0
FITB,2026-09-24,51.46,53.873,55.771,51.0773,59.37,-13.32,-1.81,-0.44,291208772.0,0,1,0,0,0,0,0,0,0,0,0,0,0,0,0,0,0,0,0,0
FIVE,2026-09-24,222.38,242.033,231.453,213.1583,262.72,-15.35,-6.44,-2.21,315303138.0,0,1,0,0,0,0,0,0,0,0,0,0,0,0,0,0,0,0,0,0
FIVN,2026-09-24,36.66,33.4925,30.8451,22.0997,37.68,-2.71,7.57,-2.71,69697214.0,0,1,1,1,1,1,0,0,0,0,0,0,0,0,0,0,0,0,0,0
FIX,2026-09-24,1643.39,1600.9715,1666.9954,1531.1994,2065.4404,-20.43,3.53,1.08,540852333.0,1,1,0,1,0,0,0,0,0,0,0,0,0,0,0,0,0,0,0,0
FIZZ,2026-09-24,29.87,31.6285,31.6376,31.2672,34.1043,-12.42,-7.18,-2.54,13122465.0,0,0,0,0,0,0,0,0,0,0,0,0,0,0,0,0,0,0,0,0
FJET,2026-09-24,1.8,2.4675,3.303,,31.5,-94.29,-3.23,-3.74,3725912.0,0,0,0,0,0,0,0,0,0,0,1,0,0,0,0,0,0,0,0,0
FKWL,2026-09-24,2.37,2.4335,2.391,3.3096,5.14,-53.89,0.0,0.0,22360.0,0,0,0,0,0,0,0,0,0,0,0,0,0,0,0,0,0,0,0,0
FLC,2026-09-24,15.73,16.2935,16.5038,16.5929,17.2549,-8.84,-1.87,-0.88,547374.0,0,0,0,0,0,0,0,0,0,0,1,0,0,0,0,0,0,0,0,1
FLD,2026-09-24,0.542,0.5331,0.488,1.2601,4.14,-86.91,6.27,-3.04,257247.0,0,0,0,1,1,1,0,0,0,0,0,0,0,0,0,0,0,0,0,0
FLEX,2026-09-24,112.4,110.296,115.6174,98.0259,162.07,-30.65,4.17,0.09,368656509.0,1,1,0,1,0,0,0,0,0,0,0,0,0,0,0,0,0,0,0,0
FLG,2026-09-24,12.39,13.072,13.7389,13.642,15.3486,-19.28,-1.51,0.73,54519522.0,0,0,0,0,0,0,0,0,0,0,1,0,0,0,0,0,0,0,0,0
FLGT,2026-09-24,21.55,20.4915,19.7676,20.2001,30.85,-30.15,-0.37,1.32,6887984.0,0,1,0,1,1,1,0,0,0,0,0,0,0,0,0,0,0,0,0,0
FLL,2026-09-24,1.75,1.9705,2.1566,2.4655,3.46,-49.42,2.34,-1.69,337683.0,0,0,0,0,0,0,0,0,0,0,0,0,0,0,0,0,0,0,0,0
FLNA,2026-09-24,0.77,0.8135,0.8996,1.5765,4.64,-83.41,6.94,-11.49,5373812.0,0,0,0,0,0,0,0,0,0,0,0,0,0,0,0,0,0,0,0,0
FLNC,2026-09-24,7.46,9.3935,11.6481,17.4103,32.23,-76.85,-2.61,-1.58,73525376.0,0,0,0,0,0,0,0,0,0,0,1,0,0,0,0,0,0,0,0,0
FLNG,2026-09-24,31.07,31.372,30.6743,28.1859,32.52,-4.46,-3.57,0.36,13891636.0,1,1,1,0,1,0,0,0,0,0,0,0,0,0,0,0,0,0,0,0
FLNT,2026-09-24,3.45,3.343,3.6136,3.1994,4.27,-19.2,2.99,0.0,114257.0,0,1,0,1,0,0,0,0,0,0,0,0,0,0,0,0,0,0,0,0
FLO,2026-09-24,5.81,6.2699,6.9476,8.3142,12.061,-51.83,-5.53,0.0,51121043.0,0,0,0,0,0,0,0,0,0,0,1,0,0,0,0,0,0,0,0,1
FLOC,2026-09-24,19.5,20.728,20.9158,21.5699,27.8064,-29.87,-4.65,0.72,11856365.0,0,0,0,0,0,0,0,0,0,0,0,0,0,0,0,0,0,0,0,0
FLR,2026-09-24,50.63,54.4225,52.6598,48.5843,57.5,-11.95,-4.45,-4.58,125081551.0,0,1,0,0,0,0,0,0,0,0,0,0,0,0,0,0,0,0,0,0
FLS,2026-09-24,76.04,76.1065,75.918,76.0443,91.4929,-16.89,5.16,-1.48,126594738.0,0,0,0,0,1,0,0,0,0,0,0,0,0,0,0,0,0,0,0,0
FLUT,2026-09-24,81.89,96.5275,99.4396,125.3463,284.08,-71.17,-16.06,-4.66,283547445.0,0,0,0,0,0,0,0,0,0,0,1,0,0,0,0,0,0,0,0,1
FLUX,2026-09-24,0.462,0.5628,0.5927,1.0613,6.66,-93.06,-11.49,-7.78,86167.0,0,0,0,0,0,0,0,0,0,0,0,0,0,0,0,0,0,1,0,1
FLWS,2026-09-24,2.81,3.2285,3.703,3.8382,5.15,-45.44,3.31,-0.35,1242644.0,0,0,0,0,0,0,0,0,0,0,0,0,0,0,0,0,0,0,0,0
FLX,2026-09-24,1.0,1.5095,1.8515,2.4863,4.16,-75.96,-0.99,11.86,316956.0,0,0,0,0,0,0,0,0,0,0,1,0,1,1,0,0,0,0,0,0
FLXS,2026-09-24,88.37,81.96,78.317,57.787,88.37,0.0,8.36,3.68,7652698.0,0,1,1,1,1,1,1,0,1,0,0,0,1,0,0,0,1,0,0,0
FLY,2026-09-24,23.09,21.5322,22.2389,27.7485,58.81,-60.74,13.86,5.43,57368711.0,0,0,0,1,1,0,0,0,0,0,0,0,1,1,1,0,0,0,0,0
FLYE,2026-09-24,1.48,1.7752,1.7542,2.9928,21.4,-93.08,-9.2,-3.27,9525162.0,0,0,0,0,0,0,0,0,0,0,0,0,0,0,0,0,0,0,0,0
FLYW,2026-09-24,17.09,18.0315,17.8401,14.9818,19.54,-12.54,-3.99,1.36,23639726.0,0,1,0,0,0,0,0,0,0,0,0,0,0,0,0,0,0,0,0,0
FLYX,2026-09-24,1.24,1.1965,1.2116,2.3086,7.23,-82.85,1.64,2.48,368401.0,0,0,0,1,1,0,0,0,0,0,0,0,0,0,0,0,0,0,0,0
FMAC,2026-09-24,10.09,10.076,10.0444,,,,0.3,0.0,221457.0,0,0,0,1,1,1,0,0,0,0,0,0,0,0,0,0,0,0,0,0
FMAO,2026-09-24,35.03,34.956,33.9564,28.4733,35.81,-2.18,-2.1,1.3,1629128.0,1,1,1,1,1,1,0,0,0,0,0,0,0,0,0,0,0,0,0,0
FMBH,2026-09-24,49.39,50.344,50.6285,44.4574,52.3168,-5.59,-1.57,1.4,6141299.0,1,1,0,0,0,0,0,0,0,0,0,0,0,0,0,0,0,0,0,0
FMC,2026-09-24,9.59,11.3715,11.0512,13.2576,33.4607,-71.34,-11.2,-3.13,41287327.0,0,0,0,0,0,0,0,0,0,0,0,0,0,0,0,0,0,0,0,1
FMFC,2026-09-24,0.202,0.2098,0.2408,0.3406,15.48,-98.7,-1.46,-0.49,558983.0,0,0,0,0,0,0,0,0,0,0,0,0,0,0,0,0,0,0,0,0
FMN,2026-09-24,10.16,10.6915,10.9395,10.9427,11.3975,-10.86,-2.87,-0.97,251560.0,0,0,0,0,0,0,0,0,0,0,1,0,0,0,0,0,0,0,0,1
FMNB,2026-09-24,15.34,15.5719,15.4775,13.8905,16.1943,-5.28,-2.17,1.05,5940241.0,1,1,0,0,0,0,0,0,0,0,0,0,0,0,0,0,0,0,0,0
FMS,2026-09-24,22.35,22.6215,23.5656,22.5436,26.3477,-15.17,-2.7,-0.27,15367933.0,0,0,0,0,0,0,0,0,0,0,0,0,0,0,0,0,0,0,0,0
FMST,2026-09-24,0.72,0.9103,1.2256,1.7902,4.3,-83.26,-2.7,-5.01,69541.0,0,0,0,0,0,0,0,0,0,0,1,0,0,0,0,0,0,0,0,1
FMX,2026-09-24,117.71,119.9505,122.3466,113.8366,132.15,-10.93,-2.74,-1.68,42242202.0,1,1,0,0,0,0,0,0,0,0,0,0,0,0,0,0,0,0,0,0
FMY,2026-09-24,11.01,11.5135,11.5129,11.5205,11.8737,-7.27,-3.42,-4.92,45182.0,0,0,0,0,0,0,0,0,0,0,0,0,0,0,0,0,0,1,0,1
FN,2026-09-24,398.36,403.556,457.6436,534.1335,746.47,-46.63,1.45,-0.62,321352390.0,0,0,0,0,0,0,0,0,0,0,0,0,0,0,0,0,0,0,0,0
FNB,2026-09-24,17.44,18.1258,18.5724,17.6461,19.351,-9.88,-2.52,0.81,70604071.0,0,0,0,0,0,0,0,0,0,0,0,1,0,0,0,0,0,0,0,0
FND,2026-09-24,46.42,48.596,53.6098,57.0675,81.98,-43.38,0.98,-2.05,123807551.0,0,0,0,0,0,0,0,0,0,0,0,0,0,0,0,0,0,0,0,0
FNF,2026-09-24,40.82,44.264,47.416,48.8715,55.8643,-26.93,-5.11,-2.46,111087954.0,0,0,0,0,0,0,0,0,0,0,1,0,0,0,0,0,0,0,0,1
FNGD,2026-09-24,23.87,26.1525,29.0764,45.6148,85.77,-72.17,-9.17,-1.73,8876482.0,0,0,0,0,0,0,0,0,0,0,0,0,0,0,0,0,0,0,0,0
FNGO,2026-09-24,161.51,152.1946,144.7938,122.88,162.39,-0.54,9.62,0.82,656965.0,0,1,1,1,1,1,0,0,0,0,0,0,0,0,0,0,0,0,0,0
FNGR,2026-09-24,0.149,0.1807,0.2322,0.8103,2.12,-92.97,4.93,7.19,27442958.0,0,0,0,0,0,0,0,0,0,0,0,0,1,1,0,0,0,0,0,0
FNKO,2026-09-24,5.45,5.7715,5.9062,4.7162,7.1,-23.24,3.61,2.44,7022628.0,0,1,0,0,0,0,0,0,0,0,0,0,0,0,0,0,0,0,0,0
FNLC,2026-09-24,34.2,34.7815,34.9096,29.9754,35.68,-4.15,-2.48,0.65,1157238.0,1,1,1,0,0,0,0,0,0,0,0,0,0,0,0,0,0,0,0,0
FNRN,2026-09-24,17.08,17.1435,17.5878,15.7904,18.8,-9.15,-0.52,0.0,1643125.0,1,1,0,0,0,0,0,0,0,0,0,0,0,0,0,0,0,0,0,0
FNUC,2026-09-24,1.51,1.511,1.6291,2.3941,6.34,-76.18,8.63,0.0,629666.0,0,0,0,0,0,0,0,0,0,0,0,0,0,0,0,0,0,0,0,0
FNV,2026-09-24,259.89,263.5399,241.7338,235.6489,279.2995,-6.95,0.19,-0.39,203077441.0,1,1,0,0,1,0,0,0,0,0,0,0,0,0,0,0,0,0,0,0
FNWB,2026-09-24,10.05,10.6432,11.167,10.2171,12.17,-17.42,1.21,0.0,299540.0,0,0,0,0,0,0,0,0,0,0,0,0,0,0,0,0,0,0,0,0
FNWD,2026-09-24,42.26,42.937,42.9529,37.0893,45.153,-6.41,-1.08,1.44,543944.0,1,1,0,0,0,0,0,0,0,0,0,0,0,0,0,0,0,0,0,0
FOA,2026-09-24,14.39,16.087,19.9294,20.883,27.9,-48.42,-0.96,-0.62,1132901.0,0,0,0,0,0,0,0,0,0,0,1,0,0,0,0,0,0,0,0,0
FOCL,2026-09-24,4.59,4.2555,4.9666,4.2628,6.34,-27.6,12.78,-3.16,326149.0,0,1,0,1,0,0,0,0,0,0,0,0,0,0,1,0,0,0,0,0
FOF,2026-09-24,12.28,12.9685,13.2609,13.1962,14.2818,-14.02,-2.0,-0.41,816835.0,0,0,0,0,0,0,0,0,0,0,1,0,0,0,0,0,0,0,0,0
FOFO,2026-09-24,2.43,2.1365,2.3133,4.2431,45.0,-94.6,41.28,38.07,966297.0,0,0,0,1,1,0,0,0,0,0,0,0,1,1,1,0,0,1,0,0
FOR,2026-09-24,26.7,27.2125,28.2804,27.4237,31.98,-16.51,1.25,-0.15,4350028.0,0,0,0,0,0,0,0,0,0,0,0,0,0,0,0,0,0,0,0,0
FORM,2026-09-24,129.04,109.1685,111.3564,105.7064,159.93,-19.31,23.11,-1.69,130066191.0,0,1,0,1,1,0,0,0,0,0,0,0,0,0,1,0,0,0,0,0
FORR,2026-09-24,11.57,11.921,11.3006,8.0236,12.65,-8.54,-0.43,-1.78,1397743.0,1,1,0,0,1,0,0,0,0,0,0,0,0,0,0,0,0,0,0,0
FORTY,2026-09-24,114.0,121.862,113.8652,122.9689,170.47,-33.13,-3.04,0.0,21250.0,0,0,0,0,1,0,0,0,0,0,0,0,0,0,0,0,0,0,0,0
FOSL,2026-09-24,5.85,5.241,5.114,4.4238,6.17,-5.19,9.96,-5.19,3793627.0,0,1,0,1,1,1,0,0,0,0,0,0,0,0,0,0,0,0,0,0
FOUR,2026-09-24,38.16,42.4725,46.2448,49.9827,83.78,-54.45,-9.34,-0.78,86341990.0,0,0,0,0,0,0,0,0,0,0,0,0,0,0,0,0,0,0,0,0
FOX,2026-09-24,57.2,59.079,56.4868,56.5863,67.0667,-14.71,-3.3,0.42,78280536.0,0,1,0,0,1,0,0,0,0,0,0,0,0,0,0,0,0,0,0,0
FOXA,2026-09-24,63.84,66.1085,63.2862,63.0685,75.4053,-15.34,-3.51,-0.19,342068866.0,0,1,0,0,1,0,0,0,0,0,0,0,0,0,0,0,0,0,0,0
FOXF,2026-09-24,18.52,19.8515,19.8346,18.1785,25.6,-27.66,-4.19,-0.75,8213531.0,0,1,0,0,0,0,0,0,0,0,0,0,0,0,0,0,0,0,0,0
FOXX,2026-09-24,2.47,2.5985,2.6388,3.9649,6.09,-59.44,5.11,0.0,35050.0,0,0,0,0,0,0,0,0,0,0,0,0,0,0,0,0,0,0,0,0
FPH,2026-09-24,4.63,5.012,5.1238,5.2069,6.3,-26.51,-9.04,-1.91,767060.0,0,0,0,0,0,0,0,0,0,0,1,0,0,0,0,0,0,1,0,1
FPI,2026-09-24,10.7,10.638,10.1212,10.5352,12.8152,-16.51,-0.83,-0.83,6718910.0,1,1,0,1,1,1,0,0,0,0,0,0,0,0,0,0,0,0,0,0
FPS,2026-09-24,38.95,33.248,35.1062,,64.59,-39.7,2.34,-2.33,353088237.0,0,0,0,1,1,0,0,0,0,0,0,0,0,0,0,0,0,0,0,0
FR,2026-09-24,61.36,61.7165,63.643,60.7772,68.86,-10.89,-0.08,0.47,59929605.0,1,1,0,0,0,0,0,0,0,0,0,0,0,0,0,0,0,0,0,0
FRA,2026-09-24,10.44,10.7174,10.671,10.5466,11.5022,-9.23,-1.32,-1.23,1516922.0,0,0,0,0,0,0,0,0,0,0,0,0,0,0,0,0,0,0,0,0
FRAF,2026-09-24,62.26,62.8685,62.8071,56.1343,64.26,-3.11,-2.0,1.7,2360685.0,1,1,1,0,0,0,0,0,0,0,0,0,0,0,0,0,0,0,0,0
FRBA,2026-09-24,17.59,17.8685,18.1427,16.6914,19.02,-7.52,-1.24,0.46,1525528.0,1,1,0,0,0,0,0,0,0,0,0,0,0,0,0,0,0,0,0,0
FRBT,2026-09-24,17.92,18.4505,18.9536,,,,-3.24,0.28,2862563.0,0,0,0,0,0,0,0,0,0,0,0,0,0,0,0,0,0,0,0,0
FRD,2026-09-24,39.47,42.798,40.446,26.5303,48.08,-17.91,-2.45,0.15,2617622.0,0,1,0,0,0,0,0,0,0,0,0,0,0,0,0,0,0,0,0,0
FRGT,2026-09-24,0.4,0.9479,1.9605,5.0808,36.25,-98.9,-59.06,-18.37,1391217.0,0,0,0,0,0,0,0,0,0,0,1,0,0,0,0,0,0,0,0,1
FRHC,2026-09-24,176.37,167.7915,159.885,143.131,176.37,0.0,7.63,2.11,15489575.0,0,1,1,1,1,1,1,1,1,0,0,0,0,0,0,0,1,0,0,0
FRME,2026-09-24,40.49,41.1259,42.1049,39.8168,44.8325,-9.69,-1.39,1.15,18917922.0,1,1,0,0,0,0,0,0,0,0,0,0,0,0,0,0,0,0,0,0
FRMI,2026-09-24,4.55,5.0495,5.782,7.3035,32.53,-86.01,-8.08,-5.6,87897571.0,0,0,0,0,0,0,0,0,0,0,0,0,0,0,0,0,0,0,0,1
FRMM,2026-09-24,5.21,5.0678,5.5159,4.8244,25.8,-79.81,16.82,1.36,616002.0,1,1,0,1,0,0,0,0,0,0,0,0,0,0,1,0,0,0,0,0
FRNM,2026-09-24,16.01,15.448,13.3604,12.3327,17.11,-6.43,8.69,1.97,16418052.0,0,1,0,1,1,1,0,0,0,0,0,0,0,0,0,0,0,0,0,0
FRO,2026-09-24,47.97,45.2266,40.5182,31.935,51.42,-6.71,-4.6,0.86,173431305.0,0,1,0,1,1,1,0,0,0,0,0,0,0,0,0,0,0,0,0,0
FROG,2026-09-24,94.2,92.649,88.8557,67.5151,104.03,-9.45,1.71,2.03,178432029.0,1,1,0,1,1,1,0,0,0,0,0,0,0,0,0,0,0,0,0,0
FRPH,2026-09-24,21.08,21.859,22.3652,22.8833,25.56,-17.53,-0.52,0.0,2420626.0,0,0,0,0,0,0,0,0,0,0,0,0,0,0,0,0,0,0,0,0
FRPT,2026-09-24,58.31,66.1567,65.7628,63.7926,85.5,-31.8,-6.0,-1.52,71803048.0,0,0,0,0,0,0,0,0,0,0,1,0,0,0,0,0,0,0,0,0
FRSH,2026-09-24,12.81,12.802,12.1284,10.2112,13.92,-7.97,0.63,-0.47,53688912.0,1,1,0,1,1,1,0,0,0,0,0,0,0,0,0,0,0,0,0,0
FRST,2026-09-24,15.59,15.9605,16.0504,14.3793,16.67,-6.48,-1.2,0.65,2419880.0,1,1,0,0,0,0,0,0,0,0,0,0,0,0,0,0,0,0,0,0
FRSX,2026-09-24,1.13,1.1238,1.2303,2.3515,7.56,-85.05,8.65,-4.24,240155.0,0,0,0,1,0,0,0,0,0,0,0,0,0,0,0,0,0,0,0,0
FRT,2026-09-24,110.35,114.6015,118.712,110.8615,127.13,-13.2,-1.84,0.88,91631708.0,0,0,0,0,0,0,0,0,0,0,1,0,0,0,0,0,0,0,0,0
FRTT,2026-09-24,0.9,0.945,0.9726,,,,-2.17,-1.1,372935.0,0,0,0,0,0,0,0,0,0,0,0,0,0,0,0,0,0,0,0,0
FRVO,2026-09-24,16.71,16.602,19.5388,,,,0.3,2.2,136765654.0,0,0,0,1,0,0,0,0,0,0,0,0,0,0,0,0,0,0,0,0
FSBC,2026-09-24,43.43,45.472,46.343,41.53,49.4168,-12.11,-3.72,0.07,9103243.0,0,1,0,0,0,0,0,0,0,0,1,0,0,0,0,0,0,0,0,0
FSBW,2026-09-24,44.26,43.4255,43.2456,41.2673,44.9666,-1.57,-0.47,1.84,1202080.0,1,1,1,1,1,1,0,0,0,0,0,0,0,0,0,0,0,0,0,0
FSCO,2026-09-24,5.05,5.2245,5.0525,5.0671,6.3433,-20.39,-3.63,-4.17,4540328.0,0,0,0,0,0,0,0,0,0,0,0,0,0,0,0,0,0,0,0,0
FSEA,2026-09-24,17.18,17.1719,17.0763,14.7477,17.2,-0.12,0.0,0.0,57795.0,1,1,1,1,1,1,0,0,0,0,0,0,0,0,0,0,0,0,0,0
FSHP,2026-09-24,11.28,11.3715,11.2649,11.0096,11.545,-2.3,-0.22,0.0,12576.0,1,1,1,0,1,0,0,0,0,0,0,0,0,0,0,0,0,0,0,0
FSI,2026-09-24,5.8,5.7933,5.4624,5.9517,10.16,-42.91,0.0,-0.34,65164.0,0,0,0,1,1,1,0,0,0,0,0,0,0,0,0,0,0,0,0,0
FSK,2026-09-24,11.17,11.6202,11.2758,10.9663,13.8992,-19.64,-3.12,0.0,19215512.0,0,1,0,0,0,0,0,0,0,0,0,0,0,0,0,0,0,0,0,0
FSLR,2026-09-24,172.16,201.53,211.9868,227.0447,318.25,-45.9,-9.9,-10.32,458357964.0,0,0,0,0,0,0,0,0,0,0,0,0,0,0,0,0,0,1,0,1
FSLY,2026-09-24,26.68,23.7205,23.6672,19.5138,33.5,-20.36,8.59,-10.02,199572612.0,0,1,0,1,1,1,0,0,0,0,0,0,0,0,0,0,0,1,0,0
FSM,2026-09-24,11.5,12.031,10.6482,10.2329,13.66,-15.81,0.09,-1.37,54257209.0,0,1,0,0,1,0,0,0,0,0,0,0,0,0,0,0,0,0,0,0
FSP,2026-09-24,0.32,0.37,0.4248,0.6312,1.6204,-80.25,-3.03,-5.88,312822.0,0,0,0,0,0,0,0,0,0,0,1,0,0,0,0,0,0,0,0,1
FSS,2026-09-24,112.78,115.7925,119.6405,115.2394,133.6968,-15.64,-2.21,-0.42,47999464.0,0,0,0,0,0,0,0,0,0,0,0,0,0,0,0,0,0,0,0,0
FSSL,2026-09-24,11.55,11.7395,11.3671,11.6245,13.0842,-11.73,-2.04,-1.2,2779263.0,0,0,0,0,1,0,0,0,0,0,0,0,0,0,0,0,0,0,0,0
FSTR,2026-09-24,37.52,37.4455,39.213,34.7783,45.17,-16.94,0.46,0.67,1528044.0,1,1,0,1,0,0,0,0,0,0,0,0,0,0,0,0,0,0,0,0
FSUN,2026-09-24,39.24,39.8937,39.0213,37.764,41.4,-5.22,0.33,2.27,14997433.0,1,1,0,0,1,0,0,0,0,0,0,0,0,0,0,0,0,0,0,0
FSV,2026-09-24,127.03,136.545,140.3746,144.525,192.8173,-34.12,-4.06,-1.96,32503015.0,0,0,0,0,0,0,0,0,0,0,0,0,0,0,0,0,0,0,0,0
FT,2026-09-24,7.11,7.529,7.731,7.8217,8.1089,-12.32,-2.6,-0.7,468336.0,0,0,0,0,0,0,0,0,0,0,1,0,0,0,0,0,0,0,0,1
FTAI,2026-09-24,174.53,189.2895,203.1823,234.9482,308.309,-43.39,-8.06,-6.17,265585517.0,0,0,0,0,0,0,0,0,0,0,0,0,0,0,0,0,0,0,0,0
FTCI,2026-09-24,2.68,2.375,2.6264,5.7759,12.5,-78.56,25.82,5.51,985561.0,0,0,0,1,1,0,0,0,0,0,0,0,1,1,1,0,0,0,0,0
FTDR,2026-09-24,71.88,80.114,79.4476,66.3838,90.83,-20.86,-10.75,-2.8,41938197.0,0,1,0,0,0,0,0,0,0,0,0,0,0,0,0,0,0,0,1,0
FTEK,2026-09-24,1.72,1.621,1.5232,1.4923,3.52,-51.14,-1.71,4.24,409437.0,0,1,0,1,1,1,0,0,0,0,0,0,1,0,0,0,0,0,0,0
FTF,2026-09-24,5.35,5.677,5.7062,5.6622,5.8,-7.76,-5.14,-1.11,962334.0,0,0,0,0,0,0,0,0,0,0,1,0,0,0,0,0,0,0,0,1
FTFT,2026-09-24,4.42,3.514,3.7768,21.9744,150.4,-97.06,-36.86,-0.45,81605303.0,0,0,0,1,1,0,0,0,0,0,0,0,0,0,0,0,0,0,0,0
FTH,2026-09-24,29.05,35.499,31.7048,23.2921,40.05,-27.47,-15.16,-7.92,14785853.0,0,1,0,0,0,0,0,0,0,0,0,0,0,0,0,0,0,0,1,0
FTHA,2026-09-24,9.97,9.9705,9.9434,,,,0.0,0.0,407029.0,0,0,0,0,1,0,0,0,0,0,0,0,0,0,0,0,0,0,0,0
FTHM,2026-09-24,0.519,0.6041,0.7165,0.8716,2.17,-76.08,-0.57,-1.7,270876.0,0,0,0,0,0,0,0,0,0,0,0,0,0,0,0,0,0,1,0,0
FTHY,2026-09-24,12.89,13.1185,13.2517,13.0926,13.4433,-4.12,-0.85,-0.62,1478604.0,0,0,1,0,0,0,0,0,0,0,1,0,0,0,0,0,0,0,0,0
FTI,2026-09-24,70.95,75.534,74.5834,66.0631,80.08,-11.4,-2.51,-0.41,223476815.0,0,1,0,0,0,0,0,0,0,0,0,0,0,0,0,0,0,0,0,0
FTK,2026-09-24,28.95,26.482,27.6318,20.7355,38.82,-25.43,2.92,-4.86,10878544.0,0,1,0,1,1,0,0,0,0,0,0,0,0,0,0,0,0,0,0,0
FTLF,2026-09-24,9.28,9.588,9.99,12.218,20.76,-55.3,-0.43,-1.17,128546.0,0,0,0,0,0,0,0,0,0,0,0,0,0,0,0,0,0,0,0,0
FTNT,2026-09-24,178.67,165.764,161.1162,115.2913,178.74,-0.04,4.02,-0.04,780236077.0,0,1,1,1,1,1,0,0,0,0,0,0,0,0,0,0,0,0,0,0
FTRE,2026-09-24,20.02,18.596,18.5676,15.015,20.7,-3.29,0.25,2.56,26815905.0,0,1,1,1,1,1,0,0,0,0,0,0,0,0,0,0,0,0,0,0
FTS,2026-09-24,53.08,54.5245,55.7369,54.6881,58.3597,-9.05,-1.43,-0.41,39878260.0,0,0,0,0,0,0,0,0,0,0,0,0,0,0,0,0,0,0,0,0
FTV,2026-09-24,55.44,56.5716,59.0753,58.1132,64.0121,-13.39,0.25,-1.46,133090796.0,0,0,0,0,0,0,0,0,0,0,0,0,0,0,0,0,0,0,0,0
FTW,2026-09-24,10.26,10.5405,10.9566,10.8636,13.376,-23.3,2.4,1.18,872861.0,0,0,0,0,0,0,0,0,0,0,0,0,0,0,0,0,0,0,0,0
FUBO,2026-09-24,9.73,10.6785,10.0446,15.0701,51.24,-81.01,-1.72,1.04,13598877.0,0,0,0,0,0,0,0,0,0,0,0,0,0,0,0,0,0,0,0,0
FUFU,2026-09-24,1.43,1.3295,1.3548,2.0494,3.96,-63.89,15.32,3.62,136050.0,0,0,0,1,1,0,0,0,0,0,0,0,1,0,1,0,0,0,0,0
FUL,2026-09-24,50.0,52.606,55.9915,59.3226,66.9184,-25.28,-1.63,-0.42,40431854.0,0,0,0,0,0,0,0,0,0,0,1,0,0,0,0,0,0,1,0,0
FULC,2026-09-24,3.785,3.8202,3.7703,6.9262,14.6,-74.08,-0.13,-0.66,5211505.0,0,0,0,0,1,0,0,0,0,0,0,0,0,0,0,0,0,0,0,0
FULT,2026-09-24,23.05,23.531,24.026,21.7494,25.19,-8.5,-1.75,1.32,36958346.0,1,1,0,0,0,0,0,0,0,0,0,0,0,0,0,0,0,0,0,0
FUN,2026-09-24,12.4,13.8405,15.7832,17.6404,26.74,-53.63,-0.88,-0.24,29123241.0,0,0,0,0,0,0,0,0,0,0,0,0,0,0,0,0,0,0,0,0
FUNC,2026-09-24,43.3,43.6215,44.1954,39.7272,46.18,-6.24,-0.46,1.26,1191741.0,1,1,0,0,0,0,0,0,0,0,0,0,0,0,0,0,0,0,0,0
FUND,2026-09-24,9.92,10.3573,10.1997,9.5238,10.7228,-7.49,-2.07,-0.3,232437.0,0,1,0,0,0,0,0,0,0,0,0,0,0,0,0,0,0,0,0,0
FURY,2026-09-24,0.546,0.5864,0.5781,0.6121,0.945,-42.22,-1.62,-2.67,152380.0,0,0,0,0,0,0,0,0,0,0,0,0,0,0,0,0,0,0,0,0
FUSB,2026-09-24,16.45,16.4545,16.4518,15.4926,16.99,-3.18,0.0,-0.06,100044.0,1,1,1,0,0,0,0,0,0,0,0,0,0,0,0,0,0,1,0,0
FUSE,2026-09-24,0.58,0.6139,0.7706,1.3158,19.24,-96.99,13.5,-0.51,63159.0,0,0,0,0,0,0,0,0,0,0,0,0,0,0,1,0,0,0,0,0
FUTU,2026-09-24,109.27,116.312,110.3014,132.9668,195.8983,-44.22,-0.5,-0.65,104012885.0,0,0,0,0,0,0,0,0,0,0,0,0,0,0,0,0,0,0,0,0
FVAV,2026-09-24,10.28,10.25,10.1984,,10.35,-0.68,-0.1,0.0,107329.0,0,0,1,1,1,1,0,0,0,0,0,0,0,0,0,0,0,0,0,0
FVCB,2026-09-24,17.79,18.2498,18.3414,16.0383,19.03,-6.52,-1.6,0.62,1346961.0,1,1,0,0,0,0,0,0,0,0,0,0,0,0,0,0,0,0,0,0
FVN,2026-09-24,9.74,10.0083,10.7991,10.7589,19.84,-50.91,4.39,4.62,948355.0,0,0,0,0,0,0,0,0,0,0,0,0,1,0,0,0,0,0,0,0
FVR,2026-09-24,18.22,18.6265,19.698,17.502,21.92,-16.88,3.29,1.11,2600583.0,1,1,0,0,0,0,0,0,0,0,0,0,0,0,0,0,0,0,0,0
FVRR,2026-09-24,8.52,9.058,9.499,12.1876,25.63,-66.76,-4.91,0.0,4639638.0,0,0,0,0,0,0,0,0,0,0,0,0,0,0,0,0,0,0,0,0
FWDI,2026-09-24,8.35,6.711,5.3162,5.3031,32.78,-74.53,38.94,3.6,16748813.0,0,1,0,1,1,1,0,0,0,1,0,0,1,0,1,0,0,0,0,0
FWONA,2026-09-24,86.73,88.83,91.0706,84.5967,99.33,-12.68,-0.52,1.32,15786811.0,1,1,0,0,0,0,0,0,0,0,0,0,0,0,0,0,0,0,0,0
FWONK,2026-09-24,95.08,96.799,99.2649,92.2037,108.33,-12.23,-0.29,1.96,202993269.0,1,1,0,0,0,0,0,0,0,0,0,0,0,0,0,0,0,0,0,0
FWRD,2026-09-24,14.75,16.29,16.4142,19.0243,30.23,-51.21,-4.78,-2.06,9250097.0,0,0,0,0,0,0,0,0,0,0,0,0,0,0,0,0,0,0,0,0
FWRG,2026-09-24,10.22,11.3815,12.0899,13.0965,18.66,-45.23,-2.01,0.2,13378442.0,0,0,0,0,0,0,0,0,0,0,0,0,0,0,0,0,0,0,0,0
FXHO,2026-09-24,9.75,11.739,11.7305,21.8725,6100.0,-99.84,-12.95,-11.04,1319901.0,0,0,0,0,0,0,0,0,0,0,0,0,0,0,0,0,0,0,0,0
FXNC,2026-09-24,29.63,30.7775,30.7762,27.9363,32.1929,-7.96,-3.95,0.78,722021.0,0,1,0,0,0,0,0,0,0,0,0,0,0,0,0,0,0,0,0,0
G,2026-09-24,33.37,35.8354,34.6091,36.6256,47.7252,-30.08,-5.39,-1.42,72914875.0,0,0,0,0,0,0,0,0,0,0,0,0,0,0,0,0,0,0,0,0
GAB,2026-09-24,5.27,5.4429,5.4918,5.4552,5.8052,-9.22,-0.38,-0.94,5036223.0,0,0,0,0,0,0,0,0,0,0,0,0,0,0,0,0,0,1,0,0
GABC,2026-09-24,49.1,49.453,49.6303,44.0048,51.38,-4.44,-0.16,0.99,6428749.0,1,1,1,0,0,0,0,0,0,0,0,0,0,0,0,0,0,0,0,0
GAIA,2026-09-24,1.33,1.437,1.6198,2.6403,6.26,-78.75,7.26,7.26,133905.0,0,0,0,0,0,0,0,0,0,0,0,0,1,1,0,0,0,0,0,0
GAIN,2026-09-24,15.65,16.0605,16.1717,14.7777,16.6928,-6.25,-1.07,0.06,2612646.0,1,1,0,0,0,0,0,0,0,0,0,0,0,0,0,0,0,0,0,0
GALT,2026-09-24,3.96,4.0345,3.731,3.3353,6.51,-39.17,7.61,-2.22,1411130.0,1,1,0,0,1,0,0,0,0,0,0,0,0,0,0,0,0,0,0,0
GAM,2026-09-24,64.48,65.888,65.9496,62.7256,67.95,-5.11,-0.02,-0.49,1098058.0,1,1,0,0,0,0,0,0,0,0,0,0,0,0,0,0,0,0,0,0
GAME,2026-09-24,3.13,3.223,3.1463,3.148,6.848,-54.29,-3.1,2.29,556534.0,0,0,0,0,0,0,0,0,0,0,0,0,0,0,0,0,0,0,0,0
GANX,2026-09-24,1.84,1.7825,1.8295,2.0912,4.18,-55.98,6.98,0.0,623621.0,0,0,0,1,1,0,0,0,0,0,0,0,0,0,0,0,0,0,0,0
GAP,2026-09-24,21.69,21.4925,20.7062,23.3906,28.6584,-24.32,7.54,1.93,195815670.0,0,0,0,1,1,1,0,0,0,0,0,0,0,0,0,0,0,0,0,0
GASS,2026-09-24,8.94,9.348,9.1386,8.784,10.39,-13.96,-4.18,-0.67,1334660.0,0,1,0,0,0,0,0,0,0,0,0,0,0,0,0,0,0,0,0,0
GATX,2026-09-24,183.38,177.7052,178.5151,178.0448,199.2514,-7.97,3.24,-1.25,38953495.0,0,1,0,1,1,0,0,0,0,0,0,0,0,0,0,0,0,0,0,0
GAU,2026-09-24,2.0,2.184,2.0546,2.4065,3.57,-43.98,-1.48,-2.91,5730473.0,0,0,0,0,0,0,0,0,0,0,0,0,0,0,0,0,0,0,0,0
GAUZ,2026-09-24,6.45,7.505,7.376,13.4079,139.6,-95.38,-15.24,-3.3,157399.0,0,0,0,0,0,0,0,0,0,0,0,0,0,0,0,0,0,0,0,0
GBAB,2026-09-24,12.69,13.3096,13.5475,13.8064,14.5367,-12.7,-2.61,-1.09,1627177.0,0,0,0,0,0,0,0,0,0,0,1,0,0,0,0,0,0,1,0,1
GBCI,2026-09-24,44.35,45.7475,48.1712,47.4044,54.51,-18.64,-1.31,0.5,45047942.0,0,0,0,0,0,0,0,0,0,0,0,1,0,0,0,0,0,0,0,0
GBDC,2026-09-24,12.41,12.5652,12.6599,12.3541,13.1101,-5.34,-0.32,-0.32,16148015.0,1,1,0,0,0,0,0,0,0,0,0,0,0,0,0,0,0,0,0,0
GBFH,2026-09-24,18.89,19.727,22.708,28.7128,42.01,-55.03,-3.72,1.12,1568946.0,0,0,0,0,0,0,0,0,0,0,0,1,0,0,0,0,0,0,0,0
GBLI,2026-09-24,25.03,28.216,27.5299,26.9813,29.9737,-16.49,-15.49,1.54,221997.0,0,0,0,0,0,0,0,0,0,0,0,0,0,0,0,0,0,1,0,0
GBR,2026-09-24,0.71,0.7535,0.725,0.7795,1.09,-34.86,-1.39,2.9,57892.0,0,0,0,0,0,0,0,0,0,0,0,0,0,0,0,0,0,0,0,0
GBTG,2026-09-24,9.47,9.469,9.4476,7.8936,9.51,-0.42,0.0,0.11,21425450.0,1,1,1,1,1,1,0,0,0,0,0,0,0,0,0,0,0,1,0,0
GBX,2026-09-24,42.68,43.3,46.2966,48.7771,58.0588,-26.49,0.12,-0.84,17747438.0,0,0,0,0,0,0,0,0,0,0,0,0,0,0,0,0,0,0,0,0
GCBC,2026-09-24,34.7,35.074,34.407,26.9938,36.02,-3.66,-1.67,0.35,1391829.0,1,1,1,0,1,0,0,0,0,0,0,0,0,0,0,0,0,0,0,0
GCDT,2026-09-24,0.67,0.4599,0.4495,,5.56,-87.95,75.85,31.12,27214921.0,0,0,0,1,1,1,0,0,0,0,0,0,1,1,1,0,0,1,0,0
GCGR,2026-09-24,10.16,10.166,10.1538,,,,0.2,0.0,251543.0,0,0,0,0,1,0,0,0,0,0,0,0,0,0,0,0,0,0,0,0
GCL,2026-09-24,0.688,0.5969,0.5543,0.6604,2.86,-75.94,18.62,5.04,319569.0,0,1,0,1,1,1,0,0,0,0,0,0,1,1,1,0,0,0,0,0
GCMG,2026-09-24,12.63,13.0987,13.0881,11.4919,13.9277,-9.32,-0.39,-2.32,6641492.0,0,1,0,0,0,0,0,0,0,0,0,0,0,0,0,0,0,1,0,0
GCO,2026-09-24,34.45,33.939,35.5558,32.1944,42.72,-19.36,3.17,0.85,8524137.0,1,1,0,1,0,0,0,0,0,0,0,0,0,0,0,0,0,0,0,0
GCT,2026-09-24,53.91,51.7963,47.9893,41.7311,53.91,0.0,4.4,2.69,30893377.0,0,1,1,1,1,1,0,0,1,0,0,0,0,0,0,0,0,0,0,0
GCTK,2026-09-24,2.58,2.9538,4.7446,20.2967,128.4,-97.99,8.4,27.09,9780520.0,0,0,0,0,0,0,0,0,0,0,0,1,1,1,0,0,0,1,0,0
GCTS,2026-09-24,2.24,1.913,2.009,1.7495,3.73,-39.95,17.28,3.7,3116935.0,0,1,0,1,1,0,0,0,0,0,0,0,1,0,1,0,0,0,0,0
GCV,2026-09-24,4.39,4.4191,4.4725,4.2523,4.6333,-5.25,0.0,-0.9,127650.0,1,1,0,0,0,0,0,0,0,0,0,0,0,0,0,0,0,0,0,0
GD,2026-09-24,336.29,360.441,374.6102,353.3912,395.97,-15.07,-6.59,-2.05,421553253.0,0,0,0,0,0,0,0,0,0,0,1,0,0,0,0,0,0,0,0,0
GDC,2026-09-24,1.44,1.4505,1.618,501.4151,1715.0,-99.92,5.88,-8.28,2641190.0,0,0,0,0,0,0,0,0,0,0,0,0,0,0,0,0,0,0,0,0
GDDY,2026-09-24,100.81,98.9945,96.1266,94.4789,143.27,-29.64,1.74,4.6,257335057.0,1,1,0,1,1,1,0,0,0,0,0,0,1,0,0,0,0,1,0,0
GDEV,2026-09-24,10.9,11.413,11.7393,14.3951,36.2,-69.89,-9.92,-2.59,24057.0,0,0,0,0,0,0,0,0,0,0,0,0,0,0,0,0,0,0,0,0
GDHG,2026-09-24,1.17,1.2258,1.3031,1.7721,7.629,-84.66,1.74,1.74,834350.0,0,0,0,0,0,0,0,0,0,0,0,0,0,0,0,0,0,0,0,0
GDL,2026-09-24,8.38,8.3185,8.3049,8.2083,8.39,-0.12,-0.12,0.24,106112.0,1,1,1,1,1,1,0,0,0,0,0,0,0,0,0,0,0,0,0,0
GDO,2026-09-24,9.58,9.9565,10.0907,10.3917,10.8589,-11.78,-2.15,-0.31,462198.0,0,0,0,0,0,0,0,0,0,0,1,0,0,0,0,0,0,0,0,1
GDOT,2026-09-24,12.79,13.2135,13.296,12.5867,14.8,-13.58,-3.54,-1.77,4068831.0,0,1,0,0,0,0,0,0,0,0,0,0,0,0,0,0,0,0,0,0
GDRX,2026-09-24,3.36,3.4495,3.3873,2.7327,5.03,-33.2,-0.88,1.2,3948090.0,1,1,0,0,0,0,0,0,0,0,0,0,0,0,0,0,0,0,0,0
GDS,2026-09-24,33.32,31.8995,32.2952,37.725,47.52,-29.88,9.71,0.63,35814837.0,0,0,0,1,1,0,0,0,0,0,0,0,0,0,0,0,0,0,0,0
GDTC,2026-09-24,0.91,0.8881,0.9061,1.0547,2.69,-66.17,2.71,0.0,10044.0,0,0,0,1,1,0,0,0,0,0,0,0,0,0,0,0,0,0,0,0
GDV,2026-09-24,28.78,29.4945,29.7022,28.1413,30.5814,-5.89,-0.79,-0.21,2861265.0,0,1,0,0,0,0,0,0,0,0,0,0,0,0,0,0,0,0,0,0
GDYN,2026-09-24,7.71,7.9115,7.3482,7.1209,10.06,-23.36,-3.87,0.13,7671483.0,1,1,0,0,1,0,0,0,0,0,0,0,0,0,0,0,0,0,0,0
GE,2026-09-24,319.78,326.929,345.9332,322.4622,381.22,-16.12,2.2,-0.01,1372074659.0,0,0,0,0,0,0,0,0,0,0,0,0,0,0,0,0,0,0,0,0
GECC,2026-09-24,5.27,5.635,5.4288,5.4407,9.4796,-44.41,-0.94,-0.57,343672.0,0,0,0,0,0,0,0,0,0,0,0,0,0,0,0,0,0,0,0,0
GEF,2026-09-24,82.82,83.1314,83.3388,71.6699,89.446,-7.41,0.66,-1.77,30152878.0,1,1,0,0,0,0,0,0,0,0,0,0,0,0,0,0,0,0,0,0
GEG,2026-09-24,2.15,2.179,2.175,2.1909,2.8,-23.21,0.0,-0.92,49022.0,0,0,0,0,0,0,0,0,0,0,0,0,0,0,0,0,0,0,0,0
GEHC,2026-09-24,66.38,67.3042,68.3221,71.8796,88.0324,-24.6,4.55,0.44,224523562.0,0,0,0,0,0,0,0,0,0,0,0,0,0,0,0,0,0,0,0,0
GELS,2026-09-24,0.55,0.653,0.6113,0.7147,1.53,-64.05,-5.17,-8.49,6831864.0,0,0,0,0,0,0,0,0,0,0,0,0,0,0,0,0,0,0,0,0
GEMI,2026-09-24,5.65,4.8132,4.4434,6.1569,25.65,-77.97,27.54,0.36,15195269.0,0,0,0,1,1,1,0,0,0,0,0,0,0,0,1,0,0,0,0,0
GEN,2026-09-24,23.07,29.7785,28.4747,24.5827,31.41,-26.55,-24.73,-12.05,226723514.0,0,0,0,0,0,0,0,0,0,0,1,0,0,0,0,0,0,1,0,0
GENB,2026-09-24,15.99,16.093,15.3046,,20.38,-21.54,1.98,-3.21,24155677.0,0,0,0,0,1,0,0,0,0,0,0,0,0,0,0,0,0,0,0,0
GENC,2026-09-24,17.21,18.005,17.0566,15.1472,20.0,-13.95,0.58,-0.92,1266654.0,0,1,0,0,1,0,0,0,0,0,0,0,0,0,0,0,0,0,0,0
GENI,2026-09-24,5.8,6.92,7.1798,6.8347,13.43,-56.81,-12.39,-5.23,42412593.0,0,0,0,0,0,0,0,0,0,0,0,0,0,0,0,0,0,0,0,0
GENK,2026-09-24,1.7,1.8127,1.878,1.9781,3.14,-45.86,6.25,0.29,80964.0,0,0,0,0,0,0,0,0,0,0,0,0,0,0,0,0,0,0,0,0
GEO,2026-09-24,31.96,31.4995,31.1814,22.5037,32.77,-2.47,1.69,4.38,70969290.0,1,1,1,1,1,1,0,0,0,0,0,0,1,0,0,0,0,0,0,0
GEOS,2026-09-24,5.02,5.16,5.8944,10.1574,28.41,-82.33,0.2,-2.33,365391.0,0,0,0,0,0,0,0,0,0,0,0,0,0,0,0,0,0,0,0,0
GERN,2026-09-24,1.26,1.4005,1.446,1.4476,1.95,-35.38,-4.55,1.61,15154159.0,0,0,0,0,0,0,0,0,0,0,0,0,0,0,0,0,0,0,0,0
GETY,2026-09-24,0.162,0.2409,0.3317,0.8184,2.36,-93.14,-29.87,-26.36,756422.0,0,0,0,0,0,0,0,0,0,0,1,0,0,0,0,0,0,1,0,1
GEV,2026-09-24,955.04,931.3085,976.5764,906.5787,1174.86,-18.71,3.24,0.34,2099926831.0,1,1,0,1,0,0,0,0,0,0,0,0,0,0,0,0,0,0,0,0
GEVO,2026-09-24,1.4,1.5945,1.5892,1.8354,2.78,-49.64,-7.89,-3.45,4442428.0,0,0,0,0,0,0,0,0,0,0,0,0,0,0,0,0,0,0,0,1
GF,2026-09-24,10.81,11.2845,11.361,11.4208,12.21,-11.47,-1.73,-0.18,282419.0,0,0,0,0,0,0,0,0,0,0,0,0,0,0,0,0,0,0,0,0
GFAI,2026-09-24,0.322,0.3581,0.3555,0.4897,1.29,-75.04,-0.31,-4.45,36968.0,0,0,0,0,0,0,0,0,0,0,0,0,0,0,0,0,0,1,0,0
GFF,2026-09-24,96.54,96.1973,96.506,86.4876,106.9817,-9.76,3.57,-0.05,31653038.0,1,1,0,1,1,0,0,0,0,0,0,0,0,0,0,0,0,0,0,0
GFI,2026-09-24,39.9,44.1724,39.6511,42.4617,58.4424,-31.73,-4.91,-2.25,158173152.0,0,0,0,0,1,0,0,0,0,0,0,0,0,0,0,0,0,0,0,0
GFL,2026-09-24,41.79,42.3095,41.2718,40.7845,47.341,-11.73,1.75,-0.26,123871334.0,1,1,0,0,1,0,0,0,0,0,0,0,0,0,0,0,0,0,0,0
GFR,2026-09-24,6.18,6.34,6.3664,5.864,7.1,-12.96,-4.78,1.64,10109653.0,1,1,0,0,0,0,0,0,0,0,0,0,0,0,0,0,0,0,0,0
GFS,2026-09-24,47.05,45.4035,49.515,53.8762,89.8305,-47.62,9.34,1.36,186370514.0,0,0,0,1,0,0,0,0,0,0,0,0,0,0,0,0,0,0,0,0
GFUZ,2026-09-24,8.34,7.9135,8.1637,9.8113,13.76,-39.39,6.38,-3.92,1221101.0,0,0,0,1,1,0,0,0,0,0,0,0,0,0,0,0,0,0,0,0
GGAL,2026-09-24,39.59,43.069,45.5325,47.0512,58.6267,-32.47,-6.34,-1.0,30812677.0,0,0,0,0,0,0,0,0,0,0,0,0,0,0,0,0,0,0,0,0
GGB,2026-09-24,4.79,4.8955,4.7922,4.2433,5.15,-6.99,-4.01,-1.84,55893537.0,1,1,0,0,0,0,0,0,0,0,0,0,0,0,0,0,0,0,0,0
GGG,2026-09-24,77.15,77.346,78.8645,81.5989,94.127,-18.04,1.14,-1.56,200617865.0,0,0,0,0,0,0,0,0,0,0,0,0,0,0,0,0,0,0,0,0
GGN,2026-09-24,5.39,5.5356,5.2676,5.1338,5.6689,-4.92,0.0,-1.28,2618402.0,1,1,1,0,1,0,0,0,0,0,0,0,0,0,0,0,0,0,0,0
GGR,2026-09-24,3.03,2.6943,2.7973,3.4389,7.38,-58.94,13.06,2.02,48845.0,0,0,0,1,1,0,1,0,0,0,0,0,0,0,1,1,0,0,0,0
GGT,2026-09-24,3.97,3.9801,3.984,3.8009,4.096,-3.08,-0.75,-1.24,1663722.0,1,1,1,0,0,0,0,0,0,0,0,0,0,0,0,0,0,0,0,0
GGZ,2026-09-24,15.54,15.8995,16.0589,15.3997,16.7182,-7.05,0.06,-0.38,98897.0,1,1,0,0,0,0,0,0,0,0,0,0,0,0,0,0,0,0,0,0
GH,2026-09-24,176.45,167.8775,162.0268,121.3195,183.1,-3.63,0.89,0.08,315753308.0,0,1,1,1,1,1,0,0,0,0,0,0,0,0,0,0,0,0,0,0
GHC,2026-09-24,1145.03,1138.2285,1164.815,1125.2507,1233.96,-7.21,0.9,-0.2,44671309.0,1,1,0,1,0,0,0,0,0,0,0,0,0,0,0,0,0,0,0,0
GHG,2026-09-24,1.02,1.0488,1.096,1.296,2.23,-54.26,-2.49,2.0,9312.0,0,0,0,0,0,0,0,0,0,0,0,1,0,0,0,0,0,0,0,0
GHM,2026-09-24,87.53,86.505,97.4146,89.749,123.79,-29.29,2.64,-0.31,15294005.0,0,0,0,1,0,0,0,0,0,0,0,0,0,0,0,0,0,0,0,0
GHRS,2026-09-24,24.45,27.625,28.2839,20.6063,30.64,-20.2,-11.89,-5.82,5369994.0,0,1,0,0,0,0,0,0,0,0,0,0,0,0,0,0,0,1,1,0
GHY,2026-09-24,10.94,11.3126,11.4527,11.5182,12.1302,-9.81,-2.06,-0.64,2069491.0,0,0,0,0,0,0,0,0,0,0,1,0,0,0,0,0,0,0,0,0
GIB,2026-09-24,68.14,71.737,71.7394,74.4927,94.306,-27.75,-3.89,-1.43,28932538.0,0,0,0,0,0,0,0,0,0,0,0,0,0,0,0,0,0,0,0,0
GIBO,2026-09-24,33.0,32.3926,30.7094,36.7136,76.25,-56.72,0.46,2.48,783759.0,0,0,0,1,1,1,0,0,0,0,0,0,0,0,0,0,0,0,0,0
GIC,2026-09-24,41.23,39.7365,38.1071,32.6919,41.7,-1.13,3.46,-1.13,4983068.0,0,1,1,1,1,1,0,0,0,0,0,0,0,0,0,0,0,0,0,0
GIFT,2026-09-24,0.595,0.7374,0.8285,0.9508,1.26,-52.78,-7.03,-12.5,26689.0,0,0,0,0,0,0,0,0,0,0,1,0,0,0,0,0,0,1,0,1
GIGM,2026-09-24,1.38,1.3975,1.4064,1.4604,1.79,-22.91,-5.48,0.0,5193.0,0,0,0,0,0,0,0,0,0,0,0,0,0,0,0,0,0,0,0,0
GIII,2026-09-24,27.05,28.926,32.5334,30.9438,36.6777,-26.25,-3.98,0.41,26368900.0,0,0,0,0,0,0,0,0,0,0,1,0,0,0,0,0,0,0,0,0
GIL,2026-09-24,40.63,49.301,52.5022,58.0516,71.6278,-43.28,-12.28,-12.04,69783768.0,0,0,0,0,0,0,0,0,0,0,1,0,0,0,0,0,0,1,0,1
GILD,2026-09-24,149.69,147.6904,140.0958,134.1157,153.0467,-2.19,1.36,-1.11,872812682.0,1,1,1,1,1,1,0,0,0,0,0,0,0,0,0,0,0,0,0,0
GILT,2026-09-24,10.02,9.9555,10.6418,14.4831,20.85,-51.94,1.73,0.4,5077286.0,0,0,0,1,0,0,0,0,0,0,0,0,0,0,0,0,0,0,0,0
GIPR,2026-09-24,0.536,0.4659,0.5988,3.4015,18.6,-97.12,21.82,1.52,17134722.0,0,0,0,1,0,0,0,0,0,0,0,0,0,0,1,0,0,0,0,0
GIS,2026-09-24,34.83,37.6675,37.7312,38.3439,48.1163,-27.61,-4.99,-2.76,373344017.0,0,0,0,0,0,0,0,0,0,0,0,0,0,0,0,0,0,0,0,0
GITS,2026-09-24,2.01,2.1023,2.0667,1.9696,4.37,-54.0,-4.74,0.0,73801.0,0,1,0,0,0,0,0,0,0,0,0,0,0,0,0,0,0,0,0,0
GIW,2026-09-24,10.165,10.158,10.1345,10.029,10.17,-0.05,0.05,0.1,780398.0,1,1,1,1,1,1,0,0,0,0,0,0,0,0,0,0,0,0,0,0
GIX,2026-09-24,10.01,10.007,9.9776,,10.04,-0.3,-0.3,0.0,314899.0,0,0,1,1,1,1,0,0,0,0,0,0,0,0,0,0,0,0,0,0
GJH,2026-09-24,9.46,9.447,9.413,9.4119,9.6484,-1.95,0.11,-0.63,9535.0,1,1,1,1,1,1,0,0,0,1,0,0,0,0,0,0,0,0,0,0
GJO,2026-09-24,24.74,24.6126,24.5521,24.336,24.9,-0.64,-0.24,0.0,21649.0,1,1,1,1,1,1,0,0,0,0,0,0,0,0,0,0,0,0,0,0
GJP,2026-09-24,24.48,24.4849,24.4365,24.1311,24.66,-0.73,0.95,0.04,26093.0,1,1,1,0,1,0,0,0,0,0,0,0,0,0,0,0,0,0,0,0
GJR,2026-09-24,24.22,24.5294,24.6315,24.3272,25.0036,-3.13,-1.38,0.0,7612.0,0,0,1,0,0,0,0,0,0,0,0,0,0,0,0,0,0,0,0,0
GJS,2026-09-24,23.12,23.2589,23.3134,23.0068,23.5596,-1.87,-1.49,-0.9,16265.0,1,1,1,0,0,0,0,0,0,0,0,0,0,0,0,0,0,0,0,0
GJT,2026-09-24,23.24,23.2043,23.2637,22.8158,23.5701,-1.4,0.09,0.0,9066.0,1,1,1,1,0,0,0,0,0,0,0,0,0,0,0,0,0,0,0,0
GKOS,2026-09-24,154.88,171.9895,171.1924,133.2314,189.55,-18.29,-5.25,0.91,125682996.0,0,1,0,0,0,0,0,0,0,0,0,0,0,0,0,0,0,0,0,0
GL,2026-09-24,167.32,172.4395,176.7342,155.9644,186.02,-10.05,-3.27,-0.85,70364065.0,1,1,0,0,0,0,0,0,0,0,0,0,0,0,0,0,0,0,0,0
GLAD,2026-09-24,19.22,19.4397,19.1649,18.4085,20.6474,-6.91,0.21,0.0,3154308.0,1,1,0,0,1,0,0,0,0,0,0,0,0,0,0,0,0,0,0,0
GLAS,2026-09-24,7.15,8.4495,9.379,9.4167,13.582,-47.36,-10.96,-8.92,6419626.0,0,0,0,0,0,0,0,0,0,0,1,0,0,0,0,0,0,1,0,0
GLBE,2026-09-24,40.88,38.211,39.0496,35.5447,42.36,-3.49,10.7,-0.87,56123160.0,0,1,1,1,1,0,0,0,0,0,0,0,0,0,1,0,0,0,0,0
GLBS,2026-09-24,3.48,3.684,3.421,2.3722,3.93,-11.45,-8.42,-2.52,565543.0,0,1,0,0,1,0,0,0,0,0,0,0,0,0,0,0,0,0,0,0
GLDG,2026-09-24,0.98,1.051,0.9934,1.2133,2.14,-54.21,0.0,-2.97,651334.0,0,0,0,0,0,0,0,0,0,0,0,0,0,0,0,0,0,0,0,0
GLE,2026-09-24,0.497,0.5278,0.443,0.4172,0.864,-42.48,-22.71,-7.28,86917.0,0,1,0,0,1,0,0,0,0,0,0,0,0,0,0,0,0,0,1,0
GLED,2026-09-24,10.01,10.0155,9.9862,,,,-0.1,-0.2,126485.0,0,0,0,0,1,0,0,0,0,0,0,0,0,0,0,0,0,0,0,0
GLIBA,2026-09-24,23.46,25.7005,24.933,30.6928,40.23,-41.69,-6.24,0.09,1030769.0,0,0,0,0,0,0,0,0,0,0,1,0,0,0,0,0,0,0,0,0
GLIBK,2026-09-24,23.77,25.391,24.5863,30.5064,40.04,-40.63,-4.46,0.3,8014747.0,0,0,0,0,0,0,0,0,0,0,0,0,0,0,0,0,0,0,0,0
GLND,2026-09-24,5.35,1.7085,1.8008,,13.0,-58.85,342.15,83.85,84894349.0,0,0,0,1,1,0,1,1,0,0,0,0,1,1,1,1,0,1,0,0
GLNG,2026-09-24,50.11,51.462,50.672,47.7853,56.7974,-11.77,-0.5,0.34,67954882.0,1,1,0,0,0,0,0,0,0,0,0,0,0,0,0,0,0,0,0,0
GLO,2026-09-24,5.37,5.5554,5.6946,5.5704,5.9709,-10.06,-1.4,-0.74,614269.0,0,0,0,0,0,0,0,0,0,0,0,0,0,0,0,0,0,0,0,0
GLOB,2026-09-24,34.83,38.167,37.011,46.0168,71.21,-51.09,-9.23,1.1,39130723.0,0,0,0,0,0,0,0,0,0,0,0,0,0,0,0,0,0,0,0,0
GLOO,2026-09-24,4.77,3.7415,3.495,5.1615,9.5,-49.79,-2.85,-0.63,5462559.0,0,0,0,1,1,1,0,0,0,0,0,0,0,0,0,0,0,0,0,0
GLPI,2026-09-24,38.53,40.6097,42.1627,43.6652,47.2128,-18.39,-4.51,-1.83,182564415.0,0,0,0,0,0,0,0,0,0,0,1,0,0,0,0,0,0,0,0,1
GLQ,2026-09-24,7.68,7.8189,7.9989,7.7474,8.4505,-9.12,-0.61,-0.39,366599.0,0,0,0,0,0,0,0,0,0,0,0,0,0,0,0,0,0,0,0,0
GLRE,2026-09-24,14.93,15.157,15.7474,15.7404,19.0,-21.42,-1.26,-0.53,2136341.0,0,0,0,0,0,0,0,0,0,0,0,0,0,0,0,0,0,0,0,0
GLSI,2026-09-24,18.1,16.5352,15.8621,21.6203,33.565,-46.07,15.8,3.37,2126384.0,0,0,0,1,1,1,0,0,0,0,0,0,1,0,1,0,0,0,0,0
GLU,2026-09-24,18.27,18.7852,18.9957,18.9931,20.7794,-12.08,-0.76,-0.49,123360.0,0,0,0,0,0,0,0,0,0,0,0,0,0,0,0,0,0,1,0,0
GLUE,2026-09-24,11.72,13.4915,16.4831,18.3804,25.31,-53.69,-7.35,-1.43,15727903.0,0,0,0,0,0,0,0,0,0,0,1,0,0,0,0,0,0,0,0,0
GLV,2026-09-24,5.83,5.9726,6.098,5.9137,6.4596,-9.75,-1.24,-0.17,206258.0,0,0,0,0,0,0,0,0,0,0,0,0,0,0,0,0,0,0,0,0
GLW,2026-09-24,154.15,153.0216,152.6271,148.0825,255.2094,-39.6,4.3,-0.21,1343629484.0,1,1,0,1,1,1,0,0,0,0,0,0,0,0,0,0,0,0,0,0
GLXG,2026-09-24,1.09,1.018,1.0223,1.6152,5.18,-78.96,10.44,4.81,70748.0,0,0,0,1,1,0,0,0,0,0,0,0,1,0,1,0,0,0,0,0
GLXY,2026-09-24,25.19,24.575,23.0077,25.0011,42.86,-41.23,13.11,-2.33,125418176.0,1,1,0,1,1,1,0,0,0,0,0,0,0,0,1,0,0,0,0,0
GM,2026-09-24,80.57,85.2278,85.0457,80.314,90.1136,-10.59,-4.41,-3.82,623263984.0,0,1,0,0,0,0,0,0,0,0,0,0,0,0,0,0,0,0,0,0
GMAB,2026-09-24,34.83,33.7885,31.7631,29.4989,35.34,-1.44,1.25,0.23,66557079.0,0,1,1,1,1,1,0,0,0,0,0,0,0,0,0,0,0,0,0,0
GME,2026-09-24,25.02,20.8725,20.2366,22.2095,27.69,-9.64,9.88,3.39,197802359.0,0,1,0,1,1,1,1,1,0,0,0,0,1,0,0,0,1,0,0,0
GMED,2026-09-24,74.27,77.066,79.8374,85.1025,96.82,-23.29,-1.32,0.42,109094390.0,0,0,0,0,0,0,0,0,0,0,0,0,0,0,0,0,0,0,0,0
GMEX,2026-09-24,0.386,0.612,1.018,72.5435,2932.6501,-99.99,-6.08,-9.81,2149164.0,0,0,0,0,0,0,0,0,0,0,1,0,0,0,0,0,0,0,0,1
GMHS,2026-09-24,0.721,0.7671,0.7872,0.9357,1.5,-51.93,0.14,-3.74,341753.0,0,0,0,0,0,0,0,0,0,0,0,0,0,0,0,0,0,0,0,0
GMM,2026-09-24,1.911,2.1723,2.5753,38.7051,113.5,-98.32,-2.0,-1.49,60837.0,0,0,0,0,0,0,0,0,0,0,0,0,0,0,0,0,0,0,0,0
GMRS,2026-09-24,10.76,12.618,12.8944,,,,-17.04,-2.18,12722816.0,0,0,0,0,0,0,0,0,0,0,0,0,0,0,0,0,0,0,0,0
GMTL,2026-09-24,10.33,11.3735,11.4328,,20.64,-49.95,-2.09,-4.97,1798792.0,0,0,0,0,0,0,0,0,0,0,0,0,0,0,0,0,0,0,0,0
GNE,2026-09-24,15.79,15.5905,14.8892,14.1731,16.37,-3.54,-1.8,-0.32,1186926.0,1,1,1,1,1,1,0,0,0,0,0,0,0,0,0,0,0,0,0,0
GNK,2026-09-24,26.44,26.928,25.8413,22.4477,28.12,-5.97,-3.57,0.0,18201292.0,1,1,0,0,1,0,0,0,0,0,0,0,0,0,0,0,0,0,0,0
GNL,2026-09-24,8.63,9.0035,8.99,8.9341,9.5596,-9.72,-2.71,-0.46,19197169.0,0,0,0,0,0,0,0,0,0,0,1,0,0,0,0,0,0,0,0,0
GNLN,2026-09-24,2.99,2.7435,2.4382,6.1923,33.2,-90.99,16.34,10.33,58929.0,0,0,0,1,1,1,0,0,0,0,0,0,1,1,1,0,0,0,0,0
GNLX,2026-09-24,2.43,2.547,2.697,2.9067,8.24,-70.51,3.85,-3.38,774587.0,0,0,0,0,0,0,0,0,0,0,0,0,0,0,0,0,0,0,0,0
GNPX,2026-09-24,3.52,3.5222,4.8802,27.0608,924.0,-99.62,3.23,-6.13,675605.0,0,0,0,0,0,0,0,0,0,0,0,0,0,0,0,0,0,0,0,0
GNRC,2026-09-24,198.05,189.7605,201.7274,210.9684,295.54,-32.99,13.1,-0.69,296864079.0,0,0,0,1,0,0,0,0,0,0,0,0,0,0,1,0,0,0,0,0
GNS,2026-09-24,0.155,0.1666,0.1647,0.3341,1.02,-84.8,4.03,0.0,686895.0,0,0,0,0,0,0,0,0,0,0,0,0,0,0,0,0,0,0,0,0
GNSS,2026-09-24,1.49,1.493,1.6264,1.8701,2.58,-42.25,-0.67,-0.67,135252.0,0,0,0,0,0,0,0,0,0,0,0,0,0,0,0,0,0,0,0,0
GNT,2026-09-24,8.76,9.0532,8.667,8.1099,9.2387,-5.18,-2.88,-1.02,402606.0,0,1,0,0,1,0,0,0,0,0,0,0,0,0,0,0,0,0,0,0
GNTA,2026-09-24,0.672,0.8733,1.1809,1.1467,6.2,-89.16,-9.31,3.54,50711.0,0,0,0,0,0,0,0,0,0,0,1,0,1,0,0,0,0,0,0,0
GNTX,2026-09-24,22.04,22.611,23.3178,23.2807,28.3258,-22.19,-1.21,-0.63,53044039.0,0,0,0,0,0,0,0,0,0,0,0,0,0,0,0,0,0,0,0,0
GNW,2026-09-24,9.45,10.129,10.0076,9.0805,10.6,-10.85,-6.34,-1.87,44542387.0,0,1,0,0,0,0,0,0,0,0,0,0,0,0,0,0,0,0,0,0
GO,2026-09-24,11.3,11.6695,10.7139,9.2807,16.47,-31.39,-1.4,1.25,27644432.0,0,1,0,0,1,0,0,0,0,0,0,0,0,0,0,0,0,0,0,0
GOAI,2026-09-24,2.08,2.4155,2.1272,,7.62,-72.7,-20.91,7.77,375729.0,0,0,0,0,0,0,0,0,0,0,0,0,1,1,0,0,0,0,0,0
GOF,2026-09-24,8.43,8.9647,9.6254,10.2675,12.4718,-32.41,-0.94,-1.29,27358496.0,0,0,0,0,0,0,0,0,0,0,1,0,0,0,0,0,0,0,0,1
GOGO,2026-09-24,2.28,2.57,3.08,4.0248,9.77,-76.66,-9.52,-0.87,4943231.0,0,0,0,0,0,0,0,0,0,0,0,0,0,0,0,0,0,0,0,1
GOLD,2026-09-24,43.48,44.8189,42.6706,42.7246,62.0025,-29.87,-7.13,0.0,34124756.0,1,1,0,0,1,0,0,0,0,0,0,0,0,0,0,0,0,0,0,0
GOLF,2026-09-24,82.36,84.55,92.9216,94.0592,118.1809,-30.31,-0.42,-0.71,28624025.0,0,0,0,0,0,0,0,0,0,0,0,0,0,0,0,0,0,0,0,0
GOOD,2026-09-24,12.56,12.7546,12.7103,11.7045,13.0755,-3.94,-0.08,-0.08,4455210.0,1,1,1,0,0,0,0,0,0,0,0,0,0,0,0,0,0,0,0,0
GOOG,2026-09-24,339.01,338.5674,342.0974,336.2601,398.5413,-14.94,-1.36,1.2,6023049168.0,1,1,0,1,0,0,0,0,0,0,0,0,0,0,0,0,0,0,0,0
GOOGL,2026-09-24,342.36,341.9449,344.3416,337.6635,402.1212,-14.86,-1.43,1.34,9236652882.0,1,1,0,1,0,0,0,0,0,0,0,0,0,0,0,0,0,0,0,0
GOOS,2026-09-24,7.6,7.816,8.5122,10.661,14.61,-47.98,2.43,1.06,6484534.0,0,0,0,0,0,0,0,0,0,0,0,0,0,0,0,0,0,0,0,0
GORO,2026-09-24,3.52,3.667,3.113,4.101,6.28,-43.95,1.15,-3.56,6061913.0,0,0,0,0,1,0,0,0,0,0,0,0,0,0,0,0,0,0,0,0
GOSS,2026-09-24,10.93,12.36,13.048,73.8756,303.2,-96.4,-0.27,-0.55,2775697.0,0,0,0,0,0,0,0,0,0,0,0,0,0,0,0,0,0,0,0,0
GOTU,2026-09-24,2.43,2.103,1.8786,1.9968,3.4,-28.53,16.27,4.74,1070717.0,0,1,0,1,1,1,1,1,0,0,0,0,1,0,1,1,1,0,0,0
GOVX,2026-09-24,0.36,0.4903,0.652,2.0245,16.25,-97.78,-11.11,-4.76,311275.0,0,0,0,0,0,0,0,0,0,0,1,0,0,0,0,0,0,0,0,0
GP,2026-09-24,0.577,0.8936,1.2918,1.1301,3.53,-83.65,-24.58,-21.92,281317.0,0,0,0,0,0,0,0,0,0,0,1,0,0,0,0,0,0,1,0,1
GPAC,2026-09-24,10.08,10.0655,10.0405,,10.1,-0.2,0.2,0.0,262087.0,0,0,1,1,1,1,0,0,0,0,0,0,0,0,0,0,0,0,0,0
GPAT,2026-09-24,11.08,10.9925,11.011,10.8503,11.16,-0.72,-0.63,0.82,112275.0,1,1,1,1,1,0,0,0,0,0,0,0,0,0,0,0,0,0,0,0
GPC,2026-09-24,129.26,133.2481,130.4689,118.0351,145.181,-10.97,-0.97,0.39,140083947.0,1,1,0,0,0,0,0,0,0,0,0,0,0,0,0,0,0,0,0,0
GPCR,2026-09-24,36.02,41.6525,46.9717,54.5735,93.79,-61.6,1.46,0.19,50040740.0,0,0,0,0,0,0,0,0,0,0,1,0,0,0,0,0,0,0,0,0
GPGI,2026-09-24,11.93,12.9815,13.5687,16.907,25.9843,-54.09,0.08,-0.91,23735298.0,0,0,0,0,0,0,0,0,0,0,0,0,0,0,0,0,0,0,0,0
GPI,2026-09-24,247.79,269.2825,282.3647,327.5341,450.8897,-45.04,-5.5,0.11,66862589.0,0,0,0,0,0,0,0,0,0,0,0,0,0,0,0,0,0,0,0,0
GPK,2026-09-24,9.34,10.0727,10.7677,11.307,18.7969,-50.31,-3.31,-3.31,62918344.0,0,0,0,0,0,0,0,0,0,0,0,0,0,0,0,0,0,0,0,0
GPMT,2026-09-24,0.943,0.9687,1.1573,1.5418,2.7419,-65.61,9.65,12.66,325307.0,0,0,0,0,0,0,0,0,0,0,0,1,1,1,0,0,0,0,0,0
GPN,2026-09-24,85.31,88.8462,87.3506,75.916,94.5623,-9.78,-1.36,1.56,220544742.0,0,1,0,0,0,0,0,0,0,0,0,0,0,0,0,0,0,0,0,0
GPOR,2026-09-24,161.91,172.3185,166.4502,184.0729,222.49,-27.23,-0.21,1.37,44728127.0,0,0,0,0,0,0,0,0,0,0,0,0,0,0,0,0,0,0,0,0
GPRE,2026-09-24,15.01,14.991,15.7998,14.6315,19.23,-21.94,-0.33,-0.66,27288583.0,1,1,0,1,0,0,0,0,0,0,0,0,0,0,0,0,0,0,0,0
GPRK,2026-09-24,11.34,11.202,10.2486,9.2099,11.97,-5.26,0.53,2.07,14315875.0,1,1,0,1,1,1,0,0,0,0,0,0,0,0,0,0,0,0,0,0
GPRO,2026-09-24,1.26,1.2736,0.9119,1.0362,2.35,-46.38,-5.97,-3.82,129034238.0,1,1,0,0,1,0,0,0,0,0,0,0,0,0,0,0,0,0,0,0
GPUS,2026-09-24,0.18,0.208,0.4166,0.8244,3.15,-94.29,0.0,5.88,7742669.0,0,0,0,0,0,0,0,0,0,0,1,0,1,1,0,0,0,0,0,0
GRAB,2026-09-24,3.11,3.1857,3.4049,3.8987,6.39,-51.33,10.68,-2.81,218288474.0,0,0,0,0,0,0,0,0,0,0,0,0,0,0,1,0,0,0,0,0
GRAL,2026-09-24,125.21,84.1045,76.4534,72.4326,125.21,0.0,66.7,15.38,101016419.0,0,1,1,1,1,1,1,1,1,0,0,0,1,1,1,1,1,1,0,0
GRAN,2026-09-24,1.08,1.1379,1.3129,1.8754,4.82,-77.59,5.88,-4.42,227016.0,0,0,0,0,0,0,0,0,0,0,0,0,0,0,0,0,0,0,0,0
GRBK,2026-09-24,67.79,69.4345,70.8002,69.7577,80.59,-15.88,2.29,0.86,29024275.0,0,0,0,0,0,0,0,0,0,0,0,0,0,0,0,0,0,0,0,0
GRC,2026-09-24,74.65,74.3525,78.0774,68.9233,91.5219,-18.43,3.44,-0.8,14220912.0,1,1,0,1,0,0,0,0,0,0,0,0,0,0,0,0,0,0,0,0
GRCE,2026-09-24,2.16,2.153,2.1896,3.0155,5.13,-57.89,0.93,1.89,325153.0,0,0,0,1,0,0,0,0,0,0,0,0,0,0,0,0,0,0,0,0
GRDN,2026-09-24,41.79,42.067,40.6758,36.7184,48.0,-12.94,-10.17,-3.4,30083547.0,1,1,0,0,1,0,0,0,0,0,0,0,0,0,0,0,0,0,1,0
GRDX,2026-09-24,3.81,3.3586,3.3654,3.3634,6.8,-43.97,29.59,-1.3,356648.0,0,1,0,1,1,0,0,0,0,0,0,0,0,0,1,0,0,0,0,0
GRF,2026-09-24,10.17,10.3135,10.3724,10.4118,11.57,-12.1,-1.55,0.0,40892.0,0,0,0,0,0,0,0,0,0,0,0,0,0,0,0,0,0,0,0,0
GRFS,2026-09-24,7.2,7.5925,7.7428,8.1309,9.887,-27.18,-2.7,0.0,4452658.0,0,0,0,0,0,0,0,0,0,0,0,0,0,0,0,0,0,0,0,0
GRI,2026-09-24,2.09,2.0005,1.7656,3.9097,63.28,-96.7,15.47,-2.79,1505476.0,0,0,0,1,1,1,0,0,0,0,0,0,0,0,1,0,0,0,0,0
GRML,2026-09-24,14.89,5.7052,8.0921,15.1688,33.0,-54.88,399.66,33.07,237577739.0,0,0,0,1,1,0,0,0,0,0,0,0,1,1,1,0,0,0,0,0
GRMN,2026-09-24,295.04,279.6552,280.8132,241.6372,311.952,-5.42,6.54,2.59,232614137.0,0,1,0,1,1,0,1,0,0,0,0,0,0,0,0,0,0,0,0,0
GRND,2026-09-24,15.87,15.5015,15.8502,13.5034,17.94,-11.54,2.19,2.78,19512203.0,1,1,0,1,1,0,0,0,0,0,0,0,0,0,0,0,0,0,0,0
GRNQ,2026-09-24,11.32,12.839,12.042,17.1811,30.3,-62.64,15.98,2.44,2073156.0,0,0,0,0,0,0,0,0,0,0,0,0,0,0,1,0,0,0,0,0
GRNT,2026-09-24,4.54,4.981,4.8548,4.8391,5.8436,-22.31,-8.28,0.67,8607241.0,0,0,0,0,0,0,0,0,0,0,0,0,0,0,0,0,0,0,0,0
GRO,2026-09-24,2.32,2.4455,2.3016,2.5622,3.89,-40.36,0.0,-3.73,500315.0,0,0,0,0,1,0,0,0,0,0,0,0,0,0,0,0,0,0,0,0
GROV,2026-09-24,1.05,1.0323,1.0499,1.2203,1.56,-32.69,3.96,0.0,115862.0,0,0,0,1,1,0,0,0,0,0,0,0,0,0,0,0,0,0,0,0
GROW,2026-09-24,2.93,3.0723,3.0544,2.8387,3.5216,-16.8,-1.35,-1.35,79976.0,0,1,0,0,0,0,0,0,0,0,0,0,0,0,0,0,0,0,0,0
GROY,2026-09-24,3.13,3.322,3.0658,3.579,5.21,-39.92,-5.72,-1.57,6288752.0,0,0,0,0,1,0,0,0,0,0,0,0,0,0,0,0,0,0,0,0
GRPN,2026-09-24,20.89,19.229,22.4158,17.4836,28.58,-26.91,8.07,4.24,22393211.0,0,1,0,1,0,0,0,0,0,0,0,0,1,0,0,0,0,0,0,0
GRRR,2026-09-24,14.36,13.9445,13.4952,13.71,21.78,-34.07,12.89,2.06,10586022.0,1,1,0,1,1,1,0,0,0,0,0,0,0,0,1,0,0,0,0,0
GRSD,2026-09-24,1.57,1.7735,1.8629,3.3743,8.35,-81.2,-8.72,2.61,316894.0,0,0,0,0,0,0,0,0,0,0,0,1,0,0,0,0,0,0,0,0
GRVY,2026-09-24,67.55,71.579,67.9874,63.7994,75.16,-10.13,-4.23,0.12,2056723.0,0,1,0,0,0,0,0,0,0,0,0,0,0,0,0,0,0,0,0,0
GRWG,2026-09-24,1.59,1.5918,1.5711,1.4301,2.2,-27.73,5.3,-1.24,372949.0,1,1,0,0,1,0,0,0,0,0,0,0,0,0,0,0,0,0,0,0
GRX,2026-09-24,9.83,9.7564,9.6827,9.1622,9.9925,-1.63,1.76,0.31,230130.0,1,1,1,1,1,1,0,0,0,0,0,0,0,0,0,0,0,0,0,0
GS,2026-09-24,923.29,996.7213,1024.4968,950.4894,1146.4551,-19.47,-1.57,-1.4,1992610657.0,0,0,0,0,0,0,0,0,0,0,0,0,0,0,0,0,0,0,0,0
GSAT,2026-09-24,82.46,82.088,81.7762,73.4625,84.43,-2.33,0.68,-0.05,49898222.0,1,1,1,1,1,1,0,0,0,0,0,0,0,0,0,0,0,0,0,0
GSBC,2026-09-24,78.83,79.198,79.5712,69.606,82.02,-3.89,-0.4,1.05,7154168.0,1,1,1,0,0,0,0,0,0,0,0,0,0,0,0,0,0,0,0,0
GSBD,2026-09-24,9.53,9.83,9.4664,8.9537,10.23,-6.84,-2.66,-1.14,8047785.0,0,1,0,0,1,0,0,0,0,0,0,0,0,0,0,0,0,0,0,0
GSHD,2026-09-24,43.65,60.3013,62.356,54.5567,78.37,-44.3,-22.7,0.3,22219641.0,0,0,0,0,0,0,0,0,0,0,1,0,0,0,0,0,0,0,0,0
GSHR,2026-09-24,10.56,10.5375,10.5178,10.3926,10.56,0.0,0.19,0.0,220687.0,1,1,1,1,1,1,0,0,1,0,0,0,0,0,0,0,0,0,0,0
GSIT,2026-09-24,5.51,5.398,5.8356,6.9974,12.97,-57.52,14.55,-2.13,2722735.0,0,0,0,1,0,0,0,0,0,0,0,0,0,0,1,0,0,0,0,0
GSIW,2026-09-24,14.63,15.251,18.5723,24.577,46.0,-68.2,1.6,2.31,844160.0,0,0,0,0,0,0,0,0,0,0,0,0,0,0,0,0,0,0,0,0
GSK,2026-09-24,49.65,50.006,50.7551,51.637,59.6035,-16.7,-1.27,-0.12,140037101.0,0,0,0,0,0,0,0,0,0,0,0,0,0,0,0,0,0,0,0,0
GSL,2026-09-24,44.11,45.204,43.4274,38.4521,46.4,-4.94,-2.84,-0.97,12745081.0,1,1,1,0,1,0,0,0,0,0,0,0,0,0,0,0,0,0,0,0
GSM,2026-09-24,3.98,4.2581,3.9644,4.2783,5.4801,-27.37,-7.54,-5.01,5272648.0,0,0,0,0,1,0,0,0,0,0,0,0,0,0,0,0,0,0,0,0
GSRF,2026-09-24,10.23,10.2285,10.1986,10.0965,10.24,-0.1,0.0,0.0,43900.0,0,1,1,1,1,1,0,0,0,0,0,0,0,0,0,0,0,0,0,0
GSRV,2026-09-25,9.89,9.893,9.873,,,,0.0,0.1,1108475.0,0,0,0,0,1,0,0,0,0,0,0,0,0,0,0,0,0,0,0,0
GSUN,2026-09-24,0.232,0.2528,0.3155,0.6554,2.83,-91.8,-22.67,-4.13,3062344.0,0,0,0,0,0,0,0,0,0,0,0,0,0,0,0,0,0,0,0,0
GT,2026-09-24,5.07,5.673,6.2676,7.2237,10.54,-51.9,-1.74,-5.06,53593375.0,0,0,0,0,0,0,0,0,0,0,0,0,0,0,0,0,0,0,0,0
GTBP,2026-09-24,6.83,4.3756,1.9412,0.8648,11.63,-41.27,-12.55,-3.8,976511.0,0,1,0,1,1,1,0,0,0,0,0,0,0,0,0,0,0,0,1,0
GTE,2026-09-24,10.18,10.313,9.0334,7.3849,11.01,-7.54,-4.23,2.11,5999732.0,1,1,0,0,1,0,0,0,0,0,0,0,0,0,0,0,0,0,0,0
GTEC,2026-09-24,1.165,1.0145,0.7889,0.7697,1.48,-21.28,5.91,-1.27,241555.0,0,1,0,1,1,1,0,0,0,0,0,0,0,0,0,0,0,0,0,0
GTEN,2026-09-24,10.49,10.5939,10.5673,10.3903,10.7,-1.96,-0.38,-0.29,89232.0,0,1,1,0,0,0,0,0,0,0,1,0,0,0,0,0,0,0,0,0
GTERA,2026-09-24,10.42,10.4135,10.3894,10.2514,10.43,-0.1,0.0,-0.1,138186.0,1,1,1,1,1,1,0,0,0,0,0,0,0,0,0,0,0,0,0,0
GTES,2026-09-24,26.26,25.7405,26.6282,25.1901,29.84,-12.0,3.18,-0.38,47610196.0,1,1,0,1,0,0,0,0,0,0,0,0,0,0,0,0,0,0,0,0
GTIM,2026-09-24,1.5,1.5145,1.4752,1.3092,2.03,-26.11,0.0,-0.66,53224.0,1,1,0,0,1,0,0,0,0,0,0,0,0,0,0,0,0,0,0,0
GTLB,2026-09-24,48.62,47.658,41.2579,32.0133,51.04,-4.74,-0.31,-0.8,288171480.0,1,1,1,1,1,1,0,0,0,0,0,0,0,0,0,0,0,0,0,0
GTM,2026-09-24,3.92,4.002,3.7476,5.6107,11.91,-67.09,-4.16,0.51,21145576.0,0,0,0,0,1,0,0,0,0,0,0,0,0,0,0,0,0,0,0,0
GTN,2026-09-24,4.57,4.7276,4.5393,4.4725,5.9747,-23.51,-3.99,-0.22,4518560.0,0,1,0,0,1,0,0,0,0,0,0,0,0,0,0,0,0,0,0,0
GTX,2026-09-24,25.3,26.7337,28.5029,24.3333,36.1225,-29.96,-3.18,-0.78,78343965.0,0,1,0,0,0,0,0,0,0,0,0,0,0,0,0,0,0,0,0,0
GTY,2026-09-24,28.71,31.0866,32.5353,31.1132,35.9958,-20.24,-2.93,1.0,20330026.0,0,0,0,0,0,0,0,0,0,0,1,0,0,0,0,0,0,0,0,0
GUG,2026-09-24,13.79,14.8208,15.083,15.0148,16.111,-14.41,-3.3,-1.22,1627459.0,0,0,0,0,0,0,0,0,0,0,1,0,0,0,0,0,0,0,0,1
GURE,2026-09-24,3.24,3.48,3.372,4.2457,8.19,-60.44,-4.71,-10.0,31314.0,0,0,0,0,0,0,0,0,0,0,0,0,0,0,0,0,0,1,0,0
GUT,2026-09-24,5.92,6.2846,6.3186,5.987,6.8573,-13.67,-0.5,-1.5,1136754.0,0,0,0,0,0,0,0,0,0,0,0,0,0,0,0,0,0,0,0,0
GUTS,2026-09-24,0.47,0.6358,0.6926,0.9119,2.37,-80.17,-16.52,-3.29,1086935.0,0,0,0,0,0,0,0,0,0,0,1,0,0,0,0,0,0,0,0,0
GVA,2026-09-24,110.93,117.6335,121.3854,126.8206,160.2588,-30.78,-4.21,-1.53,59111901.0,0,0,0,0,0,0,0,0,0,0,0,0,0,0,0,0,0,0,0,0
GVH,2026-09-24,1.09,1.0815,1.266,2.3812,5.98,-81.77,-5.22,0.0,531201.0,0,0,0,1,0,0,0,0,0,0,0,0,0,0,0,0,0,0,0,0
GWAV,2026-09-24,2.41,3.9535,3.6983,4.0192,17.55,-86.27,3.43,-8.71,197087.0,0,0,0,0,0,0,0,0,0,0,0,0,0,0,0,0,0,0,0,0
GWH,2026-09-24,0.34,0.3564,0.5562,1.1376,9.05,-96.24,0.89,-7.1,282787.0,0,0,0,0,0,0,0,0,0,0,0,0,0,0,0,0,0,0,0,0
GWRE,2026-09-24,151.0,166.3,164.2682,153.0798,254.23,-40.6,2.91,-1.24,276611233.0,0,0,0,0,0,0,0,0,0,0,0,0,0,0,0,0,0,0,0,0
GWRS,2026-09-24,7.94,8.7278,8.1515,7.8149,10.5992,-25.09,-8.84,-1.73,743507.0,0,1,0,0,0,0,0,0,0,0,0,0,0,0,0,0,0,0,0,0
GWW,2026-09-24,1279.47,1289.2795,1317.5592,1193.7811,1399.2974,-8.56,1.69,0.69,318749503.0,1,1,0,0,0,0,0,0,0,0,0,0,0,0,0,0,0,0,0,0
GXAI,2026-09-24,0.597,0.7055,0.8376,1.1395,2.03,-70.59,-0.5,2.75,198012.0,0,0,0,0,0,0,0,0,0,0,0,0,0,0,0,0,0,1,0,0
GXO,2026-09-24,44.17,46.525,48.5294,52.7281,65.59,-32.66,-4.29,-2.34,61982583.0,0,0,0,0,0,0,0,0,0,0,0,0,0,0,0,0,0,0,0,1
GYRE,2026-09-24,7.33,6.859,6.563,7.1031,8.87,-17.36,9.4,-0.95,1223920.0,0,1,0,1,1,1,0,0,0,0,0,0,0,0,0,0,0,0,0,0
GYRO,2026-09-24,4.93,5.036,5.3464,7.3675,10.71,-53.97,-2.38,-1.79,14045.0,0,0,0,0,0,0,0,0,0,0,1,0,0,0,0,0,0,0,0,1
H,2026-09-24,159.03,162.91,174.024,169.0879,201.9193,-21.24,0.24,1.11,124669069.0,0,0,0,0,0,0,0,0,0,0,0,0,0,0,0,0,0,0,0,0
HACQ,2026-09-24,10.04,10.0655,10.0646,,,,-0.4,0.0,664703.0,0,0,0,0,0,0,0,0,0,0,1,0,0,0,0,0,0,0,0,0
HAE,2026-09-24,106.0,104.766,94.9818,74.2555,108.8,-2.57,-0.23,-0.77,64635239.0,1,1,1,1,1,1,0,0,0,0,0,0,0,0,0,0,0,0,0,0
HAFC,2026-09-24,31.83,31.702,31.7756,29.0316,33.0174,-3.6,-0.78,0.79,7070805.0,1,1,1,1,1,0,0,0,0,0,0,0,0,0,0,0,0,0,0,0
HAFN,2026-09-24,8.92,8.891,7.8837,6.8021,10.12,-11.86,-8.14,-1.98,23716437.0,1,1,0,1,1,1,0,0,0,0,0,0,0,0,0,0,0,1,0,0
HAIN,2026-09-24,0.52,0.6515,0.6106,0.7914,1.65,-68.48,-11.86,-5.45,1739413.0,0,0,0,0,0,0,0,0,0,0,0,0,0,0,0,0,0,0,0,0
HAL,2026-09-24,32.76,35.439,34.1565,35.0185,42.6002,-23.1,-5.07,-0.76,391747862.0,0,0,0,0,0,0,0,0,0,0,0,0,0,0,0,0,0,0,0,0
HALO,2026-09-24,115.22,108.896,98.2302,76.6159,115.22,0.0,6.25,2.47,230780754.0,0,1,1,1,1,1,0,0,1,0,0,0,0,0,0,0,0,0,0,0
HAO,2026-09-24,2.97,3.0125,3.3148,1553.7294,4096.0,-99.93,1.37,-6.01,399867.0,0,0,0,0,0,0,0,0,0,0,1,0,0,0,0,0,0,0,0,0
HAPN,2026-09-24,15.35,16.8988,18.2457,17.5901,21.58,-28.87,-5.6,1.32,21439726.0,0,0,0,0,0,0,0,0,0,0,1,0,0,0,0,0,0,0,0,0
HAS,2026-09-24,86.81,90.983,91.0754,88.9489,103.5827,-16.19,-2.79,0.34,133699942.0,0,0,0,0,0,0,0,0,0,0,0,0,0,0,0,0,0,0,0,0
HASI,2026-09-24,36.16,38.157,38.9492,37.1635,42.8335,-15.58,-0.66,-0.14,43283469.0,0,0,0,0,0,0,0,0,0,0,0,0,0,0,0,0,0,0,0,0
HAVA,2026-09-24,10.22,10.2125,10.177,,10.22,0.0,0.0,0.0,492773.0,0,0,1,1,1,1,0,0,1,0,0,0,0,0,0,0,0,0,0,0
HAWK,2026-09-24,16.0,17.4265,19.9082,,,,-1.05,1.07,24654299.0,0,0,0,0,0,0,0,0,0,0,0,0,0,0,0,0,0,0,0,0
HAYW,2026-09-24,12.52,13.3565,14.331,15.0177,17.31,-27.67,-3.17,-1.8,41582287.0,0,0,0,0,0,0,0,0,0,0,1,0,0,0,0,0,0,1,0,1
HBAN,2026-09-24,15.31,16.3624,16.977,16.6649,18.72,-18.22,-2.27,-0.46,462363593.0,0,0,0,0,0,0,0,0,0,0,1,0,0,0,0,0,0,0,0,0
HBB,2026-09-24,37.31,31.6791,29.1311,21.3173,37.31,0.0,21.41,7.89,2596341.0,0,1,1,1,1,1,1,1,1,0,0,0,1,1,1,1,1,0,0,0
HBCP,2026-09-24,67.72,68.955,69.9191,63.8843,72.51,-6.61,-1.35,0.82,4456015.0,1,1,0,0,0,0,0,0,0,0,0,0,0,0,0,0,0,0,0,0
HBIO,2026-09-24,8.02,8.002,7.0664,6.2607,8.2,-2.2,0.63,-0.37,151047.0,1,1,1,1,1,1,0,0,0,0,0,0,0,0,0,0,0,0,0,0
HBM,2026-09-24,26.48,27.4041,25.9926,24.1495,31.8533,-16.87,4.83,-1.16,103933463.0,0,1,0,0,1,0,0,0,0,0,0,0,0,0,0,0,0,0,0,0
HBNB,2026-09-24,4.72,5.1552,5.3847,6.5831,10.0,-52.8,-8.08,-1.32,18657.0,0,0,0,0,0,0,0,0,0,0,0,0,0,0,0,0,0,0,0,0
HBNC,2026-09-24,19.22,19.555,19.9912,18.236,20.8,-7.6,-1.39,1.05,9712374.0,1,1,0,0,0,0,0,0,0,0,0,0,0,0,0,0,0,0,0,0
HBT,2026-09-24,35.75,36.023,35.4495,29.571,37.22,-3.95,-0.8,1.82,4380471.0,1,1,1,0,1,0,0,0,0,0,0,0,0,0,0,0,0,0,0,0
HCA,2026-09-24,423.48,419.615,408.1457,446.0599,542.2319,-21.9,-1.61,-2.98,645783301.0,0,0,0,1,1,1,0,0,0,0,0,0,0,0,0,0,0,0,0,0
HCAC,2026-09-24,10.125,10.1023,10.0837,,10.125,0.0,0.15,0.05,660960.0,0,0,1,1,1,1,1,1,1,0,0,0,0,0,0,0,1,1,0,0
HCAI,2026-09-24,0.529,2.5789,3.9878,7.1817,19.17,-97.24,-12.42,-3.82,1292192.0,0,0,0,0,0,0,0,0,0,0,1,0,0,0,0,0,0,0,0,0
HCAT,2026-09-24,1.74,1.71,1.8658,1.8092,3.46,-49.71,0.58,1.16,787896.0,0,0,0,1,0,0,0,0,0,0,0,0,0,0,0,0,0,0,0,0
HCC,2026-09-24,88.95,99.3895,93.2586,89.9686,110.1841,-19.27,-4.07,-1.43,60913192.0,0,0,0,0,0,0,0,0,0,0,0,0,0,0,0,0,0,0,0,0
HCHL,2026-09-24,3.96,3.96,3.96,2.9821,4.89,-19.02,0.0,0.0,0.0,1,1,0,0,0,0,0,0,0,0,0,0,0,0,0,0,0,1,0,0
HCI,2026-09-24,176.89,185.817,182.7147,168.7413,204.4097,-13.46,-5.94,0.44,28779690.0,0,1,0,0,0,0,0,0,0,0,0,0,0,0,0,0,0,0,0,0
HCIC,2026-09-24,9.99,9.992,9.9872,,10.01,-0.2,-0.1,0.0,356442.0,0,0,1,0,1,0,0,0,0,0,0,0,0,0,0,0,0,0,0,0
HCKT,2026-09-24,10.21,10.8377,10.6903,13.1385,19.9358,-48.79,-6.05,-1.35,2153328.0,0,0,0,0,0,0,0,0,0,0,0,0,0,0,0,0,0,0,0,0
HCM,2026-09-24,13.9,13.2977,12.3851,13.1943,16.39,-15.19,3.27,-3.27,1322946.0,0,1,0,1,1,1,0,0,0,0,0,0,0,0,0,0,0,0,0,0
HCMA,2026-09-24,10.3,10.303,10.2967,10.1933,10.345,-0.43,-0.19,0.0,263493.0,1,1,1,0,1,0,0,0,0,0,0,0,0,0,0,0,0,0,0,0
HCSG,2026-09-24,20.97,21.8675,22.4976,21.0196,25.31,-17.15,-4.2,-1.32,13677633.0,0,0,0,0,0,0,0,0,0,0,0,0,0,0,0,0,0,0,0,0
HCTI,2026-09-24,0.73,0.7865,1.1236,14.2822,201.6,-99.64,5.8,-19.87,2765378.0,0,0,0,0,0,0,0,0,0,0,0,0,0,0,0,0,0,0,0,0
HCWB,2026-09-24,1.99,2.5393,2.8357,5.1336,29.28,-93.2,-1.0,19.88,2070338.0,0,0,0,0,0,0,0,0,0,0,0,1,1,1,0,0,0,1,0,0
HD,2026-09-24,292.18,311.5267,327.2597,336.5964,399.594,-26.88,-3.4,-1.53,1337684898.0,0,0,0,0,0,0,0,0,0,0,1,0,0,0,0,0,0,0,0,1
HDB,2026-09-24,22.83,22.8355,23.4102,27.5155,37.18,-38.6,2.01,0.18,274579128.0,0,0,0,0,0,0,0,0,0,0,0,0,0,0,0,0,0,0,0,0
HDL,2026-09-24,11.745,12.3927,13.0256,14.5563,18.79,-37.49,1.16,0.0,10194.0,0,0,0,0,0,0,0,0,0,0,0,0,0,0,0,0,0,0,0,0
HDRN,2026-09-24,1.35,1.7813,1.7951,6.6731,11.72,-88.48,-16.15,-3.57,173826.0,0,0,0,0,0,0,0,0,0,0,1,0,0,0,0,0,0,0,0,1
HDSN,2026-09-24,5.23,5.2725,5.665,6.1923,9.98,-47.6,0.38,1.75,2598999.0,0,0,0,0,0,0,0,0,0,0,0,0,0,0,0,0,0,0,0,0
HE,2026-09-24,9.17,10.5255,11.7414,13.6455,17.08,-46.31,-10.36,-0.54,29471759.0,0,0,0,0,0,0,0,0,0,0,1,0,0,0,0,0,0,0,0,1
HEI,2026-09-24,306.33,316.082,340.8102,322.3238,374.67,-18.24,2.3,-1.37,169732100.0,0,0,0,0,0,0,0,0,0,0,0,0,0,0,0,0,0,0,0,0
HELE,2026-09-24,29.35,28.088,28.3902,22.8655,30.22,-2.88,7.83,-0.61,11440788.0,0,1,1,1,1,0,0,0,0,0,0,0,0,0,0,0,0,0,0,0
HELP,2026-09-24,12.59,12.8045,10.9427,7.1851,14.02,-10.2,-6.53,-3.3,22922107.0,1,1,0,0,1,0,0,0,0,0,0,0,0,0,0,0,0,0,0,0
HEPS,2026-09-24,2.36,2.6083,2.7338,2.7292,3.29,-28.27,-8.88,-6.35,1309844.0,0,0,0,0,0,0,0,0,0,0,0,0,0,0,0,0,0,0,0,0
HEQ,2026-09-24,11.18,11.4254,11.3839,10.8485,11.654,-4.07,-0.89,-0.62,260936.0,1,1,1,0,0,0,0,0,0,0,0,0,0,0,0,0,0,0,0,0
HERE,2026-09-24,1.67,1.8488,1.8603,3.2178,10.27,-83.74,-11.17,0.6,44209.0,0,0,0,0,0,0,0,0,0,0,1,0,0,0,0,0,0,0,0,0
HERZ,2026-09-24,15.57,15.8716,15.8532,16.4821,20.8984,-25.5,-1.46,-0.83,459083.0,0,0,0,0,0,0,0,0,0,0,0,0,0,0,0,0,0,0,0,0
HESM,2026-09-24,38.47,39.8905,39.731,36.9034,40.97,-6.1,-2.8,-0.8,53605497.0,0,1,0,0,0,0,0,0,0,0,0,0,0,0,0,0,0,0,0,0
HFBL,2026-09-24,25.0,25.1095,24.2172,19.9056,26.83,-6.82,3.31,0.0,22460.0,1,1,0,0,1,0,0,0,0,0,0,0,0,0,0,0,0,0,0,0
HFFG,2026-09-24,1.55,1.6975,1.6747,1.8991,3.44,-54.94,-4.91,0.65,135126.0,0,0,0,0,0,0,0,0,0,0,0,0,0,0,0,0,0,0,0,0
HFRO,2026-09-24,6.9,7.228,7.2434,6.3991,7.5963,-9.17,-2.13,-1.71,661646.0,0,1,0,0,0,0,0,0,0,0,0,0,0,0,0,0,0,0,0,0
HFWA,2026-09-24,28.25,28.529,29.223,27.0033,30.9941,-8.85,0.86,1.07,11719532.0,1,1,0,0,0,0,0,0,0,0,0,0,0,0,0,0,0,0,0,0
HG,2026-09-24,33.43,34.9195,35.1496,30.7741,37.28,-10.33,-4.95,-0.12,13898827.0,0,1,0,0,0,0,0,0,0,0,0,0,0,0,0,0,0,0,0,0
HGBL,2026-09-24,1.33,1.3345,1.2192,1.283,1.75,-24.0,-3.62,0.0,202018.0,1,1,0,0,1,0,0,0,0,0,0,0,0,0,0,0,0,0,0,0
HGLB,2026-09-24,7.01,7.336,7.3634,7.7851,9.4355,-25.71,-3.04,-1.54,513774.0,0,0,0,0,0,0,0,0,0,0,1,0,0,0,0,0,0,0,0,1
HGTY,2026-09-24,13.58,13.5485,12.8716,11.8226,14.02,-3.14,-2.3,-0.88,8473468.0,1,1,1,1,1,1,0,0,0,0,0,0,0,0,0,0,0,0,0,0
HGV,2026-09-24,35.08,39.724,44.0772,45.8954,54.69,-35.86,-5.47,-1.46,40488927.0,0,0,0,0,0,0,0,0,0,0,1,0,0,0,0,0,0,0,0,1
HHH,2026-09-24,64.58,63.234,65.5102,70.0769,89.85,-28.12,4.01,1.3,41863853.0,0,0,0,1,0,0,0,0,0,0,0,0,0,0,0,0,0,0,0,0
HHS,2026-09-24,4.65,4.381,3.421,2.9209,4.65,0.0,1.75,0.43,483416.0,0,1,1,1,1,1,0,0,1,0,0,0,0,0,0,0,0,0,0,0
HIFS,2026-09-24,297.19,301.4355,298.4747,291.6512,331.9018,-10.46,-1.28,1.56,11954796.0,1,1,0,0,0,0,0,0,0,0,0,0,0,0,0,0,0,0,0,0
HIG,2026-09-24,125.69,135.2931,137.8519,135.049,145.0437,-13.34,-6.85,-0.71,211638377.0,0,0,0,0,0,0,0,0,0,0,1,0,0,0,0,0,0,0,0,0
HIHO,2026-09-24,0.93,0.9095,0.9559,0.8961,1.6227,-42.69,-1.06,-1.06,37232.0,1,1,0,1,0,0,0,0,0,0,0,0,0,0,0,0,0,1,0,0
HII,2026-09-24,266.0,283.1742,294.5961,343.1902,449.6816,-40.85,-4.35,-1.41,124269539.0,0,0,0,0,0,0,0,0,0,0,1,0,0,0,0,0,0,0,0,1
HIMS,2026-09-24,29.28,28.587,29.7202,27.8068,62.76,-53.35,4.98,3.13,283962227.0,1,1,0,1,0,0,0,0,0,0,0,0,1,0,0,0,0,0,0,0
HIMX,2026-09-24,14.12,13.8285,13.7024,12.0224,23.7716,-40.6,8.2,-1.12,13255198.0,1,1,0,1,1,1,0,0,0,0,0,0,0,0,0,0,0,0,0,0
HIND,2026-09-24,2.06,2.0962,2.1398,2.5102,6.31,-67.35,5.64,2.49,39897.0,0,0,0,0,0,0,0,0,0,0,0,0,0,0,0,0,0,0,0,0
HIO,2026-09-24,3.26,3.43,3.4803,3.4915,3.586,-9.09,-4.96,-0.91,1705031.0,0,0,0,0,0,0,0,0,0,0,1,0,0,0,0,0,0,1,0,1
HIPO,2026-09-24,30.24,32.355,31.7578,28.9273,37.85,-20.11,-5.14,1.78,5820540.0,0,1,0,0,0,0,0,0,0,0,0,0,0,0,0,0,0,0,0,0
HIT,2026-09-24,0.854,0.924,1.0119,1.2494,3.77,-77.35,0.47,-3.28,45715.0,0,0,0,0,0,0,0,0,0,0,0,0,0,0,0,0,0,0,0,0
HITI,2026-09-24,2.695,2.584,2.391,2.4281,3.87,-30.36,0.19,-0.92,2106024.0,0,1,0,1,1,1,0,0,0,0,0,0,0,0,0,0,0,0,0,0
HIVE,2026-09-24,3.3,3.07,2.9604,2.9017,6.96,-52.59,6.11,-2.08,42122898.0,0,1,0,1,1,1,0,0,0,0,0,0,0,0,0,0,0,0,0,0
HIW,2026-09-24,30.01,30.718,31.4543,26.2602,33.8541,-11.36,-2.25,1.08,35195679.0,1,1,0,0,0,0,0,0,0,0,0,0,0,0,0,0,0,0,0,0
HIX,2026-09-24,3.55,3.814,3.8527,3.8061,3.9746,-10.68,-5.33,-1.39,1264533.0,0,0,0,0,0,0,0,0,0,0,1,0,0,0,0,0,0,1,0,0
HKD,2026-09-24,1.7,1.7015,1.6724,1.6049,2.95,-42.37,0.59,0.0,157748.0,1,1,0,0,1,0,0,0,0,0,0,0,0,0,0,0,0,0,0,0
HKIT,2026-09-24,2.785,2.7138,2.9911,2435.7624,15562.5,-99.98,8.79,0.18,116019.0,0,0,0,1,0,0,0,0,0,0,0,0,0,0,0,0,0,1,0,0
HKPD,2026-09-24,0.121,0.1633,0.3046,0.5547,1.74,-93.05,-0.82,1.68,1558490.0,0,0,0,0,0,0,0,0,0,0,1,0,0,0,0,0,0,0,0,0
HL,2026-09-24,17.94,19.576,17.9679,19.194,31.7903,-43.57,-5.38,-1.81,694720436.0,0,0,0,0,0,0,0,0,0,0,0,0,0,0,0,0,0,0,0,0
HLF,2026-09-24,12.21,12.063,12.1776,14.101,19.96,-38.83,3.21,1.83,20879827.0,0,0,0,1,1,0,0,0,0,0,0,0,0,0,0,0,0,0,0,0
HLI,2026-09-24,127.49,133.1306,132.2765,149.861,205.5988,-37.99,-2.19,-1.89,113897743.0,0,0,0,0,0,0,0,0,0,0,0,0,0,0,0,0,0,0,0,0
HLIO,2026-09-24,68.38,70.2635,75.8458,71.6713,92.741,-26.27,1.97,-1.64,23535466.0,0,0,0,0,0,0,0,0,0,0,0,0,0,0,0,0,0,0,0,0
HLIT,2026-09-24,10.95,11.6195,11.8856,11.5032,17.11,-36.0,-1.79,-0.36,16712031.0,0,0,0,0,0,0,0,0,0,0,0,0,0,0,0,0,0,0,0,0
HLLY,2026-09-24,2.43,2.767,2.829,3.2306,4.39,-44.65,-7.6,-2.02,3159896.0,0,0,0,0,0,0,0,0,0,0,0,0,0,0,0,0,0,0,0,0
HLMN,2026-09-24,7.01,7.388,8.0178,8.3842,10.74,-34.73,-4.23,-1.82,13825919.0,0,0,0,0,0,0,0,0,0,0,0,0,0,0,0,0,0,0,0,0
HLN,2026-09-24,9.22,9.5425,9.7456,9.7078,11.0499,-16.56,0.11,1.21,166777292.0,0,0,0,0,0,0,0,0,0,0,0,0,0,0,0,0,0,0,0,0
HLNE,2026-09-24,85.34,96.7253,95.5111,103.1537,150.8509,-43.43,-4.4,-0.42,56799192.0,0,0,0,0,0,0,0,0,0,0,1,0,0,0,0,0,0,0,0,0
HLP,2026-09-24,2.2,1.5797,1.3603,1.0135,2.2,0.0,6.28,8.11,202325.0,0,1,1,1,1,1,1,1,1,0,0,0,1,1,0,0,1,0,0,0
HLT,2026-09-24,312.13,311.4005,318.4457,314.3874,350.0606,-10.84,2.13,1.6,526160061.0,0,0,0,1,0,0,0,0,0,0,0,0,0,0,0,0,0,0,0,0
HLXC,2026-09-24,10.94,10.7677,10.6906,,11.0,-0.55,1.3,1.58,450683.0,0,0,1,1,1,1,0,0,0,0,0,0,0,0,0,0,0,1,0,0
HMC,2026-09-24,32.19,32.0825,31.106,28.4724,33.88,-4.99,0.25,0.12,27021540.0,1,1,1,1,1,1,0,0,0,0,0,0,0,0,0,0,0,0,0,0
HMH,2026-09-24,18.62,19.4195,19.8396,,24.26,-23.25,-5.48,0.38,3683422.0,0,0,0,0,0,0,0,0,0,0,0,0,0,0,0,0,0,0,0,0
HMN,2026-09-24,45.88,49.4548,50.6381,46.1582,53.7265,-14.6,-7.07,-1.42,15954733.0,0,0,0,0,0,0,0,0,0,0,1,0,0,0,0,0,0,0,0,0
HMR,2026-09-24,1.81,1.507,1.3387,1.0861,1.85,-2.16,11.04,-2.16,280816.0,0,1,1,1,1,1,0,0,0,0,0,0,0,0,1,0,0,0,0,0
HMY,2026-09-24,18.55,19.8435,18.8666,18.2285,25.5485,-27.39,-7.16,-0.96,90508097.0,0,1,0,0,0,0,0,0,0,0,0,0,0,0,0,0,0,0,0,0
HNGE,2026-09-24,91.98,91.9175,86.8416,59.5377,94.9,-3.08,-1.87,-0.33,187135650.0,1,1,1,1,1,1,0,0,0,0,0,0,0,0,0,0,0,0,0,0
HNI,2026-09-24,46.68,47.524,46.3734,40.6621,51.2165,-8.86,1.02,-1.02,27731514.0,1,1,0,0,1,0,0,0,0,0,0,0,0,0,0,0,0,0,0,0
HNNA,2026-09-24,10.19,10.2365,9.9749,9.7149,10.43,-2.3,0.1,-1.74,86735.0,1,1,1,0,1,0,0,0,0,0,0,0,0,0,0,0,0,0,0,0
HNRG,2026-09-24,14.54,15.6665,15.5806,17.4643,23.81,-38.93,-1.02,0.21,10401192.0,0,0,0,0,0,0,0,0,0,0,0,0,0,0,0,0,0,0,0,0
HNST,2026-09-24,5.28,5.5187,4.8914,3.4837,5.95,-11.26,-0.75,1.93,11514766.0,0,1,0,0,1,0,0,0,0,0,0,0,0,0,0,0,0,0,0,0
HNVR,2026-09-24,26.06,26.88,26.5663,23.591,27.74,-6.06,-1.51,-0.34,995999.0,0,1,0,0,0,0,0,0,0,0,0,0,0,0,0,0,0,0,0,0
HODO,2026-09-24,0.17,0.2018,0.4968,2.9412,19.2,-99.11,-1.16,-2.86,187154.0,0,0,0,0,0,0,0,0,0,0,1,0,0,0,0,0,0,0,0,1
HOFT,2026-09-24,13.11,13.0659,13.7838,13.1903,17.6829,-25.86,0.46,-1.72,725897.0,0,0,0,1,0,0,0,0,0,0,0,0,0,0,0,0,0,0,0,0
HOG,2026-09-24,25.52,27.0348,26.6451,22.8744,28.2561,-9.68,-4.92,-1.77,45369094.0,0,1,0,0,0,0,0,0,0,0,0,0,0,0,0,0,0,0,0,0
HOLO,2026-09-24,1.7,1.6928,1.6536,2.0513,5.58,-69.53,7.59,0.0,490102.0,0,0,0,1,1,1,0,0,0,0,0,0,0,0,0,0,0,0,0,0
HOMB,2026-09-24,28.96,29.683,30.2604,28.1052,31.39,-7.74,-2.62,0.42,45792999.0,1,1,0,0,0,0,0,0,0,0,0,0,0,0,0,0,0,0,0,0
HON,2026-09-24,211.79,208.9645,223.713,228.4939,257.9406,-17.89,1.99,-0.37,654897349.0,0,0,0,1,0,0,0,0,0,0,0,0,0,0,0,0,0,0,0,0
HONA,2026-09-24,158.46,159.766,176.2482,,,,-3.48,-2.98,675811918.0,0,0,0,0,0,0,0,0,0,0,0,0,0,0,0,0,0,0,0,0
HOOD,2026-09-24,120.82,114.229,103.98,94.7129,152.46,-20.75,10.03,-1.53,2655364589.0,0,1,0,1,1,1,0,0,0,0,0,0,0,0,1,0,0,0,0,0
HOPE,2026-09-24,13.72,13.907,13.9138,12.3274,14.5,-5.38,-1.65,0.73,11899510.0,1,1,0,0,0,0,0,0,0,0,0,0,0,0,0,0,0,0,0,0
HOS,2026-09-24,8.3,9.194,9.5584,8.9712,10.6,-21.7,-3.71,-0.6,23969641.0,0,0,0,0,0,0,0,0,0,0,0,0,0,0,0,0,0,0,0,0
HOUR,2026-09-24,1.76,1.82,1.8507,1.9238,3.23,-45.51,2.39,1.15,16047.0,0,0,0,0,0,0,0,0,0,0,0,0,0,0,0,0,0,0,0,0
HOV,2026-09-24,112.94,119.0025,126.532,117.5913,147.55,-23.46,-2.72,-2.0,13573021.0,0,0,0,0,0,0,0,0,0,0,0,0,0,0,0,0,0,0,0,0
HOVR,2026-09-24,1.75,1.6812,1.7775,1.9172,3.91,-55.24,7.36,3.55,930862.0,0,0,0,1,0,0,0,0,0,0,0,0,1,0,0,0,0,0,0,0
HOWL,2026-09-24,0.981,0.9681,0.6552,0.6536,2.19,-55.21,6.75,-0.81,1508317.0,0,1,0,1,1,1,0,0,0,1,0,0,0,0,0,0,0,0,0,0
HP,2026-09-24,39.82,42.974,39.8729,35.6965,47.64,-16.41,-4.42,0.66,58410144.0,0,1,0,0,0,0,0,0,0,0,0,0,0,0,0,0,0,0,0,0
HPAI,2026-09-24,0.302,0.3502,0.4236,1.773,4.38,-93.11,2.37,1.0,517344.0,0,0,0,0,0,0,0,0,0,0,0,0,0,0,0,0,0,0,0,0
HPE,2026-09-24,63.52,56.8401,53.4723,35.5155,63.52,0.0,4.06,1.91,1585053445.0,0,1,1,1,1,1,0,0,1,0,0,0,0,0,0,0,0,0,0,0
HPF,2026-09-24,13.71,14.8383,15.3087,15.2396,15.8079,-13.27,-4.53,-0.22,1146532.0,0,0,0,0,0,0,0,0,0,0,1,0,0,0,0,0,0,1,0,1
HPK,2026-09-24,7.65,8.155,7.7367,6.4211,8.64,-11.46,-2.8,-3.04,4182899.0,0,1,0,0,0,0,0,0,0,0,0,0,0,0,0,0,0,1,0,0
HPP,2026-09-24,11.71,12.317,13.6076,10.8922,19.46,-39.83,2.54,0.17,7521591.0,0,1,0,0,0,0,0,0,0,0,0,0,0,0,0,0,0,0,0,0
HPQ,2026-09-24,31.14,32.1749,29.3761,22.9296,35.48,-12.23,-4.77,-3.17,595318440.0,0,1,0,0,1,0,0,0,0,0,0,0,0,0,0,0,0,0,0,0
HQ,2026-09-24,15.8,15.0325,15.504,,38.39,-58.84,16.52,6.25,6997510.0,0,0,0,1,1,0,0,0,0,0,0,0,1,1,1,0,0,0,0,0
HQH,2026-09-24,21.29,22.157,22.0286,19.2076,23.9927,-11.26,-0.14,-1.44,2863708.0,0,1,0,0,0,0,0,0,0,0,0,0,0,0,0,0,0,0,0,0
HQI,2026-09-24,18.75,16.6482,15.3194,12.1407,18.75,0.0,12.34,2.46,360809.0,0,1,1,1,1,1,1,0,1,0,0,0,0,0,1,1,1,1,0,0
HQL,2026-09-24,19.27,20.227,20.0269,17.2364,22.042,-12.58,-0.05,-1.48,2590434.0,0,1,0,0,0,0,0,0,0,0,0,0,0,0,0,0,0,0,0,0
HQY,2026-09-24,88.6,95.4825,99.3638,88.9075,106.79,-17.03,-7.71,-1.98,94412654.0,0,0,0,0,0,0,0,0,0,0,0,0,0,0,0,0,0,0,0,0
HR,2026-09-24,17.83,18.801,19.6324,18.4059,21.6028,-17.46,-3.62,-0.72,72189288.0,0,0,0,0,0,0,0,0,0,0,1,0,0,0,0,0,0,0,0,0
HRB,2026-09-24,42.61,47.2485,46.657,38.1295,53.6909,-20.64,-5.54,0.16,86534684.0,0,1,0,0,0,0,0,0,0,0,0,0,0,0,0,0,0,0,0,0
HRI,2026-09-24,130.94,142.431,152.653,140.5872,178.4655,-26.63,-8.25,-4.58,121482784.0,0,0,0,0,0,0,0,0,0,0,0,0,0,0,0,0,0,0,0,0
HRL,2026-09-24,19.84,21.18,23.409,22.9198,26.1959,-24.26,-4.52,-0.4,128447850.0,0,0,0,0,0,0,0,0,0,0,1,0,0,0,0,0,0,0,0,0
HRMY,2026-09-24,41.16,41.3535,38.7918,34.6162,42.86,-3.97,-2.49,1.68,46039529.0,1,1,1,0,1,0,0,0,0,0,0,0,0,0,0,0,0,0,0,0
HROW,2026-09-24,33.1,36.014,38.8216,40.9176,54.8,-39.6,-3.24,-1.49,19584461.0,0,0,0,0,0,0,0,0,0,0,0,0,0,0,0,0,0,0,0,0
HRTG,2026-09-24,33.18,34.284,32.172,27.6627,35.42,-6.32,-5.09,0.33,9369765.0,0,1,0,0,1,0,0,0,0,0,0,0,0,0,0,0,0,0,0,0
HRTX,2026-09-24,0.29,0.317,0.378,0.8354,1.49,-80.54,-9.38,0.0,631283.0,0,0,0,0,0,0,0,0,0,0,0,0,0,0,0,0,0,0,0,0
HRZN,2026-09-24,4.59,4.6732,4.5768,4.6258,5.8668,-21.76,1.32,-0.43,3202136.0,0,0,0,0,1,0,0,0,0,0,0,0,0,0,0,0,0,0,0,0
HSAI,2026-09-24,16.37,17.2068,17.1815,21.0157,29.58,-44.66,-1.8,0.37,24406450.0,0,0,0,0,0,0,0,0,0,0,0,0,0,0,0,0,0,0,0,0
HSBC,2026-09-24,100.17,103.5375,103.1837,89.8581,107.3417,-6.68,-0.66,-0.08,137036389.0,0,1,0,0,0,0,0,0,0,0,0,0,0,0,0,0,0,0,0,0
HSCS,2026-09-24,4.63,3.8435,2.9515,2.621,5.2,-10.96,-4.34,2.43,628517.0,0,1,0,1,1,1,0,0,0,0,0,0,0,0,0,0,0,0,0,0
HSDT,2026-09-24,2.9,2.368,2.0031,2.1987,18.19,-84.06,26.09,0.69,1280551.0,0,1,0,1,1,1,0,0,0,0,0,0,0,0,1,0,0,0,0,0
HSHP,2026-09-24,18.03,17.6863,16.2286,12.9355,19.33,-6.73,-0.61,-0.83,8589142.0,1,1,0,1,1,1,0,0,0,0,0,0,0,0,0,0,0,0,0,0
HSIC,2026-09-24,85.53,88.0465,87.8346,79.9053,90.86,-5.87,-1.43,0.56,94302198.0,1,1,0,0,0,0,0,0,0,0,0,0,0,0,0,0,0,0,0,0
HSLV,2026-09-24,5.27,5.5565,5.0964,,6.64,-20.63,2.73,-3.3,3611130.0,0,0,0,0,1,0,0,0,0,0,0,0,0,0,0,0,0,0,0,0
HST,2026-09-24,22.21,22.0965,23.153,20.5792,25.54,-13.04,2.07,0.27,178956994.0,1,1,0,1,0,0,0,0,0,0,0,0,0,0,0,0,0,0,0,0
HSTM,2026-09-24,28.87,29.1805,28.6958,24.3044,29.77,-3.02,-1.87,0.38,5732672.0,1,1,1,0,1,0,0,0,0,0,0,0,0,0,0,0,0,0,0,0
HSY,2026-09-24,166.88,173.6465,176.9165,189.1824,232.6481,-28.27,-2.29,-0.93,243028328.0,0,0,0,0,0,0,0,0,0,0,0,0,0,0,0,0,0,0,0,0
HTB,2026-09-24,45.73,47.1175,48.3793,45.5516,51.6938,-11.54,-2.08,1.15,10839295.0,1,1,0,0,0,0,0,0,0,0,0,0,0,0,0,0,0,0,0,0
HTCO,2026-09-24,2.35,2.4095,2.8449,6.8506,38.22,-93.85,13.53,-0.42,151761.0,0,0,0,0,0,0,0,0,0,0,0,0,0,0,1,0,0,0,0,0
HTCR,2026-09-24,2.09,2.1698,2.3794,4.0276,15.7994,-86.77,5.56,2.9,28336.0,0,0,0,0,0,0,0,0,0,0,0,0,0,0,0,0,0,0,0,0
HTD,2026-09-24,22.55,24.4631,24.9886,24.267,25.7543,-12.44,-6.47,-1.44,1542014.0,0,0,0,0,0,0,0,0,0,0,1,0,0,0,0,0,0,0,0,0
HTFL,2026-09-24,48.66,48.846,38.6686,31.0598,50.75,-4.12,0.75,2.68,101853979.0,1,1,1,0,1,0,0,0,0,0,0,0,0,0,0,0,0,0,0,0
HTGC,2026-09-24,16.8,17.508,16.7651,15.6628,17.76,-5.41,-4.38,-1.0,24773551.0,0,1,0,0,1,0,0,0,0,0,0,0,0,0,0,0,0,0,0,0
HTH,2026-09-24,38.35,38.5915,38.7831,37.0746,39.79,-3.62,-0.9,0.47,13137710.0,1,1,1,0,0,0,0,0,0,0,0,0,0,0,0,0,0,0,0,0
HTHT,2026-09-24,41.99,44.43,43.3114,46.0154,53.5904,-21.65,-1.71,-1.85,63913488.0,0,0,0,0,0,0,0,0,0,0,0,0,0,0,0,0,0,0,0,0
HTLD,2026-09-24,11.37,12.1295,12.7858,12.0965,16.1979,-29.81,-4.29,-2.65,8994212.0,0,0,0,0,0,0,0,0,0,0,0,0,0,0,0,0,0,0,0,0
HTLM,2026-09-24,1.78,1.7721,1.8481,2.0195,3.3814,-47.36,0.0,0.0,6033.0,0,0,0,1,0,0,0,0,0,0,0,0,0,0,0,0,0,0,0,0
HTO,2026-09-24,62.18,63.2675,63.0759,56.9127,64.9706,-4.3,-1.52,-0.03,28652978.0,1,1,1,0,0,0,0,0,0,0,0,0,0,0,0,0,0,0,0,0
HTOO,2026-09-24,2.01,2.208,2.3628,3.0617,5.36,-62.5,-5.63,-9.87,295961.0,0,0,0,0,0,0,0,0,0,0,0,0,0,0,0,0,0,0,0,1
HTT,2026-09-24,2.43,2.538,2.5184,2.7746,4.95,-50.91,-1.62,-0.41,206227.0,0,0,0,0,0,0,0,0,0,0,0,0,0,0,0,0,0,0,0,0
HTZ,2026-09-24,1.755,2.0285,2.0053,4.2159,7.81,-77.53,-5.65,0.86,29021806.0,0,0,0,0,0,0,0,0,0,0,0,0,0,0,0,0,0,0,0,0
HUBB,2026-09-23,463.7,454.4004,474.0484,484.5293,554.4604,-16.37,5.61,1.06,219720478.0,0,0,0,1,0,0,0,0,0,0,0,0,0,0,0,0,0,0,0,0
HUBC,2026-09-24,2.33,2.2915,1.4771,1396.8154,32550.0,-99.99,-54.89,-27.41,721329.0,0,0,0,1,1,1,0,0,0,0,0,0,0,0,0,0,0,0,0,0
HUBG,2026-09-24,30.03,35.417,41.2366,41.914,51.9924,-42.24,-8.98,-4.36,45091458.0,0,0,0,0,0,0,0,0,0,0,1,0,0,0,0,0,0,0,0,1
HUBS,2026-09-24,221.56,238.498,231.4842,252.3792,519.88,-57.38,-6.3,-1.98,390478604.0,0,0,0,0,0,0,0,0,0,0,0,0,0,0,0,0,0,0,0,0
HUCK,2026-09-24,3.39,3.7775,3.7418,4.4655,17.13,-80.21,-11.72,-4.51,5842320.0,0,0,0,0,0,0,0,0,0,0,0,0,0,0,0,0,0,0,0,0
HUDI,2026-09-24,0.732,0.7815,0.807,1.069,1.49,-50.87,-7.69,-0.41,20001.0,0,0,0,0,0,0,0,0,0,0,0,0,0,0,0,0,0,0,0,0
HUHU,2026-09-24,5.96,4.5368,4.9086,7.7188,11.7,-49.06,46.8,1.02,303370.0,0,0,0,1,1,0,0,0,0,0,0,0,0,0,1,0,0,0,0,0
HUIZ,2026-09-24,1.38,1.5228,1.3989,1.7686,4.1,-66.34,-4.17,-3.5,203306.0,0,0,0,0,0,0,0,0,0,0,0,0,0,0,0,0,0,0,0,0
HUM,2026-09-24,380.32,393.1395,387.223,288.0453,409.8,-7.19,-1.14,1.48,361255485.0,0,1,0,0,0,0,0,0,0,0,0,0,0,0,0,0,0,0,0,0
HUMA,2026-09-24,0.569,0.5936,0.6353,0.8984,2.48,-77.06,-0.18,0.53,2848253.0,0,0,0,0,0,0,0,0,0,0,0,0,0,0,0,0,0,0,0,0
HUN,2026-09-24,8.79,9.3197,10.23,11.7756,15.7396,-44.15,-4.35,-3.41,23123627.0,0,0,0,0,0,0,0,0,0,0,0,0,0,0,0,0,0,0,0,0
HURA,2026-09-24,2.1,2.085,2.1475,1.8295,3.15,-33.33,3.45,2.44,378193.0,1,1,0,1,0,0,0,0,0,0,0,0,0,0,0,0,0,0,0,0
HURC,2026-09-24,21.63,22.234,22.0386,18.499,23.32,-7.25,-4.55,2.03,611587.0,1,1,0,0,0,0,0,0,0,0,0,0,0,0,0,0,0,0,0,0
HURN,2026-09-24,157.66,155.8695,147.3324,138.7915,185.58,-15.04,2.36,-1.41,36308037.0,1,1,0,1,1,1,0,0,0,0,0,0,0,0,0,0,0,0,0,0
HUT,2026-09-24,101.54,90.9937,93.3565,78.4952,133.02,-23.67,13.05,-0.9,420449619.0,0,1,0,1,1,0,0,0,0,0,0,0,0,0,1,0,0,0,0,0
HUYA,2026-09-24,2.33,2.127,2.2692,2.8269,4.5997,-49.34,13.11,0.43,2548557.0,0,0,0,1,1,0,0,0,0,0,0,0,0,0,1,0,0,0,0,0
HVMC,2026-09-24,10.26,10.2545,10.2248,10.123,10.27,-0.1,-0.1,0.0,336056.0,1,1,1,1,1,1,0,0,0,0,0,0,0,0,0,0,0,0,0,0
HVT,2026-09-24,27.74,27.5385,27.0178,23.9918,28.7419,-3.49,1.65,0.87,3565570.0,1,1,1,1,1,1,0,0,0,0,0,0,0,0,0,0,0,0,0,0
HWBK,2026-09-24,38.31,38.9293,38.9552,35.5461,40.0955,-4.45,0.0,0.52,667711.0,1,1,1,0,0,0,0,0,0,0,0,0,0,0,0,0,0,0,0,0
HWC,2026-09-24,73.18,74.5204,75.8361,69.0423,79.2524,-7.66,-1.84,1.09,56720807.0,1,1,0,0,0,0,0,0,0,0,0,0,0,0,0,0,0,0,0,0
HWKN,2026-09-24,126.62,123.5065,128.9985,144.5813,182.5625,-30.64,2.98,2.12,23211235.0,0,0,0,1,0,0,0,0,0,0,0,0,0,0,0,0,0,0,0,0
HWM,2026-09-24,229.38,240.828,264.9117,247.0869,292.65,-21.62,0.72,0.26,972048888.0,0,0,0,0,0,0,0,0,0,0,0,0,0,0,0,0,0,0,0,0
HXHX,2026-09-24,0.391,0.4597,0.4892,0.5078,1.7,-77.0,3.71,-1.51,148564.0,0,0,0,0,0,0,0,0,0,0,0,0,0,0,0,0,0,0,0,0
HXL,2026-09-24,85.45,90.877,97.9661,89.2681,110.0881,-22.38,-6.18,-0.78,73377831.0,0,0,0,0,0,0,0,0,0,0,1,0,0,0,0,0,0,0,0,0
HY,2026-09-24,30.82,33.6671,33.7731,33.9287,40.0337,-23.01,-8.11,-6.29,3412211.0,0,0,0,0,0,0,0,0,0,0,0,0,0,0,0,0,0,0,0,0
HYFM,2026-09-24,0.96,0.9462,1.0491,1.1945,3.47,-72.33,4.35,-2.04,93671.0,0,0,0,1,0,0,0,0,0,0,0,0,0,0,0,0,0,0,0,0
HYFT,2026-09-24,1.36,1.3317,1.3553,1.4868,2.78,-51.08,20.35,-2.16,261583.0,0,0,0,1,1,0,0,0,0,0,0,0,0,0,1,0,0,0,0,0
HYI,2026-09-24,9.81,10.222,10.3171,10.3506,10.7529,-8.77,-2.97,-1.51,622672.0,0,0,0,0,0,0,0,0,0,0,1,0,0,0,0,0,0,0,0,1
HYLN,2026-09-24,4.2,3.815,3.779,3.2077,8.1,-48.15,6.6,1.45,7069238.0,0,1,0,1,1,1,0,0,0,0,0,0,0,0,0,0,0,0,0,0
HYMC,2026-09-24,20.89,22.2367,22.829,30.5282,55.74,-62.52,4.19,-1.74,46519745.0,0,0,0,0,0,0,0,0,0,0,0,0,0,0,0,0,0,0,0,0
HYNE,2026-09-24,16.43,16.523,16.4824,15.4499,16.76,-1.97,-0.06,-0.06,132802.0,1,1,1,0,0,0,0,0,0,0,0,0,0,0,0,0,0,0,0,0
HYPD,2026-09-24,4.17,3.5447,3.0867,3.3854,11.83,-64.75,20.17,6.38,2244656.0,0,1,0,1,1,1,1,1,0,0,0,0,1,1,1,1,1,0,0,0
HYPR,2026-09-24,0.796,0.8065,0.886,1.1597,2.2,-63.82,2.84,0.76,329602.0,0,0,0,0,0,0,0,0,0,0,0,0,0,0,0,0,0,0,0,0
HYT,2026-09-24,7.74,8.0743,8.1663,8.2175,8.6578,-10.6,-2.89,-1.15,8368697.0,0,0,0,0,0,0,0,0,0,0,1,0,0,0,0,0,0,0,0,1
HZO,2026-09-24,52.41,52.2565,45.9804,33.7151,52.56,-0.29,0.13,-0.02,41231691.0,0,1,1,1,1,1,0,0,0,0,0,0,0,0,0,0,0,0,0,0
IA,2026-09-24,18.45,18.8905,19.6444,20.1308,30.56,-39.63,0.16,1.77,5349519.0,0,0,0,0,0,0,0,0,0,0,0,0,0,0,0,0,0,0,0,0
IACO,2026-09-24,10.0,9.992,9.966,,,,0.1,0.0,670195.0,0,0,0,1,1,1,0,0,0,0,0,0,0,0,0,0,0,0,0,0
IACQ,2026-09-24,9.99,9.9685,9.9564,,,,0.0,0.0,102931.0,0,0,0,1,1,1,0,0,0,0,0,0,0,0,0,0,0,0,0,0
IAE,2026-09-24,8.96,8.833,8.655,7.9272,9.0683,-1.19,3.7,1.13,287321.0,1,1,1,1,1,1,0,0,0,0,0,0,0,0,0,0,0,0,0,0
IAF,2026-09-24,12.69,13.0725,12.8157,12.3684,13.47,-5.79,0.0,0.08,268533.0,1,1,0,0,0,0,0,0,0,0,0,0,0,0,0,0,0,0,0,0
IAG,2026-09-24,19.36,20.2415,18.1268,18.1617,24.57,-21.2,-0.62,-2.66,107457805.0,0,1,0,0,1,0,0,0,0,0,0,0,0,0,0,0,0,0,0,0
IART,2026-09-24,15.88,16.123,17.2086,13.971,19.85,-20.0,-1.12,2.25,14244413.0,1,1,0,0,0,0,0,0,0,0,0,0,0,0,0,0,0,0,0,0
IAUX,2026-09-24,1.73,1.765,1.6244,1.6005,2.08,-16.83,-1.14,-1.14,15159070.0,1,1,0,0,1,0,0,0,0,0,0,0,0,0,0,0,0,0,0,0
IBAC,2026-09-24,11.3,10.993,10.8916,10.7327,11.64,-2.92,3.39,-0.88,26287.0,1,1,1,1,1,1,0,0,0,0,0,0,0,0,0,0,0,0,0,0
IBCP,2026-09-24,35.62,36.609,37.1544,34.6855,38.5,-7.48,-2.33,0.91,6165200.0,1,1,0,0,0,0,0,0,0,0,0,0,0,0,0,0,0,0,0,0
IBEX,2026-09-24,43.22,39.3175,37.0929,33.26,43.22,0.0,7.3,1.31,6616309.0,0,1,1,1,1,1,1,1,1,0,0,0,0,0,0,0,1,0,0,0
IBG,2026-09-24,0.965,0.9892,0.9477,2.9744,21.95,-95.6,-8.1,1.58,31092.0,0,0,0,0,1,0,0,0,0,0,0,0,0,0,0,0,0,0,0,0
IBIO,2026-09-24,1.2,1.2725,1.3604,1.8477,3.07,-60.91,1.69,-4.0,698991.0,0,0,0,0,0,0,0,0,0,0,0,0,0,0,0,0,0,0,0,0
IBKR,2026-09-24,89.82,91.671,91.3409,80.3588,98.1012,-8.44,3.55,-1.9,349000358.0,1,1,0,0,0,0,0,0,0,0,0,0,0,0,0,0,0,0,0,0
IBM,2026-09-24,227.06,235.708,229.5613,255.5485,326.8851,-30.54,-4.39,-2.45,1318365888.0,0,0,0,0,0,0,0,0,0,0,0,0,0,0,0,0,0,0,0,0
IBN,2026-09-24,27.88,29.244,29.547,28.5557,32.6665,-14.65,-0.96,-0.11,136684729.0,0,0,0,0,0,0,0,0,0,0,0,0,0,0,0,0,0,0,0,0
IBO,2026-09-24,5.65,6.2881,5.8864,6.558,9.8734,-42.78,-21.83,-14.78,181336.0,0,0,0,0,0,0,0,0,0,0,0,0,0,0,0,0,0,0,0,0
IBOC,2026-09-24,69.39,70.6865,72.7092,70.8303,77.0659,-9.96,-2.17,0.41,26082231.0,0,0,0,0,0,0,0,0,0,0,0,0,0,0,0,0,0,0,0,0
IBP,2026-09-24,196.29,217.8842,228.5764,256.4143,340.1134,-42.29,-1.62,-3.21,92967058.0,0,0,0,0,0,0,0,0,0,0,0,0,0,0,0,0,0,0,0,0
IBRX,2026-09-24,8.64,8.242,7.8147,6.9991,11.55,-25.19,2.13,0.12,87701379.0,0,1,0,1,1,1,0,0,0,0,0,0,0,0,0,0,0,0,0,0
IBTA,2026-09-24,41.68,39.5685,35.5694,29.8268,42.4,-1.7,0.24,1.14,7815931.0,0,1,1,1,1,1,0,0,0,0,0,0,0,0,0,0,0,0,0,0
ICCC,2026-09-24,9.97,9.9015,10.4052,8.3155,11.72,-14.93,3.75,-0.2,124604.0,1,1,0,1,0,0,0,0,0,0,0,0,0,0,0,0,0,0,0,0
ICCM,2026-09-24,1.73,2.125,2.6527,10.4571,31.5,-94.51,-16.02,-7.49,201721.0,0,0,0,0,0,0,0,0,0,0,1,0,0,0,0,0,0,0,0,1
ICE,2026-09-24,156.93,157.7867,153.2916,154.2043,173.314,-9.45,1.84,0.37,505438345.0,1,1,0,0,1,0,0,0,0,0,0,0,0,0,0,0,0,0,0,0
ICFI,2026-09-24,83.0,87.2493,85.5426,78.5029,96.5259,-14.01,-5.1,-0.81,14791490.0,0,1,0,0,0,0,0,0,0,0,0,0,0,0,0,0,0,0,0,0
ICG,2026-09-24,0.831,0.9631,0.8986,1.2321,2.17,-61.71,-14.33,-16.9,32169.0,0,0,0,0,0,0,0,0,0,0,0,0,0,0,0,0,0,1,0,0
ICHR,2026-09-24,56.47,55.057,66.039,56.6721,112.28,-49.71,9.82,-3.3,37224980.0,0,0,0,1,0,0,0,0,0,0,0,0,0,0,0,0,0,0,0,0
ICL,2026-09-24,5.18,5.6047,5.3955,5.3496,6.6962,-22.64,-5.47,-2.26,6873911.0,0,0,0,0,0,0,0,0,0,0,0,0,0,0,0,0,0,0,0,0
ICLR,2026-09-24,173.9,166.632,167.3788,147.0238,202.92,-14.3,-0.02,6.1,152944260.0,0,1,0,1,1,0,0,0,0,0,0,0,1,1,0,0,0,0,0,0
ICMB,2026-09-24,0.86,0.8577,0.8347,1.7665,3.09,-72.17,0.0,-1.15,25997.0,0,0,0,1,1,1,0,0,0,0,0,0,0,0,0,0,0,0,0,0
ICON,2026-09-24,1.01,0.9592,0.9878,1.4722,11.05,-90.86,14.9,2.02,21743.0,0,0,0,1,1,0,0,0,0,0,0,0,0,0,1,0,0,0,0,0
ICU,2026-09-24,3.44,3.1584,3.3483,3.2672,12.4,-72.26,11.69,-2.55,129891.0,0,1,0,1,1,0,0,0,0,0,0,0,0,0,1,0,0,0,0,0
ICUI,2026-09-24,166.02,163.606,168.4144,146.4704,187.26,-11.34,6.68,1.65,41216273.0,1,1,0,1,0,0,0,0,0,0,0,0,0,0,0,0,0,0,0,0
IDA,2026-09-24,127.69,134.3615,139.7136,138.3426,153.6093,-16.87,-3.77,-0.75,74113153.0,0,0,0,0,0,0,0,0,0,0,1,0,0,0,0,0,0,0,0,0
IDAI,2026-09-24,3.07,3.113,2.8002,2.7858,4.66,-34.12,3.72,4.42,106002.0,1,1,0,0,1,0,0,0,0,1,0,0,1,0,0,0,0,0,0,0
IDCC,2026-09-24,328.03,333.5495,318.2674,317.2648,393.7769,-16.7,-0.21,0.45,72614229.0,1,1,0,0,1,0,0,0,0,1,0,0,0,0,0,0,0,0,0,0
IDE,2026-09-24,12.27,12.7419,12.9616,12.7704,13.6877,-10.36,-0.57,-0.73,636496.0,0,0,0,0,0,0,0,0,0,0,1,0,0,0,0,0,0,0,0,0
IDN,2026-09-24,2.4,2.6065,3.1636,5.0939,8.99,-73.3,0.84,2.56,826649.0,0,0,0,0,0,0,0,0,0,0,1,0,0,0,0,0,0,0,0,0
IDR,2026-09-24,29.8,30.6925,30.8028,36.8603,52.66,-43.41,6.43,-0.73,6766706.0,0,0,0,0,0,0,0,0,0,0,0,0,0,0,0,0,0,0,0,0
IDT,2026-09-24,67.75,69.0605,67.0644,55.5005,71.02,-4.6,-2.59,-0.18,17140196.0,1,1,1,0,1,0,0,0,0,0,0,0,0,0,0,0,0,0,0,0
IDXX,2026-09-24,513.39,525.418,548.588,594.3129,766.68,-33.04,-0.04,-1.65,263846459.0,0,0,0,0,0,0,0,0,0,0,0,0,0,0,0,0,0,0,0,0
IDYA,2026-09-24,36.74,38.962,37.7076,33.9419,42.48,-13.51,-2.62,-1.92,32415971.0,0,1,0,0,0,0,0,0,0,0,0,0,0,0,0,0,0,0,0,0
IE,2026-09-24,9.99,10.281,10.0638,13.019,19.92,-49.85,11.74,-3.94,23136239.0,0,0,0,0,0,0,0,0,0,0,0,0,0,0,1,0,0,0,0,0
IEAG,2026-09-24,10.22,10.222,10.2238,,10.26,-0.39,-0.39,0.0,247635.0,0,0,1,0,0,0,0,0,0,0,0,0,0,0,0,0,0,0,0,0
IESC,2026-09-24,320.5,320.4375,333.3366,286.8401,396.98,-19.27,-1.39,0.24,89039184.0,1,1,0,1,0,0,0,0,0,0,0,0,0,0,0,0,0,0,0,0
IEX,2026-09-24,228.5,225.566,228.962,208.1082,240.52,-5.0,3.16,-0.51,127159965.0,1,1,1,1,0,0,0,0,0,0,0,0,0,0,0,0,0,0,0,0
IFBD,2026-09-24,1.13,0.9621,1.0219,0.9875,1.345,-15.99,14.14,14.6,578369.0,0,1,0,1,1,0,1,0,0,0,0,0,1,1,1,1,0,1,0,0
IFF,2026-09-24,85.85,85.0012,82.4609,74.8907,87.6551,-2.06,2.2,0.16,141319579.0,1,1,1,1,1,1,0,0,0,0,0,0,0,0,0,0,0,0,0,0
IFN,2026-09-24,10.86,11.2295,11.2917,11.5429,13.5425,-19.81,-0.37,-1.0,1446854.0,0,0,0,0,0,0,0,0,0,0,0,0,0,0,0,0,0,0,0,0
IFRX,2026-09-24,1.93,2.1345,1.9943,1.56,2.74,-29.56,-5.39,-1.53,1377948.0,0,1,0,0,0,0,0,0,0,0,0,0,0,0,0,0,0,0,0,0
IFS,2026-09-24,55.45,55.003,56.4834,49.5112,60.68,-8.62,1.24,0.29,11011570.0,1,1,0,1,0,0,0,0,0,0,0,0,0,0,0,0,0,0,0,0
IGA,2026-09-24,10.31,10.5401,10.279,9.5423,10.75,-4.09,-3.64,-0.77,905960.0,1,1,1,0,1,0,0,0,0,0,0,0,0,0,0,0,0,0,0,0
IGAC,2026-09-24,10.08,10.0615,10.0483,,10.1,-0.2,0.1,-0.2,247722.0,0,0,1,1,1,1,0,0,0,0,0,0,0,0,0,0,0,0,0,0
IGC,2026-09-24,0.28,0.29,0.2784,0.2867,0.42,-33.33,3.7,-3.45,212170.0,0,0,0,0,1,0,0,0,0,0,0,0,0,0,0,0,0,0,0,0
IGD,2026-09-24,6.35,6.4225,6.4335,5.8673,6.6493,-4.5,-0.31,0.47,1627267.0,1,1,1,0,0,0,0,0,0,0,0,0,0,0,0,0,0,0,0,0
IGI,2026-09-24,15.75,15.744,15.7699,15.8405,16.1532,-2.5,2.67,-1.25,292484.0,0,0,1,1,0,0,0,0,0,0,0,0,0,0,0,0,0,0,0,0
IGIC,2026-09-24,24.62,25.9108,26.7603,25.0446,28.8473,-14.65,-1.91,0.53,1930185.0,0,0,0,0,0,0,0,0,0,0,0,0,0,0,0,0,0,0,0,0
IGR,2026-09-24,11.94,8.7671,6.168,4.3242,12.7514,-6.36,-1.49,-0.91,3977824.0,0,1,0,1,1,1,0,0,0,0,0,0,0,0,0,0,0,0,0,0
IH,2026-09-24,1.13,1.2081,1.2845,1.6045,2.8603,-60.49,-3.42,-4.24,17199.0,0,0,0,0,0,0,0,0,0,0,0,0,0,0,0,0,0,0,0,1
IHD,2026-09-24,7.62,7.6086,7.4455,6.8951,7.8472,-2.89,1.46,-0.39,315472.0,1,1,1,1,1,1,0,0,0,0,0,0,0,0,0,0,0,0,0,0
IHG,2026-09-24,157.66,156.9715,157.9809,147.8692,173.4269,-9.09,2.54,0.98,26548800.0,1,1,0,1,0,0,0,0,0,0,0,0,0,0,0,0,0,0,0,0
IHRT,2026-09-24,2.26,2.6207,3.1063,3.7399,6.33,-64.3,-11.37,-3.83,1540849.0,0,0,0,0,0,0,0,0,0,0,1,0,0,0,0,0,0,0,0,1
IHS,2026-09-24,8.42,8.4285,8.3304,8.1195,8.73,-3.55,0.0,0.0,9764277.0,1,1,1,0,1,0,0,0,0,0,0,0,0,0,0,0,0,0,0,0
IHT,2026-09-24,1.41,1.3595,1.5356,1.3423,1.9128,-26.28,6.82,-1.4,122233.0,0,1,0,1,0,0,0,0,0,0,0,0,0,0,0,0,0,0,0,0
IIF,2026-09-24,21.91,22.5985,22.836,22.8905,25.7624,-14.95,-0.27,-1.13,566420.0,0,0,0,0,0,0,0,0,0,0,0,0,0,0,0,0,0,0,0,0
III,2026-09-24,5.27,5.1619,4.7631,4.623,5.9139,-10.89,0.0,-1.5,1066131.0,1,1,0,1,1,1,0,0,0,0,0,0,0,0,0,0,0,0,0,0
IIIN,2026-09-24,29.13,30.2384,31.0781,31.2956,37.997,-23.34,-3.7,-1.35,4414512.0,0,0,0,0,0,0,0,0,0,0,0,0,0,0,0,0,0,0,0,0
IIIV,2026-09-24,15.13,15.6835,17.7458,21.2371,33.11,-54.3,2.86,0.2,9824524.0,0,0,0,0,0,0,0,0,0,0,0,0,0,0,0,0,0,0,0,0
IIM,2026-09-24,11.06,12.1335,12.3249,12.0906,12.7632,-13.34,-7.06,-3.41,1632691.0,0,0,0,0,0,0,0,0,0,0,1,0,0,0,0,0,0,1,0,1
IIPR,2026-09-24,55.59,56.378,58.2396,52.9132,64.67,-14.04,-0.57,0.56,19135591.0,1,1,0,0,0,0,0,0,0,0,0,0,0,0,0,0,0,0,0,0
IKT,2026-09-24,2.1,2.3575,2.3398,1.9222,2.52,-16.67,-9.09,-2.33,1209878.0,0,1,0,0,0,0,0,0,0,0,0,0,0,0,0,0,0,0,0,0
ILAG,2026-09-24,3.112,2.9965,3.216,3.3958,6.7,-53.55,11.54,0.39,10770.0,0,0,0,1,0,0,0,0,0,0,0,0,0,0,1,0,0,0,0,0
ILLR,2026-09-24,0.359,0.7569,0.9876,2.0667,11.7,-96.93,-41.63,-6.75,235610.0,0,0,0,0,0,0,0,0,0,0,1,0,0,0,0,0,0,0,0,0
ILLU,2026-09-24,9.98,9.9785,9.959,,,,-0.1,0.0,1318538.0,0,0,0,1,1,1,0,0,0,0,0,0,0,0,0,0,0,0,0,0
ILMN,2026-09-24,273.9,223.906,207.9946,157.9817,273.9,0.0,19.64,7.25,874909456.0,0,1,1,1,1,1,1,1,1,0,0,0,1,1,1,1,1,0,0,0
ILPT,2026-09-24,7.52,7.9515,8.4367,7.0977,9.2544,-18.74,-2.21,0.67,2430674.0,0,1,0,0,0,0,0,0,0,0,0,1,0,0,0,0,0,0,0,0
IMA,2026-09-24,4.66,5.0065,5.418,5.9218,8.79,-46.99,-5.48,-3.72,89801.0,0,0,0,0,0,0,0,0,0,0,0,0,0,0,0,0,0,0,0,0
IMAX,2026-09-24,55.16,52.286,49.6792,40.7549,55.16,0.0,5.93,3.49,47071093.0,0,1,1,1,1,1,1,0,1,0,0,0,1,0,0,0,1,0,0,0
IMCC,2026-09-24,3.18,2.6098,3.2309,16.8859,62.1,-94.88,82.76,9.28,32868102.0,0,0,0,1,0,0,0,0,0,0,0,0,1,1,1,0,0,0,0,0
IMCR,2026-09-24,31.29,34.2943,34.5365,32.3989,40.215,-22.19,-0.95,-0.79,12625015.0,0,0,0,0,0,0,0,0,0,0,0,0,0,0,0,0,0,0,0,0
IMDX,2026-09-24,3.95,4.0365,4.386,5.1291,8.48,-53.42,10.34,1.02,867762.0,0,0,0,0,0,0,0,0,0,0,0,0,0,0,1,0,0,0,0,0
IMKTA,2026-09-24,84.11,82.5005,85.8244,84.1993,95.0574,-11.52,1.73,1.25,8997549.0,0,0,0,1,0,0,0,0,0,0,0,0,0,0,0,0,0,0,0,0
IMMP,2026-09-24,0.26,0.3415,0.3718,1.1951,3.18,-91.82,-21.21,-3.7,135237.0,0,0,0,0,0,0,0,0,0,0,1,0,0,0,0,0,0,0,0,1
IMMR,2026-09-24,7.29,7.4485,7.3511,6.5283,7.79,-6.42,2.39,-1.09,2794191.0,1,1,0,0,0,0,0,0,0,0,0,0,0,0,0,0,0,0,0,0
IMMX,2026-09-24,11.7,13.002,11.4268,8.9951,14.47,-19.14,-1.85,-1.85,18638326.0,0,1,0,0,1,0,0,0,0,0,0,0,0,0,0,0,0,0,0,0
IMNM,2026-09-24,22.34,25.7497,25.3199,22.689,29.825,-25.1,-4.77,-7.84,29751142.0,0,0,0,0,0,0,0,0,0,0,0,0,0,0,0,0,0,1,0,0
IMNN,2026-09-24,1.35,1.5,1.5796,2.5938,5.44,-75.18,-4.26,-8.16,180985.0,0,0,0,0,0,0,0,0,0,0,0,0,0,0,0,0,0,0,0,1
IMO,2026-09-24,124.57,130.3476,129.0934,117.6212,137.3898,-9.33,-4.4,-0.14,83363894.0,0,1,0,0,0,0,0,0,0,0,0,0,0,0,0,0,0,0,0,0
IMOS,2026-09-24,69.72,57.9365,56.8488,47.4257,75.79,-8.01,27.34,3.49,4363252.0,0,1,0,1,1,1,1,0,0,0,0,0,1,0,1,1,1,0,0,0
IMPP,2026-09-24,5.09,5.439,5.0511,4.5709,6.35,-19.84,-12.24,-3.96,3009777.0,0,1,0,0,1,0,0,0,0,0,0,0,0,0,0,0,0,0,1,0
IMRN,2026-09-24,1.19,1.3113,1.1969,1.0079,2.35,-49.36,0.0,1.71,11700602.0,0,1,0,0,0,0,0,0,0,0,0,0,0,0,0,0,0,0,0,0
IMRX,2026-09-24,4.34,4.681,4.6855,5.0958,9.23,-52.98,-2.47,-0.91,3382278.0,0,0,0,0,0,0,0,0,0,0,0,0,0,0,0,0,0,0,0,0
IMSR,2026-09-24,4.36,4.8268,5.1303,6.9515,27.1,-83.91,-0.57,-1.58,6590544.0,0,0,0,0,0,0,0,0,0,0,0,0,0,0,0,0,0,0,0,0
IMTE,2026-09-24,0.487,0.4815,0.4824,0.5776,1.24,-60.73,-6.7,-3.94,68452.0,0,0,0,1,1,0,0,0,0,0,0,0,0,0,0,0,0,0,0,0
IMTX,2026-09-24,8.33,9.038,9.1613,9.9093,11.87,-29.82,-3.59,-3.14,6182240.0,0,0,0,0,0,0,0,0,0,0,0,0,0,0,0,0,0,1,0,0
IMUX,2026-09-24,9.32,12.454,13.9894,11.2596,16.9,-44.85,-7.91,-0.53,4375106.0,0,0,0,0,0,0,0,0,0,0,1,0,0,0,0,0,0,0,0,0
IMVT,2026-09-24,34.0,38.614,39.9354,31.3947,44.96,-24.38,-6.54,-1.56,53310372.0,0,1,0,0,0,0,0,0,0,0,1,0,0,0,0,0,0,0,0,0
IMXI,2026-09-24,10.57,13.6288,13.3116,14.8729,15.94,-33.69,-19.98,-7.52,6396209.0,0,0,0,0,0,0,0,0,0,0,1,0,0,0,0,0,0,1,0,1
INAB,2026-09-24,1.19,1.0985,1.1236,1.559,2.59,-54.05,17.82,8.18,43906.0,0,0,0,1,1,0,0,0,0,0,0,0,1,1,1,0,0,1,0,0
INAC,2026-09-24,10.36,10.3344,10.3142,10.1888,10.39,-0.29,0.1,0.0,33482.0,1,1,1,1,1,1,0,0,0,0,0,0,0,0,0,0,0,0,0,0
INBK,2026-09-24,26.04,27.9445,28.0584,23.9642,29.94,-13.03,-5.45,-0.12,1695015.0,0,1,0,0,0,0,0,0,0,0,0,0,0,0,0,0,0,0,0,0
INBS,2026-09-24,1.71,2.138,2.1548,4.1137,17.92,-90.46,-13.2,-3.39,724003.0,0,0,0,0,0,0,0,0,0,0,0,0,0,0,0,0,0,0,0,0
INBX,2026-09-24,100.4,114.2515,99.9482,90.4845,141.84,-29.22,-1.35,0.07,42069780.0,0,1,0,0,1,0,0,0,0,0,0,0,0,0,0,0,0,0,0,0
INCR,2026-09-24,5.26,5.4062,5.0134,4.7474,8.4,-37.38,-0.94,-3.84,56270.0,1,1,0,0,1,0,0,0,0,0,0,0,0,0,0,0,0,0,0,0
INCY,2026-09-24,124.44,125.127,122.8628,105.9909,129.93,-4.23,-0.25,-0.16,180507573.0,1,1,1,0,1,0,0,0,0,0,0,0,0,0,0,0,0,0,0,0
INDB,2026-09-24,80.24,82.132,83.7366,79.3142,87.17,-7.95,-2.72,0.56,27454162.0,1,1,0,0,0,0,0,0,0,0,0,0,0,0,0,0,0,0,0,0
INDI,2026-09-24,3.05,3.3562,3.6122,3.7701,6.0,-49.17,-2.56,-0.65,16758681.0,0,0,0,0,0,0,0,0,0,0,0,0,0,0,0,0,0,0,0,0
INDO,2026-09-24,2.88,2.974,2.9296,3.3619,6.74,-57.27,-0.69,0.7,747654.0,0,0,0,0,0,0,0,0,0,0,0,0,0,0,0,0,0,0,0,0
INDP,2026-09-24,4.0,2.4852,1.9398,2.2611,4.75,-15.79,1.78,6.1,3850114.0,0,1,0,1,1,1,0,0,0,0,0,0,1,1,0,0,0,0,0,0
INDV,2026-09-24,36.0,34.9722,37.4242,35.7191,41.83,-13.94,4.8,0.25,72335698.0,1,1,0,1,0,0,0,0,0,0,0,0,0,0,0,0,0,0,0,0
INEO,2026-09-24,0.612,0.5531,0.6016,0.5846,1.06,-42.26,17.02,18.15,43099.0,0,1,0,1,1,0,0,0,0,0,0,0,1,1,1,0,0,1,0,0
INFQ,2026-09-24,14.3,13.2695,12.0492,,19.87,-28.03,3.17,3.4,115781526.0,0,0,0,1,1,1,0,0,0,0,0,0,1,0,0,0,0,0,0,0
INFU,2026-09-24,12.69,12.2895,11.3982,9.7086,12.85,-1.25,1.93,-0.08,1702469.0,0,1,1,1,1,1,0,0,0,0,0,0,0,0,0,0,0,0,0,0
INFY,2026-09-24,10.5,11.3765,11.6932,13.5284,19.7921,-46.95,-5.23,-2.33,170675916.0,0,0,0,0,0,0,0,0,0,0,0,0,0,0,0,0,0,0,0,0
ING,2026-09-24,36.11,36.3615,35.0383,29.789,37.27,-3.11,-0.69,0.53,63750339.0,1,1,1,0,1,0,0,0,0,0,0,0,0,0,0,0,0,0,0,0
INGM,2026-09-24,26.35,27.516,28.1446,25.4946,31.5419,-16.46,0.92,-3.52,65594363.0,0,1,0,0,0,0,0,0,0,0,0,0,0,0,0,0,0,0,0,0
INGN,2026-09-24,5.23,5.2885,5.8102,6.2926,8.95,-41.56,1.95,2.75,1648028.0,0,0,0,0,0,0,0,0,0,0,0,0,0,0,0,0,0,0,0,0
INGR,2026-09-24,96.49,100.5995,102.176,106.6098,118.8189,-18.79,-2.02,-0.34,61916582.0,0,0,0,0,0,0,0,0,0,0,0,0,0,0,0,0,0,0,0,0
INHD,2026-09-24,3.13,4.3045,14.2029,20.6794,1084.8,-99.71,-9.28,-0.63,984300.0,0,0,0,0,0,0,0,0,0,0,1,0,0,0,0,0,0,0,0,0
INIO,2026-09-24,19.01,20.2715,23.8742,,,,1.6,-4.9,106844139.0,0,0,0,0,0,0,0,0,0,0,0,0,0,0,0,0,0,0,0,0
INKT,2026-09-24,12.3,11.7124,11.3102,11.4189,15.46,-20.44,6.13,-0.4,163744.0,0,1,0,1,1,1,0,0,0,0,0,0,0,0,0,0,0,0,0,0
INLF,2026-09-24,2.95,3.421,3.8902,791.8578,4544.0,-99.94,0.51,1.37,1105993.0,0,0,0,0,0,0,0,0,0,0,1,0,0,0,0,0,0,1,0,0
INLX,2026-09-24,5.15,5.2925,5.4498,6.8338,12.67,-59.35,0.98,-3.01,38907.0,0,0,0,0,0,0,0,0,0,0,0,0,0,0,0,0,0,0,0,0
INM,2026-09-24,1.4,1.349,1.4554,1.1799,2.46,-43.09,9.38,1.45,91889.0,0,1,0,1,0,0,0,0,0,0,0,0,0,0,0,0,0,0,0,0
INMB,2026-09-24,2.0,2.2857,2.1086,1.6396,2.51,-20.32,-2.44,0.0,811192.0,0,1,0,0,0,0,0,0,0,0,0,0,0,0,0,0,0,0,0,0
INMD,2026-09-24,14.19,14.7345,15.0176,14.4004,16.62,-14.62,-2.67,0.0,7830065.0,0,0,0,0,0,0,0,0,0,0,0,0,0,0,0,0,0,0,0,0
INN,2026-09-24,5.72,5.7465,6.1837,5.2619,6.9764,-18.01,0.53,0.88,4842192.0,1,1,0,0,0,0,0,0,0,0,0,0,0,0,0,0,0,0,0,0
INNV,2026-09-24,8.84,10.6003,10.9193,8.5964,12.11,-27.0,-17.38,-1.78,6233015.0,0,1,0,0,0,0,0,0,0,0,1,0,0,0,0,0,0,1,1,0
INO,2026-09-24,1.21,1.275,1.0978,1.3867,2.65,-54.34,0.0,-3.2,3883208.0,0,0,0,0,1,0,0,0,0,0,0,0,0,0,0,0,0,0,0,0
INOD,2026-09-24,71.87,58.149,60.2386,60.949,121.5,-40.85,26.13,-0.17,87057911.0,0,1,0,1,1,0,0,0,0,0,0,0,0,0,1,0,0,0,0,0
INR,2026-09-24,13.38,14.5805,13.9232,14.9369,19.23,-30.42,0.98,2.69,4403082.0,0,0,0,0,0,0,0,0,0,0,0,0,0,0,0,0,0,0,0,0
INSE,2026-09-24,4.61,5.253,6.0022,7.4793,9.82,-53.05,-6.11,2.22,1013964.0,0,0,0,0,0,0,0,0,0,0,1,0,0,0,0,0,0,0,0,0
INSG,2026-09-24,4.0,4.225,5.3326,10.3109,20.29,-80.29,-2.68,-2.44,905852.0,0,0,0,0,0,0,0,0,0,0,0,0,0,0,0,0,0,0,0,1
INSM,2026-09-24,121.55,123.515,118.8054,135.9264,211.41,-42.51,-0.84,2.71,250899915.0,0,0,0,0,1,0,0,0,0,0,0,0,0,0,0,0,0,0,0,0
INSP,2026-09-24,68.81,67.569,60.4954,63.5866,143.99,-52.21,-5.42,-0.36,54402674.0,1,1,0,1,1,1,0,0,0,0,0,0,0,0,0,0,0,0,0,0
INSW,2026-09-24,104.85,101.2128,93.9375,70.9093,111.15,-5.67,-4.14,2.83,79826209.0,0,1,0,1,1,1,0,0,0,0,0,0,0,0,0,0,0,0,0,0
INTA,2026-09-24,36.83,39.43,36.5422,30.6009,47.67,-22.74,-0.46,1.01,24170208.0,0,1,0,0,1,0,0,0,0,0,0,0,0,0,0,0,0,0,0,0
INTC,2026-09-24,127.39,102.997,98.532,78.7883,140.94,-9.61,17.09,3.91,11134474399.0,0,1,0,1,1,1,1,1,0,0,0,0,1,0,1,1,1,0,0,0
INTG,2026-09-24,36.78,36.4745,34.6204,34.558,48.92,-24.82,-1.39,1.24,3443149.0,1,1,0,1,1,1,0,0,0,0,0,0,0,0,0,0,0,0,0,0
INTJ,2026-09-24,2.785,2.9367,3.1514,6.966,12.4,-77.54,-9.28,6.3,20505.0,0,0,0,0,0,0,0,0,0,0,0,0,1,1,0,0,0,0,0,0
INTR,2026-09-24,5.06,5.518,5.4772,7.073,10.0824,-49.81,-7.16,-3.44,21824977.0,0,0,0,0,0,0,0,0,0,0,0,0,0,0,0,0,0,0,0,0
INTS,2026-09-24,3.89,4.06,4.2663,6.2298,33.0,-88.21,2.1,-5.12,92302.0,0,0,0,0,0,0,0,0,0,0,0,0,0,0,0,0,0,0,0,0
INTT,2026-09-24,11.66,11.0815,12.4422,13.0639,18.9,-38.31,7.86,1.48,1298570.0,0,0,0,1,0,0,0,0,0,0,0,0,0,0,0,0,0,0,0,0
INTU,2026-09-24,277.13,325.712,324.7768,405.0232,691.4126,-59.92,-12.89,-3.37,1307954041.0,0,0,0,0,0,0,0,0,0,0,0,0,0,0,0,0,0,0,0,0
INTZ,2026-09-24,0.73,0.7975,0.769,0.9274,2.06,-64.56,-5.19,-3.95,196339.0,0,0,0,0,0,0,0,0,0,0,0,0,0,0,0,0,0,0,0,0
INUV,2026-09-24,0.58,0.634,0.8236,1.7683,4.18,-86.12,-1.69,-3.33,104612.0,0,0,0,0,0,0,0,0,0,0,0,0,0,0,0,0,0,0,0,0
INV,2026-09-24,0.803,0.9819,2.05,4.0572,7.32,-89.03,17.57,-3.25,7814403.0,0,0,0,0,0,0,0,0,0,0,0,0,0,0,1,0,0,0,0,0
INVA,2026-09-24,20.66,20.9935,21.109,21.7542,24.24,-14.77,-2.55,2.08,20678266.0,0,0,0,0,0,0,0,0,0,0,0,0,0,0,0,0,0,0,0,0
INVE,2026-09-24,2.37,2.654,2.6954,3.3871,5.29,-55.2,-7.42,-1.25,339035.0,0,0,0,0,0,0,0,0,0,0,1,0,0,0,0,0,0,0,0,1
INVH,2026-09-24,26.5,27.7434,28.9186,27.2234,30.2492,-12.39,-1.51,-0.49,146944841.0,0,0,0,0,0,0,0,0,0,0,1,0,0,0,0,0,0,0,0,0
INVX,2026-09-24,28.56,29.5625,28.816,26.4081,31.63,-9.71,-2.63,0.49,26573203.0,0,1,0,0,0,0,0,0,0,0,0,0,0,0,0,0,0,0,0,0
INVZ,2026-09-24,0.373,0.3367,0.409,0.7243,2.38,-84.33,21.1,-8.58,1012354.0,0,0,0,1,0,0,0,0,0,0,0,0,0,0,1,0,0,0,0,0
IONQ,2026-09-24,44.98,39.338,39.4578,43.6786,82.09,-45.21,11.5,5.74,937303365.0,0,1,0,1,1,0,0,0,0,0,0,0,1,1,1,0,0,0,0,0
IONR,2026-09-24,3.17,3.097,3.2399,4.0334,7.58,-58.18,-3.06,-1.25,289665.0,0,0,0,1,0,0,0,0,0,0,0,0,0,0,0,0,0,0,0,0
IONS,2026-09-24,43.81,53.729,55.2286,71.6206,86.5,-49.35,-2.3,-0.27,211453087.0,0,0,0,0,0,0,0,0,0,0,1,0,0,0,0,0,0,0,0,1
IOR,2026-09-24,18.23,18.766,19.9202,18.5899,21.5,-15.21,-1.46,0.0,4222.0,0,0,0,0,0,0,0,0,0,0,0,0,0,0,0,0,0,0,0,0
IOSP,2026-09-24,96.87,93.8,91.0502,81.2151,96.87,0.0,4.24,0.28,18163586.0,0,1,1,1,1,1,0,0,1,0,0,0,0,0,0,0,0,0,0,0
IOT,2026-09-24,39.32,39.768,38.6992,33.7922,45.22,-13.05,-3.3,0.61,314973587.0,1,1,0,0,1,0,0,0,0,0,0,0,0,0,0,0,0,0,0,0
IOTR,2026-09-24,1.94,2.2206,2.6636,2.6912,5.33,-63.6,15.48,-6.69,183011.0,0,0,0,0,0,0,0,0,0,0,0,0,0,0,1,0,0,0,0,0
IOVA,2026-09-24,10.8,9.164,7.2866,4.4007,10.8,0.0,7.78,5.99,126232923.0,0,1,1,1,1,1,0,0,1,0,0,0,1,1,0,0,0,0,0,0
IP,2026-09-24,34.88,36.151,38.5713,37.3882,47.4479,-26.49,2.41,-2.3,182732051.0,0,0,0,0,0,0,0,0,0,0,0,0,0,0,0,0,0,0,0,0
IPAR,2026-09-24,115.79,113.6887,117.3595,99.1143,127.6322,-9.28,2.8,-1.37,24165006.0,1,1,0,1,0,0,0,0,0,0,0,0,0,0,0,0,0,0,0,0
IPDN,2026-09-24,4.17,1.5589,0.7722,0.801,5.42,-23.06,21.22,-23.06,13106974.0,0,1,0,1,1,1,0,0,0,0,0,0,0,0,1,0,0,0,0,0
IPEX,2026-09-24,7.48,9.658,10.191,10.3407,11.0,-32.0,-24.29,-19.57,584948.0,0,0,0,0,0,0,0,0,0,0,0,0,0,0,0,0,0,0,0,1
IPFX,2026-09-24,10.05,10.0665,10.1004,,,,0.2,0.0,1622570.0,0,0,0,0,0,0,0,0,0,0,0,0,0,0,0,0,0,0,0,0
IPGP,2026-09-24,77.42,77.02,83.608,101.3406,153.91,-49.7,0.6,0.31,37636241.0,0,0,0,1,0,0,0,0,0,0,0,0,0,0,0,0,0,0,0,0
IPHA,2026-09-24,1.7,1.993,1.9676,1.7472,2.535,-32.94,-15.42,-3.41,81986.0,0,0,0,0,0,0,0,0,0,0,0,0,0,0,0,0,0,0,0,0
IPI,2026-09-24,35.84,38.9565,36.9182,35.9757,48.84,-26.62,-6.1,-2.4,7980000.0,0,0,0,0,0,0,0,0,0,0,0,0,0,0,0,0,0,0,0,0
IPM,2026-09-24,1.79,1.854,1.8502,1.793,2.15,-16.74,-1.1,-0.56,12401.0,0,0,0,0,0,0,0,0,0,0,0,0,0,0,0,0,0,0,0,0
IPSC,2026-09-24,1.69,1.9822,2.0331,2.0315,2.94,-42.52,-9.14,-3.98,954000.0,0,0,0,0,0,0,0,0,0,0,0,0,0,0,0,0,0,0,0,0
IPST,2026-09-24,3.05,3.684,3.8721,15.3492,348.8,-99.13,14.45,6.64,430915.0,0,0,0,0,0,0,0,0,0,0,0,0,1,1,1,0,0,0,0,0
IPW,2026-09-24,1.22,1.7955,3.6657,164.1113,2095.2,-99.94,-32.97,-1.61,5566478.0,0,0,0,0,0,0,0,0,0,0,1,0,0,0,0,0,0,0,0,1
IPWR,2026-09-24,3.9,4.532,4.3982,4.2908,8.99,-56.62,0.26,-3.94,884393.0,0,0,0,0,0,0,0,0,0,0,0,0,0,0,0,0,0,0,0,0
IPX,2026-09-24,19.62,20.5703,22.0116,33.322,60.11,-67.36,2.03,-0.76,7313594.0,0,0,0,0,0,0,0,0,0,0,0,0,0,0,0,0,0,0,0,0
IPXG,2026-09-24,10.05,10.052,10.0392,,10.15,-0.99,-0.1,0.0,507828.0,0,0,1,0,1,0,0,0,0,0,0,0,0,0,0,0,0,1,0,0
IQ,2026-09-24,1.04,0.967,1.1297,1.3936,2.7,-61.48,-3.7,2.97,11043919.0,0,0,0,1,0,0,0,0,0,0,0,0,0,0,0,0,0,0,0,0
IQI,2026-09-24,8.94,9.7882,9.8799,9.6608,10.1516,-11.93,-7.64,-4.28,2084046.0,0,0,0,0,0,0,0,0,0,0,1,0,0,0,0,0,0,1,0,1
IQMX,2026-09-24,10.45,10.259,10.2687,10.6204,13.91,-24.87,12.0,1.55,4248367.0,0,0,0,1,1,0,0,0,0,0,0,0,0,0,1,0,0,0,0,0
IQST,2026-09-24,1.0,0.9649,1.0323,1.7404,6.9125,-85.53,-0.99,-2.91,309320.0,0,0,0,1,0,0,0,0,0,0,0,0,0,0,0,0,0,0,0,0
IQV,2026-09-24,275.02,264.8225,245.1298,204.3031,275.02,0.0,2.31,2.67,439294065.0,0,1,1,1,1,1,0,0,1,0,0,0,0,0,0,0,0,0,0,0
IR,2026-09-24,74.78,74.6975,80.1118,81.7084,98.6875,-24.23,4.68,-1.89,321202710.0,0,0,0,1,0,0,0,0,0,0,0,0,0,0,0,0,0,0,0,0
IRAB,2026-09-24,10.0,10.012,9.9738,,10.1,-0.99,0.0,0.0,531403.0,0,0,1,0,1,0,0,0,0,0,0,0,0,0,0,0,0,0,0,0
IRD,2026-09-24,4.87,4.8635,4.102,3.8993,6.07,-19.77,-9.98,0.83,28309743.0,1,1,0,1,1,1,0,0,0,0,0,0,0,0,0,0,0,0,0,0
IRDM,2026-09-24,48.89,47.1837,47.5624,35.7161,55.539,-11.97,3.41,1.22,48564629.0,0,1,0,1,1,0,0,0,0,0,0,0,0,0,0,0,0,0,0,0
IREN,2026-09-24,46.15,43.1063,41.0207,45.6047,76.41,-39.6,6.14,-1.91,1720936432.0,0,1,0,1,1,1,0,0,0,0,0,0,0,0,0,0,0,0,0,0
IRHO,2026-09-24,10.06,10.0555,10.0334,,10.07,-0.1,0.0,0.0,309297.0,0,0,1,1,1,1,0,0,0,0,0,0,0,0,0,0,0,0,0,0
IRIX,2026-09-24,0.63,0.675,0.7862,1.0876,1.56,-59.62,3.28,0.0,44475.0,0,0,0,0,0,0,0,0,0,0,0,0,0,0,0,0,0,0,0,0
IRM,2026-09-24,114.09,114.6598,119.8183,109.731,132.0341,-13.59,1.73,-0.87,193205235.0,1,1,0,0,0,0,0,0,0,0,0,0,0,0,0,0,0,0,0,0
IRMD,2026-09-24,85.2,84.4475,88.6174,93.6467,104.6274,-18.57,3.17,-1.33,10060743.0,0,0,0,1,0,0,0,0,0,0,0,0,0,0,0,0,0,0,0,0
IRON,2026-09-24,66.44,74.1645,76.2346,72.7579,94.11,-29.4,-3.11,0.53,41941534.0,0,0,0,0,0,0,0,0,0,0,1,0,0,0,0,0,0,0,0,0
IRS,2026-09-24,14.8,15.241,15.1054,15.4352,18.41,-19.61,-3.9,-2.05,2714774.0,0,0,0,0,0,0,0,0,0,0,0,0,0,0,0,0,0,0,0,0
IRT,2026-09-24,14.61,15.5505,16.2504,16.1854,17.35,-15.79,-2.21,0.21,57151920.0,0,0,0,0,0,0,0,0,0,0,1,0,0,0,0,0,0,0,0,0
IRTC,2026-09-24,110.8,116.2278,118.2233,130.7062,189.25,-41.45,-0.91,-0.85,63734899.0,0,0,0,0,0,0,0,0,0,0,0,0,0,0,0,0,0,0,0,0
IRWD,2026-09-24,4.19,4.2145,4.1378,3.9824,5.39,-22.26,0.48,-1.87,8049399.0,1,1,0,0,1,0,0,0,0,0,0,0,0,0,0,0,0,0,0,0
ISBA,2026-09-24,37.4,38.8325,39.5016,43.9943,55.8294,-33.01,-1.86,0.38,2564875.0,0,0,0,0,0,0,0,0,0,0,0,0,0,0,0,0,0,0,0,0
ISD,2026-09-24,11.56,12.055,12.2236,12.8397,13.8681,-16.64,-3.43,-0.43,2141828.0,0,0,0,0,0,0,0,0,0,0,1,0,0,0,0,0,0,0,0,1
ISOU,2026-09-24,9.44,10.8045,10.4166,10.6655,13.22,-28.59,-8.44,-3.67,1934396.0,0,0,0,0,0,0,0,0,0,0,0,0,0,0,0,0,0,0,0,0
ISPC,2026-09-24,1.25,1.4565,1.8412,6.7368,62.4,-98.0,-8.76,3.31,2151561.0,0,0,0,0,0,0,0,0,0,0,1,0,1,0,0,0,0,1,0,0
ISPR,2026-09-24,1.29,1.4167,1.5307,2.0019,3.68,-64.95,-0.77,-2.64,35151.0,0,0,0,0,0,0,0,0,0,0,0,0,0,0,0,0,0,0,0,0
ISRG,2026-09-24,399.52,375.5675,373.6106,452.5727,592.85,-32.61,4.51,0.31,888903382.0,0,0,0,1,1,1,0,0,0,0,0,0,0,0,0,0,0,0,0,0
ISTR,2026-09-24,29.4,30.3175,30.2084,28.56,31.1,-5.47,-3.07,0.14,2691526.0,0,1,0,0,0,0,0,0,0,0,0,0,0,0,0,0,0,0,0,0
IT,2026-09-24,179.32,186.8055,175.3724,174.7269,264.09,-32.1,-6.39,0.45,202607308.0,0,1,0,0,1,0,0,0,0,1,0,0,0,0,0,0,0,0,0,0
ITG,2026-09-24,10.43,12.4225,12.5784,,,,-16.09,2.05,5208423.0,0,0,0,0,0,0,0,0,0,0,0,1,0,0,0,0,0,0,0,0
ITGR,2026-09-24,126.17,125.8905,118.8572,94.1866,126.5,-0.26,0.05,-0.12,93602380.0,0,1,1,1,1,1,0,0,0,0,0,0,0,0,0,0,0,0,0,0
ITHA,2026-09-24,10.07,10.0555,10.0294,,10.09,-0.2,0.1,0.0,228554.0,0,0,1,1,1,1,0,0,0,0,0,0,0,0,0,0,0,1,0,0
ITIC,2026-09-24,287.24,296.4945,291.1354,255.6498,305.5019,-5.98,-4.07,-1.24,20810079.0,0,1,0,0,0,0,0,0,0,0,0,0,0,0,0,0,0,0,0,0
ITOC,2026-09-24,0.302,0.3058,0.2925,0.3588,0.902,-66.52,-0.33,-6.5,347356.0,0,0,0,0,1,0,0,0,0,0,0,0,0,0,0,0,0,0,0,0
ITP,2026-09-24,0.16,0.165,0.173,0.1964,0.34,-52.94,0.0,0.0,53766.0,0,0,0,0,0,0,0,0,0,0,0,0,0,0,0,0,0,0,0,1
ITRG,2026-09-24,2.71,2.794,2.5636,3.0799,4.62,-41.34,1.5,-2.87,5502018.0,0,0,0,0,1,0,0,0,0,0,0,0,0,0,0,0,0,0,0,0
ITRI,2026-09-24,91.52,94.4095,95.6068,92.0923,138.18,-33.77,-0.67,0.22,50024507.0,0,0,0,0,0,0,0,0,0,0,0,0,0,0,0,0,0,0,0,0
ITRN,2026-09-24,51.88,51.726,53.1338,51.657,65.8478,-21.21,0.64,-0.97,5175000.0,1,1,0,1,0,0,0,0,0,0,0,0,0,0,0,0,0,0,0,0
ITT,2026-09-24,213.97,202.632,203.2162,195.2235,220.8251,-3.1,10.01,0.96,154833337.0,0,1,1,1,1,0,1,0,0,0,0,0,0,0,1,1,0,0,0,0
ITW,2026-09-24,272.0,271.2135,279.9268,266.3198,297.32,-8.52,1.75,-0.52,337626267.0,1,1,0,1,0,0,0,0,0,0,0,0,0,0,0,0,0,0,0,0
IVA,2026-09-24,3.26,4.2528,4.4606,5.0521,7.15,-54.41,-13.98,-5.51,5947918.0,0,0,0,0,0,0,0,0,0,0,1,0,0,0,0,0,0,0,0,1
IVDA,2026-09-24,0.3,0.292,0.2972,0.4383,2.03,-85.22,7.14,-3.23,121272.0,0,0,0,1,1,0,0,0,0,0,0,0,0,0,0,0,0,0,0,0
IVF,2026-09-24,0.942,0.9819,1.0283,2.8937,56.0,-98.32,0.96,-7.65,336157.0,0,0,0,0,0,0,0,0,0,0,0,0,0,0,0,0,0,0,0,0
IVR,2026-09-24,6.38,6.9035,7.2191,7.4976,8.3434,-23.53,-1.24,-1.24,21171690.0,0,0,0,0,0,0,0,0,0,0,1,0,0,0,0,0,0,0,0,0
IVT,2026-09-24,30.57,31.8275,33.4408,31.6411,36.73,-16.77,-0.81,0.76,20121478.0,0,0,0,0,0,0,0,0,0,0,1,0,0,0,0,0,0,0,0,0
IVVD,2026-09-24,0.913,0.8599,0.7746,1.3952,2.88,-68.3,22.39,-1.08,4478078.0,0,0,0,1,1,1,0,0,0,0,0,0,0,0,1,0,0,0,0,0
IVZ,2026-09-24,30.68,31.799,31.2363,27.3618,33.31,-7.9,1.99,-0.2,124624926.0,0,1,0,0,0,0,0,0,0,0,0,0,0,0,0,0,0,0,0,0
IX,2026-09-24,38.32,39.507,39.659,34.9968,41.31,-7.24,-3.21,-1.99,13569675.0,0,1,0,0,0,0,0,0,0,0,0,0,0,0,0,0,0,0,0,0
IXHL,2026-09-24,3.4,3.427,3.2885,5.4344,20.16,-83.13,-10.53,-1.31,328317.0,0,0,0,0,1,0,0,0,0,0,0,0,0,0,0,0,0,0,0,0
IZEA,2026-09-24,2.535,2.856,3.1296,3.7171,5.7,-55.53,-4.7,-1.36,92763.0,0,0,0,0,0,0,0,0,0,0,1,0,0,0,0,0,0,0,0,1
IZM,2026-09-24,1.25,0.6455,0.4152,0.706,2.6,-51.92,2.46,-1.57,61991.0,0,1,0,1,1,1,0,0,0,0,0,0,0,0,0,0,0,0,0,0
J,2026-09-24,135.33,144.9495,141.9522,132.4556,162.7066,-16.83,-5.69,-4.1,116421512.0,0,1,0,0,0,0,0,0,0,0,0,0,0,0,0,0,0,0,0,0
JACK,2026-09-24,13.33,14.757,15.8394,15.643,23.52,-43.32,0.91,-0.97,8084112.0,0,0,0,0,0,0,0,0,0,0,0,0,0,0,0,0,0,0,0,0
JACS,2026-09-24,10.79,10.7532,10.7274,10.5891,10.8,-0.09,0.0,0.09,531533.0,1,1,1,1,1,1,0,0,0,0,0,0,0,0,0,0,0,0,0,0
JAGU,2026-09-24,1.46,1.607,1.643,,4.0,-63.5,-8.75,-5.81,176903.0,0,0,0,0,0,0,0,0,0,0,0,0,0,0,0,0,0,1,0,1
JAGX,2026-09-24,7.06,8.484,12.3189,194.2195,1223.25,-99.42,156.73,-20.76,54397006.0,0,0,0,0,0,0,0,0,0,0,0,0,0,0,1,0,0,0,0,0
JAKK,2026-09-24,24.54,24.4975,24.8512,21.1827,26.3699,-6.94,1.24,0.49,1326908.0,1,1,0,1,0,0,0,0,0,0,0,0,0,0,0,0,0,0,0,0
JAN,2026-09-24,30.2,30.6611,30.4666,,31.7105,-4.76,-1.15,2.17,56393553.0,0,0,1,0,0,0,0,0,0,0,0,0,0,0,0,0,0,0,0,0
JANX,2026-09-24,16.68,18.0178,16.9477,14.9533,34.74,-51.99,2.68,0.97,17952473.0,0,1,0,0,0,0,0,0,0,0,0,0,0,0,0,0,0,0,0,0
JATT,2026-09-24,11.42,12.051,12.1,,,,-5.07,0.71,192678.0,0,0,0,0,0,0,0,0,0,0,0,0,0,0,0,0,0,0,0,0
JAZZ,2026-09-24,236.28,243.721,248.8672,209.5047,261.62,-9.69,-3.0,0.6,261780428.0,0,1,0,0,0,0,0,0,0,0,0,0,0,0,0,0,0,0,0,0
JBDI,2026-09-24,1.17,1.2454,1.2743,1.3324,4.24,-72.41,-1.68,5.41,27752.0,0,0,0,0,0,0,0,0,0,0,0,0,1,1,0,0,0,0,0,0
JBGS,2026-09-24,10.41,11.4765,12.3843,14.4858,22.2363,-53.18,-7.55,-2.25,12136546.0,0,0,0,0,0,0,0,0,0,0,1,0,0,0,0,0,0,0,0,1
JBHT,2026-09-24,229.15,257.3455,269.1143,241.5868,297.9075,-23.08,-3.2,-2.34,286559495.0,0,0,0,0,0,0,0,0,0,0,1,0,0,0,0,0,0,0,0,0
JBI,2026-09-24,4.12,4.6585,5.019,5.6891,10.21,-59.65,-5.5,-3.29,10707163.0,0,0,0,0,0,0,0,0,0,0,1,0,0,0,0,0,0,0,0,1
JBIO,2026-09-24,14.73,18.75,20.284,18.3194,26.85,-45.14,-11.53,0.14,18016693.0,0,0,0,0,0,0,0,0,0,0,1,0,0,0,0,0,0,0,0,0
JBK,2026-09-24,25.32,25.4295,25.5045,25.1707,26.9627,-6.09,0.0,0.0,8270.0,1,1,0,0,0,0,0,0,0,0,0,0,0,0,0,0,0,0,0,0
JBL,2026-09-24,310.69,305.0035,317.5831,298.6838,385.5467,-19.42,4.52,0.63,325072890.0,1,1,0,1,0,0,0,0,0,0,0,0,0,0,0,0,0,0,0,0
JBLU,2026-09-24,4.35,4.497,5.1248,5.1037,6.46,-32.66,-2.25,-0.91,84030994.0,0,0,0,0,0,0,0,0,0,0,0,0,0,0,0,0,0,0,0,0
JBS,2026-09-24,11.36,12.7055,13.0494,13.7248,17.0535,-33.39,-7.04,-1.3,64234040.0,0,0,0,0,0,0,0,0,0,0,1,0,0,0,0,0,0,0,0,1
JBSS,2026-09-24,67.05,70.811,76.6613,75.6882,88.5112,-24.25,-2.19,-0.95,9230218.0,0,0,0,0,0,0,0,0,0,0,1,0,0,0,0,0,0,0,0,0
JBTM,2026-09-24,110.65,114.343,122.5714,136.7032,168.1691,-34.2,-0.68,-2.32,60199301.0,0,0,0,0,0,0,0,0,0,0,0,0,0,0,0,0,0,0,0,0
JCAP,2026-09-24,19.54,20.9,20.7938,19.8354,23.7416,-17.7,-4.64,2.41,5262944.0,0,0,0,0,0,0,0,0,0,0,0,0,0,0,0,0,0,0,0,0
JCE,2026-09-24,16.76,16.7087,16.5247,15.4417,17.0,-1.41,0.96,-0.53,518393.0,1,1,1,1,1,1,0,0,0,0,0,0,0,0,0,0,0,0,0,0
JCI,2026-09-24,145.36,142.0359,144.4024,135.6869,154.3279,-5.81,3.77,-0.37,461532307.0,1,1,0,1,1,0,0,0,0,0,0,0,0,0,0,0,0,0,0,0
JCSE,2026-09-24,1.43,1.455,1.4605,1.2387,1.8187,-21.37,-1.04,-1.04,13185.0,1,1,0,0,0,0,0,0,0,0,0,0,0,0,0,0,0,0,0,0
JCTC,2026-09-24,2.93,2.9365,2.8566,2.2363,3.58,-18.16,-0.34,1.03,29614.0,1,1,0,0,1,0,0,0,0,0,0,0,0,0,0,0,0,0,0,0
JD,2026-09-24,26.75,27.5365,29.4942,28.5805,34.9249,-23.41,-0.56,-1.51,162977427.0,0,0,0,0,0,0,0,0,0,0,0,0,0,0,0,0,0,0,0,0
JDZG,2026-09-24,4.2,3.629,14.8436,98.1961,952.5,-99.56,-1.18,1.45,1894774.0,0,0,0,1,0,0,0,0,0,0,1,0,0,0,0,0,0,0,0,0
JEF,2026-09-24,46.24,51.3025,53.3742,52.4751,66.1424,-30.09,-2.34,-1.58,106945663.0,0,0,0,0,0,0,0,0,0,0,1,0,0,0,0,0,0,0,0,0
JELD,2026-09-24,1.72,2.092,1.815,1.8929,5.29,-67.49,-9.95,-4.44,3537840.0,0,0,0,0,0,0,0,0,0,0,0,0,0,0,0,0,0,0,0,0
JEM,2026-09-24,3.68,4.1735,4.5314,22.9434,109.44,-96.64,1.66,-1.87,345236.0,0,0,0,0,0,0,0,0,0,0,0,0,0,0,0,0,0,0,0,0
JENA,2026-09-24,10.43,10.4665,10.4198,10.3113,10.49,-0.57,-0.48,0.38,239447.0,1,1,1,0,1,0,0,0,0,0,0,0,0,0,0,0,0,0,0,0
JF,2026-09-24,0.95,0.9545,0.9374,0.9768,1.22,-22.13,-5.94,-1.04,7041.0,0,0,0,0,1,0,0,0,0,0,0,0,0,0,0,0,0,0,0,0
JFIN,2026-09-24,1.52,1.6848,2.0896,4.4792,11.39,-86.65,1.88,-1.94,132703.0,0,0,0,0,0,0,0,0,0,0,0,0,0,0,0,0,0,0,0,0
JFR,2026-09-24,7.24,7.5002,7.5258,7.2615,7.671,-5.62,-2.95,-0.96,5152366.0,0,0,0,0,0,0,0,0,0,0,1,0,0,0,0,0,0,0,0,0
JFU,2026-09-24,2.67,2.6878,2.4905,3.801,8.435,-68.35,14.1,-3.26,13921.0,0,0,0,0,1,0,0,0,0,0,0,0,0,0,1,0,0,0,0,0
JG,2026-09-24,6.88,6.3605,5.5924,6.3327,9.12,-24.56,14.67,8.35,28745.0,0,1,0,1,1,1,1,1,0,0,0,0,1,1,1,1,1,1,0,0
JGH,2026-09-24,11.65,12.117,12.2412,12.0831,12.5704,-7.32,-2.59,-0.85,726796.0,0,0,0,0,0,0,0,0,0,0,1,0,0,0,0,0,0,0,0,0
JHI,2026-09-24,12.2,12.6676,12.8551,12.8003,13.1547,-7.26,-1.45,-0.81,331187.0,0,0,0,0,0,0,0,0,0,0,1,0,0,0,0,0,0,0,0,0
JHS,2026-09-24,10.42,10.6093,10.7027,10.8817,11.3461,-8.16,-0.19,0.0,127722.0,0,0,0,0,0,0,0,0,0,0,0,0,0,0,0,0,0,0,0,0
JHX,2026-09-24,26.1,28.28,28.2416,23.701,31.08,-16.02,-2.76,-2.79,354905303.0,0,1,0,0,0,0,0,0,0,0,0,0,0,0,0,0,0,0,0,0
JILL,2026-09-24,24.05,21.8485,19.7532,15.7667,24.15,-0.41,0.46,-0.41,4706450.0,0,1,1,1,1,1,0,0,0,0,0,0,0,0,0,0,0,0,0,0
JJSF,2026-09-24,77.18,82.669,82.6539,81.4186,95.5593,-19.23,-4.69,-0.96,15536237.0,0,0,0,0,0,0,0,0,0,0,0,0,0,0,0,0,0,0,0,0
JKHY,2026-09-24,147.75,161.0837,157.5529,157.8322,190.3516,-22.38,-7.06,-0.39,163563318.0,0,0,0,0,0,0,0,0,0,0,0,0,0,0,0,0,0,0,0,0
JKS,2026-09-24,9.67,11.687,14.2812,20.221,28.218,-65.73,-5.93,-2.42,11037578.0,0,0,0,0,0,0,0,0,0,0,1,0,0,0,0,0,0,0,0,1
JL,2026-09-24,4.85,4.7549,5.1533,5.5404,7.245,-33.06,13.85,3.63,90775.0,0,0,0,1,0,0,0,0,0,0,0,0,1,0,1,0,0,0,0,0
JLHL,2026-09-24,5.79,5.928,6.8008,9.4983,44.8,-87.08,5.08,2.84,4235249.0,0,0,0,0,0,0,0,0,0,0,0,0,0,0,0,0,0,0,0,0
JLL,2026-09-24,324.4,350.5965,354.0602,328.1263,392.79,-17.41,-4.64,0.1,116261422.0,0,0,0,0,0,0,0,0,0,0,0,0,0,0,0,0,0,0,0,0
JLS,2026-09-24,16.15,16.5705,16.8128,17.1291,17.8524,-9.54,-1.7,-0.92,308849.0,0,0,0,0,0,0,0,0,0,0,1,0,0,0,0,0,0,0,0,1
JMIA,2026-09-24,6.72,7.1095,6.5776,8.3464,14.6,-53.97,-6.15,-3.17,11405251.0,0,0,0,0,1,0,0,0,0,0,0,0,0,0,0,0,0,0,0,0
JMM,2026-09-24,5.5,5.6796,5.714,5.757,6.083,-9.58,-1.61,-1.43,41152.0,0,0,0,0,0,0,0,0,0,0,1,0,0,0,0,0,0,0,0,1
JMSB,2026-09-24,22.95,23.0472,22.9642,21.1206,23.77,-3.45,-0.56,0.7,1902595.0,1,1,1,0,0,0,0,0,0,0,0,0,0,0,0,0,0,0,0,0
JNJ,2026-09-24,270.68,269.409,263.3605,237.5435,278.43,-2.78,1.27,0.56,1773026321.0,1,1,1,1,1,1,0,0,0,0,0,0,0,0,0,0,0,0,0,0
JOB,2026-09-24,0.23,0.2415,0.2288,0.2276,0.27,-14.81,0.0,-4.17,47868.0,0,1,0,0,1,0,0,0,0,0,0,0,0,0,0,0,0,0,0,0
JOBY,2026-09-24,6.3,6.5135,7.1816,9.848,19.57,-67.81,1.78,0.8,165843255.0,0,0,0,0,0,0,0,0,0,0,0,0,0,0,0,0,0,0,0,0
JOE,2026-09-24,64.88,65.365,65.1069,64.9456,72.273,-10.23,0.98,-1.47,19092403.0,0,0,0,0,0,0,0,0,0,0,0,0,0,0,0,0,0,0,0,0
JOF,2026-09-24,12.41,12.4567,12.0052,11.1153,12.7209,-2.44,0.89,0.4,817135.0,1,1,1,0,1,0,0,0,0,0,0,0,0,0,0,0,0,0,0,0
JOUT,2026-09-24,43.76,44.835,46.2602,45.9491,53.1159,-17.61,-1.11,-0.61,1958077.0,0,0,0,0,0,0,0,0,0,0,0,0,0,0,0,0,0,0,0,0
JOYY,2026-09-24,79.7,76.3805,74.583,64.4051,80.38,-0.85,1.19,-0.85,32254827.0,0,1,1,1,1,1,0,0,0,0,0,0,0,0,0,0,0,0,0,0
JPM,2026-09-24,338.56,351.8195,353.3456,319.3808,365.18,-7.29,-3.08,0.31,2594123431.0,0,1,0,0,0,0,0,0,0,0,0,0,0,0,0,0,0,0,0,0
JQC,2026-09-24,4.58,4.6846,4.6888,4.6199,4.7488,-3.56,-1.72,-0.87,2637088.0,0,0,1,0,0,0,0,0,0,0,0,0,0,0,0,0,0,0,0,0
JRI,2026-09-24,11.17,11.8388,12.2352,12.1911,12.7772,-12.58,-2.87,-0.71,2090666.0,0,0,0,0,0,0,0,0,0,0,1,0,0,0,0,0,0,0,0,0
JRS,2026-09-24,7.48,7.8877,8.176,7.71,8.6599,-13.62,-2.35,-1.06,366009.0,0,0,0,0,0,0,0,0,0,0,1,0,0,0,0,0,0,0,0,0
JRSH,2026-09-24,5.7,5.4888,5.1532,3.7512,5.76,-1.04,1.6,-1.04,442698.0,0,1,1,1,1,1,0,0,0,0,0,0,0,0,0,0,0,0,0,0
JRVR,2026-09-24,3.53,3.9278,4.2212,5.3416,7.0829,-50.16,-8.55,-1.67,1118830.0,0,0,0,0,0,0,0,0,0,0,1,0,0,0,0,0,0,0,0,1
JSPR,2026-09-24,0.585,0.6594,0.7022,1.016,2.6,-77.5,0.69,3.17,230086.0,0,0,0,0,0,0,0,0,0,0,0,0,1,0,0,0,0,0,0,0
JTAI,2026-09-24,1.5,1.3962,1.7045,3.7578,69.7763,-97.85,7.91,-7.41,922154.0,0,0,0,1,0,0,0,0,0,0,0,0,0,0,0,0,0,0,0,0
JUNS,2026-09-24,2.885,3.3627,5.9746,31.0842,135.0,-97.86,-1.54,-2.86,261794.0,0,0,0,0,0,0,0,0,0,0,0,0,0,0,0,0,0,0,0,0
JVA,2026-09-24,4.09,3.7475,3.5804,3.7585,4.92,-16.87,-1.21,1.24,284513.0,0,1,0,1,1,1,0,0,0,0,0,0,0,0,0,0,0,0,0,0
JWEL,2026-09-24,2.39,2.2762,2.2797,2.3154,4.0,-40.25,6.22,2.14,185336.0,0,1,0,1,1,0,0,0,0,0,0,0,0,0,0,0,0,0,0,0
JXG,2026-09-24,7.0,8.429,7.8624,6.3876,15.45,-54.69,-13.58,-6.67,172469.0,0,1,0,0,0,0,0,0,0,0,0,0,0,0,0,0,0,0,1,0
JXN,2026-09-24,130.15,134.6016,129.9516,113.2903,139.718,-6.85,-5.07,0.32,114825037.0,0,1,0,0,1,0,0,0,0,0,0,0,0,0,0,0,0,0,0,0
JYD,2026-09-24,1.01,0.8616,0.8891,2.3799,8.3,-87.83,35.03,-1.94,94331.0,0,0,0,1,1,0,0,0,0,0,0,0,0,0,1,0,0,0,0,0
JYNT,2026-09-24,8.29,8.3285,8.4276,8.8153,10.53,-21.27,-3.94,-0.6,784102.0,0,0,0,0,0,0,0,0,0,0,0,0,0,0,0,0,0,0,0,0
JZ,2026-09-24,0.47,0.9251,1.8145,19.0774,93.0,-99.49,-32.37,-4.86,1357810.0,0,0,0,0,0,0,0,0,0,0,0,0,0,0,0,0,0,1,0,1
JZXN,2026-09-24,1.16,1.1437,1.2827,1.4603,64.8,-98.21,-10.08,5.45,3212503.0,0,0,0,1,0,0,0,0,0,0,0,0,1,1,0,0,0,0,0,0
KAI,2026-09-24,274.42,284.726,304.9388,309.9956,346.5185,-20.81,1.64,-1.41,47037872.0,0,0,0,0,0,0,0,0,0,0,0,0,0,0,0,0,0,0,0,0
KALA,2026-09-24,0.56,0.585,0.7071,11.1351,956.75,-99.94,7.28,0.0,444497.0,0,0,0,0,0,0,0,0,0,0,0,0,0,0,0,0,0,0,0,0
KALU,2026-09-24,151.67,157.2295,163.3392,148.9728,194.7959,-22.14,-0.47,-2.94,34681345.0,0,1,0,0,0,0,0,0,0,0,0,0,0,0,0,0,0,0,0,0
KAPA,2026-09-24,1.77,1.7392,2.0379,3.6677,9.24,-80.84,-2.21,2.31,165083.0,0,0,0,1,0,0,0,0,0,0,0,0,0,0,0,0,0,1,0,0
KARD,2026-09-24,14.39,18.861,20.18,,,,-16.87,-0.9,13884389.0,0,0,0,0,0,0,0,0,0,0,1,0,0,0,0,0,0,0,0,0
KARO,2026-09-24,62.01,65.6202,64.2174,51.5259,68.71,-9.75,-8.19,-3.43,4316658.0,0,1,0,0,0,0,0,0,0,0,0,0,0,0,0,0,0,1,0,0
KAZR,2026-09-24,2.72,2.172,2.1552,2.903,4.81,-43.45,56.32,0.37,653519.0,0,0,0,1,1,1,0,0,0,0,0,0,0,0,1,0,0,0,0,0
KB,2026-09-24,125.19,127.2405,122.193,106.8611,132.88,-5.79,-2.2,-0.16,19252870.0,1,1,0,0,1,0,0,0,0,0,0,0,0,0,0,0,0,0,0,0
KBDC,2026-09-24,12.99,13.2325,13.4508,13.6219,14.8422,-12.48,-0.46,-0.69,4716169.0,0,0,0,0,0,0,0,0,0,0,0,0,0,0,0,0,0,0,0,0
KBH,2026-09-24,47.65,50.1625,53.8375,55.1758,65.746,-27.52,-1.83,1.06,83238154.0,0,0,0,0,0,0,0,0,0,0,0,0,0,0,0,0,0,0,0,0
KBON,2026-09-24,10.07,10.103,10.0962,,10.15,-0.79,-0.3,-0.05,634361.0,0,0,1,0,0,0,0,0,0,0,0,0,0,0,0,0,0,0,0,0
KBR,2026-09-24,34.81,36.6278,36.7229,37.606,48.6557,-28.46,-4.89,-1.5,44697772.0,0,0,0,0,0,0,0,0,0,0,0,0,0,0,0,0,0,0,0,0
KBSX,2026-09-24,1.5,1.0659,1.0033,1.2059,1.7,-11.76,30.43,9.09,18887.0,0,1,0,1,1,1,1,1,0,0,0,0,1,1,1,1,1,1,0,0
KC,2026-09-24,9.74,10.093,10.6074,12.3658,18.21,-46.51,3.4,0.62,12585921.0,0,0,0,0,0,0,0,0,0,0,0,0,0,0,0,0,0,0,0,0
KCHV,2026-09-24,10.45,10.4469,10.423,10.2967,10.45,0.0,0.1,0.0,302833.0,1,1,1,1,1,1,0,0,1,0,0,0,0,0,0,0,0,0,0,0
KD,2026-09-24,11.74,12.8815,12.9246,15.4246,31.56,-62.8,-8.57,-3.06,45521705.0,0,0,0,0,0,0,0,0,0,0,0,0,0,0,0,0,0,0,0,0
KDK,2026-09-24,2.78,3.637,3.9805,7.0321,10.92,-74.54,-22.78,-6.4,5759492.0,0,0,0,0,0,0,0,0,0,0,1,0,0,0,0,0,0,1,0,1
KDP,2026-09-24,30.88,31.804,31.1622,29.1093,33.5,-7.82,-2.89,-2.77,314471718.0,1,1,0,0,0,0,0,0,0,0,0,0,0,0,0,0,0,0,0,0
KE,2026-09-24,27.48,24.8305,24.8552,25.9957,31.38,-12.43,10.9,1.33,4922008.0,0,1,0,1,1,0,1,1,0,0,0,0,0,0,1,1,0,0,0,0
KEEL,2026-09-24,3.9,3.5605,3.6962,3.426,6.66,-41.44,8.03,-2.74,125682404.0,0,1,0,1,1,0,0,0,0,0,0,0,0,0,0,0,0,0,0,0
KELYA,2026-09-24,16.41,16.478,15.9732,11.4287,17.28,-5.03,0.67,-0.24,4975347.0,1,1,0,0,1,0,0,0,0,0,0,0,0,0,0,0,0,0,0,0
KELYB,2026-09-24,22.55,23.023,23.039,17.1343,37.4817,-39.84,1.17,1.08,257897.0,1,1,0,0,0,0,0,0,0,0,0,0,0,0,0,0,0,0,0,0
KEN,2026-09-24,63.76,66.0505,66.3604,72.8025,95.54,-33.26,1.71,-2.8,999187.0,0,0,0,0,0,0,0,0,0,0,0,0,0,0,0,0,0,0,0,0
KEP,2026-09-24,10.85,11.6495,11.74,15.0608,23.26,-53.35,-3.3,-0.37,11915709.0,0,0,0,0,0,0,0,0,0,0,0,0,0,0,0,0,0,0,0,1
KEQU,2026-09-24,34.28,35.908,36.355,37.4691,46.09,-25.62,-3.57,0.73,171317.0,0,0,0,0,0,0,0,0,0,0,0,0,0,0,0,0,0,0,0,0
KEX,2026-09-24,130.31,138.405,138.6656,133.8762,152.59,-14.6,-4.84,0.21,56160575.0,0,0,0,0,0,0,0,0,0,0,0,0,0,0,0,0,0,0,0,0
KEY,2026-09-24,20.25,21.4334,22.0978,21.2318,23.7624,-14.78,-2.27,0.05,291237428.0,0,0,0,0,0,0,0,0,0,0,1,0,0,0,0,0,0,0,0,0
KEYS,2026-09-24,357.54,328.9745,327.983,297.1376,373.34,-4.23,11.02,1.18,363951838.0,0,1,1,1,1,1,1,0,0,0,0,0,0,0,1,1,1,0,0,0
KEYY,2026-09-24,9.91,9.908,9.884,,,,-0.1,0.0,1387087.0,0,0,0,1,1,1,0,0,0,0,0,0,0,0,0,0,0,0,0,0
KF,2026-09-24,65.69,65.263,62.4694,56.0252,80.05,-17.94,4.32,-0.89,1796132.0,1,1,0,1,1,1,0,0,0,0,0,0,0,0,0,0,0,0,0,0
KFFB,2026-09-24,5.78,5.7936,5.5441,4.7996,6.2888,-8.09,0.87,3.77,64209.0,1,1,0,0,1,0,0,0,0,0,0,0,1,0,0,0,0,0,0,0
KFII,2026-09-24,10.66,10.6535,10.6276,10.4862,10.67,-0.09,0.0,-0.09,522535.0,1,1,1,1,1,1,0,0,0,0,0,0,0,0,0,0,0,1,0,0
KFRC,2026-09-24,51.35,53.1682,55.7346,40.5087,59.9804,-14.39,-1.61,-1.38,15030984.0,0,1,0,0,0,0,0,0,0,0,0,0,0,0,0,0,0,0,0,0
KFY,2026-09-24,72.0,79.9175,80.8518,69.223,85.6619,-15.95,-6.34,-2.65,45937295.0,0,1,0,0,0,0,0,0,0,0,1,0,0,0,0,0,0,0,0,0
KG,2026-09-24,5.53,6.7005,7.8588,10.3139,28.81,-80.81,-5.79,6.76,287877.0,0,0,0,0,0,0,0,0,0,0,0,1,1,1,0,0,0,0,0,0
KGC,2026-09-24,24.42,29.3905,27.3762,29.4956,37.9196,-35.6,-12.22,-11.59,229817525.0,0,0,0,0,0,0,0,0,0,0,0,0,0,0,0,0,0,1,0,0
KGEI,2026-09-24,6.58,6.4125,5.808,4.9739,6.88,-4.36,-3.94,1.7,1042835.0,1,1,1,1,1,1,0,0,0,0,0,0,0,0,0,0,0,0,0,0
KGS,2026-09-24,52.81,59.4485,60.3966,56.7689,75.6981,-30.24,-9.59,-0.92,112903756.0,0,0,0,0,0,0,0,0,0,0,0,0,0,0,0,0,0,0,0,0
KHC,2026-09-24,23.86,24.7143,25.0637,23.2635,27.1854,-12.23,-3.52,0.29,598797150.0,0,1,0,0,0,0,0,0,0,0,0,0,0,0,0,0,0,0,0,0
KIDS,2026-09-24,22.64,22.614,22.3481,18.8052,26.5,-14.57,-2.2,1.39,4751199.0,1,1,0,1,1,1,0,0,0,0,0,0,0,0,0,0,0,0,0,0
KIDZ,2026-09-24,2.61,3.596,5.3053,507.2726,9675.0,-99.97,-14.71,-7.28,1851035.0,0,0,0,0,0,0,0,0,0,0,1,0,0,0,0,0,0,0,0,1
KIM,2026-09-24,22.25,23.19,24.1314,22.7194,26.0712,-14.66,-1.51,0.18,140459710.0,0,0,0,0,0,0,0,0,0,0,1,0,0,0,0,0,0,0,0,0
KINS,2026-09-24,18.3,19.54,19.6836,17.0195,20.7349,-11.74,-5.67,-1.45,1907611.0,0,1,0,0,0,0,0,0,0,0,0,0,0,0,0,0,0,0,0,0
KIO,2026-09-24,10.3,10.7875,10.8366,10.6713,11.1465,-7.59,-3.56,-1.34,2126164.0,0,0,0,0,0,0,0,0,0,0,1,0,0,0,0,0,0,0,0,0
KITT,2026-09-24,2.928,4.0053,4.8946,21.888,167.52,-98.25,-21.71,-6.8,1228845.0,0,0,0,0,0,0,0,0,0,0,1,0,0,0,0,0,0,0,0,1
KKR,2026-09-24,95.64,102.9025,103.9273,103.9688,141.9615,-32.63,-2.6,-1.62,377415437.0,0,0,0,0,0,0,0,0,0,0,0,0,0,0,0,0,0,0,0,0
KLAC,2026-09-24,187.11,177.9685,190.1365,174.9548,301.3694,-37.91,11.8,-0.4,1684552304.0,0,1,0,1,0,0,0,0,0,0,0,0,0,0,1,0,0,0,0,0
KLAR,2026-09-24,12.87,14.004,16.5632,18.6935,43.05,-70.1,-8.07,-0.54,92506235.0,0,0,0,0,0,0,0,0,0,0,1,0,0,0,0,0,0,1,0,0
KLC,2026-09-24,2.2,2.442,3.666,3.8317,6.94,-68.3,-5.98,0.0,1518593.0,0,0,0,0,0,0,0,0,0,0,1,0,0,0,0,0,0,0,0,0
KLIC,2026-09-24,88.47,82.3561,89.2214,81.1141,133.4652,-33.71,11.5,-2.62,57434015.0,0,1,0,1,0,0,0,0,0,0,0,0,0,0,1,0,0,0,0,0
KLRA,2026-09-24,11.98,14.784,16.664,,,,-5.67,-8.76,15241282.0,0,0,0,0,0,0,0,0,0,0,0,0,0,0,0,0,0,1,0,0
KLRS,2026-09-24,3.07,3.5583,3.8281,6.2586,10.98,-72.04,-3.46,-1.6,232970.0,0,0,0,0,0,0,0,0,0,0,1,0,0,0,0,0,0,0,0,1
KLTR,2026-09-24,1.33,1.4607,1.4978,1.4369,1.89,-29.63,-6.01,0.0,324878.0,0,0,0,0,0,0,0,0,0,0,0,0,0,0,0,0,0,0,0,0
KLXE,2026-09-24,1.47,1.519,1.7838,2.4012,4.27,-65.57,-1.34,0.0,1372812.0,0,0,0,0,0,0,0,0,0,0,0,0,0,0,0,0,0,1,0,1
KMB,2026-09-24,97.22,102.0452,105.7564,100.456,118.2847,-17.81,-0.9,-0.49,478619869.0,0,0,0,0,0,0,0,0,0,0,1,0,0,0,0,0,0,0,0,0
KMDA,2026-09-24,8.83,8.372,7.6748,7.6923,8.8529,-0.26,7.81,0.68,1301212.0,0,1,1,1,1,1,0,0,0,0,0,0,0,0,0,0,0,0,0,0
KMI,2026-09-24,31.25,31.479,31.6442,30.9053,33.9923,-8.07,1.69,-0.38,401872708.0,1,1,0,0,0,0,0,0,0,0,0,0,0,0,0,0,0,0,0,0
KMPR,2026-09-24,25.2,27.3505,27.5829,30.7419,49.7732,-49.37,-8.03,-2.51,24564249.0,0,0,0,0,0,0,0,0,0,0,0,0,0,0,0,0,0,0,0,0
KMRK,2026-09-24,0.945,1.0442,1.0932,1.6453,4.21,-77.55,0.43,-0.74,17182.0,0,0,0,0,0,0,0,0,0,0,0,0,0,0,0,0,0,0,0,0
KMT,2026-09-24,30.07,29.7195,31.535,34.0912,42.7641,-29.68,1.25,0.43,41029402.0,0,0,0,1,0,0,0,0,0,0,0,0,0,0,0,0,0,0,0,0
KMTS,2026-09-24,25.76,24.9783,25.1078,23.5115,28.35,-9.14,6.98,0.98,9574963.0,0,1,0,1,1,0,0,0,0,0,0,0,0,0,0,0,0,0,0,0
KMX,2026-09-24,56.36,60.43,59.4582,47.6229,64.22,-12.24,-4.15,-1.91,116722548.0,0,1,0,0,0,0,0,0,0,0,0,0,0,0,0,0,0,0,0,0
KN,2026-09-24,36.76,35.2855,36.1984,31.205,42.8,-14.11,4.76,0.08,24496567.0,0,1,0,1,1,0,0,0,0,0,0,0,0,0,0,0,0,0,0,0
KNDI,2026-09-24,0.58,0.596,0.6364,0.7982,1.29,-55.04,0.0,5.45,46009.0,0,0,0,0,0,0,0,0,0,0,0,0,1,1,0,0,0,0,0,0
KNF,2026-09-24,53.37,58.9655,66.908,77.2737,93.97,-43.21,-4.05,3.77,61614631.0,0,0,0,0,0,0,0,0,0,0,1,0,1,0,0,0,0,0,0,0
KNRX,2026-09-24,0.313,0.3573,0.3791,0.9318,3.3,-90.52,-0.63,-2.19,27289.0,0,0,0,0,0,0,0,0,0,0,0,0,0,0,0,0,0,0,0,0
KNSA,2026-09-24,75.34,77.8285,75.1575,55.0059,80.92,-6.9,-2.94,-0.97,41891381.0,0,1,0,0,1,0,0,0,0,0,0,0,0,0,0,0,0,0,0,0
KNSL,2026-09-24,340.51,366.3138,364.4066,356.2968,477.7518,-28.73,-5.61,0.33,67932608.0,0,0,0,0,0,0,0,0,0,0,0,0,0,0,0,0,0,0,0,0
KNTK,2026-09-24,52.54,54.174,52.3318,45.2879,55.1,-4.65,-2.41,-0.72,65571811.0,0,1,1,0,1,0,0,0,0,0,0,0,0,0,0,0,0,0,0,0
KNX,2026-09-24,65.5,68.0228,70.0522,64.3247,82.213,-20.33,-0.43,-2.49,239842975.0,0,1,0,0,0,0,0,0,0,0,0,0,0,0,0,0,0,0,0,0
KO,2026-09-24,88.1,88.0668,86.8559,78.4933,91.4443,-3.66,0.26,0.01,1389417592.0,1,1,1,1,1,1,0,0,0,0,0,0,0,0,0,0,0,0,0,0
KOD,2026-09-24,33.22,34.8015,38.8034,33.8112,46.44,-28.47,1.37,5.39,25025897.0,0,0,0,0,0,0,0,0,0,0,0,1,1,1,0,0,0,0,0,0
KODK,2026-09-24,9.51,9.3045,9.1222,9.1711,14.51,-34.46,0.96,-1.55,8300389.0,1,1,0,1,1,1,0,0,0,0,0,0,0,0,0,0,0,0,0,0
KOP,2026-09-24,45.96,46.2965,47.6437,39.2952,52.2283,-12.0,-1.63,-0.65,8089341.0,1,1,0,0,0,0,0,0,0,0,0,0,0,0,0,0,0,0,0,0
KOPN,2026-09-24,4.87,4.519,4.3662,3.5822,6.39,-23.79,12.21,0.0,15981775.0,0,1,0,1,1,1,0,0,0,0,0,0,0,0,1,0,0,0,0,0
KOS,2026-09-24,2.79,2.8475,2.6708,2.2911,3.27,-14.68,-2.79,5.28,34258971.0,1,1,0,0,1,0,0,0,0,0,0,0,1,1,0,0,0,0,0,0
KOSS,2026-09-24,4.2,3.5315,3.6312,4.0298,5.5,-23.64,25.0,6.33,203204.0,0,1,0,1,1,0,0,0,0,0,0,0,1,1,1,0,0,1,0,0
KOYN,2026-09-24,10.23,10.232,10.2088,10.0939,10.24,-0.1,-0.05,0.0,565235.0,1,1,1,0,1,0,0,0,0,0,0,0,0,0,0,0,0,1,0,0
KPET,2026-09-24,9.99,9.984,9.9984,,,,0.0,0.0,72131.0,0,0,0,1,0,0,0,0,0,0,0,0,0,0,0,0,0,0,0,0
KPLT,2026-09-24,5.77,7.7018,7.0831,6.7732,18.2,-68.3,-37.96,-18.73,1984945.0,0,0,0,0,0,0,0,0,0,0,0,0,0,0,0,0,0,0,0,0
KPRX,2026-09-24,2.67,2.603,2.5881,2.369,2.86,-6.64,2.69,1.91,39595.0,1,1,0,1,1,1,0,0,0,0,0,0,0,0,0,0,0,0,0,0
KPTI,2026-09-24,1.73,1.776,3.2847,6.8982,10.67,-83.79,1.76,-1.14,2480107.0,0,0,0,0,0,0,0,0,0,0,0,0,0,0,0,0,0,0,0,0
KR,2026-09-24,58.92,58.717,57.7707,62.9844,74.6913,-21.12,-3.63,2.22,434580808.0,0,0,0,1,1,1,0,0,0,0,0,0,0,0,0,0,0,0,0,0
KRAQ,2026-09-24,10.02,10.015,10.0034,,10.04,-0.2,-0.1,0.1,563736.0,0,0,1,1,1,1,0,0,0,0,0,0,0,0,0,0,0,0,0,0
KRC,2026-09-24,34.05,35.458,37.059,34.4543,41.729,-18.4,-1.07,0.03,48707636.0,0,0,0,0,0,0,0,0,0,0,0,0,0,0,0,0,0,0,0,0
KREF,2026-09-24,6.26,7.179,7.3212,6.9979,8.4887,-26.25,-10.32,3.3,4847739.0,0,0,0,0,0,0,0,0,0,0,1,0,1,0,0,0,0,1,0,0
KRG,2026-09-24,24.71,25.7665,26.954,25.6259,29.83,-17.16,-3.66,0.08,54902327.0,0,0,0,0,0,0,0,0,0,0,1,0,0,0,0,0,0,0,0,0
KRKR,2026-09-24,3.075,3.1065,3.0102,3.6036,8.14,-62.22,-2.44,-0.81,12622.0,0,0,0,0,1,0,0,0,0,0,0,0,0,0,0,0,0,0,0,0
KRMD,2026-09-24,3.27,3.218,3.5247,4.3916,6.52,-49.85,2.19,0.0,741504.0,0,0,0,1,0,0,0,0,0,0,0,0,0,0,0,0,0,0,0,0
KRMN,2026-09-24,34.92,38.637,47.2338,69.9642,115.29,-69.71,-5.47,5.66,147561104.0,0,0,0,0,0,0,0,0,0,0,0,1,1,1,0,0,0,0,0,0
KRNT,2026-09-24,15.17,15.931,16.1054,15.3705,18.04,-15.91,-0.65,0.0,4174272.0,0,0,0,0,0,0,0,0,0,0,0,0,0,0,0,0,0,1,0,0
KRNY,2026-09-24,9.3,9.7775,9.6241,8.2735,10.13,-8.19,-3.63,-0.43,5684189.0,0,1,0,0,0,0,0,0,0,0,0,0,0,0,0,0,0,0,0,0
KRO,2026-09-24,8.1,8.3705,7.7169,6.4102,8.859,-8.57,-0.37,-3.91,3149905.0,0,1,0,0,1,0,0,0,0,0,0,0,0,0,0,0,0,0,0,0
KROS,2026-09-24,11.55,11.2125,10.8147,13.2763,21.84,-47.12,7.54,-0.69,2043033.0,0,0,0,1,1,1,0,0,0,0,0,0,0,0,0,0,0,0,0,0
KRRO,2026-09-24,9.57,12.335,12.2528,11.6183,51.36,-81.37,-30.8,-2.64,2214137.0,0,0,0,0,0,0,0,0,0,0,0,0,0,0,0,0,0,0,0,0
KRSA,2026-09-24,37.19,30.3543,27.7048,19.0841,44.66,-16.73,19.08,15.14,1872211.0,0,1,0,1,1,1,1,1,0,0,0,0,1,1,1,1,1,1,0,0
KRSP,2026-09-24,10.55,10.5635,10.5298,10.4102,10.865,-2.9,0.38,-0.38,309176.0,1,1,1,0,1,0,0,0,0,0,0,0,0,0,0,0,0,1,0,0
KRT,2026-09-24,54.16,49.0645,45.4494,31.0223,54.16,0.0,9.19,2.09,7859828.0,0,1,1,1,1,1,1,1,1,0,0,0,0,0,0,0,1,0,0,0
KRUS,2026-09-24,38.91,41.2512,45.4328,56.0352,79.29,-50.93,9.98,4.6,9133685.0,0,0,0,0,0,0,0,0,0,0,0,0,1,0,0,0,0,0,0,0
KRYS,2026-09-24,344.96,349.604,343.2362,298.0147,378.15,-8.78,2.46,0.94,94655263.0,1,1,0,0,1,0,0,0,0,0,0,0,0,0,0,0,0,0,0,0
KSCP,2026-09-24,0.899,1.2896,1.435,2.9149,7.4,-87.85,-22.5,-8.08,1068240.0,0,0,0,0,0,0,0,0,0,0,1,0,0,0,0,0,0,0,0,1
KSPI,2026-09-24,92.79,100.3462,95.0659,80.9575,106.413,-12.8,-5.07,-1.14,66931330.0,0,1,0,0,0,0,0,0,0,0,0,0,0,0,0,0,0,0,0,0
KSS,2026-09-24,17.24,17.5603,18.13,16.8121,23.9842,-28.12,4.74,1.17,80257612.0,1,1,0,0,0,0,0,0,0,0,0,0,0,0,0,0,0,0,0,0
KT,2026-09-24,19.53,19.654,18.9336,19.9604,24.54,-20.42,0.41,0.41,23759471.0,0,0,0,0,1,0,0,0,0,0,0,0,0,0,0,0,0,0,0,0
KTB,2026-09-24,64.41,69.8993,77.3464,70.8148,87.535,-26.42,-5.79,-1.95,54953687.0,0,0,0,0,0,0,0,0,0,0,0,0,0,0,0,0,0,0,0,0
KTCC,2026-09-24,2.19,2.54,3.3662,3.1405,4.26,-48.59,-7.2,-2.23,161221.0,0,0,0,0,0,0,0,0,0,0,1,0,0,0,0,0,0,0,0,1
KTF,2026-09-24,8.27,8.549,8.7439,8.7828,9.1548,-9.66,-1.19,-0.36,2588915.0,0,0,0,0,0,0,0,0,0,0,1,0,0,0,0,0,0,1,0,1
KTN,2026-09-24,25.57,25.5295,25.4592,25.0604,25.64,-0.27,0.08,-0.27,90064.0,1,1,1,1,1,1,0,0,0,0,0,0,0,0,0,0,0,0,0,0
KTOS,2026-09-24,47.02,48.2485,51.626,69.9399,130.72,-64.03,-1.34,1.86,176372546.0,0,0,0,0,0,0,0,0,0,0,0,0,0,0,0,0,0,0,0,0
KTTA,2026-09-24,0.514,0.5434,0.5016,0.7206,1.47,-65.03,4.9,0.19,116599.0,0,0,0,0,1,0,0,0,0,0,0,0,0,0,0,0,0,0,0,0
KTWO,2026-09-24,10.08,10.087,10.0362,,10.1,-0.2,-0.2,-0.2,129532.0,0,0,1,0,1,0,0,0,0,0,0,0,0,0,0,0,0,1,0,0
KULR,2026-09-24,2.5,2.4555,2.6086,3.0984,5.46,-54.21,9.65,3.73,1536161.0,0,0,0,1,0,0,0,0,0,0,0,0,1,0,0,0,0,0,0,0
KURA,2026-09-24,10.86,12.06,11.1756,9.807,13.59,-20.09,-7.34,-1.63,22556387.0,0,1,0,0,0,0,0,0,0,0,0,0,0,0,0,0,0,0,0,0
KUST,2026-09-24,0.63,0.7745,1.027,4.683,33.45,-98.12,6.78,-4.55,831897.0,0,0,0,0,0,0,0,0,0,0,0,0,0,0,0,0,0,0,0,0
KVHI,2026-09-24,7.39,7.24,8.0182,8.1212,11.69,-36.78,4.82,3.21,856550.0,0,0,0,1,0,0,0,0,0,0,0,0,1,0,0,0,0,0,0,0
KVUE,2026-09-24,17.61,18.1174,18.5312,17.4876,19.3802,-9.13,-0.06,-0.34,490431571.0,1,1,0,0,0,0,0,0,0,0,0,0,0,0,0,0,0,0,0,0
KVYO,2026-09-24,16.11,17.6855,17.7952,19.6894,35.26,-54.31,-0.74,-3.99,120551076.0,0,0,0,0,0,0,0,0,0,0,0,0,0,0,0,0,0,0,0,0
KWR,2026-09-24,159.47,159.0455,160.3657,147.5291,179.2734,-11.05,3.56,0.38,23646164.0,1,1,0,1,0,0,0,0,0,0,0,0,0,0,0,0,0,0,0,0
KWY,2026-09-24,9.15,9.828,9.6664,11.084,16.13,-43.27,-5.48,0.66,382284.0,0,0,0,0,0,0,0,0,0,0,0,0,0,0,0,0,0,0,0,0
KXIN,2026-09-24,1.51,1.5227,3.8203,24.7131,810.0,-99.81,33.63,-5.63,8932912.0,0,0,0,0,0,0,0,0,0,0,0,0,0,0,1,0,0,0,0,0
KYIV,2026-09-24,13.2,13.5207,13.5332,12.9943,16.17,-18.37,0.23,1.38,5284316.0,1,1,0,0,0,0,0,0,0,0,0,0,0,0,0,0,0,0,0,0
KYMR,2026-09-24,115.81,117.412,114.539,92.1025,127.31,-9.03,-0.45,0.29,84645843.0,1,1,0,0,1,0,0,0,0,0,0,0,0,0,0,0,0,0,0,0
KYN,2026-09-24,14.11,14.652,14.5154,13.3714,14.9782,-5.8,-2.42,-0.49,4348743.0,0,1,0,0,0,0,0,0,0,0,0,0,0,0,0,0,0,0,0,0
KYNB,2026-09-24,7.0,7.8332,7.4103,7.5338,12.38,-43.46,-8.02,-3.45,192802.0,0,0,0,0,0,0,0,0,0,0,0,0,0,0,0,0,0,0,0,0
KYTX,2026-09-24,6.99,7.7295,7.803,8.4199,11.25,-37.87,1.3,-1.13,6508563.0,0,0,0,0,0,0,0,0,0,0,0,0,0,0,0,0,0,1,0,0
KZIA,2026-09-24,9.78,11.8825,12.6778,10.5925,16.9,-42.13,-4.12,1.87,5203955.0,0,0,0,0,0,0,0,0,0,0,0,0,0,0,0,0,0,0,0,0
L,2026-09-24,105.07,108.5385,112.0162,108.8171,119.3331,-11.95,-3.42,0.03,105025446.0,0,0,0,0,0,0,0,0,0,0,1,0,0,0,0,0,0,0,0,0
LAB,2026-09-24,0.74,0.695,0.7496,1.0216,1.68,-55.95,4.23,0.0,1045272.0,0,0,0,1,0,0,0,0,0,0,0,0,0,0,0,0,0,0,0,0
LABT,2026-09-24,1.83,2.1505,2.2194,,,,-12.44,2.81,3175557.0,0,0,0,0,0,0,0,0,0,0,0,0,0,0,0,0,0,0,0,0
LAC,2026-09-24,2.83,2.966,3.0156,4.3139,10.05,-71.84,-2.08,-2.41,28721207.0,0,0,0,0,0,0,0,0,0,0,0,0,0,0,0,0,0,0,0,0
LAD,2026-09-24,309.6,353.1605,359.8303,312.3353,426.6837,-27.44,-8.73,0.84,92061138.0,0,0,0,0,0,0,0,0,0,0,1,0,0,0,0,0,0,0,0,0
LADR,2026-09-24,9.09,9.63,9.7474,9.9649,10.7207,-15.21,-4.52,0.22,11580496.0,0,0,0,0,0,0,0,0,0,0,1,0,0,0,0,0,0,0,0,0
LAES,2026-09-24,2.32,2.372,2.4788,3.239,7.65,-69.67,0.87,0.87,12685607.0,0,0,0,0,0,0,0,0,0,0,0,0,0,0,0,0,0,0,0,0
LAFA,2026-09-24,10.18,10.1575,10.1346,10.0288,10.18,0.0,0.2,0.2,196376.0,0,1,1,1,1,1,1,1,1,0,0,0,0,0,0,0,1,1,0,0
LAKE,2026-09-24,10.49,10.9985,11.3226,10.0925,17.2871,-39.32,0.77,2.84,637784.0,0,1,0,0,0,0,0,0,0,0,0,0,0,0,0,0,0,0,0,0
LAMR,2026-09-24,143.71,147.33,152.3426,138.8637,162.4831,-11.55,-1.48,-0.35,69702288.0,0,1,0,0,0,0,0,0,0,0,0,0,0,0,0,0,0,0,0,0
LAND,2026-09-24,9.49,9.3931,8.7772,9.3843,12.0596,-21.31,1.73,-0.42,7259709.0,1,1,0,1,1,1,0,0,0,0,0,0,0,0,0,0,0,0,0,0
LANV,2026-09-24,1.03,1.0415,1.1279,1.515,2.26,-54.42,-2.83,0.0,41936.0,0,0,0,0,0,0,0,0,0,0,0,0,0,0,0,0,0,0,0,0
LAR,2026-09-24,5.68,6.3095,6.349,7.4587,11.79,-51.82,2.16,-1.73,11660284.0,0,0,0,0,0,0,0,0,0,0,0,0,0,0,0,0,0,0,0,0
LARK,2026-09-24,31.32,32.0825,31.7646,28.2865,33.33,-6.03,-3.78,1.66,311695.0,1,1,0,0,0,0,0,0,0,0,0,0,0,0,0,0,0,0,0,0
LASE,2026-09-24,0.889,1.0708,1.1323,1.4204,4.78,-81.4,11.12,4.83,5125544.0,0,0,0,0,0,0,0,0,0,0,0,0,1,0,1,0,0,0,0,0
LASR,2026-09-24,40.62,40.6155,52.8588,57.7459,84.95,-52.18,5.34,-0.88,46207080.0,0,0,0,1,0,0,0,0,0,0,0,0,0,0,0,0,0,0,0,0
LATA,2026-09-24,10.19,10.1889,10.1587,10.061,10.208,-0.18,0.0,0.2,158828.0,1,1,1,1,1,1,0,0,0,0,0,0,0,0,0,0,0,0,0,0
LAUR,2026-09-24,38.11,36.7735,37.16,34.9315,40.46,-5.81,5.28,3.79,35710142.0,0,1,0,1,1,0,0,0,0,0,0,0,1,0,0,0,0,0,0,0
LAW,2026-09-24,4.25,4.2265,4.1758,4.6729,8.91,-52.3,1.19,-0.23,863553.0,0,0,0,1,1,1,0,0,0,0,0,0,0,0,0,0,0,0,0,0
LAWR,2026-09-24,3.75,3.75,3.75,3.75,3.75,0.0,0.0,0.0,0.0,0,0,1,0,0,0,0,0,1,0,0,0,0,0,0,0,0,1,0,0
LAZ,2026-09-24,36.12,40.669,42.2335,45.3092,55.7417,-35.2,-1.34,-1.9,68715525.0,0,0,0,0,0,0,0,0,0,0,0,0,0,0,0,0,0,0,0,0
LB,2026-09-24,82.49,86.253,81.7048,69.215,89.5885,-7.92,-0.25,0.46,18931141.0,0,1,0,0,1,0,0,0,0,0,0,0,0,0,0,0,0,0,0,0
LBGJ,2026-09-24,2.13,2.397,29.7958,4372.899,27200.0,-99.99,3.9,-0.93,1252749.0,0,0,0,0,0,0,0,0,0,0,0,0,0,0,0,0,0,0,0,0
LBRT,2026-09-24,18.24,19.7157,20.1606,24.7093,33.6823,-45.85,-5.3,-0.16,66824576.0,0,0,0,0,0,0,0,0,0,0,0,0,0,0,0,0,0,0,0,0
LBRX,2026-09-24,37.8,45.3732,43.0692,30.2871,49.48,-23.61,-11.21,-3.55,13582287.0,0,1,0,0,0,0,0,0,0,0,0,0,0,0,0,0,0,0,1,0
LBTYA,2026-09-24,9.42,10.4045,10.448,11.3582,13.03,-27.71,-9.42,-0.63,24519347.0,0,0,0,0,0,0,0,0,0,0,1,0,0,0,0,0,0,0,0,1
LBTYB,2026-09-24,11.97,12.6865,12.5582,12.9805,18.01,-33.54,-4.09,-3.55,23565.0,0,0,0,0,0,0,0,0,0,0,0,0,0,0,0,0,0,1,0,0
LBTYK,2026-09-24,9.23,10.15,10.1844,11.0988,12.67,-27.15,-8.07,-0.11,17580278.0,0,0,0,0,0,0,0,0,0,0,1,0,0,0,0,0,0,0,0,1
LCCC,2026-09-24,10.52,10.512,10.4907,10.3486,10.56,-0.38,0.0,0.0,5628.0,1,1,1,1,1,1,0,0,0,0,0,0,0,0,0,0,0,0,0,0
LCFY,2026-09-24,2.58,2.42,2.4963,3.5266,7.32,-64.75,10.49,-1.15,17869.0,0,0,0,1,1,0,0,0,0,0,0,0,0,0,1,0,0,1,0,0
LCID,2026-09-24,4.15,4.4205,5.7421,7.9045,24.77,-83.25,-3.04,-0.24,54792968.0,0,0,0,0,0,0,0,0,0,0,0,0,0,0,0,0,0,0,0,0
LCII,2026-09-24,83.55,94.4035,100.4557,114.2832,152.3982,-45.18,-4.09,-1.74,29627467.0,0,0,0,0,0,0,0,0,0,0,1,0,0,0,0,0,0,0,0,0
LCLN,2026-09-24,23.14,25.6906,24.0753,,,,-10.69,-3.38,21998443.0,0,0,0,0,0,0,0,0,0,0,0,0,0,0,0,0,0,0,0,0
LCNB,2026-09-24,18.41,19.055,19.3516,17.0953,20.7412,-11.24,-4.16,-0.65,621223.0,0,1,0,0,0,0,0,0,0,0,0,0,0,0,0,0,0,0,0,0
LCTX,2026-09-24,0.95,1.0595,1.0844,1.425,1.96,-51.53,-11.21,-1.04,1328666.0,0,0,0,0,0,0,0,0,0,0,0,0,0,0,0,0,0,0,0,1
LCUT,2026-09-24,9.24,8.773,8.8751,6.465,9.9,-6.67,12.0,6.82,1537786.0,0,1,0,1,1,0,0,0,0,0,0,0,1,1,1,0,0,0,0,0
LDI,2026-09-24,0.662,0.8219,0.9124,1.5395,3.58,-81.51,-5.97,-1.63,5842575.0,0,0,0,0,0,0,0,0,0,0,0,0,0,0,0,0,0,0,0,1
LDOS,2026-09-24,123.35,131.6505,128.0936,148.5174,197.2656,-37.47,-4.64,-1.07,170358255.0,0,0,0,0,0,0,0,0,0,0,0,0,0,0,0,0,0,0,0,0
LE,2026-09-24,10.34,10.871,11.7222,13.1732,19.15,-46.01,0.49,0.58,2187272.0,0,0,0,0,0,0,0,0,0,0,0,0,0,0,0,0,0,0,0,0
LEA,2026-09-24,118.25,125.4966,128.9079,126.8223,147.7654,-19.97,-4.01,-2.83,82688878.0,0,0,0,0,0,0,0,0,0,0,0,0,0,0,0,0,0,0,0,0
LECO,2026-09-24,266.4,267.739,268.6704,262.3119,297.0224,-10.31,4.35,0.38,120516900.0,1,1,0,0,0,0,0,0,0,0,0,0,0,0,0,0,0,0,0,0
LEDS,2026-09-24,2.3,2.097,2.1646,1.8133,3.3,-30.3,6.98,0.0,28579.0,0,1,0,1,1,0,0,0,0,0,0,0,0,0,0,0,0,0,0,0
LEE,2026-09-24,6.83,7.6415,7.8738,7.6599,11.76,-41.92,-6.69,0.59,286852.0,0,0,0,0,0,0,0,0,0,0,0,0,0,0,0,0,0,0,0,0
LEGH,2026-09-24,29.08,27.9845,27.764,23.3607,29.33,-0.85,5.29,0.48,1880066.0,0,1,1,1,1,1,0,0,0,0,0,0,0,0,0,0,0,0,0,0
LEGN,2026-09-24,19.06,19.5395,20.4216,22.5848,36.28,-47.46,12.12,3.31,39661734.0,0,0,0,0,0,0,0,0,0,0,0,0,1,0,1,0,0,0,0,0
LEGO,2026-09-24,10.0,9.9895,9.9838,,10.0,0.0,0.0,0.0,668251.0,0,0,1,1,1,1,0,0,1,0,0,0,0,0,0,0,0,0,0,0
LEN,2026-09-24,81.47,81.5655,83.9356,94.8062,131.058,-37.84,3.97,-0.06,344691837.0,0,0,0,0,0,0,0,0,0,0,0,0,0,0,0,0,0,0,0,0
LENZ,2026-09-24,3.72,4.7405,4.9625,10.028,49.05,-92.42,-10.14,-1.06,3448435.0,0,0,0,0,0,0,0,0,0,0,1,0,0,0,0,0,0,0,0,1
LEO,2026-09-24,5.64,5.9505,6.0883,6.173,6.4156,-12.09,-3.09,-0.88,844387.0,0,0,0,0,0,0,0,0,0,0,1,0,0,0,0,0,0,1,0,1
LESL,2026-09-24,0.339,0.4887,0.9241,2.3423,10.76,-96.85,-25.82,-19.09,991381.0,0,0,0,0,0,0,0,0,0,0,1,0,0,0,0,0,0,0,0,1
LEU,2026-09-24,147.32,163.744,171.6626,204.5585,436.0,-66.21,5.98,-2.64,128102016.0,0,0,0,0,0,0,0,0,0,0,0,0,0,0,0,0,0,0,0,0
LEVI,2026-09-24,19.72,20.3565,22.2923,21.647,25.53,-22.76,0.36,0.46,46451268.0,0,0,0,0,0,0,0,0,0,0,0,0,0,0,0,0,0,0,0,0
LEXX,2026-09-24,3.37,7.3452,7.8166,10.1404,22.95,-85.32,8.89,4.17,957343.0,0,0,0,0,0,0,0,0,0,0,0,0,1,0,0,0,0,0,0,0
LFAC,2026-09-24,10.075,10.0685,10.0436,,10.08,-0.05,-0.05,0.0,386122.0,0,0,1,1,1,1,0,0,0,0,0,0,0,0,0,0,0,0,0,0
LFCR,2026-09-24,4.29,4.366,4.4936,5.7278,8.82,-51.36,3.13,-2.5,684457.0,0,0,0,0,0,0,0,0,0,0,0,0,0,0,0,0,0,0,0,0
LFMD,2026-09-24,2.91,3.141,3.456,3.8103,6.97,-58.25,-9.35,-4.59,2627940.0,0,0,0,0,0,0,0,0,0,0,0,0,0,0,0,0,0,0,0,0
LFS,2026-09-24,2.125,2.1863,2.2301,2.4733,11.37,-81.31,-2.07,-1.62,143452.0,0,0,0,0,0,0,0,0,0,0,0,0,0,0,0,0,0,0,0,0
LFST,2026-09-24,11.8,12.626,11.9262,8.6115,13.38,-11.81,-7.74,-2.32,72303039.0,0,1,0,0,0,0,0,0,0,0,0,0,0,0,0,0,0,0,0,0
LFT,2026-09-24,5.17,6.702,7.0768,10.6204,18.7882,-72.48,-20.71,-1.9,130925.0,0,0,0,0,0,0,0,0,0,0,1,0,0,0,0,0,0,0,0,1
LFTO,2026-09-24,15.92,18.023,20.534,,,,-9.49,-1.06,15604851.0,0,0,0,0,0,0,0,0,0,0,0,0,0,0,0,0,0,0,0,0
LFUS,2026-09-24,421.16,412.588,422.1723,379.6884,488.1569,-13.72,6.35,-0.3,80665119.0,1,1,0,1,0,0,0,0,0,0,0,0,0,0,0,0,0,0,0,0
LFVN,2026-09-24,6.29,6.2758,6.3793,5.8501,10.6155,-40.75,1.78,1.45,332713.0,1,1,0,1,0,0,0,0,0,0,0,0,0,0,0,0,0,0,0,0
LFWD,2026-09-24,6.97,7.1753,7.3019,7.1844,9.936,-29.85,0.87,-0.57,34553.0,0,0,0,0,0,0,0,0,0,0,0,0,0,0,0,0,0,0,0,0
LGCL,2026-09-24,3.05,3.6538,78.5615,193.046,900.0,-99.66,-6.15,-3.48,1594120.0,0,0,0,0,0,0,0,0,0,0,1,0,0,0,0,0,0,0,0,0
LGCY,2026-09-24,10.64,10.5275,11.0452,11.4531,14.33,-25.75,2.8,3.2,461484.0,0,0,0,1,0,0,0,0,0,0,0,0,1,0,0,0,0,1,0,0
LGHL,2026-09-24,7.36,8.4508,15.4495,189.4027,3744.0,-99.8,28.0,2.94,1683683.0,0,0,0,0,0,0,0,0,0,0,0,0,0,0,1,0,0,0,0,0
LGI,2026-09-24,17.17,17.6686,17.9243,17.2496,18.698,-8.17,0.29,-0.52,567704.0,0,0,0,0,0,0,0,0,0,0,0,0,0,0,0,0,0,0,0,0
LGIH,2026-09-24,48.99,52.24,55.994,50.4782,65.84,-25.59,-0.08,0.8,15608994.0,0,0,0,0,0,0,0,0,0,0,0,0,0,0,0,0,0,0,0,0
LGL,2026-09-24,6.8,7.116,7.1422,6.9002,7.74,-12.14,2.87,-2.16,179395.0,0,0,0,0,0,0,0,0,0,0,0,0,0,0,0,0,0,0,0,0
LGN,2026-09-24,52.45,54.2012,60.7402,63.0995,102.27,-48.71,-2.58,-0.89,44903189.0,0,0,0,0,0,0,0,0,0,0,0,0,0,0,0,0,0,0,0,0
LGND,2026-09-24,299.04,286.1315,290.9246,237.565,322.61,-7.31,8.66,0.21,61013501.0,0,1,0,1,1,0,0,0,0,0,0,0,0,0,0,0,0,0,0,0
LGO,2026-09-24,0.69,0.701,0.6796,1.0258,2.52,-72.62,4.55,-5.48,271229.0,0,0,0,0,1,0,0,0,0,0,0,0,0,0,0,0,0,0,0,0
LGPS,2026-09-24,0.806,0.925,0.9755,0.8229,1.52,-46.97,-3.24,-2.66,5638550.0,0,0,0,0,0,0,0,0,0,0,0,0,0,0,0,0,0,0,0,0
LGVN,2026-09-24,2.91,5.7595,6.519,7.1304,11.6,-74.91,-56.44,11.92,708631.0,0,0,0,0,0,0,0,0,0,0,1,0,1,1,0,0,0,0,0,0
LH,2026-09-24,308.95,323.0931,315.1223,277.5445,338.614,-8.76,-4.79,1.63,243239001.0,0,1,0,0,0,0,0,0,0,0,0,0,0,0,0,0,0,0,0,0
LHAI,2026-09-24,1.04,1.0711,0.9506,2.304,15.59,-93.33,-18.75,-2.8,5935069.0,0,0,0,0,1,0,0,0,0,0,0,0,0,0,0,0,0,0,0,0
LHSW,2026-09-24,0.763,1.8186,2.3556,4.654,37.6,-97.97,50.2,-0.39,22730202.0,0,0,0,0,0,0,0,0,0,0,0,0,0,0,1,0,0,0,0,0
LHX,2026-09-24,238.04,253.0006,270.811,309.6461,373.8531,-36.33,-5.07,-0.49,418118475.0,0,0,0,0,0,0,0,0,0,0,1,0,0,0,0,0,0,0,0,1
LI,2026-09-24,11.78,11.9945,12.4144,15.5906,25.83,-54.39,-2.08,0.68,34984098.0,0,0,0,0,0,0,0,0,0,0,0,0,0,0,0,0,0,0,0,0
LICN,2026-09-24,1.03,1.1147,1.1738,2.7967,8.63,-88.06,0.98,-0.96,23232.0,0,0,0,0,0,0,0,0,0,0,0,0,0,0,0,0,0,0,0,0
LIDR,2026-09-24,1.2,1.2555,1.235,1.6936,3.35,-64.18,1.69,1.69,11113880.0,0,0,0,0,0,0,0,0,0,0,0,0,0,0,0,0,0,0,0,0
LIEN,2026-09-24,10.31,10.2353,9.843,9.5677,10.35,-0.39,0.88,-0.39,430304.0,1,1,1,1,1,1,0,0,0,0,0,0,0,0,0,0,0,1,0,0
LIF,2026-09-24,41.26,42.3355,48.6783,50.2676,110.89,-62.79,1.35,1.25,24137783.0,0,0,0,0,0,0,0,0,0,0,0,0,0,0,0,0,0,0,0,0
LIFE,2026-09-24,35.31,38.001,31.2254,,42.02,-15.97,-8.4,4.13,60199667.0,0,0,0,0,1,0,0,0,0,0,0,0,1,0,0,0,0,0,0,0
LII,2026-09-24,367.78,374.9595,426.8696,489.9461,572.95,-35.81,1.87,-1.22,184878027.0,0,0,0,0,0,0,0,0,0,0,0,0,0,0,0,0,0,0,0,0
LILA,2026-09-24,8.6,8.6465,8.3462,6.2509,8.88,-3.15,-1.6,0.94,3112885.0,1,1,1,0,1,0,0,0,0,0,0,0,0,0,0,0,0,0,0,0
LILAK,2026-09-24,8.55,8.597,8.2766,6.2785,8.85,-3.39,-1.95,1.3,10998146.0,1,1,1,0,1,0,0,0,0,0,0,0,0,0,0,0,0,0,0,0
LILAP,2026-09-24,20.45,20.5688,19.984,,,,-0.24,-1.3,2061516.0,0,0,0,0,1,0,0,0,0,0,0,0,0,0,0,0,0,0,0,0
LIME,2026-09-24,28.59,34.226,33.9258,,,,-4.83,-0.03,13288664.0,0,0,0,0,0,0,0,0,0,0,0,0,0,0,0,0,0,0,0,0
LIMN,2026-09-24,4.18,3.7538,4.9433,15.7926,102.5,-95.92,25.53,3.72,108923.0,0,0,0,1,0,0,0,0,0,0,0,0,1,0,1,0,0,0,0,0
LIN,2026-09-24,468.14,472.2848,484.9133,480.8719,544.8458,-14.08,1.31,-0.34,931624579.0,0,0,0,0,0,0,0,0,0,0,0,0,0,0,0,0,0,0,0,0
LINC,2026-09-24,23.88,24.9815,31.8078,36.1177,55.68,-57.11,-5.13,-0.87,20178056.0,0,0,0,0,0,0,0,0,0,0,1,0,0,0,0,0,0,0,0,0
LIND,2026-09-24,27.58,27.051,29.3516,21.7324,34.48,-20.01,0.58,1.29,24068655.0,1,1,0,1,0,0,0,0,0,0,0,0,0,0,0,0,0,0,0,0
LINE,2026-09-24,36.18,38.1632,40.5867,38.177,44.59,-18.86,-4.64,-0.39,33213626.0,0,0,0,0,0,0,0,0,0,0,0,0,0,0,0,0,0,0,0,0
LINK,2026-09-24,5.18,5.3918,5.0637,4.0181,9.5733,-45.89,1.57,-2.17,136326.0,0,1,0,0,1,0,0,0,0,0,0,0,0,0,0,0,0,0,0,0
LION,2026-09-24,10.98,11.233,12.1298,11.2379,16.4,-33.05,-2.92,-1.52,29606920.0,0,0,0,0,0,0,0,0,0,0,0,0,0,0,0,0,0,0,0,0
LIQT,2026-09-24,0.64,0.6495,0.641,1.3587,2.96,-78.38,-11.11,-7.25,70003.0,0,0,0,0,0,0,0,0,0,0,0,0,0,0,0,0,0,0,0,0
LITB,2026-09-24,2.98,3.084,3.1038,2.7276,3.82,-21.99,-1.97,-4.18,16871.0,0,1,0,0,0,0,0,0,0,0,0,0,0,0,0,0,0,0,0,0
LITE,2026-09-24,929.04,912.4205,854.3571,726.2335,1053.09,-11.78,3.96,-0.85,4039839366.0,1,1,0,1,1,1,0,0,0,0,0,0,0,0,0,0,0,0,0,0
LITS,2026-09-24,1.43,1.091,1.0114,1.1276,2.7,-47.04,40.2,21.19,914111.0,0,1,0,1,1,1,1,1,0,0,0,0,1,1,1,1,1,1,0,0
LIVE,2026-09-24,7.77,8.451,9.4088,12.781,21.09,-63.16,-0.38,-2.02,63635.0,0,0,0,0,0,0,0,0,0,0,0,0,0,0,0,0,0,0,0,0
LIVN,2026-09-24,75.44,79.349,79.6657,70.8833,85.325,-11.59,-3.91,-2.23,50961723.0,0,1,0,0,0,0,0,0,0,0,0,0,0,0,0,0,0,0,0,0
LKFN,2026-09-24,58.85,59.7945,61.0221,59.1929,63.7,-7.61,-1.82,0.84,10893071.0,0,0,0,0,0,0,0,0,0,0,0,0,0,0,0,0,0,0,0,0
LKFT,2026-09-24,30.36,28.491,28.2594,30.2189,37.62,-19.3,10.28,-1.17,8650520.0,0,1,0,1,1,1,0,0,0,0,0,0,0,0,1,0,0,0,0,0
LKQ,2026-09-24,23.0,24.2855,24.5947,27.8478,33.6677,-31.69,0.0,-1.84,80094635.0,0,0,0,0,0,0,0,0,0,0,0,0,0,0,0,0,0,0,0,0
LKSP,2026-09-24,10.25,10.221,10.1966,10.0829,10.25,0.0,0.15,0.1,55311.0,0,1,1,1,1,1,0,0,1,0,0,0,0,0,0,0,0,0,0,0
LLY,2026-09-24,1181.89,1151.403,1176.1125,1065.7193,1280.34,-7.69,3.87,2.68,2781920267.0,1,1,0,1,1,0,0,0,0,0,0,0,0,0,0,0,0,0,0,0
LLYVA,2026-09-24,96.425,96.313,98.408,92.6927,104.99,-8.16,1.04,1.51,12980343.0,1,1,0,1,0,0,0,0,0,0,0,0,0,0,0,0,0,0,0,0
LLYVK,2026-09-24,99.7,99.7535,102.0329,95.4746,108.86,-8.41,1.1,1.57,29535830.0,1,1,0,0,0,0,0,0,0,0,0,0,0,0,0,0,0,0,0,0
LMAT,2026-09-24,80.82,80.1375,86.6928,94.2193,116.7516,-30.78,0.55,0.3,20932636.0,0,0,0,1,0,0,0,0,0,0,0,0,0,0,0,0,0,0,0,0
LMB,2026-09-24,51.33,48.368,54.9094,75.6249,114.11,-55.02,-2.34,0.41,20554428.0,0,0,0,1,0,0,0,0,0,0,0,0,0,0,0,0,0,0,0,0
LMND,2026-09-24,45.28,50.301,53.6604,62.9247,96.57,-53.11,-6.77,2.07,50456481.0,0,0,0,0,0,0,0,0,0,0,0,0,0,0,0,0,0,0,0,0
LMNR,2026-09-24,11.97,13.567,13.5932,13.4927,15.03,-20.36,-5.38,-0.99,1918453.0,0,0,0,0,0,0,0,0,0,0,1,0,0,0,0,0,0,0,0,0
LMRI,2026-09-24,9.88,11.3975,11.376,,18.53,-46.68,-15.19,-2.56,3954146.0,0,0,0,0,0,0,0,0,0,0,0,0,0,0,0,0,0,0,0,0
LMT,2026-09-24,523.7,537.3629,554.6524,555.141,668.166,-21.62,-2.52,-0.19,603801123.0,0,0,0,0,0,0,0,0,0,0,0,0,0,0,0,0,0,0,0,0
LNAI,2026-09-24,1.94,2.3113,2.3449,3.8496,13.84,-85.98,-10.6,-9.35,82256.0,0,0,0,0,0,0,0,0,0,0,0,0,0,0,0,0,0,0,0,0
LNC,2026-09-24,41.39,43.178,43.461,38.9564,47.0,-11.94,-2.5,0.75,85331091.0,0,1,0,0,0,0,0,0,0,0,0,0,0,0,0,0,0,0,0,0
LND,2026-09-24,3.52,3.702,3.6792,3.815,4.37,-19.45,-1.95,-0.56,207050.0,0,0,0,0,0,0,0,0,0,0,0,0,0,0,0,0,0,0,0,0
LNG,2026-09-24,276.28,279.797,270.9762,243.4505,295.86,-6.62,3.19,0.98,625338576.0,1,1,0,0,1,0,0,0,0,0,0,0,0,0,0,0,0,0,0,0
LNKS,2026-09-24,0.999,0.9442,1.0436,65.8345,332.5,-99.7,2.99,-2.06,25256.0,0,0,0,1,0,0,0,0,0,0,0,0,0,0,0,0,0,0,0,0
LNN,2026-09-24,112.76,117.37,115.4558,117.606,140.0089,-19.46,-4.63,-2.66,21014458.0,0,0,0,0,0,0,0,0,0,0,0,0,0,0,0,0,0,0,0,0
LNSR,2026-09-24,7.075,7.9138,7.077,8.1789,12.73,-44.42,-0.07,-1.05,642027.0,0,0,0,0,0,0,0,0,0,0,0,0,0,0,0,0,0,0,0,0
LNT,2026-09-24,63.31,66.9495,69.4534,69.5604,77.4411,-18.25,-4.24,-0.6,148441604.0,0,0,0,0,0,0,0,0,0,0,1,0,0,0,0,0,0,0,0,0
LNTH,2026-09-24,99.72,100.5675,101.5763,86.7981,110.94,-10.11,-0.82,-0.25,100429289.0,1,1,0,0,0,0,0,0,0,0,0,0,0,0,0,0,0,0,0,0
LNZA,2026-09-24,5.97,6.0805,5.9996,11.8672,41.42,-85.59,0.84,1.36,382776.0,0,0,0,0,0,0,0,0,0,0,0,0,0,0,0,0,0,0,0,0
LOAN,2026-09-24,3.91,4.014,4.094,4.2426,5.1796,-24.51,-0.26,0.26,108817.0,0,0,0,0,0,0,0,0,0,0,0,0,0,0,0,0,0,0,0,0
LOAR,2026-09-24,65.43,67.147,70.248,67.4574,81.9,-20.11,1.18,2.8,47739017.0,0,0,0,0,0,0,0,0,0,0,0,0,0,0,0,0,0,0,0,0
LOB,2026-09-24,37.27,38.9459,40.9576,38.0329,43.7267,-14.77,-2.33,0.49,7764330.0,0,0,0,0,0,0,0,0,0,0,1,0,0,0,0,0,0,0,0,0
LOBO,2026-09-24,0.552,0.5804,0.6494,0.6403,1.16,-52.41,2.6,-4.5,6133378.0,0,0,0,0,0,0,0,0,0,0,0,0,0,0,0,0,0,0,0,0
LOCL,2026-09-24,1.06,1.1056,1.0955,1.5855,3.49,-69.63,-0.93,3.92,51610.0,0,0,0,0,0,0,0,0,0,0,0,0,1,0,0,0,0,0,0,0
LOCO,2026-09-24,14.21,14.91,15.525,13.5568,17.2,-17.38,-2.2,-0.49,2985590.0,0,1,0,0,0,0,0,0,0,0,0,0,0,0,0,0,0,0,0,0
LODE,2026-09-24,2.56,2.9695,3.2274,3.4431,4.77,-46.33,2.81,-4.48,3446353.0,0,0,0,0,0,0,0,0,0,0,0,0,0,0,0,0,0,0,0,0
LOGI,2026-09-24,99.56,99.0905,100.2877,98.4242,124.6194,-20.11,1.69,-4.86,75607800.0,1,1,0,1,0,0,0,0,0,0,0,0,0,0,0,0,0,0,0,0
LOMA,2026-09-24,9.33,9.8215,10.3332,11.1657,13.12,-28.89,-2.81,-1.37,3435581.0,0,0,0,0,0,0,0,0,0,0,0,0,0,0,0,0,0,0,0,0
LONA,2026-09-24,4.99,7.1685,7.447,7.6423,11.68,-57.28,-26.51,-15.28,369252.0,0,0,0,0,0,0,0,0,0,0,1,0,0,0,0,0,0,1,0,0
LOOP,2026-09-24,0.475,0.4951,0.6237,1.0532,1.92,-75.26,-1.86,0.0,116771.0,0,0,0,0,0,0,0,0,0,0,0,0,0,0,0,0,0,0,0,0
LOPE,2026-09-24,151.19,151.2435,147.9192,158.7961,220.55,-31.45,-1.74,0.37,50924799.0,0,0,0,0,1,0,0,0,0,0,0,0,0,0,0,0,0,0,0,0
LOT,2026-09-24,0.879,1.064,1.0002,1.1906,2.26,-61.11,-10.76,0.23,530850.0,0,0,0,0,0,0,0,0,0,0,0,0,0,0,0,0,0,0,0,0
LOVE,2026-09-24,14.7,15.1653,16.3316,15.0864,18.7,-21.39,0.48,1.45,4936386.0,0,0,0,0,0,0,0,0,0,0,0,0,0,0,0,0,0,0,0,0
LOW,2026-09-24,188.49,198.6645,207.7601,231.8197,284.2603,-33.69,-2.89,-1.5,645880854.0,0,0,0,0,0,0,0,0,0,0,1,0,0,0,0,0,0,0,0,1
LPA,2026-09-24,2.82,3.0797,3.0883,3.0591,6.1,-53.77,-7.84,-6.62,104422.0,0,0,0,0,0,0,0,0,0,0,0,0,0,0,0,0,0,1,0,0
LPAA,2026-09-24,10.76,10.757,10.7987,10.7328,11.185,-3.8,0.0,0.0,1776.0,1,1,1,1,0,0,0,0,0,0,0,0,0,0,0,0,0,0,0,0
LPBB,2026-09-24,10.83,10.812,10.7838,10.6452,10.83,0.0,0.01,0.0,528703.0,0,1,1,1,1,1,0,0,1,0,0,0,0,0,0,0,0,0,0,0
LPCN,2026-09-24,2.09,2.2445,2.1762,4.4424,11.26,-81.44,-3.24,-1.42,78303.0,0,0,0,0,0,0,0,0,0,0,0,0,0,0,0,0,0,0,0,0
LPCV,2026-09-24,10.07,10.042,10.0246,,10.13,-0.59,0.1,0.0,328304.0,0,0,1,1,1,1,0,0,0,0,0,0,0,0,0,0,0,0,0,0
LPG,2026-09-24,54.05,53.792,48.8052,36.9011,58.31,-7.31,-6.58,1.67,32520474.0,1,1,0,1,1,1,0,0,0,0,0,0,0,0,0,0,0,0,0,0
LPL,2026-09-24,2.9,3.169,3.2284,4.0668,5.76,-49.65,-2.03,-1.36,7160709.0,0,0,0,0,0,0,0,0,0,0,0,0,0,0,0,0,0,0,0,0
LPLA,2026-09-24,302.76,345.5815,348.6015,329.172,392.1436,-22.79,-9.09,0.1,227685580.0,0,0,0,0,0,0,0,0,0,0,1,0,0,0,0,0,0,0,0,0
LPTH,2026-09-24,10.06,10.211,11.4298,12.0465,18.15,-44.57,7.14,2.55,37137779.0,0,0,0,0,0,0,0,0,0,0,0,0,0,0,0,0,0,0,0,0
LPX,2026-09-24,66.28,67.5865,71.2858,76.8214,97.4007,-31.95,1.41,-2.56,74709146.0,0,0,0,0,0,0,0,0,0,0,0,0,0,0,0,0,0,0,0,0
LQDA,2026-09-24,70.95,68.1025,75.9486,53.5384,91.03,-22.06,3.65,5.13,79683508.0,0,1,0,1,0,0,0,0,0,0,0,0,1,1,0,0,0,0,0,0
LQDT,2026-09-24,43.4,41.989,41.1624,35.2979,43.58,-0.41,0.53,1.59,9783115.0,0,1,1,1,1,1,0,0,0,0,0,0,0,0,0,0,0,0,0,0
LRCX,2026-09-24,307.16,296.3169,304.3885,269.7022,432.8701,-29.04,14.18,-0.04,2710970768.0,0,1,0,1,1,0,0,0,0,0,0,0,0,0,1,0,0,0,0,0
LRE,2026-09-24,1.11,1.2269,1.2927,1.3304,1.815,-38.84,-5.13,1.83,27735.0,0,0,0,0,0,0,0,0,0,0,1,0,0,0,0,0,0,1,0,0
LRHC,2026-09-24,2.63,1.6526,1.1702,18.5033,742.0,-99.65,7.35,-1.5,516279.0,0,0,0,1,1,1,0,0,0,0,0,0,0,0,0,0,0,0,0,0
LRMR,2026-09-24,3.32,3.873,3.9683,3.9515,5.95,-44.2,-15.52,-14.1,4604087.0,0,0,0,0,0,0,0,0,0,0,0,0,0,0,0,0,0,1,0,0
LRN,2026-09-24,80.04,82.99,83.8738,84.0831,153.53,-47.87,-2.44,1.92,57181710.0,0,0,0,0,0,0,0,0,0,0,0,0,0,0,0,0,0,0,0,0
LSAK,2026-09-24,4.15,4.3875,4.5704,4.6985,5.45,-23.85,-2.12,-1.43,634045.0,0,0,0,0,0,0,0,0,0,0,0,0,0,0,0,0,0,0,0,0
LSBK,2026-09-24,17.64,17.7995,17.3829,15.9357,18.85,-6.42,-2.54,-2.0,613807.0,1,1,0,0,1,0,0,0,0,0,0,0,0,0,0,0,0,0,0,0
LSCC,2026-09-24,122.22,114.57,121.5662,110.6978,155.27,-21.29,14.95,0.46,178741424.0,0,1,0,1,1,0,0,0,0,0,0,0,0,0,1,0,0,0,0,0
LSE,2026-09-24,5.29,5.3206,5.0199,4.7422,5.86,-9.73,-3.82,-3.82,23917.0,1,1,0,0,1,0,0,0,0,0,0,0,0,0,0,0,0,1,0,0
LSF,2026-09-24,3.52,3.877,4.0816,3.2879,6.33,-44.39,0.57,-1.95,97721.0,0,1,0,0,0,0,0,0,0,0,0,0,0,0,0,0,0,0,0,0
LSPD,2026-09-24,9.67,10.055,10.2354,10.0491,13.44,-28.05,0.21,0.83,6019969.0,0,0,0,0,0,0,0,0,0,0,0,0,0,0,0,0,0,1,0,0
LSTA,2026-09-24,1.5,1.639,1.635,3.104,5.04,-70.24,2.04,4.17,531686.0,0,0,0,0,0,0,0,0,0,0,0,0,1,0,0,0,0,0,0,0
LSTR,2026-09-24,165.18,174.094,183.1153,173.5089,224.8572,-26.54,-2.34,-1.08,56859305.0,0,0,0,0,0,0,0,0,0,0,0,0,0,0,0,0,0,0,0,0
LTBR,2026-09-24,6.73,7.223,7.83,11.3922,27.72,-75.72,4.02,0.15,5699003.0,0,0,0,0,0,0,0,0,0,0,0,0,0,0,0,0,0,0,0,0
LTC,2026-09-24,43.36,41.9121,40.8178,37.4824,43.36,0.0,1.1,1.93,24794663.0,0,1,1,1,1,1,0,0,1,0,0,0,0,0,0,0,0,0,0,0
LTH,2026-09-24,39.86,41.9155,43.1492,33.2891,45.73,-12.84,-2.14,0.48,134605119.0,0,1,0,0,0,0,0,0,0,0,0,0,0,0,0,0,0,0,0,0
LTM,2026-09-24,51.66,51.319,52.3234,53.4924,68.2856,-24.35,3.18,-1.52,41986487.0,0,0,0,1,0,0,0,0,0,0,0,0,0,0,0,0,0,0,0,0
LTRN,2026-09-24,1.21,1.7973,2.3243,2.8152,4.62,-73.81,-37.31,-12.95,345374.0,0,0,0,0,0,0,0,0,0,0,1,0,0,0,0,0,0,1,0,0
LTRX,2026-09-24,6.6,5.5245,5.6604,6.0372,8.45,-21.89,21.77,3.12,8255353.0,0,1,0,1,1,0,0,0,0,0,0,0,1,0,1,0,0,0,0,0
LU,2026-09-24,1.35,1.235,1.3696,1.9376,4.4,-69.32,12.5,10.66,1629406.0,0,0,0,1,0,0,0,0,0,0,0,0,1,1,1,0,0,1,0,0
LUCD,2026-09-24,0.838,0.8793,0.9309,1.1001,1.47,-42.99,0.24,-0.12,914962.0,0,0,0,0,0,0,0,0,0,0,0,0,0,0,0,0,0,0,0,0
LUCK,2026-09-24,5.19,5.7983,6.405,7.6775,10.2298,-49.27,-2.81,-1.7,660351.0,0,0,0,0,0,0,0,0,0,0,1,0,0,0,0,0,0,0,0,1
LUCY,2026-09-24,0.93,0.9103,0.8146,1.0408,2.08,-55.29,8.01,0.87,822758.0,0,0,0,1,1,1,0,0,0,0,0,0,0,0,0,0,0,0,0,0
LUD,2026-09-24,4.0,4.2435,4.2337,5.5891,14.72,-72.83,-4.76,-4.19,14709.0,0,0,0,0,0,0,0,0,0,0,0,0,0,0,0,0,0,0,0,0
LULU,2026-09-24,101.64,105.8165,114.0778,147.7846,215.88,-52.92,2.26,-0.63,862612587.0,0,0,0,0,0,0,0,0,0,0,0,0,0,0,0,0,0,0,0,0
LUMN,2026-09-24,5.86,6.5225,6.3998,7.6483,11.83,-50.46,-12.14,-4.4,88543743.0,0,0,0,0,0,0,0,0,0,0,0,0,0,0,0,0,0,0,0,0
LUNG,2026-09-24,1.9,2.11,1.9495,1.6966,2.6,-26.92,-2.56,-5.0,653451.0,0,1,0,0,0,0,0,0,0,0,0,0,0,0,0,0,0,0,0,0
LUNR,2026-09-24,15.7,14.941,15.1724,20.1295,45.7,-65.65,6.15,3.02,103447107.0,0,0,0,1,1,0,0,0,0,0,0,0,1,0,0,0,0,0,0,0
LUV,2026-09-24,41.55,39.5527,42.8947,43.0471,54.0738,-23.16,6.13,1.24,223404063.0,0,0,0,1,0,0,0,0,0,0,0,0,0,0,0,0,0,0,0,0
LUXE,2026-09-24,9.18,8.076,8.0408,8.2657,10.51,-12.65,4.2,2.91,2958706.0,0,1,0,1,1,1,0,0,0,0,0,0,0,0,0,0,0,0,0,0
LVLU,2026-09-24,10.6,11.423,14.3387,11.822,26.16,-59.48,7.07,0.38,677965.0,0,0,0,0,0,0,0,0,0,0,0,0,0,0,0,0,0,0,0,0
LVO,2026-09-24,2.35,3.4997,4.0713,4.9115,7.02,-66.52,-32.66,-3.69,393202.0,0,0,0,0,0,0,0,0,0,0,1,0,0,0,0,0,0,0,0,1
LVS,2026-09-24,38.65,42.64,44.8213,52.1871,68.2933,-43.41,-5.87,-1.38,257557818.0,0,0,0,0,0,0,0,0,0,0,1,0,0,0,0,0,0,0,0,1
LVWR,2026-09-24,1.41,1.2735,1.2789,1.9226,6.21,-77.29,18.49,3.68,791076.0,0,0,0,1,1,0,0,0,0,0,0,0,1,0,1,0,0,0,0,0
LW,2026-09-24,44.37,49.515,50.7101,45.8674,64.5724,-31.29,-6.65,-1.49,71239876.0,0,0,0,0,0,0,0,0,0,0,1,0,0,0,0,0,0,0,0,0
LWAC,2026-09-24,10.382,10.3307,10.3051,10.1829,10.39,-0.08,0.6,0.0,394255.0,0,1,1,1,1,1,0,0,0,0,0,0,0,0,0,0,0,0,0,0
LWAY,2026-09-24,21.91,24.803,27.3566,24.729,32.33,-32.23,-10.28,-1.79,3368410.0,0,0,0,0,0,0,0,0,0,0,1,0,0,0,0,0,0,0,0,0
LWLG,2026-09-24,5.28,5.2325,6.1038,7.2526,18.22,-71.02,5.18,0.19,13397044.0,0,0,0,1,0,0,0,0,0,0,0,0,0,0,0,0,0,0,0,0
LX,2026-09-24,0.748,0.8761,1.2108,2.0834,5.2453,-85.74,-6.5,3.31,5411134.0,0,0,0,0,0,0,0,0,0,0,1,0,1,0,0,0,0,0,0,0
LXEH,2026-09-24,1.79,1.6436,1.6205,1.8263,32.4,-94.48,11.74,12.58,2352074.0,0,0,0,1,1,1,0,0,0,0,0,0,1,1,1,0,0,0,0,0
LXEO,2026-09-24,3.39,4.3805,4.5748,6.0652,10.63,-68.11,-18.9,-3.69,4242259.0,0,0,0,0,0,0,0,0,0,0,1,0,0,0,0,0,0,0,0,1
LXFR,2026-09-24,17.25,17.222,17.1006,15.1934,18.9354,-8.9,0.23,-0.12,7207952.0,1,1,0,1,1,1,0,0,0,0,0,0,0,0,0,0,0,0,0,0
LXP,2026-09-24,60.93,60.826,60.5894,52.2039,61.15,-0.36,0.13,0.08,50399259.0,1,1,1,1,1,1,0,0,0,0,0,0,0,0,0,0,0,0,0,0
LXRX,2026-09-24,1.86,2.128,2.2546,1.8245,2.64,-29.55,-7.92,-9.71,5870430.0,0,1,0,0,0,0,0,0,0,0,1,0,0,0,0,0,0,0,0,0
LXU,2026-09-24,10.09,11.0035,10.8312,11.6057,16.88,-40.23,-8.77,-1.75,8822451.0,0,0,0,0,0,0,0,0,0,0,0,0,0,0,0,0,0,0,0,0
LYB,2026-09-24,60.18,63.5595,62.2298,60.427,80.6941,-25.42,-7.27,0.35,221845611.0,0,0,0,0,0,0,0,0,0,0,0,0,0,0,0,0,0,0,0,0
LYEL,2026-09-24,10.12,12.6702,13.4171,19.7044,38.6,-73.78,-6.08,-3.89,1479608.0,0,0,0,0,0,0,0,0,0,0,1,0,0,0,0,0,0,0,0,1
LYFT,2026-09-24,14.75,16.0805,16.227,15.6179,24.57,-39.97,-5.99,-0.14,164548171.0,0,0,0,0,0,0,0,0,0,0,0,0,0,0,0,0,0,0,0,0
LYG,2026-09-24,5.65,5.9115,5.9906,5.4795,6.21,-9.02,-3.91,0.18,79153735.0,0,1,0,0,0,0,0,0,0,0,0,0,0,0,0,0,0,0,0,0
LYTS,2026-09-24,20.94,20.0589,22.1462,21.7353,26.732,-21.67,3.0,3.46,8839136.0,0,0,0,1,0,0,1,0,0,0,0,0,1,0,0,0,0,0,0,0
LYV,2026-09-24,171.06,173.543,178.49,162.7626,188.46,-9.23,-0.04,1.2,343549751.0,1,1,0,0,0,0,0,0,0,0,0,0,0,0,0,0,0,0,0,0
LZ,2026-09-24,5.65,6.0625,6.5099,7.0635,10.935,-48.33,-6.77,-2.42,14985711.0,0,0,0,0,0,0,0,0,0,0,0,0,0,0,0,0,0,0,0,0
LZB,2026-09-24,29.91,31.0396,35.8719,36.0093,41.8206,-28.48,-0.89,-0.33,25354402.0,0,0,0,0,0,0,0,0,0,0,0,0,0,0,0,0,0,0,0,0
LZM,2026-09-24,3.89,4.085,3.8446,4.3497,6.1,-36.23,6.28,-1.77,1314337.0,0,0,0,0,1,0,0,0,0,0,0,0,0,0,0,0,0,0,0,0
LZMH,2026-09-24,1.15,1.2242,1.2084,12.9581,71.8,-98.4,-2.95,-4.17,209740.0,0,0,0,0,0,0,0,0,0,0,0,0,0,0,0,0,0,1,0,0
M,2026-09-24,22.31,22.0024,23.158,21.2377,25.9871,-14.15,2.29,0.31,150974430.0,1,1,0,1,0,0,0,0,0,0,0,0,0,0,0,0,0,0,0,0
MA,2026-09-24,566.08,576.099,568.087,530.84,599.86,-5.63,-0.29,1.1,1485409165.0,1,1,0,0,0,0,0,0,0,0,0,0,0,0,0,0,0,0,0,0
MAA,2026-09-24,117.26,125.2115,129.9062,129.5227,140.5626,-16.58,-3.81,-0.44,137415431.0,0,0,0,0,0,0,0,0,0,0,1,0,0,0,0,0,0,0,0,1
MAAS,2026-09-24,14.03,16.0325,17.0028,10.4331,21.24,-33.95,-16.64,-6.84,6004729.0,0,1,0,0,0,0,0,0,0,0,0,0,0,0,0,0,0,1,1,0
MAC,2026-09-24,22.64,22.9385,24.1422,21.3049,26.3107,-13.95,0.98,-0.13,77838899.0,1,1,0,0,0,0,0,0,0,0,0,0,0,0,0,0,0,0,0,0
MACI,2026-09-24,11.05,10.9945,10.9565,10.8026,11.05,0.0,0.27,0.0,39660.0,0,1,1,1,1,1,0,0,1,0,0,0,0,0,0,0,0,0,0,0
MAGH,2026-09-24,6.76,6.76,6.76,6.76,6.76,0.0,0.0,0.0,0.0,0,0,1,0,0,0,0,0,1,0,0,0,0,0,0,0,0,1,0,0
MAGN,2026-09-24,11.85,11.988,12.6266,12.3445,15.26,-22.35,1.8,0.25,4504771.0,0,0,0,0,0,0,0,0,0,0,0,0,0,0,0,0,0,0,0,0
MAIA,2026-09-24,1.25,1.336,1.3396,1.4961,2.95,-57.63,-10.71,-5.3,771451.0,0,0,0,0,0,0,0,0,0,0,0,0,0,0,0,0,0,0,0,0
MAIN,2026-09-24,54.76,56.6126,56.0781,54.4931,61.1863,-10.5,-2.11,-0.58,24682750.0,0,1,0,0,0,0,0,0,0,0,0,0,0,0,0,0,0,0,0,0
MAIR,2026-09-24,24.37,25.2635,28.8646,,,,3.79,-3.52,66956147.0,0,0,0,0,0,0,0,0,0,0,0,0,0,0,0,0,0,0,0,0
MAKO,2026-09-24,10.04,10.197,9.2026,7.7007,11.07,-9.3,0.2,-0.3,1988938.0,1,1,0,0,1,0,0,0,0,0,0,0,0,0,0,0,0,0,0,0
MAMA,2026-09-24,13.37,14.8488,16.4193,15.4788,20.65,-35.25,-6.18,0.53,12495999.0,0,0,0,0,0,0,0,0,0,0,0,0,0,0,0,0,0,0,0,0
MAMK,2026-09-24,13.0,13.0,13.0,13.0,13.63,-4.62,0.0,0.0,0.0,0,0,1,0,0,0,0,0,0,0,0,0,0,0,0,0,0,1,0,0
MAMO,2026-09-24,0.94,0.9771,1.0024,1.5659,5.28,-82.2,0.0,-0.63,40601.0,0,0,0,0,0,0,0,0,0,0,0,0,0,0,0,0,0,1,0,0
MAN,2026-09-24,57.02,59.126,56.7086,36.6916,62.95,-9.42,-1.57,-0.61,44954261.0,0,1,0,0,1,0,0,0,0,0,0,0,0,0,0,0,0,0,0,0
MANE,2026-09-24,115.72,103.0765,106.584,,129.74,-10.81,12.99,-0.05,68292757.0,0,0,0,1,1,0,0,0,0,0,0,0,0,0,1,0,0,0,0,0
MANH,2026-09-24,209.63,213.045,196.3954,160.2145,223.76,-6.31,-1.13,-0.35,134893144.0,1,1,0,0,1,0,0,0,0,0,0,0,0,0,0,0,0,0,0,0
MANU,2026-09-24,20.94,20.85,22.0576,19.265,24.19,-13.44,4.7,2.2,7900335.0,1,1,0,1,0,0,0,0,0,0,0,0,0,0,0,0,0,0,0,0
MAR,2026-09-24,351.51,340.057,353.227,346.0355,401.7236,-12.5,4.94,-0.04,552934375.0,0,1,0,1,0,0,0,0,0,0,0,0,0,0,0,0,0,0,0,0
MARA,2026-09-24,12.92,11.796,11.2666,10.9709,22.84,-43.43,11.0,-3.22,562664504.0,0,1,0,1,1,1,0,0,0,0,0,0,0,0,1,0,0,0,0,0
MAS,2026-09-24,67.31,69.9825,73.3372,69.4154,82.4086,-18.32,-1.42,-1.25,163637656.0,0,0,0,0,0,0,0,0,0,0,0,0,0,0,0,0,0,0,0,0
MASK,2026-09-24,0.874,1.1545,1.371,3.2618,15.5,-94.36,-8.0,-7.51,1362636.0,0,0,0,0,0,0,0,0,0,0,1,0,0,0,0,0,0,0,0,1
MASS,2026-09-24,11.52,10.339,9.3548,7.528,11.52,0.0,16.13,5.3,3934014.0,0,1,1,1,1,1,1,1,1,0,0,0,1,1,1,1,1,0,0,0
MAT,2026-09-24,13.14,14.0255,14.4256,16.1294,22.16,-40.7,-0.23,0.46,51843697.0,0,0,0,0,0,0,0,0,0,0,0,0,0,0,0,0,0,0,0,0
MATH,2026-09-24,1.0,0.9274,0.8903,1.2991,3.99,-74.94,-1.96,0.0,201896.0,0,0,0,1,1,1,0,0,0,0,0,0,0,0,0,0,0,0,0,0
MATV,2026-09-24,12.17,12.1919,10.9753,10.1974,14.6021,-16.66,1.08,-0.98,6746775.0,1,1,0,0,1,0,0,0,0,0,0,0,0,0,0,0,0,0,0,0
MATW,2026-09-24,19.22,20.393,23.3362,25.3441,28.5396,-32.65,-3.66,-2.49,22319970.0,0,0,0,0,0,0,0,0,0,0,1,0,0,0,0,0,0,0,0,1
MATX,2026-09-24,224.82,227.3225,218.5744,178.3505,238.6,-5.78,-4.58,1.31,67414062.0,1,1,0,0,1,0,0,0,0,0,0,0,0,0,0,0,0,0,0,0
MAX,2026-09-24,9.45,11.5665,12.5814,10.8549,14.27,-33.78,-14.4,0.64,7721125.0,0,0,0,0,0,0,0,0,0,0,1,0,0,0,0,0,0,0,0,0
MAYS,2026-09-24,40.65,41.2105,40.2958,41.0115,55.0,-26.09,1.32,0.0,56816.0,0,0,0,0,1,0,0,0,0,0,0,0,0,0,0,0,0,0,0,0
MAZE,2026-09-24,26.21,25.6678,27.2011,33.4486,51.835,-49.44,9.6,-6.69,15895668.0,0,0,0,1,0,0,0,0,0,0,0,0,0,0,0,0,0,0,0,0
MB,2026-09-24,4.01,4.2235,4.5095,5.719,9.74,-58.83,-2.91,-1.72,89611.0,0,0,0,0,0,0,0,0,0,0,0,0,0,0,0,0,0,0,0,0
MBAI,2026-09-24,4.51,6.3203,7.3413,10.4112,22.12,-79.61,-28.75,-17.55,195672.0,0,0,0,0,0,0,0,0,0,0,1,0,0,0,0,0,0,0,0,1
MBBC,2026-09-24,15.28,15.1898,15.0606,14.0005,15.49,-1.36,1.8,0.82,60399.0,1,1,1,1,1,1,0,0,0,0,0,0,0,0,0,0,0,0,0,0
MBC,2026-09-24,7.11,7.652,8.4048,9.4774,13.82,-48.55,7.08,-1.39,21561473.0,0,0,0,0,0,0,0,0,0,0,0,0,0,0,0,0,0,0,0,0
MBGL,2026-09-24,18.34,19.984,20.1709,,,,-8.02,-2.86,77205452.0,0,0,0,0,0,0,0,0,0,0,0,0,0,0,0,0,0,0,0,0
MBI,2026-09-24,4.43,4.646,5.0972,6.0414,7.79,-43.13,-2.42,-1.77,2245242.0,0,0,0,0,0,0,0,0,0,0,0,0,0,0,0,0,0,0,0,0
MBIN,2026-09-24,52.23,52.5434,52.5431,45.4383,55.6047,-6.07,-0.76,1.67,12248144.0,1,1,0,0,0,0,0,0,0,0,0,0,0,0,0,0,0,0,0,0
MBIO,2026-09-24,0.526,0.5303,0.5673,0.7803,1.77,-70.28,5.2,2.94,14338.0,0,0,0,0,0,0,0,0,0,0,0,0,0,0,0,0,0,0,0,0
MBLY,2026-09-24,7.69,8.1735,8.4344,9.0208,15.54,-50.51,-4.35,1.05,39368099.0,0,0,0,0,0,0,0,0,0,0,0,0,0,0,0,0,0,0,0,0
MBOT,2026-09-24,1.31,1.4375,1.595,1.9964,3.48,-62.36,-9.03,0.0,605130.0,0,0,0,0,0,0,0,0,0,0,1,0,0,0,0,0,0,0,0,1
MBRX,2026-09-24,0.567,0.6904,0.9386,2.558,13.25,-95.72,-23.38,7.39,545768.0,0,0,0,0,0,0,0,0,0,0,0,0,1,1,0,0,0,0,0,0
MBUU,2026-09-24,23.42,25.4687,27.3985,27.9895,34.61,-32.33,0.39,0.9,7473504.0,0,0,0,0,0,0,0,0,0,0,0,0,0,0,0,0,0,0,0,0
MBVI,2026-09-24,10.24,10.231,10.2082,10.1204,10.25,-0.1,0.0,0.0,398428.0,1,1,1,1,1,1,0,0,0,0,0,0,0,0,0,0,0,0,0,0
MBWM,2026-09-24,59.52,60.3444,59.8715,53.3441,62.14,-4.22,-1.7,1.43,6845686.0,1,1,1,0,0,0,0,0,0,0,0,0,0,0,0,0,0,0,0,0
MBX,2026-09-24,55.39,61.5865,63.5761,42.5141,70.7,-21.65,-10.04,-4.32,30461658.0,0,1,0,0,0,0,0,0,0,0,0,0,0,0,0,0,0,0,1,0
MC,2026-09-24,57.62,64.272,66.0046,64.9682,75.4712,-23.65,-2.32,-0.96,49255643.0,0,0,0,0,0,0,0,0,0,0,0,0,0,0,0,0,0,0,0,0
MCAH,2026-09-24,10.03,10.014,9.9874,,,,0.1,0.0,395888.0,0,0,0,1,1,1,0,0,0,0,0,0,0,0,0,0,0,0,0,0
MCB,2026-09-24,88.62,90.5075,92.2397,88.4891,100.9778,-12.24,-1.25,1.01,10631658.0,1,1,0,0,0,0,0,0,0,0,0,0,0,0,0,0,0,0,0,0
MCBS,2026-09-24,34.8,35.1573,35.5052,31.3353,36.7698,-5.36,-0.85,1.02,2654205.0,1,1,0,0,0,0,0,0,0,0,0,0,0,0,0,0,0,0,0,0
MCD,2026-09-24,237.02,253.2202,262.0002,288.5585,334.503,-29.14,-4.61,-0.55,1451314062.0,0,0,0,0,0,0,0,0,0,0,1,0,0,0,0,0,0,0,0,1
MCFT,2026-09-24,20.37,21.7235,23.5323,22.5018,27.38,-25.6,6.37,3.93,6083175.0,0,0,0,0,0,0,0,0,0,0,0,0,1,0,0,0,0,0,0,0
MCGA,2026-09-24,10.36,10.3502,10.2922,10.1966,10.8,-4.07,0.14,0.0,1180334.0,1,1,1,1,1,1,0,0,0,0,0,0,0,0,0,0,0,0,0,0
MCHB,2026-09-24,15.08,15.5245,15.9405,14.4946,16.9034,-10.79,-1.63,0.53,7742851.0,0,1,0,0,0,0,0,0,0,0,0,0,0,0,0,0,0,0,0,0
MCHP,2026-09-24,74.69,73.0595,76.1367,77.757,102.0957,-26.84,7.33,-1.11,609437807.0,0,0,0,1,0,0,0,0,0,0,0,0,0,0,0,0,0,0,0,0
MCHX,2026-09-24,1.31,1.5335,1.6876,1.6273,1.98,-33.84,1.55,-1.5,80014.0,0,0,0,0,0,0,0,0,0,0,0,0,0,0,0,0,0,0,0,0
MCI,2026-09-24,18.55,18.9538,17.5873,17.8813,20.0882,-7.66,-1.85,-0.96,978307.0,1,1,0,0,1,0,0,0,0,0,0,0,0,0,0,0,0,0,0,0
MCK,2026-09-24,869.36,892.7262,870.3418,843.4984,993.5342,-12.5,-2.02,-1.27,851929740.0,1,1,0,0,0,0,0,0,0,0,0,0,0,0,0,0,0,0,0,0
MCN,2026-09-24,5.32,5.5437,5.5261,5.5241,5.7246,-7.07,-3.1,-0.19,297767.0,0,0,0,0,0,0,0,0,0,0,1,0,0,0,0,0,0,1,0,0
MCO,2026-09-24,467.35,483.6565,486.4559,470.5498,536.0316,-12.81,0.44,-1.37,338325570.0,0,0,0,0,0,0,0,0,0,0,0,0,0,0,0,0,0,0,0,0
MCRB,2026-09-24,3.62,4.794,4.8452,8.8719,28.63,-87.36,-14.01,-4.49,258974.0,0,0,0,0,0,0,0,0,0,0,1,0,0,0,0,0,0,0,0,1
MCRI,2026-09-24,118.05,120.8634,121.9819,109.7048,133.5366,-11.6,-4.36,0.41,23622185.0,1,1,0,0,0,0,0,0,0,0,0,0,0,0,0,0,0,0,0,0
MCRP,2026-09-24,0.774,0.8955,1.095,2.1336,4.4,-82.41,-2.64,-6.63,219917.0,0,0,0,0,0,0,0,0,0,0,0,0,0,0,0,0,0,0,0,1
MCS,2026-09-24,28.26,27.874,27.7545,20.2103,31.0294,-8.93,2.61,1.65,5918391.0,1,1,0,1,1,1,0,0,0,0,0,0,0,0,0,0,0,0,0,0
MCTA,2026-09-24,29.355,29.355,29.355,29.355,29.355,0.0,0.0,0.0,0.0,0,0,1,0,0,0,0,0,1,0,0,0,0,0,0,0,0,1,0,0
MCY,2026-09-24,98.29,101.9243,104.4282,96.691,110.7703,-11.27,-3.57,0.46,31246074.0,0,1,0,0,0,0,0,0,0,0,0,0,0,0,0,0,0,0,0,0
MD,2026-09-24,25.66,26.49,26.3626,23.1499,27.39,-6.32,-1.8,-0.77,19226935.0,0,1,0,0,0,0,0,0,0,0,0,0,0,0,0,0,0,0,0,0
MDA,2026-09-24,31.48,29.5855,31.0984,,48.68,-35.33,8.22,-0.35,35583377.0,0,0,0,1,1,0,0,0,0,0,0,0,0,0,0,0,0,0,0,0
MDAI,2026-09-24,1.62,1.5948,1.6197,1.699,2.68,-39.55,4.52,-2.41,186843.0,0,0,0,1,1,0,0,0,0,0,0,0,0,0,0,0,0,0,0,0
MDB,2026-09-24,421.4,396.514,382.4898,344.6527,472.29,-10.78,11.97,-1.62,784866759.0,0,1,0,1,1,1,0,0,0,0,0,0,0,0,1,0,0,0,0,0
MDBH,2026-09-24,2.58,2.7716,2.9671,3.2186,4.6,-43.91,-3.37,3.2,6342.0,0,0,0,0,0,0,0,0,0,0,0,0,1,0,0,0,0,0,0,0
MDCX,2026-09-24,0.159,0.1883,0.2618,0.6613,2.7,-94.11,-7.02,0.0,1787054.0,0,0,0,0,0,0,0,0,0,0,0,0,0,0,0,0,0,0,0,0
MDGL,2026-09-24,513.21,534.032,528.2086,512.5674,602.83,-14.87,-3.0,0.04,119255455.0,0,1,0,0,0,0,0,0,0,0,0,0,0,0,0,0,0,0,0,0
MDIA,2026-09-24,1.179,1.1243,1.0441,0.826,1.31,-10.0,9.17,7.18,18552.0,0,1,0,1,1,1,0,0,0,0,0,0,1,1,0,0,0,0,0,0
MDLN,2026-09-24,34.66,34.008,35.9079,,49.99,-30.67,5.06,1.05,272208989.0,0,0,0,1,0,0,0,0,0,0,0,0,0,0,0,0,0,0,0,0
MDLZ,2026-09-24,60.86,61.8915,62.0748,58.8544,64.99,-6.35,-2.41,-0.94,493830706.0,1,1,0,0,0,0,0,0,0,0,0,0,0,0,0,0,0,0,0,0
MDRR,2026-09-24,11.86,11.9517,11.743,11.6022,13.9758,-15.14,2.07,0.0,56520.0,1,1,0,0,1,0,0,0,0,0,0,0,0,0,0,0,0,0,0,0
MDT,2026-09-24,88.51,91.8415,89.1542,88.1796,102.8065,-13.91,-4.42,-0.88,853066442.0,0,1,0,0,0,0,0,0,0,0,0,0,0,0,0,0,0,0,0,0
MDU,2026-09-24,18.64,19.2235,19.9142,20.4124,22.4814,-17.09,-0.05,1.36,37199460.0,0,0,0,0,0,0,0,0,0,0,0,1,0,0,0,0,0,0,0,0
MDWD,2026-09-24,13.83,13.28,13.7099,15.997,19.69,-29.76,4.61,1.32,1609378.0,0,0,0,1,1,0,0,0,0,0,0,0,0,0,0,0,0,0,0,0
MDXG,2026-09-24,4.71,4.62,4.4116,4.5865,7.96,-40.83,-0.42,-1.26,5282632.0,1,1,0,1,1,1,0,0,0,0,0,0,0,0,0,0,0,0,0,0
MDXH,2026-09-24,0.582,0.6881,0.5887,1.9246,5.0,-88.36,-14.54,-3.96,147652.0,0,0,0,0,0,0,0,0,0,0,0,0,0,0,0,0,0,0,0,0
MEC,2026-09-24,16.77,18.661,23.1248,23.1108,37.54,-55.33,-3.18,-3.9,9187691.0,0,0,0,0,0,0,0,0,0,0,1,0,0,0,0,0,0,0,0,0
MED,2026-09-24,11.92,12.1415,11.4636,11.2481,14.06,-15.22,-0.33,-0.25,1422420.0,1,1,0,0,1,0,0,0,0,0,0,0,0,0,0,0,0,0,0,0
MEDP,2026-09-24,620.59,602.791,589.9326,521.6953,624.2,-0.58,0.67,0.56,137108428.0,1,1,1,1,1,1,0,0,0,0,0,0,0,0,0,0,0,0,0,0
MEDS,2026-09-24,3.5,2.1622,2.2582,8.5455,57.5,-93.91,-24.57,-8.62,68775545.0,0,0,0,1,1,0,0,0,0,0,0,0,0,0,0,0,0,0,0,0
MEGI,2026-09-24,13.63,14.3141,14.7048,14.1705,15.2081,-10.38,-2.04,-1.27,1847510.0,0,0,0,0,0,0,0,0,0,0,1,0,0,0,0,0,0,0,0,0
MEGL,2026-09-24,1.12,1.1832,1.1819,1.1588,1.82,-38.46,-1.75,0.0,9942.0,0,0,0,0,0,0,0,0,0,0,0,0,0,0,0,0,0,0,0,0
MEI,2026-09-24,14.56,15.2325,15.4286,10.5823,19.3567,-24.78,9.64,-1.82,12805836.0,0,1,0,0,0,0,0,0,0,0,0,0,0,0,0,0,0,0,0,0
MELI,2026-09-24,1754.13,1894.2325,1873.076,1847.9926,2510.97,-30.14,-4.65,-2.51,1046678015.0,0,0,0,0,0,0,0,0,0,0,0,0,0,0,0,0,0,0,0,0
MENS,2026-09-24,2.15,2.172,2.194,3.2427,62.0,-96.53,4.37,0.47,100230.0,0,0,0,0,0,0,0,0,0,0,0,0,0,0,0,0,0,0,0,0
MEOH,2026-09-24,59.77,60.2401,57.2574,53.3343,65.3159,-8.49,-2.83,1.05,50773312.0,1,1,0,0,1,0,0,0,0,0,0,0,0,0,0,0,0,0,0,0
MERC,2026-09-24,0.32,0.3745,0.4964,1.2214,2.9,-88.97,-13.51,0.0,3561309.0,0,0,0,0,0,0,0,0,0,0,1,0,0,0,0,0,0,0,0,1
MESH,2026-09-24,10.08,10.0805,10.0492,,10.11,-0.3,0.0,0.0,2553927.0,0,0,1,0,1,0,0,0,0,0,0,0,0,0,0,0,0,0,0,0
MESO,2026-09-24,15.48,16.07,16.0952,16.0666,20.96,-26.15,7.43,1.24,3416000.0,0,0,0,0,0,0,0,0,0,0,0,0,0,0,0,0,0,0,0,0
MET,2026-09-24,97.25,96.7965,95.9601,82.3924,99.95,-2.7,0.02,0.05,290642909.0,1,1,1,1,1,1,0,0,0,0,0,0,0,0,0,0,0,0,0,0
META,2026-09-24,777.59,651.4358,613.5671,624.989,777.59,0.0,14.05,4.5,14989782644.0,0,1,1,1,1,1,1,1,1,0,0,0,1,0,1,1,1,0,0,0
METC,2026-09-24,9.14,11.631,11.2192,14.7627,54.55,-83.24,-7.68,-1.51,26735959.0,0,0,0,0,0,0,0,0,0,0,0,0,0,0,0,0,0,0,0,0
METCB,2026-09-24,4.71,6.1825,6.5803,9.9025,21.1591,-77.74,-10.8,-0.21,662872.0,0,0,0,0,0,0,0,0,0,0,1,0,0,0,0,0,0,0,0,1
MEVO,2026-09-24,10.02,10.021,9.9856,,10.05,-0.3,-0.1,0.0,2134430.0,0,0,1,0,1,0,0,0,0,0,0,0,0,0,0,0,0,0,0,0
MF,2026-09-24,13.85,14.5658,11.6123,26.4298,83.5,-83.41,-3.75,3.85,1815360.0,0,0,0,0,1,0,0,0,0,0,0,0,1,0,0,0,0,0,0,0
MFA,2026-09-24,8.16,8.6245,8.9428,9.1244,10.011,-18.49,-3.43,-1.92,13915176.0,0,0,0,0,0,0,0,0,0,0,1,0,0,0,0,0,0,0,0,0
MFC,2026-09-24,43.49,43.521,43.4512,38.4036,44.59,-2.47,-0.48,-0.25,76066532.0,1,1,1,0,1,0,0,0,0,0,0,0,0,0,0,0,0,0,0,0
MFG,2026-09-24,10.56,10.9465,10.6376,9.1499,11.45,-7.77,-3.39,-1.68,34197814.0,0,1,0,0,0,0,0,0,0,0,0,0,0,0,0,0,0,0,0,0
MFI,2026-09-24,9.6,9.3398,8.733,11.6236,39.33,-75.59,3.62,2.13,158761.0,0,0,0,1,1,1,0,0,0,0,0,0,0,0,0,0,0,0,0,0
MFIC,2026-09-24,8.88,9.1774,9.3026,10.0197,11.4874,-22.7,-1.88,-0.22,4724183.0,0,0,0,0,0,0,0,0,0,0,0,0,0,0,0,0,0,0,0,0
MFIN,2026-09-24,11.83,11.9465,11.103,9.8917,12.22,-3.19,-0.08,2.51,830822.0,1,1,1,0,1,0,0,0,0,0,0,0,0,0,0,0,0,0,0,0
MFM,2026-09-24,4.98,5.1854,5.2903,5.2767,5.5255,-9.87,-1.58,-0.8,1852150.0,0,0,0,0,0,0,0,0,0,0,1,0,0,0,0,0,0,0,0,1
MFP,2026-09-24,42.98,44.381,45.462,,,,-2.91,-4.06,22518455.0,0,0,0,0,0,0,0,0,0,0,1,0,0,0,0,0,0,0,0,0
MG,2026-09-24,21.38,19.622,17.8816,16.2649,21.38,0.0,10.43,2.1,9094708.0,0,1,1,1,1,1,1,1,1,0,0,0,0,0,1,1,1,0,0,0
MGA,2026-09-24,62.22,65.0395,67.0997,60.5038,73.05,-14.83,-2.38,-2.37,76650867.0,0,1,0,0,0,0,0,0,0,0,0,0,0,0,0,0,0,0,0,0
MGEE,2026-09-24,68.49,75.829,78.5234,77.6947,84.9511,-19.38,-9.06,-3.34,12608220.0,0,0,0,0,0,0,0,0,0,0,1,0,0,0,0,0,0,0,0,1
MGF,2026-09-24,2.71,2.7876,2.7884,2.814,2.9292,-7.48,-0.74,0.0,257773.0,0,0,0,0,0,0,0,0,0,0,0,0,0,0,0,0,0,0,0,1
MGIH,2026-09-24,1.5,1.5352,1.5618,1.4811,2.51,-40.24,-5.06,-4.76,20804.0,1,1,0,0,0,0,0,0,0,0,0,0,0,0,0,0,0,1,0,0
MGLD,2026-09-24,1.0,0.9984,1.0493,1.0736,1.3,-23.08,6.84,4.17,13710.0,0,0,0,1,0,0,0,0,0,0,0,0,1,0,0,0,0,1,0,0
MGM,2026-09-24,33.69,40.024,42.8948,39.8982,50.69,-33.54,-12.24,-10.99,126614726.0,0,0,0,0,0,0,0,0,0,0,1,0,0,0,0,0,0,1,0,0
MGN,2026-09-24,3.81,51.3522,93.9089,1091.2312,5820.0,-99.93,2.42,-3.54,7849332.0,0,0,0,0,0,0,0,0,0,0,1,0,0,0,0,0,0,0,0,0
MGNI,2026-09-24,24.07,24.031,22.5846,16.5499,25.63,-6.09,1.22,0.04,56869808.0,1,1,0,1,1,1,0,0,0,0,0,0,0,0,0,0,0,0,0,0
MGNX,2026-09-24,3.8,4.098,4.0684,3.1797,4.86,-21.81,-6.86,0.0,1892253.0,0,1,0,0,0,0,0,0,0,0,0,0,0,0,0,0,0,0,0,0
MGPI,2026-09-24,12.74,15.2785,16.7784,19.4093,25.8808,-50.77,-11.28,-1.55,4192406.0,0,0,0,0,0,0,0,0,0,0,1,0,0,0,0,0,0,0,0,1
MGRC,2026-09-24,111.96,111.4295,115.8289,112.2729,122.8056,-8.83,0.67,-1.13,15633926.0,0,0,0,1,0,0,0,0,0,0,0,0,0,0,0,0,0,0,0,0
MGRT,2026-09-24,121.68,112.877,101.3318,61.1202,142.2,-14.43,3.11,1.4,1307318.0,0,1,0,1,1,1,0,0,0,0,0,0,0,0,0,0,0,0,0,0
MGRX,2026-09-24,0.464,0.419,0.4543,0.4808,2.74,-83.07,4.27,3.34,200794.0,0,0,0,1,1,0,0,0,0,0,0,0,1,0,0,0,0,0,0,0
MGTX,2026-09-24,11.05,13.2725,13.0422,10.0123,14.97,-26.19,-13.4,-5.96,11180803.0,0,1,0,0,0,0,0,0,0,0,1,0,0,0,0,0,0,0,1,0
MGX,2026-09-24,1.15,1.161,1.1976,1.3989,3.35,-65.67,0.0,1.77,175444.0,0,0,0,0,0,0,0,0,0,0,0,0,0,0,0,0,0,0,0,0
MGY,2026-09-24,24.74,26.6225,26.1101,26.4484,31.9398,-22.54,-5.21,1.31,108389089.0,0,0,0,0,0,0,0,0,0,0,0,0,0,0,0,0,0,0,0,0
MGYR,2026-09-24,19.37,19.4575,19.0249,17.7674,19.83,-2.32,0.57,0.73,51158.0,1,1,1,0,1,0,0,0,0,0,0,0,0,0,0,0,0,0,0,0
MH,2026-09-24,13.69,13.042,12.0592,13.0237,17.99,-23.9,2.78,-0.44,6362132.0,0,1,0,1,1,1,0,0,0,0,0,0,0,0,0,0,0,0,0,0
MHD,2026-09-24,10.56,11.0486,11.3043,11.3452,11.804,-10.54,-2.31,-0.56,6268779.0,0,0,0,0,0,0,0,0,0,0,1,0,0,0,0,0,0,0,0,1
MHF,2026-09-24,6.11,6.5855,6.7347,6.7415,7.0495,-13.33,-4.53,-2.55,475157.0,0,0,0,0,0,0,0,0,0,0,1,0,0,0,0,0,0,1,0,1
MHH,2026-09-24,7.22,7.3785,7.5716,7.0056,8.02,-9.98,-0.41,-1.1,56475.0,1,1,0,0,0,0,0,0,0,0,0,0,0,0,0,0,0,0,0,0
MHK,2026-09-24,119.47,127.2675,126.4992,114.7147,140.1,-14.73,-6.44,-0.15,135903760.0,0,1,0,0,0,0,0,0,0,0,0,0,0,0,0,0,0,0,0,0
MHO,2026-09-24,137.76,143.7885,147.7728,138.0554,163.0,-15.48,-1.94,-0.01,30149582.0,0,0,0,0,0,0,0,0,0,0,0,0,0,0,0,0,0,0,0,0
MI,2026-09-24,2.31,2.3365,5.6131,5.4151,19.83,-88.35,4.05,-4.15,264615.0,0,0,0,0,0,0,0,0,0,0,0,0,0,0,0,0,0,0,0,0
MIAX,2026-09-24,35.64,40.832,42.5082,42.9694,56.84,-37.3,-6.31,-0.7,67024914.0,0,0,0,0,0,0,0,0,0,0,0,0,0,0,0,0,0,0,0,1
MICC,2026-09-24,19.28,19.5295,19.1662,,20.42,-5.58,2.55,1.15,15171282.0,0,0,0,0,1,0,0,0,0,0,0,0,0,0,0,0,0,0,0,0
MIDD,2026-09-24,108.03,110.835,120.6048,121.5997,144.1673,-25.07,-3.81,-2.89,66863696.0,0,0,0,0,0,0,0,0,0,0,0,0,0,0,0,0,0,0,0,0
MIMI,2026-09-24,0.79,0.9429,1.5662,2.7331,88.0,-99.1,-9.61,0.89,12733854.0,0,0,0,0,0,0,0,0,0,0,0,0,0,0,0,0,0,0,0,0
MIN,2026-09-24,2.3,2.3657,2.3854,2.3979,2.4794,-7.24,-0.87,-2.54,687026.0,0,0,0,0,0,0,0,0,0,0,0,0,0,0,0,0,0,0,0,1
MIND,2026-09-24,4.53,4.241,4.7102,6.889,14.29,-68.3,10.49,1.34,464375.0,0,0,0,1,0,0,0,0,0,0,0,0,0,0,1,0,0,0,0,0
MINE,2026-09-24,2.74,3.044,2.7958,,4.64,-40.95,-3.52,-3.52,563897.0,0,0,0,0,0,0,0,0,0,0,0,0,0,0,0,0,0,1,0,0
MIR,2026-09-24,15.7,15.8265,15.7242,19.4942,29.75,-47.23,-0.88,-4.15,60337449.0,0,0,0,0,0,0,0,0,0,0,0,0,0,0,0,0,0,0,0,0
MIRA,2026-09-24,0.84,0.7865,0.797,1.0725,1.8,-53.33,16.67,-2.1,1408261.0,0,0,0,1,1,0,0,0,0,0,0,0,0,0,1,0,0,0,0,0
MIRM,2026-09-24,89.36,96.974,102.4137,97.5153,128.57,-30.5,-8.23,0.04,62325315.0,0,0,0,0,0,0,0,0,0,0,0,0,0,0,0,0,0,0,0,0
MIST,2026-09-24,0.795,1.0411,1.1034,1.5691,2.95,-73.05,-10.57,-7.77,1497317.0,0,0,0,0,0,0,0,0,0,0,1,0,0,0,0,0,0,0,0,1
MITK,2026-09-24,18.08,17.871,17.9202,14.8398,20.14,-10.23,2.15,2.2,11351939.0,1,1,0,1,1,0,0,0,0,0,0,0,0,0,0,0,0,0,0,0
MITQ,2026-09-24,0.647,0.6093,0.5714,0.6152,1.52,-57.43,6.41,4.52,98196.0,0,1,0,1,1,1,0,0,0,0,0,0,1,0,0,0,0,0,0,0
MITT,2026-09-24,6.09,6.5455,6.8442,7.4869,8.6459,-29.56,-3.79,-1.62,2181413.0,0,0,0,0,0,0,0,0,0,0,1,0,0,0,0,0,0,0,0,1
MIY,2026-09-24,11.75,12.2875,12.2494,11.8676,12.6628,-7.21,-2.57,-0.09,925358.0,0,0,0,0,0,0,0,0,0,0,0,0,0,0,0,0,0,1,0,0
MKC,2026-09-24,47.82,51.612,52.3398,55.4842,70.3792,-32.05,-4.47,-2.59,160383544.0,0,0,0,0,0,0,0,0,0,0,1,0,0,0,0,0,0,0,0,0
MKDW,2026-09-24,1.53,7.8974,10.0132,7.0728,12.0,-87.25,-80.36,-1.92,1833771.0,0,0,0,0,0,0,0,0,0,0,1,0,0,0,0,0,0,0,0,1
MKL,2026-09-24,1735.23,1792.7385,1852.187,1941.8915,2191.8999,-20.83,-2.93,-0.38,122295891.0,0,0,0,0,0,0,0,0,0,0,1,0,0,0,0,0,0,0,0,1
MKLY,2026-09-24,10.26,10.2497,10.2238,10.1107,10.26,0.0,0.1,0.1,536122.0,1,1,1,1,1,1,0,0,1,0,0,0,0,0,0,0,0,0,0,0
MKSI,2026-09-24,257.98,255.06,285.9126,268.07,444.3867,-41.95,9.65,-1.8,329058756.0,0,0,0,1,0,0,0,0,0,0,0,0,0,0,0,0,0,0,0,0
MKTW,2026-09-24,19.15,18.1062,18.8911,16.3986,20.847,-8.14,8.13,2.13,490448.0,0,1,0,1,1,0,1,0,0,0,0,0,0,0,0,0,0,0,0,0
MKTX,2026-09-24,163.77,163.1345,152.2667,155.6728,191.6217,-14.53,0.26,0.04,145082477.0,0,1,0,1,1,1,0,0,0,0,0,0,0,0,0,0,0,0,0,0
MKZR,2026-09-24,1.378,1.4439,1.4665,2.8412,5.84,-76.4,0.58,0.58,13255.0,0,0,0,0,0,0,0,0,0,0,0,0,0,0,0,0,0,0,0,0
MLAA,2026-09-24,10.01,10.015,9.9858,,10.14,-1.28,0.0,0.0,713974.0,0,0,1,0,1,0,0,0,0,0,0,0,0,0,0,0,0,0,0,0
MLAB,2026-09-24,137.5,127.2061,114.229,97.3716,137.5,0.0,9.75,3.38,17082391.0,0,1,1,1,1,1,1,1,1,0,0,0,1,0,0,0,1,0,0,0
MLCI,2026-09-24,3.37,3.2295,3.1592,4.63,8.4113,-59.93,5.31,1.2,55754.0,0,0,0,1,1,1,1,0,0,0,0,0,0,0,0,0,1,0,0,0
MLCO,2026-09-24,4.67,4.965,5.2976,5.8682,9.84,-52.54,2.41,-1.06,9128751.0,0,0,0,0,0,0,0,0,0,0,0,0,0,0,0,0,0,0,0,0
MLEC,2026-09-24,5.85,6.6349,6.9543,7.4932,18.6,-68.55,-2.99,-6.55,167581.0,0,0,0,0,0,0,0,0,0,0,0,0,0,0,0,0,0,0,0,0
MLGO,2026-09-24,3.2,3.7272,3.9668,4.4225,11.45,-72.05,-8.57,-6.16,175341.0,0,0,0,0,0,0,0,0,0,0,1,0,0,0,0,0,0,0,0,0
MLI,2026-09-24,60.02,61.5869,63.3371,61.8765,70.0339,-14.3,-0.86,-0.51,111103430.0,0,0,0,0,0,0,0,0,0,0,0,0,0,0,0,0,0,0,0,0
MLKN,2026-09-24,19.91,21.6468,22.3364,18.752,24.294,-18.05,-5.05,-0.65,14991420.0,0,1,0,0,0,0,0,0,0,0,0,0,0,0,0,0,0,0,0,0
MLM,2026-09-24,480.1,506.9996,531.4182,592.7126,705.0883,-31.91,-3.35,-2.11,426434357.0,0,0,0,0,0,0,0,0,0,0,0,0,0,0,0,0,0,0,0,1
MLP,2026-09-24,16.06,16.0795,16.4248,16.5822,19.92,-19.38,0.88,-0.93,252560.0,0,0,0,0,0,0,0,0,0,0,0,0,0,0,0,0,0,0,0,0
MLPB,2026-09-24,30.0,31.2734,30.7946,28.2175,31.837,-5.77,-3.14,-0.63,168025.0,0,1,0,0,0,0,0,0,0,0,0,0,0,0,0,0,0,0,0,0
MLR,2026-09-24,53.84,55.0804,53.7439,46.6757,57.6134,-6.55,-1.19,-0.65,5573076.0,1,1,0,0,1,0,0,0,0,0,0,0,0,0,0,0,0,0,0,0
MLSS,2026-09-24,0.41,0.4445,0.4492,0.3497,0.55,-25.45,2.5,-2.38,38833.0,0,1,0,0,0,0,0,0,0,0,0,0,0,0,0,0,0,0,0,0
MLTX,2026-09-24,12.12,13.779,16.2068,16.8666,61.99,-80.45,-2.73,-6.05,20522116.0,0,0,0,0,0,0,0,0,0,0,1,0,0,0,0,0,0,0,0,0
MLYS,2026-09-24,26.59,27.8285,27.096,28.8262,47.33,-43.82,-3.45,-1.12,38685354.0,0,0,0,0,0,0,0,0,0,0,0,0,0,0,0,0,0,0,0,0
MMA,2026-09-24,0.417,0.4301,0.4384,0.6271,1.66,-74.88,3.22,-3.7,252914.0,0,0,0,0,0,0,0,0,0,0,0,0,0,0,0,0,0,0,0,0
MMD,2026-09-24,13.7,14.4762,14.7477,14.7814,15.3387,-10.68,-3.18,-1.65,998777.0,0,0,0,0,0,0,0,0,0,0,1,0,0,0,0,0,0,1,0,1
MMED,2026-09-24,20.44,21.7995,19.8132,,23.84,-14.26,-8.75,-0.49,58796977.0,0,0,0,0,1,0,0,0,0,0,0,0,0,0,0,0,0,0,0,0
MMI,2026-09-24,30.3,31.0389,31.0512,28.3342,32.4855,-6.73,-2.7,0.76,4726124.0,1,1,0,0,0,0,0,0,0,0,0,0,0,0,0,0,0,0,0,0
MMM,2026-09-24,167.52,168.167,172.6737,159.3797,182.979,-8.45,2.99,-1.63,476033747.0,1,1,0,0,0,0,0,0,0,0,0,0,0,0,0,0,0,0,0,0
MMS,2026-09-24,52.62,57.1755,57.8359,68.1956,97.3682,-45.96,-8.66,-2.18,36323934.0,0,0,0,0,0,0,0,0,0,0,0,0,0,0,0,0,0,0,0,1
MMSI,2026-09-24,87.3,87.8875,85.5016,76.6707,93.18,-6.31,1.35,0.26,52733915.0,1,1,0,0,1,0,0,0,0,0,0,0,0,0,0,0,0,0,0,0
MMT,2026-09-24,4.22,4.3592,4.3379,4.3568,4.4934,-6.08,-1.64,-2.09,1129524.0,0,0,0,0,0,0,0,0,0,0,0,0,0,0,0,0,0,0,0,1
MMTX,2026-09-24,10.19,10.1765,10.1469,,10.21,-0.2,0.1,0.0,114839.0,0,0,1,1,1,1,0,0,0,0,0,0,0,0,0,0,0,0,0,0
MMU,2026-09-24,9.01,9.689,9.9364,10.0529,10.4062,-13.42,-4.15,-1.42,1852665.0,0,0,0,0,0,0,0,0,0,0,1,0,0,0,0,0,0,1,0,1
MMYT,2026-09-24,46.87,52.352,55.6116,55.5906,97.25,-51.8,-2.07,0.17,37872850.0,0,0,0,0,0,0,0,0,0,0,1,0,0,0,0,0,0,1,0,0
MNDO,2026-09-24,1.02,1.018,1.018,1.0837,1.26,-19.05,-2.86,0.0,45598.0,0,0,0,1,1,0,0,0,0,0,0,0,0,0,0,0,0,0,0,0
MNDR,2026-09-24,1.34,1.4631,1.8098,4.5755,28.5,-95.3,-4.96,-3.6,208856.0,0,0,0,0,0,0,0,0,0,0,0,0,0,0,0,0,0,0,0,0
MNDY,2026-09-24,86.0,91.505,88.1312,91.3235,215.42,-60.08,-8.57,-0.53,104750031.0,0,0,0,0,0,0,0,0,0,0,0,0,0,0,0,0,0,0,0,0
MNKD,2026-09-24,3.29,3.795,3.915,4.0583,6.21,-47.02,-7.32,-1.5,11718283.0,0,0,0,0,0,0,0,0,0,0,1,0,0,0,0,0,0,0,0,0
MNOV,2026-09-24,2.65,2.046,1.6296,1.4859,3.45,-23.19,5.16,-5.36,2040229.0,0,1,0,1,1,1,0,0,0,0,0,0,0,0,0,0,0,0,0,0
MNPR,2026-09-24,88.84,107.7815,110.7881,76.2435,123.84,-28.26,-12.43,-0.6,15576987.0,0,1,0,0,0,0,0,0,0,0,1,0,0,0,0,0,0,0,1,0
MNRO,2026-09-24,13.98,12.7115,13.269,16.3722,22.5938,-38.12,14.78,-0.29,12364530.0,0,0,0,1,1,0,0,0,0,0,0,0,0,0,1,0,0,0,0,0
MNSB,2026-09-24,24.86,25.108,24.4977,22.8305,25.61,-2.93,-0.52,0.24,697867.0,1,1,1,0,1,0,0,0,0,0,0,0,0,0,0,0,0,0,0,0
MNSBP,2026-09-24,24.73,25.0724,24.9698,24.1375,26.1224,-5.33,-1.57,-0.96,29799.0,1,1,0,0,0,0,0,0,0,0,0,0,0,0,0,0,0,0,0,0
MNSO,2026-09-24,8.93,9.396,11.0494,14.8083,22.9781,-61.14,1.82,-0.56,10152964.0,0,0,0,0,0,0,0,0,0,0,0,0,0,0,0,0,0,0,0,0
MNST,2026-09-24,42.67,44.514,46.2721,42.1996,49.97,-14.61,-4.26,-2.82,422946375.0,0,1,0,0,0,0,0,0,0,0,0,0,0,0,0,0,0,0,0,0
MNTK,2026-09-24,2.88,2.214,1.9561,1.6426,2.88,0.0,28.0,26.59,1388680.0,0,1,1,1,1,1,1,1,1,0,0,0,1,1,1,1,1,1,0,0
MNTN,2026-09-24,10.91,12.1405,11.2604,10.2686,18.67,-41.56,-5.38,3.31,9557160.0,0,1,0,0,0,0,0,0,0,0,0,0,1,0,0,0,0,0,0,0
MNTS,2026-09-24,4.285,4.1737,4.4301,6.634,30.5357,-85.97,4.77,1.3,2482297.0,0,0,0,1,0,0,0,0,0,0,0,0,0,0,0,0,0,0,0,0
MNY,2026-09-24,0.695,0.8074,0.8864,1.1803,1.6,-56.56,-11.58,-1.97,24351.0,0,0,0,0,0,0,0,0,0,0,1,0,0,0,0,0,0,0,0,0
MO,2026-09-24,68.88,68.3633,68.1516,64.9512,73.7422,-6.59,-1.74,-0.1,570232443.0,1,1,0,1,1,1,0,0,0,0,0,0,0,0,0,0,0,0,0,0
MOB,2026-09-24,4.98,5.1,5.2965,5.9326,10.2,-51.18,4.62,-1.39,676276.0,0,0,0,0,0,0,0,0,0,0,0,0,0,0,0,0,0,0,0,0
MOBI,2026-09-24,8.81,10.7155,11.2048,,,,-17.74,-3.82,2963601.0,0,0,0,0,0,0,0,0,0,0,0,0,0,0,0,0,0,0,0,0
MOBX,2026-09-24,0.87,1.047,1.4036,2.6487,11.2,-92.23,-7.45,8.75,11034278.0,0,0,0,0,0,0,0,0,0,0,0,0,1,1,0,0,0,0,0,0
MOD,2026-09-24,196.95,186.0875,199.927,212.6128,306.89,-35.82,8.7,1.99,226616623.0,0,0,0,1,0,0,0,0,0,0,0,0,0,0,0,0,0,0,0,0
MODD,2026-09-24,2.17,2.868,2.7437,6.5675,21.87,-90.08,-5.86,-2.25,857138.0,0,0,0,0,0,0,0,0,0,0,0,0,0,0,0,0,0,0,0,0
MOGU,2026-09-24,1.87,1.8929,1.9284,2.1667,3.55,-47.32,-0.53,-5.32,4244.0,0,0,0,0,0,0,0,0,0,0,0,0,0,0,0,0,0,0,0,0
MOH,2026-09-24,193.31,200.696,203.0568,180.729,242.88,-20.41,-4.41,2.08,121036404.0,0,1,0,0,0,0,0,0,0,0,0,0,0,0,0,0,0,0,0,0
MOLN,2026-09-24,4.3,4.2538,4.1636,4.2394,5.125,-16.1,9.69,0.0,6019.0,1,1,0,1,1,1,0,0,0,0,0,0,0,0,0,0,0,0,0,0
MOMO,2026-09-24,5.01,5.2047,5.6069,5.9695,7.236,-30.76,1.62,1.62,4925289.0,0,0,0,0,0,0,0,0,0,0,0,0,0,0,0,0,0,0,0,0
MORN,2026-09-24,196.41,205.3185,198.5284,186.4099,234.6822,-16.31,-3.09,-1.95,64620629.0,0,1,0,0,0,0,0,0,0,0,0,0,0,0,0,0,0,0,0,0
MOS,2026-09-24,23.69,24.8035,23.4074,24.1542,34.6571,-31.64,-4.44,-2.79,204881800.0,0,0,0,0,1,0,0,0,0,0,0,0,0,0,0,0,0,0,0,0
MOV,2026-09-24,33.42,33.2933,35.3575,28.7958,39.3116,-14.99,1.46,0.54,6752907.0,1,1,0,1,0,0,0,0,0,0,0,0,0,0,0,0,0,0,0,0
MOVE,2026-09-24,11.98,11.971,11.7146,12.5349,24.46,-51.02,9.71,4.9,6925859.0,0,0,0,1,1,1,0,0,0,0,0,0,1,0,0,0,0,0,0,0
MP,2026-09-24,49.3,52.1435,50.8564,57.0568,98.65,-50.03,-0.16,0.84,254935630.0,0,0,0,0,0,0,0,0,0,0,0,0,0,0,0,0,0,0,0,0
MPA,2026-09-24,9.89,10.487,10.7911,10.9444,11.2507,-12.09,-2.08,-0.8,372398.0,0,0,0,0,0,0,0,0,0,0,1,0,0,0,0,0,0,0,0,1
MPAA,2026-09-24,10.56,11.1765,12.3464,12.1372,17.73,-40.44,-0.85,0.0,1357876.0,0,0,0,0,0,0,0,0,0,0,0,0,0,0,0,0,0,0,0,0
MPB,2026-09-24,36.2,36.774,37.0338,33.5133,38.43,-5.8,-1.76,0.84,3518605.0,1,1,0,0,0,0,0,0,0,0,0,0,0,0,0,0,0,0,0,0
MPC,2026-09-24,390.95,392.495,352.5771,253.083,424.89,-7.99,-5.55,0.66,1205715644.0,1,1,0,0,1,0,0,0,0,0,0,0,0,0,0,0,0,0,0,0
MPLT,2026-09-24,10.76,12.4998,16.2303,21.8411,39.8,-72.96,-5.61,-0.09,7671605.0,0,0,0,0,0,0,0,0,0,0,0,0,0,0,0,0,0,0,0,0
MPT,2026-09-24,3.6,3.7466,4.1262,4.6442,5.6641,-36.44,6.19,0.28,39383428.0,0,0,0,0,0,0,0,0,0,0,0,0,0,0,0,0,0,0,0,0
MPTI,2026-09-24,74.65,75.8375,80.166,72.8765,100.75,-25.91,-1.91,1.55,5990765.0,1,1,0,0,0,0,0,0,0,0,0,0,0,0,0,0,0,0,0,0
MPU,2026-09-24,2.88,1.0385,0.55,0.6736,3.24,-11.11,-11.11,2.86,62905.0,0,1,0,1,1,1,0,0,0,0,0,0,0,0,0,0,0,0,1,0
MPV,2026-09-24,16.42,16.757,16.1445,16.9053,18.9409,-13.31,-4.09,0.0,369416.0,0,0,0,0,1,0,0,0,0,0,0,0,0,0,0,0,0,0,0,0
MPWR,2026-09-24,1335.55,1232.7,1302.0294,1266.8309,1687.3154,-20.85,16.38,-1.47,834759184.0,0,1,0,1,1,0,0,0,0,0,0,0,0,0,1,0,0,0,0,0
MQ,2026-09-24,16.44,16.2237,16.568,16.8072,22.24,-26.08,3.46,2.11,11685921.0,0,0,0,1,0,0,0,0,0,0,0,0,0,0,0,0,0,0,0,0
MQY,2026-09-24,10.15,10.6317,10.9687,11.0628,11.4675,-11.49,-2.03,-0.59,8425410.0,0,0,0,0,0,0,0,0,0,0,1,0,0,0,0,0,0,0,0,1
MRAM,2026-09-24,17.88,16.1605,16.1583,16.0014,44.01,-59.37,24.43,4.62,13578811.0,0,1,0,1,1,1,0,0,0,0,0,0,1,0,1,0,0,0,0,0
MRBK,2026-09-24,19.14,19.43,19.6816,18.8447,20.4933,-6.6,-1.34,0.0,1441671.0,1,1,0,0,0,0,0,0,0,0,0,0,0,0,0,0,0,0,0,0
MRCY,2026-09-24,83.18,84.608,95.038,91.5306,126.21,-34.09,-4.66,0.56,57404721.0,0,0,0,0,0,0,0,0,0,0,0,0,0,0,0,0,0,0,0,0
MRDN,2026-09-24,13.235,13.7547,13.6604,10.6037,14.72,-10.09,-7.96,-1.38,970140.0,0,1,0,0,0,0,0,0,0,0,0,0,0,0,0,0,0,0,0,0
MREO,2026-09-24,0.338,0.2795,0.2941,0.4708,2.31,-85.37,16.55,-0.59,512965.0,0,0,0,1,1,0,0,0,0,0,0,0,0,0,1,0,0,0,0,0
MRK,2026-09-24,147.98,147.467,138.717,119.6628,155.5319,-4.86,2.12,-0.07,1438311738.0,1,1,1,1,1,1,0,0,0,0,0,0,0,0,0,0,0,0,0,0
MRKR,2026-09-24,1.19,1.2445,1.2346,1.4385,2.19,-45.66,4.39,-4.03,78524.0,0,0,0,0,0,0,0,0,0,0,0,0,0,0,0,0,0,1,0,0
MRLN,2026-09-24,1.78,2.7185,3.3301,7.7357,16.09,-88.94,-13.59,0.56,7478106.0,0,0,0,0,0,0,0,0,0,0,1,0,0,0,0,0,0,0,0,0
MRM,2026-09-24,0.75,0.8624,0.9322,1.2619,2.94,-74.49,-4.58,2.04,20397.0,0,0,0,0,0,0,0,0,0,0,1,0,0,0,0,0,0,0,0,0
MRNA,2026-09-24,194.82,152.8875,107.3952,63.4013,194.82,0.0,23.25,6.98,2550874590.0,0,1,1,1,1,1,1,1,1,0,0,0,1,1,1,1,1,0,0,0
MRNO,2026-09-24,0.307,0.2332,0.2243,0.54,2.84,-89.19,39.55,22.8,5995628.0,0,0,0,1,1,1,0,0,0,0,0,0,1,1,1,0,0,0,0,0
MRP,2026-09-24,27.06,29.7995,29.4932,28.6392,32.02,-15.49,-6.53,0.93,45001694.0,0,0,0,0,0,0,0,0,0,0,1,0,0,0,0,0,0,0,0,0
MRSH,2026-09-24,169.93,181.3225,185.0043,176.2774,203.7672,-16.61,-3.86,-0.26,474903623.0,0,0,0,0,0,0,0,0,0,0,1,0,0,0,0,0,0,0,0,0
MRT,2026-09-24,2.13,2.11,1.9537,1.999,2.63,-19.01,4.93,7.58,115679.0,1,1,0,1,1,1,0,0,0,0,0,0,1,1,0,0,0,1,0,0
MRTN,2026-09-24,12.84,13.8578,14.8343,14.2695,18.1398,-29.22,-6.14,-2.51,9695101.0,0,0,0,0,0,0,0,0,0,0,1,0,0,0,0,0,0,0,0,0
MRVI,2026-09-24,7.65,7.2378,7.0065,4.7288,9.0,-15.0,5.23,3.8,20997878.0,0,1,0,1,1,1,0,0,0,0,0,0,1,0,0,0,0,0,0,0
MRVL,2026-09-24,258.95,231.8645,219.0968,161.6118,316.352,-18.14,7.56,-0.75,4967574210.0,0,1,0,1,1,1,0,0,0,0,0,0,0,0,0,0,0,0,0,0
MRX,2026-09-24,72.69,73.29,68.8845,52.594,78.27,-7.13,0.43,1.54,59937292.0,1,1,0,0,1,0,0,0,0,0,0,0,0,0,0,0,0,0,0,0
MS,2026-09-24,196.32,209.78,212.641,191.8905,227.2988,-13.63,-3.01,-1.04,983957889.0,0,1,0,0,0,0,0,0,0,0,0,0,0,0,0,0,0,0,0,0
MSA,2026-09-24,182.11,184.4285,183.8825,174.999,201.3493,-9.56,1.27,-0.4,45673787.0,1,1,0,0,0,0,0,0,0,0,0,0,0,0,0,0,0,0,0,0
MSAI,2026-09-24,4.865,4.933,5.127,8.707,79.2,-93.86,4.4,0.91,55331.0,0,0,0,0,0,0,0,0,0,0,0,0,0,0,0,0,0,0,0,0
MSB,2026-09-24,19.39,22.276,22.7775,28.6724,40.3748,-51.97,-2.37,-3.87,711057.0,0,0,0,0,0,0,0,0,0,0,1,0,0,0,0,0,0,0,0,1
MSBI,2026-09-24,33.13,33.2105,32.8313,26.2424,34.1912,-3.1,-0.6,2.28,4769046.0,1,1,1,0,1,0,0,0,0,0,0,0,0,0,0,0,0,0,0,0
MSC,2026-09-24,0.85,1.4775,1.6686,2.4761,4.68,-81.84,-34.11,6.25,34683.0,0,0,0,0,0,0,0,0,0,0,1,0,1,1,0,0,0,1,0,0
MSCI,2026-09-24,556.08,558.312,567.5515,569.3974,641.5356,-13.32,2.86,0.07,280411546.0,0,0,0,0,0,0,0,0,0,0,0,0,0,0,0,0,0,0,0,0
MSD,2026-09-24,6.95,7.174,7.2448,7.2159,7.6161,-8.75,-1.84,0.58,560019.0,0,0,0,0,0,0,0,0,0,0,0,1,0,0,0,0,0,1,0,0
MSDL,2026-09-24,14.33,14.9145,15.1332,14.8881,16.2345,-11.73,-2.65,-0.49,5736605.0,0,0,0,0,0,0,0,0,0,0,0,0,0,0,0,0,0,0,0,0
MSEX,2026-09-24,52.91,56.886,57.1044,53.2966,60.3392,-12.31,-6.04,-1.38,6568298.0,0,0,0,0,0,0,0,0,0,0,1,0,0,0,0,0,0,0,0,0
MSFT,2026-09-24,497.93,499.485,473.0876,430.4686,537.6464,-7.39,0.04,-0.53,10676213098.0,1,1,0,0,1,0,0,0,0,0,0,0,0,0,0,0,0,0,0,0
MSGE,2026-09-24,79.22,78.333,78.6254,67.0312,88.42,-10.4,-0.11,0.93,35869013.0,1,1,0,1,1,0,0,0,0,0,0,0,0,0,0,0,0,0,0,0
MSGM,2026-09-24,4.19,4.323,4.3133,4.008,5.32,-21.24,-2.56,-3.68,518539.0,0,1,0,0,0,0,0,0,0,0,0,0,0,0,0,0,0,0,0,0
MSGS,2026-09-24,402.5,392.88,396.1812,339.117,414.12,-2.81,2.2,1.95,112910127.0,1,1,1,1,1,0,0,0,0,0,0,0,0,0,0,0,0,0,0,0
MSGY,2026-09-24,1.97,1.96,2.4093,7.6209,164.16,-98.8,-5.29,-2.96,104357.0,0,0,0,1,0,0,0,0,0,0,0,0,0,0,0,0,0,0,0,0
MSI,2026-09-24,454.91,469.5087,454.3903,425.8263,489.973,-7.16,-1.22,-1.2,432662127.0,0,1,0,0,1,0,0,0,0,0,0,0,0,0,0,0,0,0,0,0
MSIF,2026-09-24,12.17,12.4789,11.9827,12.0206,13.1071,-7.15,-1.46,-1.93,2430494.0,1,1,0,0,1,0,0,0,0,0,0,0,0,0,0,0,0,0,0,0
MSLE,2026-09-24,8.71,9.295,9.4939,8.3298,13.01,-33.05,-6.34,3.57,271800.0,0,1,0,0,0,0,0,0,0,0,0,0,1,0,0,0,0,0,0,0
MSM,2026-09-24,120.73,120.3085,122.0208,102.9421,127.28,-5.15,0.21,-2.72,82862300.0,1,1,0,1,0,0,0,0,0,0,0,0,0,0,0,0,0,0,0,0
MSN,2026-09-24,0.46,0.4875,0.425,0.4036,0.76,-39.47,-2.13,2.22,227237.0,0,1,0,0,1,0,0,0,0,0,0,0,0,0,0,0,0,0,0,0
MSS,2026-09-24,1.72,1.6113,1.683,7.9509,57.0,-96.98,12.42,-18.1,10571994.0,0,0,0,1,1,0,0,0,0,0,0,0,0,0,1,0,0,0,0,0
MSTR,2026-09-24,161.61,140.031,116.3722,136.667,359.69,-55.07,22.2,-0.36,3712283145.0,0,1,0,1,1,1,0,0,0,0,0,0,0,0,1,0,0,0,0,0
MT,2026-09-24,71.3,74.3975,72.0778,61.0823,78.74,-9.45,-2.62,-0.86,85786942.0,0,1,0,0,0,0,0,0,0,0,0,0,0,0,0,0,0,0,0,0
MTA,2026-09-24,10.16,10.237,9.2828,7.9622,11.35,-10.48,6.05,1.2,3009166.0,1,1,0,0,1,0,0,0,0,0,0,0,0,0,0,0,0,0,0,0
MTAL,2026-09-24,10.16,10.177,10.1846,,,,0.0,-0.1,545635.0,0,0,0,0,0,0,0,0,0,0,0,0,0,0,0,0,0,0,0,0
MTB,2026-09-24,218.66,233.3055,241.7577,220.6523,252.4608,-13.39,-3.25,-0.42,253627672.0,0,0,0,0,0,0,0,0,0,0,1,0,0,0,0,0,0,0,0,0
MTC,2026-09-24,5.96,4.8872,3.8413,4.2785,9.06,-34.22,13.96,-13.87,182141.0,0,1,0,1,1,1,0,0,0,0,0,0,0,0,1,0,0,0,0,0
MTCH,2026-09-24,40.8,42.1745,40.205,35.0211,44.4,-8.11,-6.38,0.79,150693902.0,0,1,0,0,1,0,0,0,0,0,0,0,0,0,0,0,0,0,0,0
MTD,2026-09-24,1519.15,1374.2155,1380.2362,1314.7934,1519.15,0.0,10.19,1.8,289322262.0,0,1,1,1,1,0,1,1,1,0,0,0,0,0,1,1,0,0,0,0
MTDR,2026-09-24,52.97,58.1455,54.5353,52.136,64.5114,-17.89,-8.25,1.63,101947613.0,0,1,0,0,0,0,0,0,0,0,0,0,0,0,0,0,0,0,0,0
MTEK,2026-09-24,1.03,1.057,1.0952,1.3154,4.19,-75.42,3.94,3.83,57120.0,0,0,0,0,0,0,0,0,0,0,0,0,1,0,0,0,0,0,0,0
MTEN,2026-09-24,1.01,1.0417,1.0736,20.6289,2134.0,-99.95,-4.72,0.0,836953.0,0,0,0,0,0,0,0,0,0,0,0,0,0,0,0,0,0,0,0,0
MTEX,2026-09-24,7.25,7.6625,6.2114,6.3459,10.19,-28.85,-5.35,-5.35,422491.0,0,1,0,0,1,0,0,0,0,0,0,0,0,0,0,0,0,0,0,0
MTG,2026-09-24,28.73,30.4225,30.274,27.6516,31.47,-8.71,-2.61,-1.95,62067346.0,0,1,0,0,0,0,0,0,0,0,1,0,0,0,0,0,0,0,0,0
MTH,2026-09-24,64.51,65.8039,69.7066,68.9307,84.5498,-23.7,0.86,1.02,54270350.0,0,0,0,0,0,0,0,0,0,0,0,0,0,0,0,0,0,0,0,0
MTLS,2026-09-24,8.01,7.464,6.9586,6.0449,8.01,0.0,4.03,0.25,1396841.0,0,1,1,1,1,1,1,1,1,0,0,0,0,0,0,0,1,0,0,0
MTN,2026-09-24,137.82,138.159,144.7178,135.3949,160.01,-13.87,-1.64,-1.59,114158163.0,1,1,0,0,0,0,0,0,0,0,0,0,0,0,0,0,0,0,0,0
MTNB,2026-09-24,0.178,0.1832,0.2338,0.5412,1.94,-90.82,7.88,1.71,145332.0,0,0,0,0,0,0,0,0,0,0,0,0,0,0,0,0,0,0,0,0
MTNE,2026-09-24,9.91,9.905,9.886,,,,0.0,0.0,55333.0,0,0,0,1,1,1,0,0,0,0,0,0,0,0,0,0,0,0,0,0
MTR,2026-09-24,2.38,2.4285,2.6956,3.941,5.524,-56.92,-2.86,0.42,33430.0,0,0,0,0,0,0,0,0,0,0,0,0,0,0,0,0,0,0,0,0
MTRN,2026-09-24,256.14,246.3215,247.9614,194.0848,297.2142,-13.82,3.15,0.55,63368646.0,0,1,0,1,1,0,0,0,0,0,0,0,0,0,0,0,0,0,0,0
MTRX,2026-09-24,9.8,10.3865,11.233,12.0824,15.6,-37.18,-1.01,0.2,4749171.0,0,0,0,0,0,0,0,0,0,0,0,0,0,0,0,0,0,0,0,0
MTSI,2026-09-24,284.94,267.2955,273.8326,269.5242,409.68,-30.45,13.18,3.3,353697631.0,0,1,0,1,1,0,0,0,0,0,0,0,1,0,1,0,0,0,0,0
MTUS,2026-09-24,18.94,19.2695,20.0482,18.8772,22.03,-14.03,-1.76,1.18,6376120.0,1,1,0,0,0,0,0,0,0,0,0,0,0,0,0,0,0,0,0,0
MTVA,2026-09-24,1.63,1.6865,1.585,2.6605,11.99,-86.41,5.84,0.0,147510.0,0,0,0,0,1,0,0,0,0,0,0,0,0,0,0,0,0,0,0,0
MTW,2026-09-24,21.43,20.7165,18.101,14.2605,22.76,-5.84,2.63,-4.67,8676893.0,0,1,0,1,1,1,0,0,0,0,0,0,0,0,0,0,0,0,0,0
MTX,2026-09-24,66.35,69.4865,71.9464,70.9725,82.5734,-19.65,-3.73,-0.79,13198884.0,0,0,0,0,0,0,0,0,0,0,0,0,0,0,0,0,0,0,0,0
MTZ,2026-09-24,211.95,231.6585,271.181,305.6306,437.51,-51.56,-6.06,-2.56,346711969.0,0,0,0,0,0,0,0,0,0,0,0,0,0,0,0,0,0,0,0,0
MU,2026-09-24,1080.53,986.798,937.0336,656.7969,1213.3734,-10.95,10.54,0.81,25116870262.0,0,1,0,1,1,1,0,0,0,0,0,0,0,0,1,0,0,0,0,0
MUA,2026-09-24,9.54,9.7652,10.0249,10.3464,10.8615,-12.17,-1.45,0.0,3897090.0,0,0,0,0,0,0,0,0,0,0,1,0,0,0,0,0,0,0,0,1
MUC,2026-09-24,9.92,10.2963,10.491,10.458,10.8739,-8.77,-2.27,-1.2,5707653.0,0,0,0,0,0,0,0,0,0,0,1,0,0,0,0,0,0,0,0,1
MUFG,2026-09-24,22.57,23.257,22.7072,19.3345,24.13,-6.46,-2.63,-1.1,66324477.0,1,1,0,0,0,0,0,0,0,0,0,0,0,0,0,0,0,0,0,0
MUJ,2026-09-24,11.25,11.8377,11.9847,11.8756,12.3101,-8.61,-3.52,-0.97,1559400.0,0,0,0,0,0,0,0,0,0,0,1,0,0,0,0,0,0,1,0,0
MUR,2026-09-24,37.38,37.3375,36.7146,35.2423,41.9429,-10.88,-2.12,3.23,60684653.0,1,1,0,1,1,1,0,0,0,0,0,0,1,0,0,0,0,0,0,0
MUSA,2026-09-24,519.28,519.233,557.868,500.0957,622.0695,-16.52,1.17,2.58,154848015.0,1,1,0,1,0,0,0,0,0,0,0,0,0,0,0,0,0,0,0,0
MUX,2026-09-24,18.66,19.6035,18.907,21.2022,29.05,-35.77,2.64,-0.85,20249612.0,0,0,0,0,0,0,0,0,0,0,0,0,0,0,0,0,0,0,0,0
MUZE,2026-09-24,10.0,10.0025,9.9832,,10.04,-0.4,0.0,-0.1,469677.0,0,0,1,0,1,0,0,0,0,0,0,0,0,0,0,0,0,0,0,0
MVBF,2026-09-24,29.8,30.6196,30.1848,27.4344,31.62,-5.76,-3.53,0.37,1595702.0,1,1,0,0,0,0,0,0,0,0,0,0,0,0,0,0,0,0,0,0
MVIS,2026-09-24,1.62,1.678,2.72,8.2137,21.45,-92.45,-0.61,0.0,2187198.0,0,0,0,0,0,0,0,0,0,0,0,0,0,0,0,0,0,0,0,0
MVST,2026-09-24,0.686,0.6645,0.7655,1.7155,6.4,-89.28,7.19,-1.58,4860597.0,0,0,0,1,0,0,0,0,0,0,0,0,0,0,0,0,0,0,0,0
MWA,2026-09-24,21.47,23.3305,24.6078,26.1373,30.2098,-28.93,-5.58,-1.15,31197197.0,0,0,0,0,0,0,0,0,0,0,1,0,0,0,0,0,0,0,0,1
MWC,2026-09-24,1.75,1.6005,1.5706,,,,-9.79,-2.78,289593.0,0,0,0,1,1,1,0,0,0,0,0,0,0,0,0,0,0,0,0,0
MWG,2026-09-24,1.3,1.2775,1.2635,1.8082,3.79,-65.7,0.0,0.78,3326.0,0,0,0,1,1,1,0,0,0,0,0,0,0,0,0,0,0,0,0,0
MWH,2026-09-24,25.05,25.75,27.5972,,46.77,-46.44,-3.62,-1.57,34919644.0,0,0,0,0,0,0,0,0,0,0,0,0,0,0,0,0,0,0,0,0
MWYN,2026-09-24,1.09,1.1287,0.9645,0.878,1.39,-21.58,12.49,2.83,213067.0,0,1,0,0,1,0,0,0,0,0,0,0,0,0,1,0,0,0,0,0
MX,2026-09-24,3.18,3.0365,3.3192,3.6317,8.93,-64.39,13.17,-1.24,1969882.0,0,0,0,1,0,0,0,0,0,0,0,0,0,0,1,0,0,0,0,0
MXC,2026-09-24,10.78,10.6797,9.785,9.7607,15.019,-28.22,-1.91,1.32,972839.0,1,1,0,1,1,1,0,0,0,1,0,0,0,0,0,0,0,0,0,0
MXCT,2026-09-24,1.19,1.2263,1.2181,1.0955,1.83,-34.97,0.85,0.0,503613.0,1,1,0,0,0,0,0,0,0,0,0,0,0,0,0,0,0,0,0,0
MXE,2026-09-24,12.9,13.3645,13.3274,13.2081,14.21,-9.22,-0.08,-2.86,39656.0,0,0,0,0,0,0,0,0,0,0,0,0,0,0,0,0,0,0,0,0
MXF,2026-09-24,20.69,21.3905,21.4757,20.944,22.0838,-6.31,-2.27,-1.19,649703.0,0,0,0,0,0,0,0,0,0,0,0,0,0,0,0,0,0,0,0,0
MXL,2026-09-24,85.31,69.15,71.0834,51.006,128.03,-33.37,22.73,1.17,187831594.0,0,1,0,1,1,0,0,0,0,0,0,0,0,0,1,0,0,0,0,0
MYE,2026-09-24,31.62,31.2179,32.1575,24.6954,36.5822,-13.56,3.21,-0.66,11160026.0,1,1,0,1,0,0,0,0,0,0,0,0,0,0,0,0,0,0,0,0
MYFW,2026-09-24,30.58,30.7965,31.4264,28.2152,34.19,-10.56,0.82,0.99,1455246.0,1,1,0,0,0,0,0,0,0,0,0,0,0,0,0,0,0,0,0,0
MYGN,2026-09-24,4.14,3.519,3.907,4.8524,8.18,-49.39,7.25,3.24,7486890.0,0,0,0,1,1,0,0,0,0,0,0,0,1,0,0,0,0,0,0,0
MYI,2026-09-24,9.79,10.3086,10.5391,10.5943,10.9762,-10.81,-3.07,-0.2,5129206.0,0,0,0,0,0,0,0,0,0,0,1,0,0,0,0,0,0,1,0,1
MYN,2026-09-24,8.92,9.2943,9.5547,9.6346,10.0405,-11.16,-1.11,-0.22,2646555.0,0,0,0,0,0,0,0,0,0,0,1,0,0,0,0,0,0,0,0,1
MYND,2026-09-24,0.353,0.3759,0.3925,0.4094,1.06,-66.7,13.87,-0.84,4547.0,0,0,0,0,0,0,0,0,0,0,0,0,0,0,1,0,0,0,0,0
MYO,2026-09-24,1.67,1.4375,1.3332,1.0246,1.86,-10.22,29.46,1.83,570610.0,0,1,0,1,1,1,0,0,0,0,0,0,0,0,1,0,0,0,0,0
MYPS,2026-09-24,0.446,0.4893,0.5701,0.5479,0.976,-54.3,-8.04,1.36,144078.0,0,0,0,0,0,0,0,0,0,0,0,1,0,0,0,0,0,0,0,0
MYRG,2026-09-24,295.18,287.5925,323.9076,326.9056,501.13,-41.1,7.19,0.0,83379563.0,0,0,0,1,0,0,0,0,0,0,0,0,0,0,0,0,0,0,0,0
MYSE,2026-09-24,1.86,2.545,2.545,2.1307,3.81,-51.18,-11.85,1.64,388157.0,0,0,0,0,0,0,0,0,0,0,0,0,0,0,0,0,0,0,0,0
MYSZ,2026-09-24,1.78,2.113,2.6772,4.506,10.08,-82.34,-9.64,-5.32,3900546.0,0,0,0,0,0,0,0,0,0,0,0,0,0,0,0,0,0,0,0,0
MYX,2026-09-24,10.05,9.985,9.9686,,,,0.6,0.0,235225.0,0,0,0,1,1,1,0,0,0,0,0,0,0,0,0,0,0,0,0,0
MZTI,2026-09-24,101.14,105.2098,108.3717,130.7648,169.6065,-40.37,-1.77,-0.96,49329470.0,0,0,0,0,0,0,0,0,0,0,0,0,0,0,0,0,0,0,0,0
MZYX,2026-09-24,9.99,9.988,9.9742,,,,0.0,-0.1,382029.0,0,0,0,1,1,1,0,0,0,0,0,0,0,0,0,0,0,0,0,0
NA,2026-09-24,2.315,2.2497,2.0227,2.5519,5.9,-60.76,-1.49,0.22,1684224.0,0,0,0,1,1,1,0,0,0,0,0,0,0,0,0,0,0,0,0,0
NAAS,2026-09-24,3.37,3.1746,3.2412,2.9116,4.25,-20.71,8.89,-1.46,54197.0,0,1,0,1,1,0,0,0,0,0,0,0,0,0,0,0,0,0,0,0
NABL,2026-09-24,4.02,3.959,4.0766,4.8823,8.5,-52.71,4.42,-3.13,13258647.0,0,0,0,1,0,0,0,0,0,0,0,0,0,0,0,0,0,0,0,0
NAC,2026-09-24,10.57,11.0795,11.4408,11.4495,11.9615,-11.63,-1.95,-1.03,11907332.0,0,0,0,0,0,0,0,0,0,0,1,0,0,0,0,0,0,0,0,0
NAD,2026-09-24,10.12,11.0539,11.3927,11.4724,11.8984,-14.95,-5.24,-2.6,14853717.0,0,0,0,0,0,0,0,0,0,0,1,0,0,0,0,0,0,1,0,1
NAGE,2026-09-24,3.01,3.0905,3.1714,4.4367,10.2,-70.49,0.33,0.33,1180176.0,0,0,0,0,0,0,0,0,0,0,0,0,0,0,0,0,0,0,0,0
NAII,2026-09-24,1.73,2.0105,2.1478,2.762,4.83,-64.18,-11.73,-6.49,45905.0,0,0,0,0,0,0,0,0,0,0,1,0,0,0,0,0,0,0,0,1
NAK,2026-09-24,1.42,1.4645,1.5616,1.8089,2.76,-48.55,11.81,0.71,5679289.0,0,0,0,0,0,0,0,0,0,0,0,0,0,0,1,0,0,0,0,0
NAKA,2026-09-24,9.76,8.1758,6.3347,9.1389,50.4,-80.63,19.02,6.14,1881165.0,0,1,0,1,1,1,0,0,0,0,0,0,1,1,1,0,0,0,0,0
NAMI,2026-09-24,1.62,2.1332,2.6612,9.958,28.5,-94.32,-48.08,0.62,5863012.0,0,0,0,0,0,0,0,0,0,0,0,0,0,0,0,0,0,0,0,0
NAMM,2026-09-24,1.17,1.344,1.3888,1.9363,6.4,-81.72,-7.87,-6.4,512210.0,0,0,0,0,0,0,0,0,0,0,0,0,0,0,0,0,0,0,0,0
NAMS,2026-09-24,22.74,23.8695,26.721,31.5846,41.45,-45.14,7.37,0.26,39138905.0,0,0,0,0,0,0,0,0,0,0,0,0,0,0,0,0,0,0,0,0
NAN,2026-09-24,9.93,10.4868,10.8832,10.9796,11.5555,-14.07,-2.26,-0.8,1425523.0,0,0,0,0,0,0,0,0,0,0,1,0,0,0,0,0,0,0,0,1
NAT,2026-09-24,7.66,7.2427,6.6569,5.1412,8.25,-7.15,-4.13,0.52,37002318.0,0,1,0,1,1,1,0,0,0,0,0,0,0,0,0,0,0,0,0,0
NATH,2026-09-24,94.29,97.7,97.9002,98.6301,107.9577,-12.66,-4.44,-0.12,2477687.0,0,0,0,0,0,0,0,0,0,0,0,0,0,0,0,0,0,0,0,0
NATL,2026-09-24,45.92,46.0225,46.5416,43.4639,48.13,-4.59,-0.35,0.33,31835094.0,1,1,1,0,0,0,0,0,0,0,0,0,0,0,0,0,0,0,0,0
NATR,2026-09-24,12.91,13.583,16.3492,21.8217,27.8,-53.56,-1.38,-0.31,2177042.0,0,0,0,0,0,0,0,0,0,0,1,0,0,0,0,0,0,0,0,1
NAUT,2026-09-24,0.991,0.9539,1.081,2.0941,3.95,-74.91,1.95,3.88,1010904.0,0,0,0,1,0,0,0,0,0,0,0,0,1,0,0,0,0,0,0,0
NAVI,2026-09-24,9.3,9.4353,9.0102,9.105,12.548,-25.88,-4.52,1.53,14034629.0,1,1,0,0,1,0,0,0,0,0,0,0,0,0,0,0,0,0,0,0
NAVN,2026-09-24,19.43,24.5705,26.2513,18.3595,30.58,-36.46,-13.76,-1.17,112677704.0,0,1,0,0,0,0,0,0,0,0,1,0,0,0,0,0,0,0,1,0
NAZ,2026-09-24,11.04,11.8682,12.0903,12.0107,13.0667,-15.51,-5.88,-2.13,282931.0,0,0,0,0,0,0,0,0,0,0,1,0,0,0,0,0,0,1,0,0
NB,2026-09-24,3.54,3.8927,4.3273,5.2653,11.67,-69.67,1.14,0.85,9487033.0,0,0,0,0,0,0,0,0,0,0,0,0,0,0,0,0,0,0,0,0
NBB,2026-09-24,14.17,15.0302,15.1139,15.1944,15.6907,-9.69,-3.8,-1.8,1145439.0,0,0,0,0,0,0,0,0,0,0,1,0,0,0,0,0,0,0,0,1
NBBK,2026-09-24,22.5,22.664,22.4685,21.124,23.25,-3.23,-1.01,0.49,6062050.0,1,1,1,0,1,0,0,0,0,0,0,0,0,0,0,0,0,0,0,0
NBH,2026-09-24,9.32,9.8389,10.057,10.0291,10.4792,-11.06,-2.1,-1.89,982133.0,0,0,0,0,0,0,0,0,0,0,1,0,0,0,0,0,0,0,0,1
NBHC,2026-09-24,40.01,41.205,42.2868,40.9121,46.7143,-14.35,-3.15,0.38,14495697.0,0,0,0,0,0,0,0,0,0,0,0,1,0,0,0,0,0,0,0,0
NBIS,2026-09-24,243.48,221.0495,214.2638,163.4191,286.69,-15.07,11.69,7.44,3440625395.0,0,1,0,1,1,1,0,0,0,0,0,0,1,1,1,0,0,0,0,0
NBIX,2026-09-24,138.94,152.4695,160.2188,147.7612,185.5,-25.1,-7.06,-0.39,174504758.0,0,0,0,0,0,0,0,0,0,0,1,0,0,0,0,0,0,0,0,0
NBN,2026-09-24,129.77,130.6005,130.9013,120.6735,137.4997,-5.62,-2.09,0.59,14706902.0,1,1,0,0,0,0,0,0,0,0,0,0,0,0,0,0,0,0,0,0
NBP,2026-09-24,1.45,1.6945,1.7562,2.5527,6.56,-77.9,-7.64,-5.23,455741.0,0,0,0,0,0,0,0,0,0,0,1,0,0,0,0,0,0,1,0,1
NBR,2026-09-24,82.99,89.242,87.2518,81.2279,110.63,-24.98,-3.18,-0.04,20692223.0,0,1,0,0,0,0,0,0,0,0,0,0,0,0,0,0,0,0,0,0
NBRG,2026-09-24,10.06,10.07,10.0262,,10.09,-0.3,-0.3,0.0,31784.0,0,0,1,0,1,0,0,0,0,0,0,0,0,0,0,0,0,0,0,0
NBTB,2026-09-24,51.13,51.3659,51.8902,45.9318,53.8379,-5.03,-0.91,1.29,16568460.0,1,1,0,0,0,0,0,0,0,0,0,0,0,0,0,0,0,0,0,0
NBTX,2026-09-24,33.46,37.9125,38.8906,33.0767,55.07,-39.24,-2.73,-5.05,5783389.0,0,1,0,0,0,0,0,0,0,0,0,0,0,0,0,0,0,0,0,0
NBXG,2026-09-24,15.51,15.2269,15.0808,14.2003,16.8867,-8.15,3.68,-0.39,1906393.0,1,1,0,1,1,1,0,0,0,0,0,0,0,0,0,0,0,0,0,0
NC,2026-09-24,37.72,39.9691,42.6844,48.0815,58.1767,-35.16,-2.31,3.8,878437.0,0,0,0,0,0,0,0,0,0,0,0,1,1,0,0,0,0,1,0,0
NCA,2026-09-24,8.27,8.8032,8.9652,9.072,9.563,-13.52,-4.5,-2.25,839601.0,0,0,0,0,0,0,0,0,0,0,1,0,0,0,0,0,0,1,0,0
NCDL,2026-09-24,11.71,12.2395,12.377,12.6988,14.3868,-18.61,-3.62,-0.68,2510559.0,0,0,0,0,0,0,0,0,0,0,0,0,0,0,0,0,0,0,0,1
NCEL,2026-09-24,2.89,3.2515,3.4133,3.0873,24.5,-88.2,-14.75,1.05,24880.0,0,0,0,0,0,0,0,0,0,0,0,0,0,0,0,0,0,0,0,0
NCEW,2026-09-24,17.63,17.5889,17.1544,13.1557,20.7,-14.83,0.4,3.71,11605.0,1,1,0,1,1,1,0,0,0,0,0,0,1,0,0,0,0,1,0,0
NCI,2026-09-24,14.64,13.2117,12.5919,17.0567,96.0,-84.75,9.87,0.27,10916893.0,0,0,0,1,1,1,0,0,0,0,0,0,0,0,0,0,0,0,0,0
NCLH,2026-09-24,14.19,15.005,17.3388,19.6003,25.23,-43.76,-1.39,0.07,259963474.0,0,0,0,0,0,0,0,0,0,0,1,0,0,0,0,0,0,0,0,0
NCMI,2026-09-24,2.2,2.4095,3.0668,3.3973,4.6564,-52.75,-5.98,0.0,2335481.0,0,0,0,0,0,0,0,0,0,0,0,0,0,0,0,0,0,0,0,0
NCNA,2026-09-24,1.32,1.39,1.3923,2.0933,7.02,-81.2,1.54,0.76,142969.0,0,0,0,0,0,0,0,0,0,0,0,0,0,0,0,0,0,0,0,0
NCNO,2026-09-24,19.97,21.843,20.1126,18.9209,29.32,-31.89,-7.97,3.85,58485971.0,0,1,0,0,0,0,0,0,0,0,0,0,1,0,0,0,0,0,0,0
NCPL,2026-09-24,1.27,0.6873,0.4978,0.59,2.54,-50.0,125.58,22.12,27090138.0,0,1,0,1,1,1,0,0,0,0,0,0,1,1,1,0,0,0,0,0
NCRA,2026-09-24,1.87,1.99,1.9302,9.3786,59.1,-96.84,-6.03,1.63,9631155.0,0,0,0,0,0,0,0,0,0,0,0,0,0,0,0,0,0,0,0,0
NCT,2026-09-24,4.65,37.0243,68.0247,92.1818,981.25,-99.53,-45.77,-14.36,13655524.0,0,0,0,0,0,0,0,0,0,0,1,0,0,0,0,0,0,0,0,1
NCTY,2026-09-24,3.57,4.2295,4.3338,5.4368,11.43,-68.77,-8.46,-2.46,982320.0,0,0,0,0,0,0,0,0,0,0,0,0,0,0,0,0,0,0,0,0
NCV,2026-09-24,15.46,16.1347,16.4373,15.7167,17.1842,-10.03,-1.28,-0.83,1034708.0,0,0,0,0,0,0,0,0,0,0,0,0,0,0,0,0,0,0,0,0
NCZ,2026-09-24,14.49,15.0759,15.2202,14.3411,16.0329,-9.62,-0.69,-1.63,666529.0,0,1,0,0,0,0,0,0,0,0,0,0,0,0,0,0,0,0,0,0
NDAQ,2026-09-24,94.55,94.6773,94.5417,90.0446,99.9635,-5.42,6.52,-0.93,293234999.0,1,1,0,0,1,0,0,0,0,0,0,0,0,0,0,0,0,0,0,0
NDLS,2026-09-24,12.91,13.905,14.8128,10.2723,18.62,-30.67,-1.6,-1.3,387001.0,0,1,0,0,0,0,0,0,0,0,0,0,0,0,0,0,0,0,0,0
NDMO,2026-09-24,8.9,9.4552,9.7472,9.9091,10.2841,-13.46,-2.94,0.11,2598066.0,0,0,0,0,0,0,0,0,0,0,1,0,0,0,0,0,0,1,0,0
NDRA,2026-09-24,5.93,5.6942,5.0952,4.7625,8.12,-26.97,11.89,-8.77,347248.0,0,1,0,1,1,1,0,0,0,0,0,0,0,0,1,0,0,0,0,0
NDSN,2026-09-24,323.26,316.529,309.3307,282.2977,333.6978,-3.13,4.61,0.57,115874105.0,1,1,1,1,1,1,0,0,0,0,0,0,0,0,0,0,0,0,0,0
NE,2026-09-24,43.74,45.2819,43.6062,41.8761,53.2279,-17.83,-1.35,-1.97,52836977.0,0,1,0,0,1,0,0,0,0,0,0,0,0,0,0,0,0,0,0,0
NEA,2026-09-24,9.97,10.7435,11.0202,11.1185,11.5285,-13.52,-4.68,-1.19,19186169.0,0,0,0,0,0,0,0,0,0,0,1,0,0,0,0,0,0,1,0,1
NECB,2026-09-24,26.63,26.7895,26.761,24.6149,28.0642,-5.11,-2.06,0.95,935196.0,1,1,0,0,0,0,0,0,0,0,0,0,0,0,0,0,0,0,0,0
NEE,2026-09-24,75.62,81.6229,84.3853,86.4211,96.443,-21.59,-5.91,-1.82,930450503.0,0,0,0,0,0,0,0,0,0,0,1,0,0,0,0,0,0,0,0,0
NEGG,2026-09-24,14.13,15.1505,15.7068,32.6443,92.64,-84.75,6.48,-2.08,790569.0,0,0,0,0,0,0,0,0,0,0,0,0,0,0,0,0,0,0,0,0
NEM,2026-09-24,121.3,125.806,114.0805,110.2567,134.8593,-10.05,-0.38,-1.82,1011732676.0,0,1,0,0,1,0,0,0,0,0,0,0,0,0,0,0,0,0,0,0
NEO,2026-09-24,19.56,18.259,16.6054,12.0854,19.91,-1.76,3.27,6.54,37526874.0,0,1,1,1,1,1,0,0,0,0,0,0,1,1,0,0,0,0,0,0
NEOG,2026-09-24,13.66,12.218,11.472,9.7661,13.66,0.0,8.84,0.66,35228396.0,0,1,1,1,1,1,0,0,1,0,0,0,0,0,0,0,0,0,0,0
NEON,2026-09-24,0.88,0.86,0.8684,1.432,3.99,-77.94,10.0,0.0,38779.0,0,0,0,1,1,0,0,0,0,0,0,0,0,0,0,0,0,0,0,0
NEOV,2026-09-24,2.395,3.5472,3.0564,3.1553,6.06,-60.48,-27.64,-24.45,6957927.0,0,0,0,0,0,0,0,0,0,0,0,0,0,0,0,0,0,1,0,0
NEPH,2026-09-24,4.14,4.2995,4.0832,3.8527,5.79,-28.5,-3.72,-3.5,89835.0,0,1,0,0,1,0,0,0,0,0,0,0,0,0,0,0,0,0,0,0
NERV,2026-09-24,3.45,4.1955,4.2935,5.0743,8.07,-57.25,-1.0,-1.15,747174.0,0,0,0,0,0,0,0,0,0,0,0,0,0,0,0,0,0,0,0,0
NESR,2026-09-24,32.77,33.627,31.7265,24.5653,36.31,-9.75,4.06,-0.12,53903202.0,1,1,0,0,1,0,0,0,0,0,0,0,0,0,0,0,0,0,0,0
NET,2026-09-24,358.82,311.9265,296.5982,230.1093,358.82,0.0,10.53,1.84,1020272489.0,0,1,1,1,1,1,0,0,1,0,0,0,0,0,1,0,0,0,0,0
NEU,2026-09-24,893.3,891.1331,872.2614,735.1323,958.6426,-6.82,0.18,0.4,105932839.0,1,1,0,1,1,1,0,0,0,0,0,0,0,0,0,0,0,0,0,0
NEUP,2026-09-24,3.65,3.7477,3.7662,4.2415,20.0,-81.75,-2.41,-0.82,90345.0,0,0,0,0,0,0,0,0,0,0,0,0,0,0,0,0,0,0,0,0
NEWP,2026-09-24,6.63,6.34,5.8448,4.7167,7.41,-10.53,19.46,1.53,5488406.0,0,1,0,1,1,1,0,0,0,0,0,0,0,0,1,0,0,0,0,0
NEWT,2026-09-24,11.3,11.7915,12.9569,12.5453,15.2991,-26.14,-3.34,1.44,3100373.0,0,0,0,0,0,0,0,0,0,0,0,1,0,0,0,0,0,0,0,0
NEXA,2026-09-24,12.64,13.3395,13.5226,12.4702,16.5488,-23.62,4.64,-1.1,12031343.0,0,1,0,0,0,0,0,0,0,0,0,0,0,0,0,0,0,0,0,0
NEXM,2026-09-24,2.15,2.319,2.2742,2.8828,6.34,-66.09,-6.93,-0.92,99215.0,0,0,0,0,0,0,0,0,0,0,0,0,0,0,0,0,0,0,0,0
NEXN,2026-09-24,8.88,9.376,9.938,7.9032,10.95,-18.9,-2.84,2.9,4320268.0,0,1,0,0,0,0,0,0,0,0,0,0,0,0,0,0,0,0,0,0
NEXR,2026-09-24,1.51,1.704,2.6537,43.919,726.88,-99.79,6.34,1.34,997636.0,0,0,0,0,0,0,0,0,0,0,0,0,0,0,0,0,0,0,0,0
NEXT,2026-09-24,6.665,7.2547,7.0949,6.8225,9.12,-26.92,-4.79,-0.22,17564720.0,0,0,0,0,0,0,0,0,0,0,0,0,0,0,0,0,0,0,0,0
NFE,2026-09-24,6.1,4.2411,1.8935,1.1485,12.77,-52.23,-50.85,-4.69,3680769.0,0,1,0,1,1,1,0,0,0,0,0,0,0,0,0,0,0,0,1,0
NFG,2026-09-24,78.98,81.8535,81.8074,83.0014,95.3021,-17.13,-1.71,0.47,58616869.0,0,0,0,0,0,0,0,0,0,0,0,0,0,0,0,0,0,0,0,0
NFGC,2026-09-24,1.74,1.7915,1.6566,2.1589,3.48,-50.0,0.58,-3.33,2063971.0,0,0,0,0,1,0,0,0,0,0,0,0,0,0,0,0,0,0,0,0
NFJ,2026-09-24,15.06,15.2369,15.1323,13.6272,15.4244,-2.36,-0.4,0.13,3328517.0,1,1,1,0,0,0,0,0,0,0,0,0,0,0,0,0,0,0,0,0
NFLX,2026-09-24,71.72,77.1805,75.601,84.8409,124.135,-42.22,-4.77,0.5,2488920665.0,0,0,0,0,0,0,0,0,0,0,0,0,0,0,0,0,0,0,0,0
NG,2026-09-24,7.14,7.871,7.2934,8.6906,14.2,-49.72,2.15,-1.65,46666838.0,0,0,0,0,0,0,0,0,0,0,0,0,0,0,0,0,0,0,0,0
NGEN,2026-09-24,2.02,2.1878,1.9065,3.2962,5.97,-66.16,-5.16,3.06,1324761.0,0,0,0,0,1,0,0,0,0,0,0,0,1,0,0,0,0,0,0,0
NGG,2026-09-24,75.23,77.401,79.647,81.8313,91.5236,-17.8,-1.05,-0.03,70806407.0,0,0,0,0,0,0,0,0,0,0,0,0,0,0,0,0,0,0,0,0
NGNE,2026-09-24,31.25,35.598,35.9668,26.9485,42.84,-27.05,-9.86,1.03,9192786.0,0,1,0,0,0,0,0,0,0,0,0,0,0,0,0,0,0,0,0,0
NGS,2026-09-24,33.3,35.629,36.4204,37.4229,43.9539,-24.24,-7.88,0.36,3938650.0,0,0,0,0,0,0,0,0,0,0,0,0,0,0,0,0,0,0,0,0
NGVC,2026-09-24,29.97,28.4485,29.3459,27.6605,40.0836,-25.23,2.78,1.05,4173371.0,0,1,0,1,1,0,0,0,0,0,0,0,0,0,0,0,0,0,0,0
NGVT,2026-09-24,71.79,69.137,72.1154,69.7124,77.87,-7.81,5.22,0.06,17780537.0,0,1,0,1,0,0,0,0,0,0,0,0,0,0,0,0,0,0,0,0
NHC,2026-09-24,221.6,222.8615,223.7418,181.0507,236.75,-6.4,-1.67,-1.45,24248522.0,1,1,0,0,0,0,0,0,0,0,0,0,0,0,0,0,0,0,0,0
NHI,2026-09-24,67.16,70.2445,73.5766,76.8444,88.9368,-24.49,-1.47,-0.06,25469360.0,0,0,0,0,0,0,0,0,0,0,0,0,0,0,0,0,0,0,0,1
NHIV,2026-09-24,10.06,10.082,10.1038,,,,0.1,0.0,260288.0,0,0,0,0,0,0,0,0,0,0,0,0,0,0,0,0,0,0,0,0
NHP,2026-09-24,16.22,16.1625,16.1486,,,,0.62,0.25,10228495.0,0,0,0,1,1,1,0,0,0,0,0,0,0,0,0,0,0,0,0,0
NHS,2026-09-24,5.44,5.7446,5.8278,6.1571,6.9859,-22.13,-3.55,-0.55,1187096.0,0,0,0,0,0,0,0,0,0,0,1,0,0,0,0,0,0,0,0,1
NHTC,2026-09-24,1.01,1.506,1.6732,2.5429,4.1284,-75.54,-32.67,-3.81,71569.0,0,0,0,0,0,0,0,0,0,0,1,0,0,0,0,0,0,0,0,1
NI,2026-09-24,39.12,40.892,42.5382,44.4827,48.7533,-19.76,-3.79,-0.33,220193960.0,0,0,0,0,0,0,0,0,0,0,1,0,0,0,0,0,0,0,0,1
NIC,2026-09-24,167.58,169.4274,170.991,151.1957,178.6394,-6.19,-0.15,1.7,25047610.0,1,1,0,0,0,0,0,0,0,0,0,0,0,0,0,0,0,0,0,0
NICE,2026-09-24,113.63,106.016,101.904,104.6616,152.21,-25.35,7.78,-3.53,53201949.0,0,1,0,1,1,1,0,0,0,0,0,0,0,0,0,0,0,0,0,0
NICM,2026-09-24,5.7,6.2695,6.1442,,,,-2.56,-1.38,18957.0,0,0,0,0,0,0,0,0,0,0,0,0,0,0,0,0,0,0,0,0
NIE,2026-09-24,25.09,25.2986,25.5246,24.5259,26.2608,-4.46,2.2,-1.26,1778799.0,1,1,1,0,0,0,0,0,0,0,0,0,0,0,0,0,0,0,0,0
NIKI,2026-09-24,4.97,5.9798,7.597,8.8342,24.1,-79.38,4.19,6.2,1571293.0,0,0,0,0,0,0,0,0,0,0,0,0,1,1,0,0,0,0,0,0
NIM,2026-09-24,8.79,9.0762,9.1905,9.2289,9.6869,-9.26,-2.44,-0.79,222996.0,0,0,0,0,0,0,0,0,0,0,1,0,0,0,0,0,0,0,0,1
NINE,2026-09-24,8.63,10.13,10.7396,,13.01,-33.67,-12.92,-3.68,477907.0,0,0,0,0,0,0,0,0,0,0,0,0,0,0,0,0,0,0,0,0
NIO,2026-09-24,3.63,3.806,4.3156,5.1003,7.89,-53.99,0.28,-1.09,152198311.0,0,0,0,0,0,0,0,0,0,0,0,0,0,0,0,0,0,0,0,0
NIPG,2026-09-24,13.8,13.9943,11.9561,19.7841,54.0,-74.44,1.85,3.53,391467.0,0,0,0,0,1,0,0,0,0,0,0,0,1,0,0,0,0,0,0,0
NIQ,2026-09-24,18.14,18.3835,15.5426,12.9209,19.24,-5.72,1.74,2.43,21300120.0,1,1,0,0,1,0,0,0,0,0,0,0,0,0,0,0,0,0,0,0
NIU,2026-09-24,2.15,2.0245,2.2176,2.7687,5.56,-61.33,4.88,0.94,411073.0,0,0,0,1,0,0,0,0,0,0,0,0,0,0,0,0,0,0,0,0
NIVF,2026-09-24,0.541,1.0262,1.879,25.2789,1093.5,-99.95,-31.08,-8.31,130402.0,0,0,0,0,0,0,0,0,0,0,1,0,0,0,0,0,0,0,0,1
NIXX,2026-09-24,0.3561,0.5281,0.6532,0.8024,1.89,-81.16,-13.84,-1.3,260535.0,0,0,0,0,0,0,0,0,0,0,1,0,0,0,0,0,0,0,0,1
NJR,2026-09-24,51.06,52.8592,54.8807,52.761,59.475,-14.15,-3.64,-1.28,34669638.0,0,0,0,0,0,0,0,0,0,0,1,0,0,0,0,0,0,0,0,0
NKE,2026-09-24,35.99,37.1715,39.5722,48.7398,72.1898,-50.15,-1.02,-0.17,1195989819.0,0,0,0,0,0,0,0,0,0,0,0,0,0,0,0,0,0,0,0,0
NKLR,2026-09-24,3.63,4.8925,5.2837,5.2381,18.26,-80.12,-13.05,-0.55,2624597.0,0,0,0,0,0,0,0,0,0,0,1,0,0,0,0,0,0,0,0,1
NKSH,2026-09-24,42.22,41.9145,40.7588,36.6683,43.3,-2.49,-0.45,1.76,1490513.0,1,1,1,1,1,1,0,0,0,0,0,0,0,0,0,0,0,0,0,0
NKTR,2026-09-24,59.38,69.915,71.2208,65.4183,100.35,-40.83,-11.87,2.98,66946653.0,0,0,0,0,0,0,0,0,0,0,1,0,0,0,0,0,0,1,0,0
NKTX,2026-09-24,2.85,2.8343,2.5691,2.5023,3.67,-22.34,-0.7,3.26,1773601.0,1,1,0,1,1,1,0,0,0,0,0,0,1,0,0,0,0,0,0,0
NKX,2026-09-24,10.86,11.6169,11.94,12.0592,12.5388,-13.39,-4.15,-1.72,2359251.0,0,0,0,0,0,0,0,0,0,0,1,0,0,0,0,0,0,0,0,1
NL,2026-09-24,7.04,6.8079,6.348,5.9452,8.2536,-14.7,1.29,1.44,244035.0,0,1,0,1,1,1,0,0,0,0,0,0,0,0,0,0,0,0,0,0
NLOP,2026-09-24,9.93,10.944,11.362,11.2298,13.37,-25.73,-7.28,-3.03,1504151.0,0,0,0,0,0,0,0,0,0,0,1,0,0,0,0,0,0,0,0,0
NLY,2026-09-24,20.6,22.0935,22.634,21.6621,23.74,-13.23,-2.97,-2.09,191324413.0,0,0,0,0,0,0,0,0,0,0,1,0,0,0,0,0,0,0,0,0
NMAD,2026-09-24,3.63,3.7775,4.156,4.2622,8.04,-54.85,4.01,2.83,802039.0,0,0,0,0,0,0,0,0,0,0,0,0,0,0,0,0,0,0,0,0
NMAI,2026-09-24,14.02,14.2627,14.1094,13.1235,14.6846,-4.53,1.59,-1.13,1218520.0,1,1,1,0,0,0,0,0,0,0,0,0,0,0,0,0,0,0,0,0
NMAX,2026-09-24,10.98,10.752,9.669,7.8907,13.12,-16.31,5.17,0.73,13606540.0,1,1,0,1,1,1,0,0,0,0,0,0,0,0,0,0,0,0,0,0
NMCO,2026-09-24,9.14,9.7162,10.1367,10.2164,10.7223,-14.76,-6.16,-1.51,5616738.0,0,0,0,0,0,0,0,0,0,0,1,0,0,0,0,0,0,0,0,1
NMFC,2026-09-24,7.01,7.1267,7.0923,7.4392,8.4781,-17.32,0.29,-0.71,3285069.0,0,0,0,0,0,0,0,0,0,0,0,0,0,0,0,0,0,0,0,0
NMG,2026-09-24,1.35,1.393,1.389,1.9978,5.07,-73.37,0.75,0.0,514892.0,0,0,0,0,0,0,0,0,0,0,0,0,0,0,0,0,0,0,0,0
NMI,2026-09-24,9.71,10.0944,10.4007,10.1782,11.04,-12.05,-1.62,0.0,305632.0,0,0,0,0,0,0,0,0,0,0,1,0,0,0,0,0,0,0,0,0
NMIH,2026-09-24,41.57,43.8887,43.9886,40.1394,45.71,-9.06,-3.33,-1.47,24310392.0,0,1,0,0,0,0,0,0,0,0,1,0,0,0,0,0,0,0,0,0
NML,2026-09-24,10.36,10.5631,10.4045,9.5866,10.7797,-3.89,-0.86,-0.38,1518193.0,1,1,1,0,0,0,0,0,0,0,0,0,0,0,0,0,0,0,0,0
NMP,2026-09-24,10.38,10.357,10.3308,10.1919,10.39,-0.1,0.19,0.09,203487.0,0,1,1,1,1,1,0,0,0,0,0,0,0,0,0,0,0,0,0,0
NMR,2026-09-24,9.77,10.333,9.9814,8.8645,10.86,-10.04,-6.51,-0.71,7854046.0,0,1,0,0,0,0,0,0,0,0,0,0,0,0,0,0,0,0,0,0
NMRA,2026-09-24,0.703,1.0594,1.3899,1.9704,3.59,-80.42,-6.27,-3.83,1254261.0,0,0,0,0,0,0,0,0,0,0,1,0,0,0,0,0,0,0,0,0
NMRK,2026-09-24,13.1,14.5365,15.0464,15.4693,19.253,-31.96,-7.68,-0.23,27725828.0,0,0,0,0,0,0,0,0,0,0,0,0,0,0,0,0,0,0,0,1
NMS,2026-09-24,9.97,10.4693,11.1241,11.5336,12.1351,-17.84,-3.48,-0.6,510080.0,0,0,0,0,0,0,0,0,0,0,1,0,0,0,0,0,0,0,0,1
NMT,2026-09-24,11.01,11.759,12.2043,11.9266,13.0256,-15.47,-1.17,0.0,385475.0,0,0,0,0,0,0,0,0,0,0,1,0,0,0,0,0,0,0,0,0
NMTC,2026-09-24,1.33,1.5795,1.7652,3.6779,6.36,-79.09,-5.67,-0.75,1612419.0,0,0,0,0,0,0,0,0,0,0,0,0,0,0,0,0,0,0,0,0
NMZ,2026-09-24,9.09,9.5841,9.8955,9.9462,10.3632,-12.29,-3.71,0.11,10525912.0,0,0,0,0,0,0,0,0,0,0,1,0,0,0,0,0,0,0,0,0
NN,2026-09-24,14.45,15.159,15.259,16.9931,23.59,-38.75,-1.16,0.42,36271002.0,0,0,0,0,0,0,0,0,0,0,0,0,0,0,0,0,0,0,0,0
NNBR,2026-09-24,3.6,3.484,3.5452,2.3955,4.11,-12.41,6.82,-6.74,6317693.0,0,1,0,1,1,0,0,0,0,0,0,0,0,0,0,0,0,0,0,0
NNDM,2026-09-24,1.58,1.5608,1.5515,1.6731,2.14,-26.17,2.6,0.64,2819213.0,0,0,0,1,1,1,0,0,0,0,0,0,0,0,0,0,0,0,0,0
NNE,2026-09-24,17.02,17.343,17.5918,24.0918,56.63,-69.95,8.82,0.06,33062400.0,0,0,0,0,0,0,0,0,0,0,0,0,0,0,0,0,0,0,0,0
NNI,2026-09-24,125.03,126.3941,129.234,130.9992,143.4865,-12.86,-1.88,0.0,19067950.0,0,0,0,0,0,0,0,0,0,0,0,0,0,0,0,0,0,0,0,0
NNN,2026-09-24,41.18,43.712,45.7715,43.3163,48.9513,-15.88,-1.13,-0.36,73573548.0,0,0,0,0,0,0,0,0,0,0,1,0,0,0,0,0,0,0,0,0
NNNN,2026-09-24,6.15,6.471,8.2705,21.1899,41.11,-85.04,10.22,1.49,1777962.0,0,0,0,0,0,0,0,0,0,0,0,0,0,0,1,0,0,0,0,0
NNOX,2026-09-24,0.661,0.7683,0.8977,1.9473,4.55,-85.47,-12.33,-5.3,1170901.0,0,0,0,0,0,0,0,0,0,0,0,0,0,0,0,0,0,0,0,1
NNVC,2026-09-24,1.44,1.2435,1.375,1.2706,2.03,-29.06,2.86,-4.64,819950.0,0,1,0,1,1,0,0,0,0,0,0,0,0,0,0,0,0,0,0,0
NNY,2026-09-24,7.8,7.9701,8.1631,8.3259,8.6853,-10.19,-0.26,0.13,456297.0,0,0,0,0,0,0,0,0,0,0,1,0,0,0,0,0,0,0,0,0
NOA,2026-09-24,12.49,13.1324,13.5125,14.0968,16.565,-24.6,-2.8,-0.08,1686126.0,0,0,0,0,0,0,0,0,0,0,0,0,0,0,0,0,0,0,0,0
NOAH,2026-09-24,8.0,8.257,8.5124,9.0945,10.6601,-24.95,-0.25,0.0,795416.0,0,0,0,0,0,0,0,0,0,0,0,0,0,0,0,0,0,0,0,1
NOC,2026-09-24,508.98,526.7906,540.199,595.8057,761.1927,-33.13,-4.11,-1.06,421424248.0,0,0,0,0,0,0,0,0,0,0,0,0,0,0,0,0,0,0,0,0
NODK,2026-09-24,14.73,15.103,15.3489,14.166,16.33,-9.8,-3.03,-0.2,500410.0,1,1,0,0,0,0,0,0,0,0,0,0,0,0,0,0,0,0,0,0
NOEM,2026-09-24,10.58,10.685,10.8154,10.49,12.0,-11.83,-0.94,0.0,1223.0,1,1,0,0,0,0,0,0,0,0,0,0,0,0,0,0,0,0,0,0
NOG,2026-09-24,23.6,25.6235,23.8742,23.5094,29.6571,-20.42,-6.79,1.99,51851149.0,0,1,0,0,0,0,0,0,0,0,0,0,0,0,0,0,0,0,0,0
NOK,2026-09-24,10.43,10.37,10.0562,9.8925,16.85,-38.1,-1.6,-1.88,912931265.0,1,1,0,1,1,1,0,0,0,0,0,0,0,0,0,0,0,0,0,0
NOMA,2026-09-24,1.53,1.8017,2.4259,3.8196,11.5,-86.7,5.52,-1.92,44437.0,0,0,0,0,0,0,0,0,0,0,0,0,0,0,0,0,0,0,0,0
NOMD,2026-09-24,10.67,11.2495,11.5272,10.8406,12.6193,-15.45,-2.91,-0.37,14975482.0,0,0,0,0,0,0,0,0,0,0,0,0,0,0,0,0,0,0,0,0
NOV,2026-09-24,19.9,20.8277,20.3605,19.0703,21.6184,-7.95,-3.16,-1.87,65432743.0,0,1,0,0,0,0,0,0,0,0,0,0,0,0,0,0,0,0,0,0
NOVT,2026-09-24,141.53,142.22,147.5098,139.4753,168.75,-16.13,6.57,-2.01,47629089.0,1,1,0,0,0,0,0,0,0,0,0,0,0,0,0,0,0,0,0,0
NOW,2026-09-24,137.78,138.8935,125.1544,116.8074,189.258,-27.2,-0.5,-2.13,2170090470.0,1,1,0,0,1,0,0,0,0,0,0,0,0,0,0,0,0,0,0,0
NP,2026-09-24,27.1,31.528,31.6772,27.4005,35.11,-22.81,-11.21,-2.38,14842395.0,0,0,0,0,0,0,0,0,0,0,1,0,0,0,0,0,0,0,0,0
NPAC,2026-09-24,10.49,10.4736,10.4457,10.3474,10.49,0.0,0.1,0.0,341564.0,1,1,1,1,1,1,0,0,1,0,0,0,0,0,0,0,0,0,0,0
NPB,2026-09-24,15.35,16.7625,17.1956,17.5727,19.2841,-20.4,-7.92,-1.16,4384923.0,0,0,0,0,0,0,0,0,0,0,1,0,0,0,0,0,0,0,0,1
NPCE,2026-09-24,13.97,14.4355,14.5414,15.404,19.29,-27.58,-0.92,-1.69,1876721.0,0,0,0,0,0,0,0,0,0,0,0,0,0,0,0,0,0,0,0,0
NPCT,2026-09-24,9.29,9.5648,9.59,9.6477,10.1026,-8.04,-3.13,-1.48,931703.0,0,0,0,0,0,0,0,0,0,0,1,0,0,0,0,0,0,0,0,1
NPK,2026-09-24,144.1,149.708,140.3326,130.9714,156.8,-8.1,-5.72,-1.35,16532322.0,0,1,0,0,1,0,0,0,0,0,0,0,0,0,0,0,0,0,0,0
NPKI,2026-09-24,11.68,12.983,13.452,14.0384,16.35,-28.56,-9.53,-0.26,10878767.0,0,0,0,0,0,0,0,0,0,0,1,0,0,0,0,0,0,0,0,0
NPO,2026-09-24,311.19,296.2466,314.1676,285.3142,387.2192,-19.63,8.37,1.88,45981898.0,0,1,0,1,0,0,0,0,0,0,0,0,0,0,0,0,0,0,0,0
NPT,2026-09-24,2.91,3.0895,3.1886,4.8198,20.5,-85.8,-6.13,-2.35,69577.0,0,0,0,0,0,0,0,0,0,0,0,0,0,0,0,0,0,0,0,0
NPV,2026-09-24,9.55,10.0272,10.4776,10.8764,11.371,-16.01,-1.75,-1.04,1118727.0,0,0,0,0,0,0,0,0,0,0,1,0,0,0,0,0,0,0,0,1
NPWR,2026-09-24,1.63,1.8095,1.6754,1.9233,4.85,-66.39,-6.86,-4.68,1163305.0,0,0,0,0,0,0,0,0,0,0,0,0,0,0,0,0,0,0,0,0
NRC,2026-09-24,20.35,21.2735,21.1014,18.6664,22.77,-10.63,-7.71,-5.66,2591757.0,0,1,0,0,0,0,0,0,0,0,0,0,0,0,0,0,0,0,0,0
NRDS,2026-09-24,8.2,9.428,9.4668,10.4206,15.93,-48.52,-12.86,1.23,6154961.0,0,0,0,0,0,0,0,0,0,0,1,0,0,0,0,0,0,0,0,0
NRDY,2026-09-24,8.67,9.3055,10.7565,13.4042,21.3,-59.3,0.81,1.05,193702.0,0,0,0,0,0,0,0,0,0,0,0,0,0,0,0,0,0,0,0,0
NREF,2026-09-24,15.76,16.5895,16.5684,14.3594,17.639,-10.65,-1.44,-0.32,1106966.0,0,1,0,0,0,0,0,0,0,0,0,0,0,0,0,0,0,0,0,0
NRG,2026-09-24,97.85,109.8475,119.2883,142.4384,182.8192,-46.48,-8.88,-2.85,296593459.0,0,0,0,0,0,0,0,0,0,0,0,0,0,0,0,0,0,0,0,1
NRGV,2026-09-24,4.3,4.015,3.6012,4.1472,6.49,-33.74,8.31,-2.93,17098121.0,0,1,0,1,1,1,0,0,0,0,0,0,0,0,0,0,0,0,0,0
NRIM,2026-09-24,24.62,25.5892,26.2413,25.1839,29.1863,-15.65,-3.68,0.37,3807026.0,0,0,0,0,0,0,0,0,0,0,0,1,0,0,0,0,0,1,0,0
NRIX,2026-09-24,23.65,25.5787,25.2373,19.438,27.79,-14.9,-5.96,-0.96,35240158.0,0,1,0,0,0,0,0,0,0,0,0,0,0,0,0,0,0,0,0,0
NRK,2026-09-24,9.41,9.8832,10.1301,10.0132,10.5672,-10.95,-3.09,-1.88,3874607.0,0,0,0,0,0,0,0,0,0,0,1,0,0,0,0,0,0,1,0,0
NRO,2026-09-24,2.67,2.7966,2.8841,2.8257,3.0141,-11.42,-1.48,-1.11,531430.0,0,0,0,0,0,0,0,0,0,0,1,0,0,0,0,0,0,0,0,0
NRP,2026-09-24,108.18,110.7925,104.7242,108.8447,123.6174,-12.49,-1.39,0.56,2904611.0,0,0,0,0,1,0,0,0,0,0,0,0,0,0,0,0,0,0,0,0
NRSN,2026-09-24,7.4,3.0063,1.5129,1.0018,7.4,0.0,10.12,0.0,218844.0,0,1,1,1,1,1,0,0,1,0,0,0,0,0,1,0,0,0,0,0
NRT,2026-09-24,8.62,8.9835,8.6842,7.907,9.37,-8.0,-4.96,-2.38,319700.0,0,1,0,0,0,0,0,0,0,0,0,0,0,0,0,0,0,0,0,0
NRXP,2026-09-24,3.03,3.4,3.5149,2.9115,4.62,-34.42,-9.55,-4.11,2179665.0,0,1,0,0,0,0,0,0,0,0,0,0,0,0,0,0,0,0,0,0
NRXS,2026-09-24,7.75,6.334,6.4702,6.1871,8.81,-12.03,11.67,6.02,1017740.0,0,1,0,1,1,0,0,0,0,0,0,0,1,1,1,0,0,0,0,0
NSC,2026-09-24,313.17,326.7415,334.0535,308.83,352.98,-11.28,-1.21,-0.58,375751384.0,0,1,0,0,0,0,0,0,0,0,0,0,0,0,0,0,0,0,0,0
NSIT,2026-09-24,159.73,157.682,144.5394,101.9896,165.37,-3.41,-3.31,0.94,55813528.0,1,1,1,1,1,1,0,0,0,0,0,0,0,0,0,0,0,0,0,0
NSLR,2026-09-24,8.03,9.21,9.901,10.8405,14.91,-46.14,0.88,-3.14,3811731.0,0,0,0,0,0,0,0,0,0,0,0,0,0,0,0,0,0,0,0,0
NSP,2026-09-24,47.9,50.6956,50.7017,37.1507,53.3993,-10.3,-6.97,-1.94,20265631.0,0,1,0,0,0,0,0,0,0,0,0,0,0,0,0,0,0,0,0,0
NSPR,2026-09-24,0.7,0.8115,0.7872,1.2525,2.5,-72.0,-9.09,-6.67,35103.0,0,0,0,0,0,0,0,0,0,0,0,0,0,0,0,0,0,0,0,0
NSRX,2026-09-24,3.48,3.696,3.492,4.1427,9.15,-61.97,0.58,-4.4,34994.0,0,0,0,0,0,0,0,0,0,0,0,0,0,0,0,0,0,0,0,0
NSSC,2026-09-24,35.68,35.9052,36.8652,39.499,46.6453,-23.51,-1.79,-0.78,16419169.0,0,0,0,0,0,0,0,0,0,0,0,0,0,0,0,0,0,0,0,0
NSTS,2026-09-24,14.11,14.0636,13.9304,13.0076,14.146,-0.25,0.36,-0.25,229144.0,1,1,1,1,1,1,0,0,0,0,0,0,0,0,0,0,0,0,0,0
NSYS,2026-09-24,11.23,11.55,12.8124,11.8222,17.66,-36.41,-2.43,-0.8,191316.0,0,0,0,0,0,0,0,0,0,0,0,0,0,0,0,0,0,0,0,0
NTAP,2026-09-24,197.24,190.229,186.0236,135.044,207.08,-4.75,3.0,0.46,485467015.0,0,1,1,1,1,1,0,0,0,0,0,0,0,0,0,0,0,0,0,0
NTB,2026-09-24,58.66,59.577,60.4126,54.8681,63.91,-8.21,-0.63,0.95,9773482.0,1,1,0,0,0,0,0,0,0,0,0,0,0,0,0,0,0,0,0,0
NTCL,2026-09-24,2.09,2.077,2.6239,18.946,145.5,-98.56,6.63,1.95,48034.0,0,0,0,1,0,0,0,0,0,0,0,0,0,0,0,0,0,0,0,0
NTCT,2026-09-24,39.25,38.2515,39.1896,34.7316,44.84,-12.47,1.92,-0.08,25339603.0,1,1,0,1,1,0,0,0,0,0,0,0,0,0,0,0,0,0,0,0
NTES,2026-09-24,117.56,118.5153,123.5824,122.3221,150.2921,-21.78,-0.2,0.46,74643505.0,0,0,0,0,0,0,0,0,0,0,0,0,0,0,0,0,0,0,0,0
NTGR,2026-09-24,22.12,21.6245,22.6496,23.2046,36.01,-38.57,-2.64,-0.54,7559620.0,0,0,0,1,0,0,0,0,0,0,0,0,0,0,0,0,0,0,0,0
NTHI,2026-09-24,3.3,3.9968,3.896,6.2689,12.09,-72.7,10.37,2.48,769372.0,0,0,0,0,0,0,0,0,0,0,0,0,0,0,1,0,0,0,0,0
NTIC,2026-09-24,7.85,7.927,8.0386,8.2627,9.8791,-20.54,1.68,-0.13,100473.0,0,0,0,0,0,0,0,0,0,0,0,0,0,0,0,0,0,0,0,0
NTIP,2026-09-24,1.56,1.5323,1.5226,1.3995,1.5968,-2.3,4.0,0.0,26080.0,1,1,1,1,1,1,0,0,0,0,0,0,0,0,0,0,0,0,0,0
NTLA,2026-09-24,12.16,12.3607,11.948,12.7594,27.98,-56.54,5.83,-1.38,47671410.0,0,0,0,0,1,0,0,0,0,0,0,0,0,0,0,0,0,0,0,0
NTNX,2026-09-24,68.59,68.0435,63.7751,49.7241,77.15,-11.1,-0.16,-1.56,193030454.0,1,1,0,1,1,1,0,0,0,0,0,0,0,0,0,0,0,0,0,0
NTR,2026-09-24,73.96,77.276,72.1056,69.3381,82.5877,-10.45,-4.79,-1.56,206801143.0,0,1,0,0,1,0,0,0,0,0,0,0,0,0,0,0,0,0,0,0
NTRA,2026-09-24,408.79,344.0248,311.3783,242.9613,408.79,0.0,18.37,4.61,487556874.0,0,1,1,1,1,1,1,1,1,0,0,0,1,0,1,1,1,0,0,0
NTRB,2026-09-24,8.99,6.2103,4.4459,4.0972,8.99,0.0,27.7,22.31,648549.0,0,1,1,1,1,1,1,1,1,0,0,0,1,1,1,1,1,1,0,0
NTRP,2026-09-24,1.87,1.5735,1.6005,2.5371,4.73,-60.47,5.06,-3.61,179168.0,0,0,0,1,1,0,0,0,0,0,0,0,0,0,0,0,0,0,0,0
NTRS,2026-09-24,174.5,182.3113,183.4006,160.1713,190.5711,-8.43,-1.21,0.29,174019330.0,0,1,0,0,0,0,0,0,0,0,0,0,0,0,0,0,0,0,0,0
NTSK,2026-09-24,18.57,15.8065,14.5587,12.9244,24.26,-23.45,7.4,0.0,122090690.0,0,1,0,1,1,1,0,0,0,0,0,0,0,0,0,0,0,0,0,0
NTST,2026-09-24,18.47,19.5321,20.3666,19.4424,22.014,-16.1,1.21,0.54,23537985.0,0,0,0,0,0,0,0,0,0,0,0,1,0,0,0,0,0,0,0,0
NTWK,2026-09-24,4.75,4.1865,4.2242,3.7973,5.22,-9.0,11.5,6.5,104702.0,0,1,0,1,1,0,1,1,0,0,0,0,1,1,1,1,0,1,0,0
NTWO,2026-09-24,10.86,10.95,10.898,10.6324,11.65,-6.78,-0.37,-0.41,2438744.0,1,1,0,0,0,0,0,0,0,0,0,0,0,0,0,0,0,0,0,0
NU,2026-09-24,13.56,14.546,14.385,14.8283,18.76,-27.72,-1.81,-0.44,994125036.0,0,0,0,0,0,0,0,0,0,0,0,0,0,0,0,0,0,0,0,0
NUAI,2026-09-24,6.94,5.8425,5.3608,4.9132,8.06,-13.9,19.45,-0.72,50452446.0,0,1,0,1,1,1,0,0,0,0,0,0,0,0,1,0,0,0,0,0
NUCL,2026-09-24,6.11,6.527,6.6078,,13.21,-53.75,-1.13,-1.77,1916793.0,0,0,0,0,0,0,0,0,0,0,0,0,0,0,0,0,0,0,0,0
NUE,2026-09-24,247.96,254.9465,255.1326,211.3067,274.74,-9.75,-4.88,0.4,306176814.0,1,1,0,0,0,0,0,0,0,0,0,0,0,0,0,0,0,0,0,0
NUS,2026-09-24,4.62,4.73,4.8929,6.9652,11.9107,-61.21,0.87,0.22,2597243.0,0,0,0,0,0,0,0,0,0,0,0,0,0,0,0,0,0,0,0,0
NUTX,2026-09-24,204.59,200.1292,180.7221,145.8796,217.325,-5.86,-5.86,1.35,30961021.0,1,1,0,1,1,1,0,0,0,0,0,0,0,0,0,0,0,0,0,0
NUV,2026-09-24,8.13,8.685,8.8816,8.9103,9.1481,-11.13,-4.8,-1.33,6567579.0,0,0,0,0,0,0,0,0,0,0,1,0,0,0,0,0,0,1,0,1
NUVB,2026-09-24,5.73,6.3425,6.4204,5.8714,9.54,-39.94,-0.87,0.35,29357837.0,0,0,0,0,0,0,0,0,0,0,0,0,0,0,0,0,0,0,0,0
NUW,2026-09-24,12.96,13.5352,13.7963,13.9384,14.3281,-9.55,-2.11,-0.77,1067025.0,0,0,0,0,0,0,0,0,0,0,1,0,0,0,0,0,0,0,0,1
NUWE,2026-09-24,0.81,0.84,1.4762,36.5099,146.65,-99.45,-1.22,-4.71,4818053.0,0,0,0,0,0,0,0,0,0,0,0,0,0,0,0,0,0,0,0,0
NVA,2026-09-24,5.17,5.829,5.335,6.4393,14.368,-64.02,-14.12,-7.68,2973580.0,0,0,0,0,0,0,0,0,0,0,0,0,0,0,0,0,0,0,0,0
NVAX,2026-09-24,10.6,9.8245,8.7278,8.747,11.19,-5.27,13.37,0.47,55387439.0,0,1,0,1,1,1,0,0,0,0,0,0,0,0,1,0,0,0,0,0
NVCR,2026-09-24,16.2,16.823,16.7484,14.6089,19.99,-18.96,-0.12,-0.31,17613156.0,0,1,0,0,0,0,0,0,0,0,0,0,0,0,0,0,0,0,0,0
NVCT,2026-09-24,21.63,23.047,21.4641,12.981,28.53,-24.19,-1.1,2.66,5149041.0,0,1,0,0,1,0,0,0,0,0,0,0,0,0,0,0,0,0,0,0
NVDA,2026-09-24,224.58,221.7873,215.4367,198.9275,235.2024,-4.52,2.39,-0.41,28116680869.0,1,1,1,1,1,1,0,0,0,0,0,0,0,0,0,0,0,0,0,0
NVEC,2026-09-24,106.65,101.1305,107.3961,84.7401,133.0557,-19.85,9.4,-1.99,10849060.0,0,1,0,1,0,0,0,0,0,0,0,0,0,0,0,0,0,0,0,0
NVG,2026-09-24,10.94,11.661,12.0296,12.1746,12.8765,-15.04,-3.78,-2.23,9617960.0,0,0,0,0,0,0,0,0,0,0,1,0,0,0,0,0,0,0,0,1
NVGS,2026-09-24,23.34,23.1275,22.0408,20.3916,25.06,-6.86,-4.7,1.3,10643184.0,1,1,0,1,1,1,0,0,0,0,0,0,0,0,0,0,0,0,0,0
NVMI,2026-09-24,366.8,357.206,388.2282,441.2408,605.65,-39.44,8.12,0.29,221168670.0,0,0,0,1,0,0,0,0,0,0,0,0,0,0,0,0,0,0,0,0
NVNI,2026-09-24,0.96,0.9451,1.0598,1.4993,14.5,-93.38,0.31,2.45,55944.0,0,0,0,1,0,0,0,0,0,0,0,0,0,0,0,0,0,0,0,0
NVNO,2026-09-24,9.09,10.3283,10.5167,10.8639,34.09,-73.34,0.44,1.45,269649.0,0,0,0,0,0,0,0,0,0,0,0,0,0,0,0,0,0,0,0,0
NVO,2026-09-24,38.62,43.5055,45.7864,44.8326,60.9379,-36.62,-10.58,1.18,564279500.0,0,0,0,0,0,0,0,0,0,0,0,1,0,0,0,0,0,0,0,0
NVR,2026-09-24,6235.4902,6253.8015,6314.8678,6735.3992,8178.0,-23.75,0.79,-0.1,256601844.0,0,0,0,0,0,0,0,0,0,0,0,0,0,0,0,0,0,0,0,0
NVRI,2026-09-24,19.43,21.789,21.786,19.9204,23.86,-18.57,-5.31,0.0,7474580.0,0,0,0,0,0,0,0,0,0,0,0,0,0,0,0,0,0,0,0,0
NVS,2026-09-24,143.57,146.9765,151.8406,148.9294,163.6393,-12.26,3.51,0.6,381093087.0,0,0,0,0,0,0,0,0,0,0,0,0,0,0,0,0,0,0,0,0
NVST,2026-09-24,24.07,25.8455,26.7978,25.5815,30.26,-20.46,-3.6,1.05,68021076.0,0,0,0,0,0,0,0,0,0,0,0,0,0,0,0,0,0,0,0,0
NVT,2026-09-24,162.88,154.3865,156.5129,138.2507,184.0962,-11.52,10.31,0.02,400244010.0,0,1,0,1,1,0,0,0,0,0,0,0,0,0,1,0,0,0,0,0
NVTS,2026-09-24,11.84,11.5035,12.0363,13.1155,31.79,-62.76,6.28,0.0,129101272.0,0,0,0,1,0,0,0,0,0,0,0,0,0,0,0,0,0,0,0,0
NVX,2026-09-24,2.64,3.0451,3.7002,7.107,29.4,-91.02,-11.11,-5.75,126357.0,0,0,0,0,0,0,0,0,0,0,0,0,0,0,0,0,0,1,0,1
NWAX,2026-09-24,10.07,10.1338,10.1442,,10.22,-1.47,-0.35,-0.1,2159810.0,0,0,1,0,0,0,0,0,0,0,1,0,0,0,0,0,0,0,0,0
NWBI,2026-09-24,15.18,15.389,15.4402,13.5623,15.8094,-3.98,-1.75,0.93,17025118.0,1,1,1,0,0,0,0,0,0,0,0,0,0,0,0,0,0,0,0,0
NWCL,2026-09-24,7.7,9.8443,10.3469,10.5017,11.44,-32.69,-17.65,-1.66,8023907.0,0,0,0,0,0,0,0,0,0,0,1,0,0,0,0,0,0,0,0,1
NWE,2026-09-24,68.07,69.7435,70.2131,68.1395,72.735,-6.41,-0.66,-0.92,29235066.0,0,0,0,0,0,0,0,0,0,0,0,0,0,0,0,0,0,0,0,0
NWFL,2026-09-24,33.66,34.388,33.7504,30.5096,35.25,-4.51,-3.41,0.96,1132592.0,1,1,1,0,0,0,0,0,0,0,0,0,0,0,0,0,0,0,0,0
NWG,2026-09-24,18.14,18.573,18.4402,16.5495,19.1,-5.03,-2.58,1.28,54566056.0,1,1,0,0,0,0,0,0,0,0,0,0,0,0,0,0,0,0,0,0
NWGL,2026-09-24,1.435,1.2228,0.6951,0.8949,1.75,-18.0,-7.42,1.77,2188249.0,0,1,0,1,1,1,0,0,0,0,0,0,0,0,0,0,0,0,0,0
NWL,2026-09-24,5.59,5.8638,5.7336,4.5043,6.34,-11.83,-1.76,-1.58,40426710.0,0,1,0,0,0,0,0,0,0,0,0,0,0,0,0,0,0,0,0,0
NWN,2026-09-24,46.97,48.8605,49.7219,49.184,54.7374,-14.19,-3.49,-0.55,12764483.0,0,0,0,0,0,0,0,0,0,0,0,0,0,0,0,0,0,0,0,0
NWPX,2026-09-24,101.34,106.1135,116.0328,96.7424,149.94,-32.41,-0.99,-1.25,16460182.0,0,1,0,0,0,0,0,0,0,0,0,0,0,0,0,0,0,0,0,0
NWS,2026-09-24,31.56,33.5414,32.8683,29.9767,35.2141,-10.38,-5.62,1.09,44096651.0,0,1,0,0,0,0,0,0,0,0,0,0,0,0,0,0,0,0,0,0
NWSA,2026-09-24,28.44,30.0592,29.1303,26.3469,31.0854,-8.51,-5.8,1.14,138228979.0,0,1,0,0,0,0,0,0,0,0,0,0,0,0,0,0,0,0,0,0
NWTG,2026-09-24,0.963,1.1933,1.1847,1.31,1.96,-50.87,-11.65,-15.9,62426.0,0,0,0,0,0,0,0,0,0,0,0,0,0,0,0,0,0,1,0,0
NX,2026-09-24,19.28,20.285,19.8622,18.4474,22.8426,-15.6,-7.22,-2.77,11235305.0,0,1,0,0,0,0,0,0,0,0,0,0,0,0,0,0,0,0,0,0
NXAT,2026-09-24,1.155,1.338,2.1417,11.0248,90.3,-98.72,-6.1,-1.28,162352.0,0,0,0,0,0,0,0,0,0,0,0,0,0,0,0,0,0,0,0,1
NXB,2026-09-24,2.08,2.1985,2.0929,2.4076,3.8,-45.26,-1.89,-0.95,129313.0,0,0,0,0,0,0,0,0,0,0,0,0,0,0,0,0,0,0,0,0
NXDR,2026-09-24,2.42,2.335,2.3832,2.0064,2.77,-12.64,-2.42,1.68,5739859.0,0,1,0,1,1,0,0,0,0,0,0,0,0,0,0,0,0,0,0,0
NXDT,2026-09-24,5.21,5.3264,5.2045,4.6302,5.7469,-9.34,-2.25,0.97,819484.0,1,1,0,0,1,0,0,0,0,0,0,0,0,0,0,0,0,0,0,0
NXE,2026-09-24,9.27,10.094,9.951,10.8923,13.92,-33.41,-1.17,-3.74,41144773.0,0,0,0,0,0,0,0,0,0,0,0,0,0,0,0,0,0,0,0,0
NXG,2026-09-24,54.95,55.1919,56.8928,52.9697,62.8016,-12.5,2.14,-1.59,3918272.0,1,1,0,0,0,0,0,0,0,0,0,0,0,0,0,0,0,0,0,0
NXGL,2026-09-24,0.262,0.3042,0.3728,0.8197,2.78,-90.58,5.65,-2.24,72530.0,0,0,0,0,0,0,0,0,0,0,0,0,0,0,0,0,0,0,0,0
NXH,2026-09-24,3.3,3.6645,4.305,5.2697,12.11,-72.75,-1.2,-1.49,8868422.0,0,0,0,0,0,0,0,0,0,0,0,0,0,0,0,0,0,0,0,1
NXL,2026-09-24,4.355,5.6183,9.0945,13.5574,55.8,-92.2,-11.48,-9.5,96407.0,0,0,0,0,0,0,0,0,0,0,1,0,0,0,0,0,0,0,0,0
NXP,2026-09-24,12.95,13.7714,14.0124,13.9576,14.3486,-9.75,-4.29,-1.75,3090021.0,0,0,0,0,0,0,0,0,0,0,1,0,0,0,0,0,0,1,0,1
NXPI,2026-09-24,230.16,226.0293,236.5784,243.3288,330.0601,-30.27,5.11,-2.24,790809658.0,0,0,0,1,0,0,0,0,0,0,0,0,0,0,0,0,0,0,0,0
NXPL,2026-09-24,9.05,9.195,7.799,6.4583,9.8,-7.65,2.61,-0.55,305280.0,1,1,0,0,1,0,0,0,0,0,0,0,0,0,0,0,0,0,0,0
NXRT,2026-09-24,20.18,22.2648,23.8103,26.1933,30.1834,-33.14,-5.44,-2.7,16776833.0,0,0,0,0,0,0,0,0,0,0,1,0,0,0,0,0,0,0,0,1
NXST,2026-09-24,161.53,171.4295,180.3543,194.7691,248.7717,-35.07,-1.31,-2.44,67063441.0,0,0,0,0,0,0,0,0,0,0,0,0,0,0,0,0,0,0,0,0
NXT,2026-09-24,79.97,82.958,92.1232,108.0604,156.4,-48.87,2.49,-2.25,173335882.0,0,0,0,0,0,0,0,0,0,0,0,0,0,0,0,0,0,0,0,0
NXTC,2026-09-24,5.28,6.5673,6.1754,8.749,14.27,-63.0,-12.44,9.54,692351.0,0,0,0,0,0,0,0,0,0,0,0,0,1,1,0,0,0,1,0,0
NXTS,2026-09-24,1.46,1.6157,1.802,6.1088,39.9,-96.34,6.57,0.34,70941.0,0,0,0,0,0,0,0,0,0,0,0,0,0,0,0,0,0,0,0,0
NXTT,2026-09-24,5.675,5.641,24.1521,249.1945,2815.0,-99.8,7.28,-0.44,471073.0,0,0,0,1,0,0,0,0,0,0,1,0,0,0,0,0,0,0,0,0
NXXT,2026-09-24,0.877,0.5309,0.3786,0.6263,2.82,-68.9,-24.4,-3.41,414642.0,0,1,0,1,1,1,0,0,0,0,0,0,0,0,0,0,0,0,1,0
NYAX,2026-09-24,44.75,48.4475,55.8246,58.8962,75.81,-40.97,4.29,4.97,1359110.0,0,0,0,0,0,0,0,0,0,0,0,0,1,0,0,0,0,0,0,0
NYC,2026-09-24,6.5,6.2178,7.3556,8.3337,11.38,-42.88,10.73,4.0,137769.0,0,0,0,1,0,0,0,0,0,0,0,0,1,0,1,0,0,0,0,0
NYT,2026-09-24,63.05,67.842,68.9656,73.4954,85.5921,-26.34,-9.85,1.87,213359346.0,0,0,0,0,0,0,0,0,0,0,0,0,0,0,0,0,0,0,0,0
NYXH,2026-09-24,1.27,1.5295,1.5264,2.9914,6.52,-80.52,-18.06,-4.51,901695.0,0,0,0,0,0,0,0,0,0,0,0,0,0,0,0,0,0,0,0,1
NZF,2026-09-24,11.07,11.6367,11.9685,12.0625,12.4709,-11.23,-2.21,-1.51,10846433.0,0,0,0,0,0,0,0,0,0,0,1,0,0,0,0,0,0,0,0,1
O,2026-09-24,55.41,59.4668,61.7672,60.7391,65.8234,-15.82,-3.04,-0.36,432745863.0,0,0,0,0,0,0,0,0,0,0,1,0,0,0,0,0,0,0,0,0
OABI,2026-09-24,4.79,4.4677,3.4821,2.3193,5.04,-4.96,10.11,0.0,6837119.0,0,1,1,1,1,1,0,0,0,0,0,0,0,0,1,0,0,0,0,0
OACC,2026-09-24,10.78,10.7718,10.7519,10.6748,10.8,-0.19,0.08,0.28,356857.0,1,1,1,1,1,1,0,0,0,0,0,0,0,0,0,0,0,0,0,0
OBA,2026-09-24,10.34,10.3228,10.2952,10.1823,10.34,0.0,0.1,0.1,367493.0,0,1,1,1,1,1,0,0,1,0,0,0,0,0,0,0,0,0,0,0
OBAI,2026-09-24,0.23,0.3145,0.4076,,33.0,-99.3,-11.54,-8.0,1569132.0,0,0,0,0,0,0,0,0,0,0,1,0,0,0,0,0,0,0,0,1
OBDC,2026-09-24,10.8,11.199,11.1847,11.0682,12.2711,-11.99,-2.79,-1.37,33355646.0,0,0,0,0,0,0,0,0,0,0,0,0,0,0,0,0,0,0,0,0
OBE,2026-09-24,11.25,11.966,11.004,9.4759,14.46,-22.2,-7.33,0.36,10559793.0,0,1,0,0,1,0,0,0,0,0,0,0,0,0,0,0,0,0,0,0
OBIO,2026-09-24,5.95,5.5507,4.8117,4.3403,6.25,-4.8,-1.0,0.34,2116213.0,0,1,1,1,1,1,0,0,0,0,0,0,0,0,0,0,0,0,0,0
OBK,2026-09-24,53.3,53.6925,53.4929,46.1221,54.9577,-3.02,-0.49,0.93,8449672.0,1,1,1,0,0,0,0,0,0,0,0,0,0,0,0,0,0,0,0,0
OBT,2026-09-24,37.38,37.9923,38.0152,33.9696,39.0063,-4.17,-2.27,0.0,1994975.0,1,1,1,0,0,0,0,0,0,0,0,0,0,0,0,0,0,0,0,0
OC,2026-09-24,120.72,131.4045,140.6542,125.0809,158.92,-24.04,-4.64,-1.76,149366633.0,0,0,0,0,0,0,0,0,0,0,1,0,0,0,0,0,0,0,0,0
OCC,2026-09-24,14.28,13.782,14.6546,11.1137,26.92,-46.95,3.85,0.85,3774325.0,0,1,0,1,0,0,0,0,0,0,0,0,0,0,0,0,0,0,0,0
OCCI,2026-09-24,2.27,2.4834,2.4249,2.9675,4.3593,-47.93,-3.81,-2.99,461147.0,0,0,0,0,0,0,0,0,0,0,0,0,0,0,0,0,0,0,0,0
OCFC,2026-09-24,16.87,18.5015,19.0372,18.5158,20.0415,-15.82,-7.56,-0.76,18460700.0,0,0,0,0,0,0,0,0,0,0,1,0,0,0,0,0,0,0,0,0
OCG,2026-09-24,1.53,1.5715,1.6178,89.0264,6589.917,-99.98,0.66,-1.92,85619.0,0,0,0,0,0,0,0,0,0,0,0,0,0,0,0,0,0,0,0,0
OCGN,2026-09-24,1.0,1.1516,1.2525,1.5019,2.48,-59.68,-2.91,0.0,9111533.0,0,0,0,0,0,0,0,0,0,0,0,0,0,0,0,0,0,0,0,0
OCS,2026-09-24,9.41,11.207,11.8524,20.5204,32.65,-71.18,-5.05,-5.81,2039913.0,0,0,0,0,0,0,0,0,0,0,1,0,0,0,0,0,0,0,0,1
OCSL,2026-09-24,12.08,12.5167,12.2634,11.5718,12.9157,-6.47,-2.82,-0.66,5559476.0,0,1,0,0,0,0,0,0,0,0,0,0,0,0,0,0,0,0,0,0
OCTV,2026-09-24,19.05,18.917,18.3606,,,,4.27,-3.88,62188023.0,0,0,0,1,1,1,0,0,0,0,0,0,0,0,0,0,0,0,0,0
OCUL,2026-09-24,9.82,10.493,9.8681,9.8558,16.11,-39.04,-0.51,-1.8,22556833.0,0,0,0,0,0,0,0,0,0,1,0,0,0,0,0,0,0,0,0,0
ODC,2026-09-24,92.6,88.787,92.3363,75.3219,106.192,-12.8,5.54,2.81,8984454.0,0,1,0,1,1,0,0,0,0,0,0,0,0,0,0,0,0,0,0,0
ODD,2026-09-24,18.07,16.2528,15.2215,20.2016,62.3,-71.0,-0.39,1.35,31386040.0,0,0,0,1,1,1,0,0,0,0,0,0,0,0,0,0,0,0,0,0
ODFL,2026-09-24,174.93,184.2716,204.1235,198.5512,248.3443,-29.56,0.33,-1.57,341352494.0,0,0,0,0,0,0,0,0,0,0,0,0,0,0,0,0,0,0,0,0
ODTX,2026-09-24,19.93,24.3615,21.99,,,,-13.8,-4.0,8867755.0,0,0,0,0,0,0,0,0,0,0,0,0,0,0,0,0,0,0,0,0
ODYS,2026-09-24,3.14,3.4905,3.9562,4.6384,7.3,-56.99,-7.65,1.29,103191.0,0,0,0,0,0,0,0,0,0,0,0,0,0,0,0,0,0,0,0,0
OEC,2026-09-24,6.02,5.975,6.3952,6.3194,8.2556,-27.08,4.7,0.17,2456544.0,0,0,0,1,0,0,0,0,0,0,0,0,0,0,0,0,0,0,0,0
OESX,2026-09-24,29.25,26.3585,19.5014,13.8084,30.52,-4.16,4.61,2.92,2731233.0,0,1,1,1,1,1,0,0,0,0,0,0,0,0,0,0,0,0,0,0
OFAL,2026-09-24,0.509,0.6502,0.8707,3.7365,15.1,-96.63,-11.94,-13.73,4944025.0,0,0,0,0,0,0,0,0,0,0,0,0,0,0,0,0,0,1,0,1
OFG,2026-09-24,51.74,52.4125,52.377,45.1335,53.95,-4.1,-1.43,0.35,14343837.0,1,1,1,0,0,0,0,0,0,0,0,0,0,0,0,0,0,0,0,0
OFIX,2026-09-24,9.16,9.165,10.2368,11.8984,16.23,-43.56,2.92,-0.22,3228660.0,0,0,0,0,0,0,0,0,0,0,0,0,0,0,0,0,0,0,0,0
OFLX,2026-09-24,25.17,26.1165,28.1032,30.2986,36.7527,-31.52,-4.3,-1.14,839335.0,0,0,0,0,0,0,0,0,0,0,0,0,0,0,0,0,0,0,0,0
OFRM,2026-09-24,16.5,16.8245,16.847,,25.92,-36.34,0.92,1.98,5852553.0,0,0,0,0,0,0,0,0,0,0,0,0,0,0,0,0,0,0,0,0
OFS,2026-09-24,3.58,3.676,3.5063,3.5708,6.8626,-47.83,-6.25,0.56,312079.0,1,1,0,0,1,0,0,0,0,0,0,0,0,0,0,0,0,0,0,0
OGC,2026-09-24,28.0,29.478,27.6224,30.3701,42.2547,-33.74,-1.41,0.18,18853095.0,0,0,0,0,1,0,0,0,0,0,0,0,0,0,0,0,0,0,0,0
OGE,2026-09-24,44.28,46.073,47.001,46.1183,49.95,-11.35,-3.76,-0.96,73489909.0,0,0,0,0,0,0,0,0,0,0,0,0,0,0,0,0,0,0,0,0
OGEN,2026-09-24,0.5,0.5065,0.5212,0.664,1.42,-64.79,0.0,2.04,16863.0,0,0,0,0,0,0,0,0,0,0,0,0,0,0,0,0,0,0,0,0
OGG,2026-09-24,2.73,2.852,2.6868,3.1683,4.78,-42.89,3.41,1.49,3442041.0,0,0,0,0,1,0,0,0,0,0,0,0,0,0,0,0,0,0,0,0
OGI,2026-09-24,1.1,1.1288,1.0846,1.3079,2.11,-47.87,3.77,0.92,577976.0,0,0,0,0,1,0,0,0,0,0,0,0,0,0,0,0,0,0,0,0
OGN,2026-09-24,13.72,13.715,13.6395,10.6354,13.78,-0.44,0.37,-0.07,41445823.0,1,1,1,1,1,1,0,0,0,0,0,0,0,0,0,0,0,0,0,0
OGS,2026-09-24,71.95,77.7795,78.6387,80.1803,89.1369,-19.28,-5.89,-0.47,42851793.0,0,0,0,0,0,0,0,0,0,0,1,0,0,0,0,0,0,0,0,1
OHAC,2026-09-24,9.99,9.974,9.9502,,,,0.0,0.1,683652.0,0,0,0,1,1,1,0,0,0,0,0,0,0,0,0,0,0,0,0,0
OHI,2026-09-24,46.33,46.7535,47.6995,45.4871,51.0254,-9.2,-1.24,0.35,93855796.0,1,1,0,0,0,0,0,0,0,0,0,0,0,0,0,0,0,0,0,0
OI,2026-09-24,5.86,6.6655,7.3152,10.7108,16.63,-64.76,-4.72,-3.46,21244650.0,0,0,0,0,0,0,0,0,0,0,1,0,0,0,0,0,0,0,0,1
OIA,2026-09-24,5.47,5.8457,5.9645,5.9643,6.1894,-11.62,-4.2,-1.62,729863.0,0,0,0,0,0,0,0,0,0,0,1,0,0,0,0,0,0,0,0,1
OII,2026-09-24,46.67,49.116,49.0518,37.9132,54.11,-13.75,0.13,0.93,44036729.0,0,1,0,0,0,0,0,0,0,0,0,0,0,0,0,0,0,0,0,0
OIM,2026-09-24,10.15,10.1285,10.1222,,10.2,-0.49,0.2,0.0,231215.0,0,0,1,1,1,1,0,0,0,0,0,0,0,0,0,0,0,0,0,0
OIO,2026-09-24,1.679,1.8503,1.9022,5.9853,12.96,-87.04,-9.24,-9.97,292425.0,0,0,0,0,0,0,0,0,0,0,0,0,0,0,0,0,0,0,0,0
OIS,2026-09-24,8.31,8.585,8.5322,9.2035,14.39,-42.25,-1.54,0.0,4362765.0,0,0,0,0,0,0,0,0,0,0,0,0,0,0,0,0,0,0,0,0
OKE,2026-09-24,91.18,94.6765,92.5846,84.7882,97.51,-6.49,-1.64,0.71,356000315.0,0,1,0,0,0,0,0,0,0,0,0,0,0,0,0,0,0,0,0,0
OKLO,2026-09-24,38.29,39.379,41.3206,61.2594,174.14,-78.01,-3.43,-1.37,401365284.0,0,0,0,0,0,0,0,0,0,0,0,0,0,0,0,0,0,0,0,0
OKTA,2026-09-24,206.64,176.7942,156.3287,108.0743,206.64,0.0,9.84,0.62,860652365.0,0,1,1,1,1,1,0,0,1,0,0,0,0,0,0,0,0,0,0,0
OKUR,2026-09-24,2.93,3.3045,3.7574,3.6826,5.27,-44.4,1.74,-0.34,526232.0,0,0,0,0,0,0,0,0,0,0,1,0,0,0,0,0,0,0,0,0
OKYO,2026-09-24,1.38,1.4565,1.5048,1.7159,3.11,-55.63,3.76,4.55,120554.0,0,0,0,0,0,0,0,0,0,0,0,0,1,0,0,0,0,0,0,0
OLB,2026-09-24,0.2097,0.257,0.2892,0.4975,1.5,-86.02,3.15,-0.94,6362677.0,0,0,0,0,0,0,0,0,0,0,0,0,0,0,0,0,0,0,0,0
OLED,2026-09-24,73.44,80.1458,82.5098,96.1999,148.2481,-50.46,-3.76,-4.26,65459656.0,0,0,0,0,0,0,0,0,0,0,0,0,0,0,0,0,0,0,0,1
OLLI,2026-09-24,84.44,75.3637,74.0713,90.4371,134.68,-37.3,15.31,2.22,153944958.0,0,0,0,1,1,1,1,1,0,0,0,0,0,0,1,1,1,0,0,0
OLMA,2026-09-24,9.04,10.2242,10.8577,16.8269,35.83,-74.77,-7.09,2.38,11203468.0,0,0,0,0,0,0,0,0,0,0,0,1,0,0,0,0,0,0,0,0
OLN,2026-09-24,16.26,17.13,18.8145,22.7063,29.586,-45.04,-4.47,-3.04,46295432.0,0,0,0,0,0,0,0,0,0,0,0,0,0,0,0,0,0,0,0,1
OLOX,2026-09-24,0.829,0.923,2.6747,9.0291,82.15,-98.99,-1.54,-0.72,3715608.0,0,0,0,0,0,0,0,0,0,0,1,0,0,0,0,0,0,0,0,0
OLP,2026-09-24,22.48,23.4155,24.0882,22.546,25.44,-11.64,-1.71,-0.75,1754910.0,0,0,0,0,0,0,0,0,0,0,1,0,0,0,0,0,0,0,0,0
OM,2026-09-24,3.13,3.4413,4.079,4.1817,15.81,-80.2,0.32,1.29,454739.0,0,0,0,0,0,0,0,0,0,0,1,0,0,0,0,0,0,0,0,0
OMAB,2026-09-24,101.06,99.348,103.3342,107.5747,131.1664,-22.95,4.0,-0.24,9784442.0,0,0,0,1,0,0,0,0,0,0,0,0,0,0,0,0,0,0,0,0
OMC,2026-09-24,74.7,80.6205,81.9056,76.8074,88.0348,-15.15,-4.87,-1.05,258726381.0,0,0,0,0,0,0,0,0,0,0,0,0,0,0,0,0,0,0,0,0
OMCL,2026-09-24,33.03,33.397,36.6678,40.4779,51.39,-35.73,1.85,0.12,19894462.0,0,0,0,0,0,0,0,0,0,0,0,0,0,0,0,0,0,0,0,0
OMDA,2026-09-24,19.72,21.6865,22.1456,17.1216,26.78,-26.36,-0.2,-4.69,30326954.0,0,1,0,0,0,0,0,0,0,0,0,0,0,0,0,0,0,0,0,0
OMER,2026-09-24,20.13,18.6785,15.5888,12.6896,20.74,-2.94,16.09,-2.94,27251179.0,0,1,1,1,1,1,0,0,0,0,0,0,0,0,1,0,0,0,0,0
OMEX,2026-09-24,0.702,0.784,0.7814,1.2568,4.12,-82.96,0.0,-3.17,200743.0,0,0,0,0,0,0,0,0,0,0,0,0,0,0,0,0,0,0,0,0
OMF,2026-09-24,56.67,61.895,62.1217,58.2689,67.6305,-16.21,-6.44,-1.01,59146894.0,0,0,0,0,0,0,0,0,0,0,1,0,0,0,0,0,0,0,0,0
OMH,2026-09-24,2.43,2.822,6.6748,39.8202,94.0,-97.41,1.67,-2.8,2674844.0,0,0,0,0,0,0,0,0,0,0,0,0,0,0,0,0,0,0,0,0
OMSE,2026-09-24,4.21,4.5521,4.4342,4.4957,6.78,-37.91,-3.44,-1.17,177221.0,0,0,0,0,0,0,0,0,0,0,0,0,0,0,0,0,0,0,0,0
ON,2026-09-24,73.15,72.2405,78.3254,79.671,133.93,-45.38,9.83,-1.28,753673975.0,0,0,0,1,0,0,0,0,0,0,0,0,0,0,0,0,0,0,0,0
ONB,2026-09-24,25.09,25.4918,26.0424,24.0896,27.1377,-7.55,-0.87,1.41,98335298.0,1,1,0,0,0,0,0,0,0,0,0,0,0,0,0,0,0,0,0,0
ONC,2026-09-24,359.97,357.5057,346.7605,318.5828,377.47,-4.64,3.42,-1.38,134649173.0,1,1,1,1,1,1,0,0,0,0,0,0,0,0,0,0,0,0,0,0
ONCH,2026-09-24,10.32,10.322,10.299,10.2332,10.45,-1.24,0.0,0.0,319112.0,1,1,1,0,1,0,0,0,0,0,0,0,0,0,0,0,0,1,0,0
ONCO,2026-09-24,0.911,0.7278,0.7774,25.792,206.0,-99.56,37.2,0.11,2197877.0,0,0,0,1,1,0,0,0,0,0,0,0,0,0,1,0,0,1,0,0
ONCY,2026-09-24,0.68,0.792,0.8072,0.9189,1.42,-52.11,-11.69,0.0,846007.0,0,0,0,0,0,0,0,0,0,0,1,0,0,0,0,0,0,0,0,1
ONDS,2026-09-24,7.6,7.5072,7.98,9.4798,14.01,-45.75,2.84,2.7,490910494.0,0,0,0,1,0,0,0,0,0,0,0,0,0,0,0,0,0,0,0,0
ONEG,2026-09-24,1.01,1.023,1.0378,2.0602,12.7,-92.05,-0.98,-0.98,31587.0,0,0,0,0,0,0,0,0,0,0,0,0,0,0,0,0,0,0,0,0
ONEN,2026-09-24,3.47,8.8585,9.5895,10.1781,11.26,-69.18,-65.81,-22.2,2731003.0,0,0,0,0,0,0,0,0,0,0,1,0,0,0,0,0,0,0,0,1
ONEW,2026-09-24,9.9,10.936,11.8323,11.3401,16.96,-41.63,3.88,-0.4,1149212.0,0,0,0,0,0,0,0,0,0,0,0,0,0,0,0,0,0,0,0,0
ONFO,2026-09-24,0.835,1.04,2.713,26.1277,75.0,-98.89,3.21,2.45,208393.0,0,0,0,0,0,0,0,0,0,0,1,0,0,0,0,0,0,0,0,0
ONIT,2026-09-24,31.01,33.838,36.62,40.3951,53.35,-41.87,-9.19,-1.49,2098768.0,0,0,0,0,0,0,0,0,0,0,1,0,0,0,0,0,0,0,0,1
ONL,2026-09-24,2.52,2.622,2.6878,2.5207,2.9799,-15.43,3.7,1.61,782817.0,0,0,0,0,0,0,0,0,0,0,0,0,0,0,0,0,0,0,0,0
ONMD,2026-09-24,0.705,0.6356,0.6533,0.8344,3.14,-77.55,14.63,7.63,189003.0,0,0,0,1,1,0,0,0,0,0,0,0,1,1,1,0,0,0,0,0
ONON,2026-09-24,30.46,27.9925,31.9578,38.5549,50.63,-39.84,11.45,0.99,307984765.0,0,0,0,1,0,0,0,0,0,0,0,0,0,0,1,0,0,0,0,0
ONT,2026-09-24,16.82,17.4705,18.1002,20.9356,29.93,-43.8,-4.05,-1.18,9288725.0,0,0,0,0,0,0,0,0,0,0,0,0,0,0,0,0,0,0,0,0
ONTO,2026-09-24,279.73,267.6495,280.9486,248.6396,378.45,-26.09,14.81,-0.91,238559297.0,0,1,0,1,0,0,0,0,0,0,0,0,0,0,1,0,0,0,0,0
OOMA,2026-09-24,21.92,22.5655,21.6038,16.4842,23.38,-6.24,-2.92,-0.59,12700733.0,1,1,0,0,1,0,0,0,0,0,0,0,0,0,0,0,0,0,0,0
OPAD,2026-09-24,3.36,3.8957,4.2505,2.3151,6.17,-45.54,-3.45,-1.47,173886.0,0,1,0,0,0,0,0,0,0,0,0,0,0,0,0,0,0,0,0,0
OPAL,2026-09-24,1.84,1.9395,2.1553,2.2357,2.78,-33.81,-4.17,-1.08,462656.0,0,0,0,0,0,0,0,0,0,0,0,0,0,0,0,0,0,0,0,0
OPBK,2026-09-24,15.11,15.237,15.325,14.2192,16.0164,-5.66,-1.88,1.55,736117.0,1,1,0,0,0,0,0,0,0,0,0,0,0,0,0,0,0,0,0,0
OPCH,2026-09-24,22.94,23.8515,23.3512,26.8245,36.59,-37.31,-6.25,-1.71,49406409.0,0,0,0,0,0,0,0,0,0,0,0,0,0,0,0,0,0,0,0,0
OPEN,2026-09-24,2.53,2.882,3.4251,4.7726,9.37,-73.0,-1.17,-1.94,87372742.0,0,0,0,0,0,0,0,0,0,0,0,0,0,0,0,0,0,0,0,1
OPFI,2026-09-24,6.24,7.108,7.9668,8.8674,12.24,-49.02,-11.24,-0.64,6704175.0,0,0,0,0,0,0,0,0,0,0,0,0,0,0,0,0,0,0,0,1
OPHC,2026-09-24,9.27,9.0635,8.4656,5.9987,10.1,-8.22,1.98,3.81,903240.0,1,1,0,1,1,1,0,0,0,0,0,0,1,0,0,0,0,0,0,0
OPI,2026-09-24,16.78,17.182,18.0074,,,,3.52,-4.6,1583052.0,0,0,0,0,0,0,0,0,0,0,0,0,0,0,0,0,0,0,0,0
OPK,2026-09-24,1.64,1.5835,1.437,1.3124,1.7,-3.53,1.86,-3.53,4809317.0,0,1,1,1,1,1,0,0,0,0,0,0,0,0,0,0,0,0,0,0
OPLN,2026-09-24,34.5,34.9285,36.6042,33.2438,42.9,-19.58,-1.6,0.91,38399726.0,1,1,0,0,0,0,0,0,0,0,0,0,0,0,0,0,0,0,0,0
OPP,2026-09-24,6.92,7.2412,7.367,7.2538,7.5428,-8.26,-2.54,-0.72,822776.0,0,0,0,0,0,0,0,0,0,0,1,0,0,0,0,0,0,0,0,1
OPRA,2026-09-24,17.7,18.4865,19.0202,16.3527,20.51,-13.7,-3.86,-0.17,6318871.0,0,1,0,0,0,0,0,0,0,0,0,0,0,0,0,0,0,0,0,0
OPRT,2026-09-24,8.3,7.793,7.103,5.7387,8.48,-2.12,6.41,-2.12,4137554.0,0,1,1,1,1,1,0,0,0,0,0,0,0,0,0,0,0,0,0,0
OPRX,2026-09-24,7.89,7.665,7.303,7.9132,21.68,-63.61,4.78,3.82,1142611.0,0,0,0,1,1,1,0,0,0,0,0,0,1,0,0,0,0,0,0,0
OPTH,2026-09-24,4.9,4.815,4.8242,,,,0.0,-1.21,314526.0,0,0,0,1,1,0,0,0,0,0,0,0,0,0,0,0,0,0,0,0
OPTT,2026-09-24,2.09,1.059,0.5332,0.4123,2.73,-23.44,8.29,-5.0,1293613.0,0,1,0,1,1,1,0,0,0,0,0,0,0,0,0,0,0,0,0,0
OPTU,2026-09-24,1.04,1.0165,0.9112,1.3026,2.69,-61.34,2.97,1.96,2219708.0,0,0,0,1,1,1,0,0,0,0,0,0,0,0,0,0,0,0,0,0
OPTX,2026-09-24,7.31,7.477,7.667,7.4962,14.11,-48.19,14.76,-3.56,2263526.0,0,0,0,0,0,0,0,0,0,0,0,0,0,0,1,0,0,0,0,0
OPXS,2026-09-24,10.45,10.3045,11.0728,12.478,17.32,-39.67,-1.32,0.48,415620.0,0,0,0,1,0,0,0,0,0,0,0,0,0,0,0,0,0,0,0,0
OPY,2026-09-24,118.56,119.305,115.4344,97.3336,124.74,-4.95,4.8,2.78,13409584.0,1,1,1,0,1,0,0,0,0,0,0,0,0,0,0,0,0,0,0,0
OR,2026-09-24,35.74,36.6485,33.7272,36.8906,47.5587,-24.85,0.76,-0.91,32253882.0,0,0,0,0,1,0,0,0,0,0,0,0,0,0,0,0,0,0,0,0
ORA,2026-09-24,92.54,99.407,103.0203,114.4174,144.9413,-36.15,0.71,-3.43,97791572.0,0,0,0,0,0,0,0,0,0,0,0,0,0,0,0,0,0,0,0,0
ORBS,2026-09-24,1.03,0.943,0.7896,1.0945,13.19,-92.19,13.56,-2.83,13330953.0,0,0,0,1,1,1,0,0,0,0,0,0,0,0,1,0,0,0,0,0
ORC,2026-09-24,5.77,6.3265,6.428,6.5598,7.3941,-21.96,-4.63,-2.86,31622900.0,0,0,0,0,0,0,0,0,0,0,1,0,0,0,0,0,0,0,0,0
ORCL,2026-09-24,139.54,149.3765,141.9874,164.218,310.0098,-54.99,-7.34,-3.47,5024063804.0,0,0,0,0,0,0,0,0,0,0,0,0,0,0,0,0,0,0,0,0
ORGO,2026-09-24,1.42,1.5595,1.9384,2.8732,6.54,-78.29,2.16,-2.07,1029498.0,0,0,0,0,0,0,0,0,0,0,0,0,0,0,0,0,0,0,0,0
ORI,2026-09-24,37.94,40.8339,41.6651,40.426,44.2601,-14.28,-7.24,-0.84,53635654.0,0,0,0,0,0,0,0,0,0,0,1,0,0,0,0,0,0,0,0,0
ORIC,2026-09-24,13.18,12.8565,12.6416,10.7302,14.65,-10.03,5.1,-1.13,17339636.0,1,1,0,1,1,1,0,0,0,0,0,0,0,0,0,0,0,0,0,0
ORIO,2026-09-24,1.025,1.0127,0.8473,0.986,2.02,-49.26,0.49,-0.49,141859.0,1,1,0,1,1,1,0,0,0,0,0,0,0,0,0,0,0,0,0,0
ORIQ,2026-09-24,10.44,10.3965,10.365,10.2551,10.44,0.0,0.29,0.0,180536.0,0,1,1,1,1,1,0,0,1,0,0,0,0,0,0,0,0,0,0,0
ORKA,2026-09-24,85.49,93.0,96.4874,62.0153,113.08,-24.4,-8.62,-4.94,83968796.0,0,1,0,0,0,0,0,0,0,0,0,0,0,0,0,0,0,0,0,0
ORKT,2026-09-24,1.045,1.0277,1.0177,1.0389,2.528,-58.66,0.48,-1.42,110808.0,1,1,0,1,1,1,0,0,0,0,0,0,0,0,0,0,0,0,0,0
ORLY,2026-09-24,86.24,86.4425,88.3862,91.2932,107.81,-20.01,3.06,0.4,537928885.0,0,0,0,0,0,0,0,0,0,0,0,0,0,0,0,0,0,0,0,0
ORMP,2026-09-24,4.79,4.853,4.5428,3.8319,5.34,-10.3,3.68,1.48,1046833.0,1,1,0,0,1,0,0,0,0,0,0,0,0,0,0,0,0,0,0,0
ORN,2026-09-24,8.52,9.1505,10.1262,12.0591,17.14,-50.29,-6.58,-5.33,3825945.0,0,0,0,0,0,0,0,0,0,0,0,0,0,0,0,0,0,1,0,0
ORRF,2026-09-24,41.85,42.103,42.2606,38.042,43.48,-3.75,-0.36,1.97,3643296.0,1,1,1,0,0,0,0,0,0,0,0,0,0,0,0,0,0,0,0,0
OSBC,2026-09-24,24.82,25.239,25.0684,21.7819,25.91,-4.21,-0.64,1.1,11392094.0,1,1,1,0,0,0,0,0,0,0,0,0,0,0,0,0,0,0,0,0
OSCR,2026-09-24,28.87,31.494,30.6826,21.4436,33.81,-14.61,-10.73,-5.44,168873030.0,0,1,0,0,0,0,0,0,0,0,0,0,0,0,0,0,0,0,1,0
OSG,2026-09-24,4.14,4.648,5.0226,5.6375,10.08,-58.93,-12.47,-0.24,2668444.0,0,0,0,0,0,0,0,0,0,0,0,0,0,0,0,0,0,0,0,0
OSIS,2026-09-24,201.3,203.8425,214.1232,247.3847,309.68,-35.0,-0.22,-0.84,52106311.0,0,0,0,0,0,0,0,0,0,0,0,0,0,0,0,0,0,0,0,0
OSK,2026-09-24,130.17,148.393,149.6712,145.8588,176.5021,-26.25,-10.25,-3.93,80524067.0,0,0,0,0,0,0,0,0,0,0,1,0,0,0,0,0,0,1,0,0
OSPN,2026-09-24,17.68,16.895,16.1703,13.0605,18.01,-1.83,-1.01,-1.83,9178178.0,0,1,1,1,1,1,0,0,0,0,0,0,0,0,0,0,0,0,0,0
OSS,2026-09-24,9.31,9.593,11.4016,11.3251,19.95,-53.33,9.27,1.42,6682826.0,0,0,0,0,0,0,0,0,0,0,0,0,0,0,0,0,0,0,0,0
OST,2026-09-24,1.695,1.695,1.695,1.695,1.695,0.0,0.0,0.0,0.0,0,0,1,0,0,0,0,0,1,0,1,0,0,0,0,0,0,1,0,1
OSTX,2026-09-24,1.66,1.74,1.6296,1.5864,2.24,-25.89,-5.14,0.61,1322947.0,0,1,0,0,1,0,0,0,0,0,0,0,0,0,0,0,0,0,0,0
OSUR,2026-09-24,3.93,3.5495,3.7796,3.3246,4.5,-12.67,12.93,-1.5,1861971.0,0,1,0,1,1,0,0,0,0,0,0,0,0,0,1,0,0,0,0,0
OSW,2026-09-24,22.53,22.8095,24.9398,23.4027,28.6252,-21.29,3.87,1.21,24850129.0,0,0,0,0,0,0,0,0,0,0,0,0,0,0,0,0,0,0,0,0
OTAI,2026-09-24,10.0,10.0035,9.9866,,,,0.0,0.1,44559.0,0,0,0,0,1,0,0,0,0,0,0,0,0,0,0,0,0,0,0,0
OTEX,2026-09-24,22.66,23.5707,23.8302,24.4511,38.0607,-40.46,-3.16,-1.82,31586982.0,0,0,0,0,0,0,0,0,0,0,0,0,0,0,0,0,0,0,0,0
OTF,2026-09-24,10.27,10.9161,10.747,11.2235,13.6196,-24.59,-2.84,-1.15,24562483.0,0,0,0,0,0,0,0,0,0,0,0,0,0,0,0,0,0,0,0,0
OTGA,2026-09-24,10.25,10.2365,10.2093,10.1148,10.255,-0.05,0.0,0.0,386461.0,0,1,1,1,1,1,0,0,0,0,0,0,0,0,0,0,0,0,0,0
OTIS,2026-09-24,66.68,69.6985,71.1873,78.0516,92.4955,-27.91,-3.71,-2.4,307875703.0,0,0,0,0,0,0,0,0,0,0,0,0,0,0,0,0,0,0,0,0
OTLK,2026-09-24,0.656,0.6519,0.8771,0.7933,2.47,-73.44,-3.1,-0.91,3110194.0,0,0,0,1,0,0,0,0,0,0,0,0,0,0,0,0,0,0,0,0
OTLY,2026-09-24,12.13,13.3943,13.3523,11.3732,18.09,-32.95,-0.98,0.08,703513.0,0,1,0,0,0,0,0,0,0,0,0,0,0,0,0,0,0,0,0,0
OTTR,2026-09-24,88.26,89.246,90.6353,87.1083,93.6932,-5.8,-0.86,-1.0,22852132.0,1,1,0,0,0,0,0,0,0,0,0,0,0,0,0,0,0,0,0,0
OUST,2026-09-24,41.37,35.761,38.349,30.8372,62.52,-33.83,21.71,5.05,70348737.0,0,1,0,1,1,0,1,0,0,0,0,0,1,1,1,1,0,0,0,0
OUT,2026-09-24,27.93,28.737,30.0961,28.2542,33.4305,-16.45,-0.89,-0.99,47735175.0,0,0,0,0,0,0,0,0,0,0,0,0,0,0,0,0,0,0,0,0
OVBC,2026-09-24,44.21,45.703,44.4769,43.4924,49.8327,-11.28,-1.49,1.38,1368679.0,0,1,0,0,0,0,0,0,0,0,0,0,0,0,0,0,0,0,0,0
OVID,2026-09-24,2.495,2.7198,2.6268,2.2653,2.96,-15.71,-6.9,-2.92,4473577.0,0,1,0,0,0,0,0,0,0,0,0,0,0,0,0,0,0,0,0,0
OVLY,2026-09-24,33.97,34.28,33.8139,32.5459,34.88,-2.61,-1.16,1.07,729458.0,1,1,1,0,1,0,0,0,0,0,0,0,0,0,0,0,0,0,0,0
OVV,2026-09-24,60.51,63.8629,62.3887,53.5796,66.97,-9.65,-3.6,1.31,205918022.0,0,1,0,0,0,0,0,0,0,0,0,0,0,0,0,0,0,0,0,0
OWL,2026-09-24,9.25,10.874,10.7699,10.7774,17.2658,-46.43,-8.6,-3.65,222055349.0,0,0,0,0,0,0,0,0,0,0,1,0,0,0,0,0,0,0,0,0
OWLS,2026-09-24,5.45,5.4115,5.435,5.8855,55.55,-90.19,0.37,-2.5,169711.0,0,0,0,1,1,0,0,0,0,0,0,0,0,0,0,0,0,0,0,0
OWLT,2026-09-24,5.07,4.8875,5.275,7.7614,16.52,-69.31,11.67,-2.69,1130628.0,0,0,0,1,0,0,0,0,0,0,0,0,0,0,1,0,0,0,0,0
OXBR,2026-09-24,1.5,1.4012,1.4098,1.1499,2.16,-30.56,5.63,7.91,24455.0,0,1,0,1,1,0,0,0,0,0,0,0,1,1,0,0,0,0,0,0
OXLC,2026-09-24,8.96,9.2812,8.9747,9.1023,12.5176,-28.42,-2.29,1.82,7800595.0,0,0,0,0,0,0,0,0,0,0,0,0,0,0,0,0,0,1,0,0
OXM,2026-09-24,26.07,32.44,35.7343,37.3832,46.5243,-43.96,-10.87,-1.03,18125397.0,0,0,0,0,0,0,0,0,0,0,1,0,0,0,0,0,0,0,0,1
OXSQ,2026-09-24,1.27,1.298,1.3559,1.4411,1.7375,-26.91,-0.78,0.0,1770703.0,0,0,0,0,0,0,0,0,0,0,0,0,0,0,0,0,0,0,0,0
OXY,2026-09-24,58.05,59.8426,58.0443,53.0403,65.6343,-11.56,-2.21,1.2,490429858.0,1,1,0,0,1,0,0,0,0,0,0,0,0,0,0,0,0,0,0,0
OYSE,2026-09-24,10.395,10.3816,10.3496,10.2355,10.396,-0.01,0.14,0.05,976841.0,0,1,1,1,1,1,0,0,0,0,0,0,0,0,0,0,0,0,0,0
OZK,2026-09-24,46.6,48.6965,50.1428,47.9552,53.09,-12.22,-2.9,1.11,52693088.0,0,0,0,0,0,0,0,0,0,0,0,1,0,0,0,0,0,0,0,0
P,2026-09-24,121.88,100.526,94.0698,76.6163,121.88,0.0,24.86,11.15,768684090.0,0,1,1,1,1,1,1,1,1,0,0,0,1,1,1,1,1,0,0,0
PAAC,2026-09-24,10.07,10.0885,10.0114,,,,-0.79,0.0,148525.0,0,0,0,0,1,0,0,0,0,0,0,0,0,0,0,0,0,0,0,0
PAAI,2026-09-24,1.76,1.224,1.2014,2.2451,6.65,-73.53,-47.31,13.55,11999155.0,0,0,0,1,1,1,0,0,0,0,0,0,1,1,0,0,0,0,0,0
PAAS,2026-09-24,47.51,50.564,48.319,52.5138,68.0597,-30.19,-0.11,-1.25,196052536.0,0,0,0,0,0,0,0,0,0,0,0,0,0,0,0,0,0,0,0,0
PAC,2026-09-24,211.41,206.3565,211.7654,243.263,300.41,-29.63,4.81,1.93,28382133.0,0,0,0,1,0,0,0,0,0,0,0,0,0,0,0,0,0,0,0,0
PACB,2026-09-24,1.58,1.3715,1.3408,1.584,2.67,-40.82,17.91,12.06,7766690.0,0,0,0,1,1,1,0,0,0,0,0,0,1,1,1,0,0,0,0,0
PACH,2026-09-24,10.35,10.3287,10.3021,10.1938,10.35,0.0,0.1,0.1,765505.0,0,1,1,1,1,1,0,0,1,0,0,0,0,0,0,0,0,1,0,0
PACK,2026-09-24,4.22,4.288,5.1836,5.3806,7.64,-44.76,9.9,0.96,1992314.0,0,0,0,0,0,0,0,0,0,0,0,0,0,0,0,0,0,0,0,0
PACS,2026-09-24,41.46,43.024,44.4906,38.6353,48.45,-14.43,-2.95,1.0,30391911.0,0,1,0,0,0,0,0,0,0,0,0,0,0,0,0,0,0,0,0,0
PAG,2026-09-24,207.97,215.7655,214.5047,175.0968,221.9686,-6.31,-2.89,-0.81,72311545.0,0,1,0,0,0,0,0,0,0,0,0,0,0,0,0,0,0,0,0,0
PAGP,2026-09-24,26.7,27.815,26.6048,23.0372,28.47,-6.22,-3.54,0.04,47151558.0,0,1,0,0,1,0,0,0,0,0,0,0,0,0,0,0,0,0,0,0
PAGS,2026-09-24,9.02,9.2844,9.0405,9.4004,11.3776,-20.72,-4.75,-0.77,27284028.0,0,0,0,0,0,0,0,0,0,0,0,0,0,0,0,0,0,0,0,0
PAHC,2026-09-24,33.93,36.3341,35.4511,41.1967,59.1438,-42.63,-3.88,-0.5,9742303.0,0,0,0,0,0,0,0,0,0,0,0,0,0,0,0,0,0,0,0,0
PAI,2026-09-24,11.52,11.7565,11.8319,11.9876,12.6028,-8.59,-1.2,-0.26,284897.0,0,0,0,0,0,0,0,0,0,0,1,0,0,0,0,0,0,0,0,1
PAII,2026-09-24,10.3,10.2923,10.2651,10.1752,10.3,0.0,0.0,0.0,710217.0,0,1,1,1,1,1,0,0,1,0,0,0,0,0,0,0,0,0,0,0
PAL,2026-09-24,3.78,4.7755,5.7894,7.2257,10.54,-64.14,-20.75,-2.07,3626230.0,0,0,0,0,0,0,0,0,0,0,1,0,0,0,0,0,0,1,0,1
PALI,2026-09-24,1.57,1.9255,1.9876,1.9325,2.8,-43.93,-7.1,-1.87,5381791.0,0,0,0,0,0,0,0,0,0,0,0,0,0,0,0,0,0,0,0,0
PALO,2026-09-24,10.02,9.991,9.9582,,,,-0.6,0.0,30693.0,0,0,0,1,1,1,0,0,0,0,0,0,0,0,0,0,0,0,0,0
PAM,2026-09-24,78.67,83.7375,83.3692,83.6831,92.27,-14.74,-6.47,-2.07,15649467.0,0,0,0,0,0,0,0,0,0,0,0,0,0,0,0,0,0,0,0,0
PAMT,2026-09-24,11.74,12.4115,13.587,11.8721,17.56,-33.14,-6.3,-0.17,250239.0,0,0,0,0,0,0,0,0,0,0,0,0,0,0,0,0,0,0,0,0
PANL,2026-09-24,8.15,8.2415,7.7661,7.5337,9.1739,-11.16,-1.57,-0.85,3639358.0,1,1,0,0,1,0,0,0,0,0,0,0,0,0,0,0,0,0,0,0
PANW,2026-09-24,389.92,359.5585,355.6968,243.4575,396.0,-1.54,3.8,-0.86,2535793326.0,0,1,1,1,1,1,0,0,0,0,0,0,0,0,0,0,0,0,0,0
PAPL,2026-09-24,1.01,0.9588,1.0305,1.098,6.25,-83.84,12.85,10.02,53719.0,0,0,0,1,0,0,0,0,0,0,0,0,1,1,1,0,0,0,0,0
PAR,2026-09-24,13.94,17.533,17.5266,20.089,41.79,-66.64,-13.47,-5.04,16003981.0,0,0,0,0,0,0,0,0,0,0,1,0,0,0,0,0,0,0,0,0
PARA,2026-09-24,0.819,1.0164,1.5039,11.8716,72.4754,-98.87,-15.31,-7.46,566400.0,0,0,0,0,0,0,0,0,0,0,1,0,0,0,0,0,0,1,0,1
PARK,2026-09-24,19.61,20.6685,20.3734,18.2078,23.05,-14.92,-3.64,-2.82,827847.0,0,1,0,0,0,0,0,0,0,0,0,0,0,0,0,0,0,0,0,0
PARR,2026-09-24,76.77,81.266,79.0322,58.2671,86.49,-11.24,-9.58,-0.26,78375261.0,0,1,0,0,0,0,0,0,0,0,0,0,0,0,0,0,0,0,0,0
PASG,2026-09-24,4.8,4.7458,4.673,7.3904,19.85,-75.82,-1.23,-4.0,128869.0,0,0,0,1,1,1,0,0,0,0,0,0,0,0,0,0,0,0,0,0
PASW,2026-09-24,0.13,0.1352,0.1335,0.2051,1.25,-89.6,-2.99,2.36,2868780.0,0,0,0,0,0,0,0,0,0,0,0,0,0,0,0,0,0,0,0,0
PATH,2026-09-24,12.6,15.102,14.4524,12.8399,19.29,-34.68,-8.43,-3.37,900328350.0,0,0,0,0,0,0,0,0,0,0,0,0,0,0,0,0,0,0,0,0
PATK,2026-09-24,67.76,76.2475,81.7602,100.6803,143.6839,-52.84,-3.76,-2.05,41773908.0,0,0,0,0,0,0,0,0,0,0,1,0,0,0,0,0,0,0,0,1
PAVM,2026-09-24,3.88,4.5459,4.9013,7.3817,16.65,-76.7,-1.02,-2.71,112654.0,0,0,0,0,0,0,0,0,0,0,0,0,0,0,0,0,0,0,0,1
PAVS,2026-09-24,4.33,4.5863,5.0521,813.1648,136800.0,-100.0,9.07,3.34,82202.0,0,0,0,0,0,0,0,0,0,0,0,0,1,0,0,0,0,0,0,0
PAX,2026-09-24,10.15,10.7975,10.9856,12.3608,16.9094,-39.97,0.89,-0.88,12080392.0,0,0,0,0,0,0,0,0,0,0,0,0,0,0,0,0,0,0,0,0
PAXS,2026-09-24,13.09,13.6578,13.8406,13.9591,14.7599,-11.31,-2.24,0.23,4303628.0,0,0,0,0,0,0,0,0,0,0,1,0,0,0,0,0,0,0,0,0
PAY,2026-09-24,30.95,35.542,35.8918,28.7365,44.6,-30.61,-15.53,3.34,43020042.0,0,1,0,0,0,0,0,0,0,0,0,0,1,0,0,0,0,1,1,0
PAYC,2026-09-24,220.81,228.0665,202.3681,152.3169,240.52,-8.19,-2.98,-0.39,177887950.0,0,1,0,0,1,0,0,0,0,0,0,0,0,0,0,0,0,0,0,0
PAYO,2026-09-24,7.13,7.128,7.1222,5.9245,7.18,-0.7,-0.28,-0.14,18628794.0,1,1,1,1,1,1,0,0,0,0,0,0,0,0,0,0,0,0,0,0
PAYP,2026-09-24,16.57,16.912,15.9744,,24.56,-32.53,-6.12,0.91,13333450.0,0,0,0,0,1,0,0,0,0,0,0,0,0,0,0,0,0,0,0,0
PAYS,2026-09-24,12.96,12.759,11.668,7.0742,14.14,-8.35,9.64,2.29,9913521.0,1,1,0,1,1,1,0,0,0,0,0,0,0,0,0,0,0,0,0,0
PAYX,2026-09-24,101.59,118.605,118.3375,102.5296,127.34,-20.22,-12.96,-2.78,359587738.0,0,0,0,0,0,0,0,0,0,0,1,0,0,0,0,0,0,0,0,0
PB,2026-09-24,67.3,70.6726,72.1378,69.5764,74.6185,-9.81,-4.32,0.04,75998183.0,0,0,0,0,0,0,0,0,0,0,1,0,0,0,0,0,0,1,0,0
PBA,2026-09-24,45.44,47.5342,48.2995,44.1249,50.7991,-10.55,-3.52,-0.85,51918218.0,0,1,0,0,0,0,0,0,0,0,0,0,0,0,0,0,0,0,0,0
PBAM,2026-09-24,85.79,89.352,86.2738,72.1295,91.2,-5.93,-5.2,-1.67,13750016.0,0,1,0,0,0,0,0,0,0,0,0,0,0,0,0,0,0,0,0,0
PBF,2026-09-24,71.9,74.082,69.65,46.3391,78.3,-8.17,-5.31,2.03,282452461.0,1,1,0,0,1,0,0,0,0,0,0,0,0,0,0,0,0,0,0,0
PBFS,2026-09-24,17.37,17.956,17.5904,15.4018,18.54,-6.31,-4.09,-0.46,311265.0,0,1,0,0,0,0,0,0,0,0,0,0,0,0,0,0,0,0,0,0
PBH,2026-09-24,45.65,49.0825,50.3482,56.0595,70.21,-34.98,-2.58,-0.59,27388270.0,0,0,0,0,0,0,0,0,0,0,0,0,0,0,0,0,0,0,0,0
PBHC,2026-09-24,17.35,16.7345,16.43,14.5173,18.29,-5.14,2.85,-5.14,90364.0,0,1,0,1,1,1,0,0,0,0,0,0,0,0,0,0,0,0,0,0
PBI,2026-09-24,16.36,17.08,17.2558,13.8551,18.4037,-11.11,-5.49,0.55,29092559.0,0,1,0,0,0,0,0,0,0,0,0,0,0,0,0,0,0,0,0,0
PBK,2026-09-24,0.261,0.3426,0.43,0.8627,2.16,-87.92,-4.74,-1.14,462688.0,0,0,0,0,0,0,0,0,0,0,1,0,0,0,0,0,0,0,0,1
PBLS,2026-09-24,32.47,38.1615,35.9596,,,,-11.96,-2.52,42199371.0,0,0,0,0,0,0,0,0,0,0,0,0,0,0,0,0,0,0,0,0
PBM,2026-09-24,5.86,5.2183,4.1365,9.3898,173.4375,-96.62,0.69,-7.13,460066.0,0,0,0,1,1,1,0,0,0,0,0,0,0,0,0,0,0,0,0,0
PBR,2026-09-24,20.84,20.4115,18.8975,17.0118,21.77,-4.27,-0.33,-1.42,467849995.0,1,1,1,1,1,1,0,0,0,0,0,0,0,0,0,0,0,0,0,0
PBT,2026-09-24,33.74,34.4892,32.5002,24.5646,36.11,-6.56,-3.19,1.87,3510329.0,1,1,0,0,1,0,0,0,0,0,0,0,0,0,0,0,0,0,0,0
PBYI,2026-09-24,9.82,9.3445,8.8262,7.3254,9.82,0.0,4.58,5.82,2853978.0,0,1,1,1,1,1,0,0,1,0,0,0,1,1,0,0,0,0,0,0
PC,2026-09-24,9.4,9.4,9.4,9.4,12.69,-25.93,0.0,0.0,0.0,0,0,0,0,0,0,0,0,0,0,0,0,0,0,0,0,0,1,0,0
PCAP,2026-09-24,10.375,10.3692,10.3427,10.2466,10.45,-0.72,0.05,0.05,343418.0,0,1,1,1,1,1,0,0,0,0,0,0,0,0,0,0,0,0,0,0
PCAR,2026-09-24,110.67,121.158,126.7445,120.1524,137.845,-19.71,-6.39,-1.27,368052115.0,0,0,0,0,0,0,0,0,0,0,1,0,0,0,0,0,0,0,0,0
PCB,2026-09-24,27.54,27.702,28.0315,24.5694,30.3804,-9.35,-0.83,1.4,770868.0,1,1,0,0,0,0,0,0,0,0,0,0,0,0,0,0,0,0,0,0
PCF,2026-09-24,5.33,5.3772,5.3119,5.3677,5.6188,-5.14,1.09,0.0,585758.0,0,0,0,0,1,0,0,0,0,0,0,0,0,0,0,0,0,0,0,0
PCG,2026-09-24,12.32,13.877,16.1168,16.5589,19.0001,-35.16,-7.92,-0.73,849113677.0,0,0,0,0,0,0,0,0,0,0,1,0,0,0,0,0,0,0,0,1
PCLA,2026-09-24,7.2,7.3055,6.5644,5.2146,14.7,-51.02,0.14,-0.69,6660302.0,1,1,0,0,1,0,0,0,0,0,0,0,0,0,0,0,0,0,0,0
PCM,2026-09-24,4.92,5.1622,5.3569,5.4416,5.9269,-16.99,-1.99,-0.2,519440.0,0,0,0,0,0,0,0,0,0,0,1,0,0,0,0,0,0,0,0,1
PCN,2026-09-24,10.71,11.3713,11.4682,11.5151,12.0405,-11.05,-4.97,-0.37,5381626.0,0,0,0,0,0,0,0,0,0,0,1,0,0,0,0,0,0,0,0,1
PCOR,2026-09-24,49.5,56.117,54.6892,55.7438,79.6,-37.81,-4.75,-3.06,143968737.0,0,0,0,0,0,0,0,0,0,0,0,0,0,0,0,0,0,1,0,0
PCQ,2026-09-24,7.93,8.3917,8.5595,8.5998,8.9001,-10.9,-3.76,-1.61,1405433.0,0,0,0,0,0,0,0,0,0,0,1,0,0,0,0,0,0,1,0,1
PCRX,2026-09-24,25.56,25.44,25.3224,23.9023,27.62,-7.46,2.61,3.78,14068275.0,1,1,0,1,1,1,0,0,0,0,0,0,1,0,0,0,0,0,0,0
PCSA,2026-09-24,1.85,1.9908,2.2016,2.7116,11.975,-84.55,0.0,-2.12,42306.0,0,0,0,0,0,0,0,0,0,0,0,0,0,0,0,0,0,0,0,0
PCT,2026-09-24,4.86,6.0185,6.4069,8.0459,15.13,-67.88,-11.96,-5.63,21781896.0,0,0,0,0,0,0,0,0,0,0,1,0,0,0,0,0,0,1,0,1
PCTY,2026-09-24,143.64,148.995,143.6905,125.205,165.67,-13.3,-2.5,0.04,94015867.0,0,1,0,0,0,0,0,0,0,0,0,0,0,0,0,0,0,0,0,0
PCVX,2026-09-24,56.9,59.7058,58.4295,54.712,63.3,-10.11,-3.18,0.72,78651609.0,0,1,0,0,0,0,0,0,0,0,0,0,0,0,0,0,0,0,0,0
PCYO,2026-09-24,10.87,11.1477,11.0443,10.9679,11.94,-8.96,-2.34,-1.18,977299.0,0,0,0,0,0,0,0,0,0,0,0,0,0,0,0,0,0,0,0,0
PD,2026-09-24,14.95,13.9785,12.1926,9.6634,16.63,-10.1,3.25,0.81,24876864.0,0,1,0,1,1,1,0,0,0,0,0,0,0,0,0,0,0,0,0,0
PDC,2026-09-24,3.6,3.0843,3.2287,5.0485,8.325,-56.76,29.03,-10.0,147992.0,0,0,0,1,1,0,0,0,0,0,0,0,0,0,1,0,0,0,0,0
PDCC,2026-09-24,8.67,8.8052,8.8352,10.1371,14.0856,-38.45,-3.94,-0.1,19296.0,0,0,0,0,0,0,0,0,0,0,0,0,0,0,0,0,0,0,0,0
PDD,2026-09-24,78.2,80.697,84.7834,95.7954,138.13,-43.39,-0.71,-1.26,561915415.0,0,0,0,0,0,0,0,0,0,0,0,0,0,0,0,0,0,0,0,0
PDEX,2026-09-24,73.02,66.3545,63.7446,53.5439,73.41,-0.53,1.63,1.5,5369719.0,0,1,1,1,1,1,0,0,0,0,0,0,0,0,0,0,0,0,0,0
PDFS,2026-09-24,47.88,45.0235,47.2274,42.3268,70.79,-32.36,14.08,-1.14,30094091.0,0,1,0,1,1,0,0,0,0,0,0,0,0,0,1,0,0,0,0,0
PDI,2026-09-24,13.86,14.657,15.1556,15.8757,17.0911,-18.91,-5.2,0.0,62637079.0,0,0,0,0,0,0,0,0,0,0,1,0,0,0,0,0,0,0,0,1
PDLB,2026-09-24,20.27,20.3455,20.3242,18.1804,20.76,-2.36,-1.22,0.45,1659987.0,1,1,1,0,0,0,0,0,0,0,0,0,0,0,0,0,0,0,0,0
PDM,2026-09-24,9.19,9.4805,9.5814,8.5033,9.96,-7.73,-1.61,0.44,19095047.0,0,1,0,0,0,0,0,0,0,0,0,0,0,0,0,0,0,0,0,0
PDO,2026-09-24,11.66,12.2246,12.521,12.6381,13.2033,-11.69,-2.67,-0.17,14787060.0,0,0,0,0,0,0,0,0,0,0,1,0,0,0,0,0,0,0,0,1
PDS,2026-09-24,83.27,88.6745,84.9356,85.489,101.96,-18.33,-3.21,0.73,8190667.0,0,0,0,0,0,0,0,0,0,0,0,0,0,0,0,0,0,0,0,0
PDSB,2026-09-24,0.8,0.4851,0.5052,0.8018,1.43,-44.06,-4.99,-2.91,35008066.0,0,0,0,1,1,0,0,0,0,0,0,0,0,0,0,0,0,0,0,0
PDT,2026-09-24,11.85,12.2586,12.4937,12.4876,12.966,-8.61,-2.07,0.17,1611672.0,0,0,0,0,0,0,0,0,0,0,1,0,0,0,0,0,0,0,0,0
PDX,2026-09-24,20.14,21.2603,21.2358,20.0919,21.8658,-7.89,-2.52,-0.35,2347329.0,0,1,0,0,0,0,0,0,0,0,1,0,0,0,0,0,0,0,0,0
PDYN,2026-09-24,5.39,5.6825,5.6792,6.2119,10.3,-47.67,-3.92,-0.92,4492423.0,0,0,0,0,0,0,0,0,0,0,0,0,0,0,0,0,0,0,0,0
PEB,2026-09-24,18.6,18.0705,18.4662,14.9727,19.75,-5.82,4.26,2.09,38895510.0,1,1,0,1,1,0,0,0,0,0,0,0,0,0,0,0,0,0,0,0
PEBK,2026-09-24,43.51,43.6889,43.4475,40.05,45.04,-3.4,-1.47,1.99,989510.0,1,1,1,0,1,0,0,0,0,0,0,0,0,0,0,0,0,0,0,0
PEBO,2026-09-24,39.07,39.5225,40.0891,34.6449,41.8043,-6.54,-1.36,1.67,10932699.0,1,1,0,0,0,0,0,0,0,0,0,0,0,0,0,0,0,0,0,0
PECE,2026-09-24,10.01,10.0005,9.9588,,,,0.1,0.1,767290.0,0,0,0,1,1,1,0,0,0,0,0,0,0,0,0,0,0,0,0,0
PECO,2026-09-24,37.12,38.2932,40.1124,38.3556,43.7612,-15.18,-1.8,1.09,36001665.0,0,0,0,0,0,0,0,0,0,0,1,0,0,0,0,0,0,0,0,0
PED,2026-09-24,13.67,14.2065,12.745,13.2469,18.18,-24.81,-11.75,3.09,492944.0,0,1,0,0,1,0,0,0,0,0,0,0,1,0,0,0,0,0,1,0
PEG,2026-09-24,66.56,71.4791,74.1751,77.9536,84.7417,-21.46,-5.44,-1.11,241471996.0,0,0,0,0,0,0,0,0,0,0,1,0,0,0,0,0,0,0,0,1
PEGA,2026-09-24,34.23,36.1625,33.3027,40.3216,66.3222,-48.39,-7.08,-2.7,87766188.0,0,0,0,0,1,0,0,0,0,0,0,0,0,0,0,0,0,0,0,0
PEN,2026-09-24,319.72,320.148,321.5034,326.2735,359.4,-11.04,0.41,0.09,122057572.0,0,0,0,0,0,0,0,0,0,0,0,0,0,0,0,0,0,0,0,0
PENG,2026-09-24,53.08,50.533,53.9412,38.5098,81.39,-34.78,10.03,-1.48,71194730.0,0,1,0,1,0,0,0,0,0,0,0,0,0,0,1,0,0,0,0,0
PENN,2026-09-24,15.49,17.019,18.7066,16.703,22.06,-29.78,-12.44,-0.45,50242134.0,0,0,0,0,0,0,0,0,0,0,1,0,0,0,0,0,0,0,0,0
PEO,2026-09-24,28.2,28.835,27.7744,25.1324,29.59,-4.7,-1.57,0.43,1778826.0,1,1,1,0,1,0,0,0,0,0,0,0,0,0,0,0,0,0,0,0
PEP,2026-09-24,128.15,135.8251,137.051,145.1059,165.4534,-22.55,-4.61,-1.56,1209881151.0,0,0,0,0,0,0,0,0,0,0,1,0,0,0,0,0,0,0,0,1
PEPG,2026-09-24,2.68,3.0065,2.6776,3.4938,7.17,-62.62,-7.59,-1.47,2040771.0,0,0,0,0,1,0,0,0,0,0,0,0,0,0,0,0,0,0,0,0
PERF,2026-09-24,1.92,1.916,1.9088,1.7146,2.09,-8.13,-0.52,0.0,315040.0,1,1,0,1,1,1,0,0,0,0,0,0,0,0,0,0,0,0,0,0
PERI,2026-09-24,8.68,9.1195,9.4188,9.3843,11.06,-21.52,-0.34,0.46,5980565.0,0,0,0,0,0,0,0,0,0,0,0,0,0,0,0,0,0,0,0,0
PESI,2026-09-24,15.57,18.005,17.3976,13.8476,19.43,-19.87,-14.45,-1.39,5466882.0,0,1,0,0,0,0,0,0,0,0,0,0,0,0,0,0,0,0,1,0
PETS,2026-09-24,1.56,1.721,1.8458,2.3634,3.9,-60.0,-2.5,0.65,184475.0,0,0,0,0,0,0,0,0,0,0,1,0,0,0,0,0,0,0,0,0
PETZ,2026-09-24,1.365,1.3548,1.3039,1.1699,1.7,-19.71,-3.19,1.87,1488558.0,1,1,0,1,1,1,0,0,0,0,0,0,0,0,0,0,0,0,0,0
PEW,2026-09-24,2.16,2.2455,2.415,2.8036,5.6,-61.43,3.35,0.0,428082.0,0,0,0,0,0,0,0,0,0,0,0,0,0,0,0,0,0,0,0,0
PFAI,2026-09-24,3.0,2.8918,2.9425,2.9828,4.57,-34.35,6.76,0.0,2751.0,0,1,0,1,1,0,0,0,0,0,0,0,0,0,0,0,0,0,0,0
PFE,2026-09-24,28.41,28.0435,26.7894,25.673,29.02,-2.1,3.46,0.82,959070146.0,1,1,1,1,1,1,0,0,0,0,0,0,0,0,0,0,0,0,0,0
PFG,2026-09-24,114.15,114.3515,112.809,99.3744,118.51,-3.68,-2.13,0.2,171474288.0,1,1,1,0,1,0,0,0,0,0,0,0,0,0,0,0,0,0,0,0
PFGC,2026-09-24,90.32,95.531,104.4358,96.9106,116.65,-22.57,-0.81,-0.52,144184631.0,0,0,0,0,0,0,0,0,0,0,1,0,0,0,0,0,0,0,0,0
PFIS,2026-09-24,69.3,70.3647,69.9213,58.6407,72.05,-3.82,-2.27,1.15,3970418.0,1,1,1,0,0,0,0,0,0,0,0,0,0,0,0,0,0,0,0,0
PFL,2026-09-24,6.86,7.3142,7.4785,7.5729,7.8414,-12.52,-4.32,-0.58,1818394.0,0,0,0,0,0,0,0,0,0,0,1,0,0,0,0,0,0,0,0,1
PFLT,2026-09-24,7.0,7.1671,7.1207,7.7479,8.7488,-19.99,-0.28,-0.28,5151978.0,0,0,0,0,0,0,0,0,0,0,0,0,0,0,0,0,0,0,0,0
PFN,2026-09-24,6.19,6.6605,6.8314,6.7336,7.0223,-11.85,-4.92,-1.12,3581455.0,0,0,0,0,0,0,0,0,0,0,1,0,0,0,0,0,0,0,0,0
PFS,2026-09-24,22.67,23.2445,23.7755,21.9858,25.0374,-9.46,-2.12,1.12,19074901.0,1,1,0,0,0,0,0,0,0,0,0,1,0,0,0,0,0,0,0,0
PFSA,2026-09-24,3.03,2.522,4.6823,203.7337,2827.5,-99.89,68.33,47.8,13362572.0,0,0,0,1,0,0,0,0,0,0,0,0,1,1,1,0,0,1,0,0
PFSI,2026-09-24,65.26,69.9445,75.4964,93.6264,157.7718,-58.64,-1.05,-0.53,40399678.0,0,0,0,0,0,0,0,0,0,0,1,0,0,0,0,0,0,0,0,1
PFX,2026-09-24,46.862,46.9126,46.1016,43.4891,54.41,-13.87,1.41,0.0,399679.0,1,1,0,0,1,0,0,0,0,0,0,0,0,0,0,0,0,0,0,0
PG,2026-09-24,145.68,145.681,145.9181,145.9214,164.7207,-11.56,-0.91,-1.16,1205877113.0,0,0,0,0,0,0,0,0,0,0,0,0,0,0,0,0,0,0,0,0
PGAC,2026-09-24,10.71,10.706,10.6978,10.5371,10.75,-0.37,0.0,0.0,15685.0,1,1,1,1,1,1,0,0,0,0,0,0,0,0,0,0,0,0,0,0
PGC,2026-09-24,44.82,45.3735,45.7932,39.1121,48.2777,-7.16,-0.47,0.99,5806895.0,1,1,0,0,0,0,0,0,0,0,0,0,0,0,0,0,0,0,0,0
PGEN,2026-09-24,7.7,7.179,6.621,4.8474,7.87,-2.16,3.49,3.49,31525679.0,0,1,1,1,1,1,0,0,0,0,0,0,1,0,0,0,0,0,0,0
PGNY,2026-09-24,25.97,26.6405,28.1336,24.2069,32.36,-19.75,-5.15,0.54,30396428.0,1,1,0,0,0,0,0,0,0,0,0,0,0,0,0,0,0,0,0,0
PGP,2026-09-24,8.28,8.5494,8.5141,8.4691,8.8823,-6.78,-1.08,0.12,527026.0,0,0,0,0,0,0,0,0,0,0,0,0,0,0,0,0,0,0,0,0
PGR,2026-09-24,202.17,216.623,214.1144,208.518,234.48,-13.78,-6.83,-0.47,508486719.0,0,0,0,0,0,0,0,0,0,0,0,0,0,0,0,0,0,1,0,0
PGY,2026-09-24,18.72,21.282,20.2199,17.1514,37.66,-50.29,-13.49,0.0,49642927.0,0,1,0,0,0,0,0,0,0,0,0,0,0,0,0,0,0,0,1,0
PGZ,2026-09-24,9.1,9.5063,9.7919,9.5328,10.1453,-10.3,-2.05,-0.87,184477.0,0,0,0,0,0,0,0,0,0,0,1,0,0,0,0,0,0,0,0,0
PH,2026-09-24,974.98,959.1644,985.9609,938.7273,1071.7115,-9.03,6.12,0.39,595003736.0,1,1,0,1,0,0,0,0,0,0,0,0,0,0,0,0,0,0,0,0
PHAR,2026-09-24,10.44,11.0857,11.5983,14.7305,21.18,-50.71,-1.51,-3.06,320817.0,0,0,0,0,0,0,0,0,0,0,0,0,0,0,0,0,0,0,0,0
PHAT,2026-09-24,7.08,8.4883,9.2557,11.6585,18.08,-60.84,-7.93,1.36,10039890.0,0,0,0,0,0,0,0,0,0,0,0,1,0,0,0,0,0,0,0,0
PHG,2026-09-24,24.55,25.4785,26.2252,26.9351,31.6757,-22.5,-0.73,0.41,19179490.0,0,0,0,0,0,0,0,0,0,0,0,0,0,0,0,0,0,0,0,0
PHI,2026-09-24,17.45,18.0414,18.5019,19.3895,22.6748,-23.04,-2.89,-0.06,2450755.0,0,0,0,0,0,0,0,0,0,0,0,0,0,0,0,0,0,0,0,0
PHIN,2026-09-24,59.94,65.0806,71.5263,71.2617,84.7866,-29.3,-1.98,-0.75,25038546.0,0,0,0,0,0,0,0,0,0,0,1,0,0,0,0,0,0,0,0,0
PHIO,2026-09-24,1.02,1.0604,1.0658,1.1122,2.48,-58.87,2.1,0.0,148817.0,0,0,0,0,0,0,0,0,0,0,0,0,0,0,0,0,0,0,0,0
PHK,2026-09-24,4.13,4.3776,4.4823,4.4526,4.6211,-10.63,-4.4,0.49,5145263.0,0,0,0,0,0,0,0,0,0,0,1,0,0,0,0,0,0,0,0,0
PHM,2026-09-24,118.18,121.2666,125.7796,124.4201,141.6452,-16.57,0.54,-0.45,190885390.0,0,0,0,0,0,0,0,0,0,0,0,0,0,0,0,0,0,0,0,0
PHOE,2026-09-24,18.83,20.2484,21.6564,18.303,133.12,-85.85,-8.15,-4.95,429503.0,0,1,0,0,0,0,0,0,0,0,0,0,0,0,0,0,0,0,0,0
PHR,2026-09-24,10.0,10.7815,11.1122,11.7006,23.84,-58.05,-2.34,3.31,8107431.0,0,0,0,0,0,0,0,0,0,0,0,0,1,0,0,0,0,0,0,0
PHUN,2026-09-24,1.96,2.036,2.0895,1.9729,3.06,-35.95,-2.49,-1.01,195766.0,0,0,0,0,0,0,0,0,0,0,0,0,0,0,0,0,0,0,0,0
PHVS,2026-09-24,32.99,36.3485,35.3189,30.1852,38.86,-15.11,-12.14,-0.24,40565686.0,0,1,0,0,0,0,0,0,0,0,0,0,0,0,0,0,0,0,1,0
PI,2026-09-24,176.57,173.5798,162.9853,143.0798,241.91,-27.01,-0.57,-0.36,66415023.0,1,1,0,1,1,1,0,0,0,0,0,0,0,0,0,0,0,0,0,0
PICS,2026-09-24,8.85,10.2735,11.1508,,19.0,-53.42,-9.23,-4.84,4835867.0,0,0,0,0,0,0,0,0,0,0,0,0,0,0,0,0,0,0,0,1
PII,2026-09-24,52.38,58.9302,65.0819,63.2895,73.9129,-29.13,-5.25,-1.06,48963254.0,0,0,0,0,0,0,0,0,0,0,1,0,0,0,0,0,0,0,0,0
PIII,2026-09-24,7.05,8.482,9.7394,6.405,16.47,-57.19,-7.36,-0.56,177921.0,0,1,0,0,0,0,0,0,0,0,1,0,0,0,0,0,0,0,0,0
PIM,2026-09-24,3.01,3.1065,3.1176,3.1242,3.211,-6.26,-1.31,0.0,205082.0,0,0,0,0,0,0,0,0,0,0,0,0,0,0,0,0,0,0,0,0
PINE,2026-09-24,16.98,18.4884,19.3032,18.4429,21.3823,-20.59,-5.67,0.59,2582953.0,0,0,0,0,0,0,0,0,0,0,1,0,0,0,0,0,0,0,0,0
PINS,2026-09-24,18.72,20.08,22.126,21.5035,35.27,-46.92,0.38,1.46,294160492.0,0,0,0,0,0,0,0,0,0,0,0,0,0,0,0,0,0,0,0,0
PIPR,2026-09-24,71.08,74.5735,75.1804,79.3643,92.2629,-22.96,-0.39,-1.85,47043540.0,0,0,0,0,0,0,0,0,0,0,0,0,0,0,0,0,0,0,0,0
PJT,2026-09-24,149.16,168.0642,169.3423,160.4157,190.5261,-21.71,-2.25,-0.11,68178975.0,0,0,0,0,0,0,0,0,0,0,1,0,0,0,0,0,0,0,0,0
PK,2026-09-24,15.21,15.289,15.1524,12.2974,16.17,-5.94,2.22,0.93,53459074.0,1,1,0,0,1,0,0,0,0,0,0,0,0,0,0,0,0,0,0,0
PKBK,2026-09-24,33.78,34.0815,34.0084,29.8745,35.13,-3.84,-2.0,1.29,1393611.0,1,1,1,0,0,0,0,0,0,0,0,0,0,0,0,0,0,0,0,0
PKE,2026-09-24,29.66,31.246,33.61,29.8966,38.23,-22.42,-5.27,0.37,8153043.0,0,0,0,0,0,0,0,0,0,0,0,0,0,0,0,0,0,0,0,0
PKG,2026-09-24,238.11,234.3626,241.269,222.5766,255.7746,-6.91,2.88,-1.19,145019450.0,1,1,0,1,0,0,0,0,0,0,0,0,0,0,0,0,0,0,0,0
PKOH,2026-09-24,47.52,45.876,44.1388,31.5073,52.51,-9.5,5.44,1.52,3185006.0,0,1,0,1,1,1,0,0,0,0,0,0,0,0,0,0,0,0,0,0
PKX,2026-09-24,56.06,60.337,57.0404,61.1151,91.72,-38.88,-5.29,-0.37,12617133.0,0,0,0,0,0,0,0,0,0,0,0,0,0,0,0,0,0,0,0,0
PL,2026-09-24,17.62,17.7255,20.4908,27.2981,51.4,-65.72,3.71,7.57,219596080.0,0,0,0,0,0,0,0,0,0,0,0,0,1,1,0,0,0,0,0,0
PLAB,2026-09-24,29.81,28.7055,30.0638,35.936,54.96,-45.76,7.04,-1.78,46250405.0,0,0,0,1,0,0,0,0,0,0,0,0,0,0,0,0,0,0,0,0
PLAG,2026-09-24,0.71,0.696,0.834,1.7952,5.81,-87.78,4.41,-1.39,2190337.0,0,0,0,1,0,0,0,0,0,0,0,0,0,0,0,0,0,0,0,0
PLAY,2026-09-24,6.62,8.0805,9.4136,12.9839,21.17,-68.73,-3.5,-2.79,25517009.0,0,0,0,0,0,0,0,0,0,0,1,0,0,0,0,0,0,0,0,0
PLBC,2026-09-24,61.52,62.0785,61.7128,53.1738,63.57,-3.22,-1.35,0.89,3295159.0,1,1,1,0,0,0,0,0,0,0,0,0,0,0,0,0,0,0,0,0
PLBL,2026-09-24,5.71,5.658,6.1976,7.9922,11.75,-51.4,5.16,-4.67,1413303.0,0,0,0,1,0,0,0,0,0,0,0,0,0,0,0,0,0,0,0,0
PLBY,2026-09-24,1.06,1.1372,1.1825,1.5466,2.71,-60.89,-0.93,-1.85,599742.0,0,0,0,0,0,0,0,0,0,0,0,0,0,0,0,0,0,0,0,0
PLCE,2026-09-24,2.22,2.4045,2.5012,3.5642,9.17,-75.79,9.9,0.45,634899.0,0,0,0,0,0,0,0,0,0,0,0,0,0,0,0,0,0,0,0,0
PLD,2026-09-24,133.82,136.2245,139.8995,135.75,148.878,-10.11,0.06,-0.1,454918765.0,0,0,0,0,0,0,0,0,0,0,0,0,0,0,0,0,0,0,0,0
PLG,2026-09-24,1.32,1.458,1.427,1.9082,3.48,-62.07,-2.22,-2.94,1835471.0,0,0,0,0,0,0,0,0,0,0,0,0,0,0,0,0,0,0,0,0
PLGO,2026-09-24,24.0,24.4832,24.5738,21.3453,25.8254,-7.07,-0.79,0.38,10933180.0,1,1,0,0,0,0,0,0,0,0,0,0,0,0,0,0,0,0,0,0
PLMK,2026-09-24,10.64,10.6827,10.6375,10.5799,11.3,-5.84,-0.75,-0.75,8331.0,1,1,0,0,1,0,0,0,0,0,0,0,0,0,0,0,0,0,0,0
PLMR,2026-09-24,125.63,133.652,133.184,125.4122,144.7859,-13.23,-10.76,-1.24,28308869.0,0,1,0,0,0,0,0,0,0,0,0,0,0,0,0,0,0,0,1,0
PLNT,2026-09-24,40.72,49.7545,51.7834,70.1517,111.97,-63.63,-18.59,-0.68,100675023.0,0,0,0,0,0,0,0,0,0,0,1,0,0,0,0,0,0,0,0,1
PLOW,2026-09-24,39.73,40.4863,42.1895,41.6981,53.8014,-26.15,0.94,0.71,7268317.0,0,0,0,0,0,0,0,0,0,0,0,0,0,0,0,0,0,0,0,0
PLPC,2026-09-24,429.82,407.8965,398.5132,321.5346,480.77,-10.6,8.32,0.59,28781325.0,0,1,0,1,1,1,0,0,0,0,0,0,0,0,0,0,0,0,0,0
PLRX,2026-09-24,1.14,1.131,1.1057,1.2012,1.87,-39.04,6.54,1.33,427863.0,0,0,0,1,1,1,0,0,0,0,0,0,0,0,0,0,0,0,0,0
PLRZ,2026-09-24,10.51,11.7447,11.7679,12.8302,17.17,-38.79,-1.31,-5.82,970179.0,0,0,0,0,0,0,0,0,0,0,0,0,0,0,0,0,0,0,0,0
PLSE,2026-09-24,51.83,51.86,43.8964,26.435,55.2,-6.11,4.47,-0.29,35851561.0,1,1,0,0,1,0,0,0,0,0,0,0,0,0,0,0,0,0,0,0
PLSM,2026-09-24,2.57,2.49,2.9852,,7.36,-65.08,6.64,5.33,247451.0,0,0,0,1,0,0,0,0,0,0,0,0,1,1,0,0,0,0,0,0
PLTK,2026-09-24,2.17,2.2735,2.8816,3.3287,4.2626,-49.09,-6.87,-1.36,2951650.0,0,0,0,0,0,0,0,0,0,0,0,0,0,0,0,0,0,0,0,1
PLTR,2026-09-24,192.59,178.2155,162.8222,151.9827,207.18,-7.04,9.28,0.42,4915211810.0,0,1,0,1,1,1,0,0,0,0,0,0,0,0,0,0,0,0,0,0
PLUG,2026-09-24,1.96,2.113,2.1432,2.4756,4.14,-52.66,-7.55,-3.92,98839264.0,0,0,0,0,0,0,0,0,0,0,0,0,0,0,0,0,0,0,0,0
PLUN,2026-09-24,10.06,10.0525,10.0198,,,,-0.1,-0.1,250325.0,0,0,0,1,1,1,0,0,0,0,0,0,0,0,0,0,0,0,0,0
PLUR,2026-09-24,1.05,1.279,1.5376,2.6693,4.7,-77.66,-7.89,-0.94,37459.0,0,0,0,0,0,0,0,0,0,0,1,0,0,0,0,0,0,0,0,1
PLUS,2026-09-24,91.16,89.9935,89.4532,84.6713,96.7462,-5.77,-1.31,-0.95,21275286.0,1,1,0,1,1,1,0,0,0,0,0,0,0,0,0,0,0,0,0,0
PLUT,2026-09-24,2.27,2.535,2.7215,3.0265,3.95,-42.53,-10.98,0.0,900.0,0,0,0,0,0,0,0,0,0,0,1,0,0,0,0,0,0,0,0,0
PLX,2026-09-24,2.75,2.658,2.4878,2.3008,3.15,-12.7,2.61,-1.79,1999985.0,0,1,0,1,1,1,0,0,0,0,0,0,0,0,0,0,0,0,0,0
PLXS,2026-09-24,261.61,246.373,252.6336,227.9723,303.82,-13.89,7.96,-0.87,52703905.0,0,1,0,1,1,0,0,0,0,0,0,0,0,0,0,0,0,0,0,0
PLYX,2026-09-24,2.14,2.054,2.1334,,35.0,-93.89,5.42,0.0,87581.0,0,0,0,1,1,0,0,0,0,0,0,0,0,0,0,0,0,0,0,0
PM,2026-09-24,191.5,189.4215,189.8836,174.9403,200.17,-4.33,-0.11,0.35,806613965.0,1,1,1,1,1,0,0,0,0,0,0,0,0,0,0,0,0,0,0,0
PMA,2026-09-24,1.27,1.25,1.3203,1.2485,2.97,-57.24,0.79,-2.31,82280.0,1,1,0,1,0,0,0,0,0,0,0,0,0,0,0,0,0,0,0,0
PMAX,2026-09-24,1.65,0.9871,1.3284,8.8996,37.5,-95.6,75.53,80.53,4766931.0,0,0,0,1,1,0,1,0,0,0,0,0,1,1,1,1,0,1,0,0
PMCB,2026-09-24,0.4564,0.4655,0.5339,0.713,1.22,-62.59,9.66,6.51,162135.0,0,0,0,0,0,0,0,0,0,0,0,0,1,1,0,0,0,0,0,0
PMEC,2026-09-24,0.612,0.5218,0.4925,0.7094,2.22,-72.43,7.37,2.68,176861.0,0,0,0,1,1,1,0,0,0,0,0,0,0,0,0,0,0,0,0,0
PMI,2026-09-24,4.87,5.777,5.0862,40.7453,660.0,-99.26,-24.85,7.03,4543645.0,0,0,0,0,0,0,0,0,0,0,0,0,1,1,0,0,0,0,0,0
PML,2026-09-24,6.61,7.0304,7.1958,7.3074,7.6003,-13.03,-3.22,-1.34,3627763.0,0,0,0,0,0,0,0,0,0,0,1,0,0,0,0,0,0,0,0,1
PMM,2026-09-24,5.61,5.9825,6.1844,6.1223,6.5317,-14.11,-3.94,-0.53,675520.0,0,0,0,0,0,0,0,0,0,0,1,0,0,0,0,0,0,1,0,1
PMN,2026-09-24,11.57,13.332,13.868,12.7359,24.79,-53.33,-10.17,-10.59,558182.0,0,0,0,0,0,0,0,0,0,0,0,0,0,0,0,0,0,0,0,0
PMO,2026-09-24,9.27,9.9,10.1736,10.2484,10.6822,-13.22,-4.14,-1.59,757264.0,0,0,0,0,0,0,0,0,0,0,1,0,0,0,0,0,0,1,0,1
PMT,2026-09-24,8.45,9.166,9.4052,10.6271,12.8387,-34.18,-4.84,-3.21,14196128.0,0,0,0,0,0,0,0,0,0,0,1,0,0,0,0,0,0,0,0,1
PMTR,2026-09-24,10.43,10.4165,10.4122,10.3616,10.6,-1.6,0.1,0.05,933181.0,1,1,1,1,1,1,0,0,0,0,0,0,0,0,0,0,0,0,0,0
PMTS,2026-09-24,24.3,26.506,25.0506,18.1217,30.5,-20.33,2.27,-0.37,6123192.0,0,1,0,0,0,0,0,0,0,0,0,0,0,0,0,0,0,0,0,0
PMVP,2026-09-24,1.335,1.3503,1.2846,1.2732,1.8,-25.83,-6.64,-2.55,1257099.0,1,1,0,0,1,0,0,0,0,0,0,0,0,0,0,0,0,0,0,0
PN,2026-09-24,2.8,2.5603,4.7261,7.5054,23.67,-88.17,12.45,-0.88,341939.0,0,0,0,1,0,0,0,0,0,0,0,0,0,0,1,0,0,0,0,0
PNBK,2026-09-24,0.93,1.0,1.073,1.2691,1.92,-51.56,1.09,-1.06,231309.0,0,0,0,0,0,0,0,0,0,0,0,0,0,0,0,0,0,0,0,0
PNC,2026-09-24,223.34,238.6185,245.9628,225.178,256.97,-13.09,-3.52,-0.31,388615129.0,0,0,0,0,0,0,0,0,0,0,1,0,0,0,0,0,0,0,0,0
PNFP,2026-09-24,93.88,98.708,101.5262,96.2841,108.5178,-13.49,-2.28,0.51,98629131.0,0,0,0,0,0,0,0,0,0,0,0,1,0,0,0,0,0,0,0,0
PNI,2026-09-24,6.31,6.5886,6.7383,6.7867,7.0071,-9.95,-2.32,-0.79,581005.0,0,0,0,0,0,0,0,0,0,0,1,0,0,0,0,0,0,0,0,1
PNNT,2026-09-24,3.35,3.5464,3.457,4.017,5.5138,-39.24,-3.74,-1.76,2029413.0,0,0,0,0,0,0,0,0,0,0,0,0,0,0,0,0,0,0,0,0
PNR,2026-09-24,53.03,58.099,62.3104,82.3448,111.0012,-52.23,-6.08,-4.02,231201906.0,0,0,0,0,0,0,0,0,0,0,1,0,0,0,0,0,0,0,0,1
PNRG,2026-09-24,210.85,211.7165,200.949,198.5391,272.59,-22.65,1.41,7.21,22572645.0,1,1,0,0,1,0,0,0,0,0,0,0,1,1,0,0,0,0,0,0
PNTG,2026-09-24,39.63,38.997,39.523,33.8452,42.48,-6.71,-6.71,-0.05,14677284.0,1,1,0,1,1,0,0,0,0,0,0,0,0,0,0,0,0,0,0,0
PNW,2026-09-24,91.08,96.093,99.5649,97.5373,108.3845,-15.97,-4.12,-1.05,96969291.0,0,0,0,0,0,0,0,0,0,0,1,0,0,0,0,0,0,0,0,0
POAS,2026-09-24,0.168,0.1677,0.1838,1.7125,6.6,-97.45,1.2,0.6,30630.0,0,0,0,1,0,0,0,0,0,0,0,0,0,0,0,0,0,0,0,0
POCI,2026-09-24,4.78,4.3955,4.355,4.5934,5.96,-19.8,14.63,0.42,162444.0,0,1,0,1,1,1,0,0,0,0,0,0,0,0,1,0,0,0,0,0
PODC,2026-09-24,2.25,2.5148,3.0423,3.0239,4.98,-54.82,0.45,1.81,156501.0,0,0,0,0,0,0,0,0,0,0,0,0,0,0,0,0,0,0,0,0
PODD,2026-09-24,135.78,141.7295,149.2704,199.0607,346.36,-60.8,-3.43,-0.52,251045950.0,0,0,0,0,0,0,0,0,0,0,0,0,0,0,0,0,0,0,0,0
POET,2026-09-24,7.75,7.7065,7.8876,8.3203,20.57,-62.32,3.2,-0.64,65413891.0,0,0,0,1,0,0,0,0,0,0,0,0,0,0,0,0,0,0,0,0
POLA,2026-09-24,1.3,1.332,1.5174,1.71,5.27,-75.33,4.0,-1.52,141994.0,0,0,0,0,0,0,0,0,0,0,0,0,0,0,0,0,0,0,0,0
POLE,2026-09-24,10.73,10.761,10.7907,10.681,11.12,-3.51,0.09,0.0,1591801.0,1,1,1,0,0,0,0,0,0,0,0,0,0,0,0,0,0,0,0,0
POM,2026-09-24,0.97,0.8373,0.8712,4.9843,109.62,-99.12,21.1,21.25,17115.0,0,0,0,1,1,0,0,0,0,0,0,0,1,1,1,0,0,1,0,0
PONO,2026-09-24,10.02,10.0205,10.0044,,,,0.0,0.0,712073.0,0,0,0,0,1,0,0,0,0,0,0,0,0,0,0,0,0,0,0,0
PONY,2026-09-24,7.09,7.0065,7.4059,10.5664,24.06,-70.53,8.24,-2.34,25261214.0,0,0,0,1,0,0,0,0,0,0,0,0,0,0,0,0,0,0,0,0
POOL,2026-09-24,161.71,176.318,187.0876,208.7253,305.2581,-47.03,-3.61,-2.94,142060087.0,0,0,0,0,0,0,0,0,0,0,1,0,0,0,0,0,0,0,0,1
POR,2026-09-24,46.59,48.4315,49.6904,49.92,53.6464,-13.15,-2.76,-0.7,53725784.0,0,0,0,0,0,0,0,0,0,0,0,0,0,0,0,0,0,0,0,0
POST,2026-09-24,74.14,80.3775,83.5828,95.0494,114.61,-35.31,-5.54,-2.2,78552321.0,0,0,0,0,0,0,0,0,0,0,0,0,0,0,0,0,0,0,0,1
POWI,2026-09-24,50.78,50.5472,57.7291,56.9959,86.9854,-41.62,6.57,-0.53,42789795.0,0,0,0,1,0,0,0,0,0,0,0,0,0,0,0,0,0,0,0,0
POWL,2026-09-24,191.62,181.0075,200.8028,204.9068,321.7968,-40.45,7.83,-0.52,99670078.0,0,0,0,1,0,0,0,0,0,0,0,0,0,0,0,0,0,0,0,0
POWW,2026-09-24,2.33,2.174,2.2046,2.0491,2.56,-8.98,10.43,1.3,1154446.0,0,1,0,1,1,0,0,0,0,0,0,0,0,0,1,0,0,0,0,0
PPBT,2026-09-24,1.48,1.6815,1.5565,3.821,10.6,-86.04,-3.27,-0.34,7846664.0,0,0,0,0,0,0,0,0,0,0,0,0,0,0,0,0,0,0,0,0
PPC,2026-09-24,27.26,30.131,29.3198,33.9811,43.76,-37.71,-8.09,-1.34,39976747.0,0,0,0,0,0,0,0,0,0,0,0,0,0,0,0,0,0,0,0,0
PPCB,2026-09-24,0.6018,0.953,1.1099,4.3387,49.5,-98.78,-4.48,-4.17,11412199.0,0,0,0,0,0,0,0,0,0,0,0,0,0,0,0,0,0,0,0,1
PPG,2026-09-24,106.32,108.477,112.2881,110.7025,129.1576,-17.68,1.28,-0.82,175935221.0,0,0,0,0,0,0,0,0,0,0,0,0,0,0,0,0,0,0,0,0
PPHC,2026-09-24,11.44,11.481,10.7238,,14.61,-21.7,-3.13,-2.39,3595732.0,0,0,0,0,1,0,0,0,0,0,0,0,0,0,0,0,0,0,0,0
PPIH,2026-09-24,31.24,29.026,27.0816,29.6744,35.29,-11.48,3.17,1.3,2913989.0,0,1,0,1,1,1,0,0,0,0,0,0,0,0,0,0,0,0,0,0
PPL,2026-09-24,31.97,33.836,34.6718,35.593,39.1669,-18.37,-4.31,-0.87,231859508.0,0,0,0,0,0,0,0,0,0,0,1,0,0,0,0,0,0,0,0,1
PPLI,2026-09-24,35.93,37.947,40.2171,40.4443,47.62,-24.55,-3.8,-0.11,40763812.0,0,0,0,0,0,0,0,0,0,0,0,0,0,0,0,0,0,1,0,0
PPSI,2026-09-24,3.27,3.0765,3.0425,3.7509,6.08,-46.22,1.55,0.93,346122.0,0,0,0,1,1,1,0,0,0,0,0,0,0,0,0,0,0,0,0,0
PPT,2026-09-24,3.27,3.365,3.3851,3.3875,3.4888,-6.27,-1.51,0.0,321843.0,0,0,0,0,0,0,0,0,0,0,1,0,0,0,0,0,0,0,0,1
PPTA,2026-09-24,23.42,24.0855,22.5582,26.5456,37.22,-37.08,4.04,0.43,23150010.0,0,0,0,0,1,0,0,0,0,0,0,0,0,0,0,0,0,0,0,0
PR,2026-09-24,21.85,23.0943,21.9235,18.8717,24.33,-10.19,-4.79,0.78,244037309.0,0,1,0,0,0,0,0,0,0,0,0,0,0,0,0,0,0,0,0,0
PRAA,2026-09-24,20.24,19.451,18.8488,17.2426,22.23,-8.95,0.85,0.65,8459849.0,0,1,0,1,1,1,0,0,0,0,0,0,0,0,0,0,0,0,0,0
PRAX,2026-09-24,281.79,332.687,336.5808,315.8246,386.33,-27.06,-8.8,-0.12,128669690.0,0,0,0,0,0,0,0,0,0,0,1,0,0,0,0,0,0,0,0,0
PRCH,2026-09-24,16.47,16.8047,15.7196,10.926,18.3,-10.0,3.65,-0.84,23808350.0,1,1,0,0,1,0,0,0,0,0,0,0,0,0,0,0,0,0,0,0
PRCT,2026-09-24,17.5,20.294,19.9774,25.3413,39.15,-55.3,-9.98,-3.26,24414540.0,0,0,0,0,0,0,0,0,0,0,0,0,0,0,0,0,0,0,0,0
PRDO,2026-09-24,31.68,32.8987,32.3285,32.7438,37.581,-15.7,-4.78,0.76,21053035.0,0,0,0,0,0,0,0,0,0,0,0,0,0,0,0,0,0,0,0,0
PRE,2026-09-24,22.93,24.5785,21.4545,19.0058,26.25,-12.65,4.13,0.97,6757941.0,0,1,0,0,1,0,0,0,0,0,0,0,0,0,0,0,0,0,0,0
PRFX,2026-09-24,0.982,0.9595,1.031,2.2881,7.6,-87.08,-2.77,-1.8,410354.0,0,0,0,1,0,0,0,0,0,0,0,0,0,0,0,0,0,0,0,0
PRG,2026-09-24,32.54,37.034,40.6718,35.3354,47.3722,-31.31,-8.85,0.84,22488754.0,0,0,0,0,0,0,0,0,0,0,1,0,0,0,0,0,0,0,0,0
PRGO,2026-09-24,14.68,14.1191,12.6171,11.7488,21.0251,-30.18,8.42,6.07,40206624.0,0,1,0,1,1,1,0,0,0,0,0,0,1,1,0,0,0,1,0,0
PRGS,2026-09-24,40.23,42.584,41.9746,36.9802,46.87,-14.17,-3.87,-1.95,23051198.0,0,1,0,0,0,0,0,0,0,0,0,0,0,0,0,0,0,0,0,0
PRHI,2026-09-24,7.72,7.5711,6.3911,5.3749,12.88,-40.06,1.58,1.05,212432.0,1,1,0,1,1,1,0,0,0,0,0,0,0,0,0,0,0,0,0,0
PRI,2026-09-24,274.46,290.181,302.6687,274.1811,325.095,-15.58,-5.98,-0.09,58815345.0,0,1,0,0,0,0,0,0,0,0,1,0,0,0,0,0,0,0,0,0
PRIM,2026-09-24,72.25,74.865,79.8982,120.808,202.7531,-64.37,-6.1,-2.52,92665488.0,0,0,0,0,0,0,0,0,0,0,0,0,0,0,0,0,0,0,0,0
PRK,2026-09-24,180.25,189.2335,195.2328,173.4367,211.4033,-14.74,-1.88,0.57,21689976.0,0,1,0,0,0,0,0,0,0,0,1,0,0,0,0,0,0,0,0,0
PRKS,2026-09-24,32.67,38.0575,42.3406,38.6061,55.21,-40.83,-9.58,-0.43,27146541.0,0,0,0,0,0,0,0,0,0,0,1,0,0,0,0,0,0,0,0,0
PRLB,2026-09-24,92.97,82.2475,82.1436,68.1483,92.97,0.0,11.69,4.31,17988636.0,0,1,1,1,1,1,1,0,1,0,0,0,1,0,1,1,1,1,0,0
PRLD,2026-09-24,3.99,5.0635,4.9991,3.8028,6.63,-39.82,-10.74,-7.42,2597277.0,0,1,0,0,0,0,0,0,0,0,0,0,0,0,0,0,0,1,1,0
PRM,2026-09-24,28.06,31.0875,32.5706,29.6702,37.78,-25.73,-12.04,-0.78,33825011.0,0,0,0,0,0,0,0,0,0,0,0,0,0,0,0,0,0,1,0,0
PRMB,2026-09-24,19.33,21.4235,22.7049,20.8344,25.2582,-23.47,-8.61,-2.13,98534625.0,0,0,0,0,0,0,0,0,0,0,1,0,0,0,0,0,0,0,0,0
PRME,2026-09-24,3.07,3.3775,3.2352,3.5183,6.67,-53.97,2.33,-1.92,9447762.0,0,0,0,0,0,0,0,0,0,0,0,0,0,0,0,0,0,0,0,0
PROF,2026-09-24,5.6,6.3538,6.8221,6.8845,8.65,-35.26,-3.95,-2.35,782660.0,0,0,0,0,0,0,0,0,0,0,0,0,0,0,0,0,0,0,0,0
PROK,2026-09-24,1.68,1.8332,1.6645,1.921,3.3,-49.09,-9.19,1.82,3019609.0,0,0,0,0,1,0,0,0,0,0,0,0,0,0,0,0,0,0,0,0
PROP,2026-09-24,0.418,0.4556,0.6243,1.2288,2.5,-83.28,5.82,0.72,617421.0,0,0,0,0,0,0,0,0,0,0,0,0,0,0,0,0,0,0,0,0
PROV,2026-09-24,18.37,18.5125,17.9782,16.6849,18.71,-1.82,-0.7,0.05,355814.0,1,1,1,0,1,0,0,0,0,0,0,0,0,0,0,0,0,0,0,0
PRPL,2026-09-24,2.54,3.4332,5.7485,12.6774,25.5,-90.04,0.4,-1.55,196261.0,0,0,0,0,0,0,0,0,0,0,1,0,0,0,0,0,0,0,0,0
PRPO,2026-09-24,24.47,27.0575,25.4082,25.2428,32.37,-24.41,-8.21,2.64,4356533.0,0,0,0,0,0,0,0,0,0,0,0,0,0,0,0,0,0,0,0,0
PRQR,2026-09-24,1.71,1.9955,1.9419,1.7703,3.05,-43.93,-8.06,0.59,1311608.0,0,0,0,0,0,0,0,0,0,0,0,0,0,0,0,0,0,0,0,0
PRSO,2026-09-24,0.5,0.537,0.6336,0.9049,2.32,-78.45,8.7,2.04,143126.0,0,0,0,0,0,0,0,0,0,0,0,0,0,0,0,0,0,0,0,0
PRSU,2026-09-24,48.44,48.579,49.4054,42.5071,55.97,-13.45,-0.96,0.75,11923929.0,1,1,0,0,0,0,0,0,0,0,0,0,0,0,0,0,0,0,0,0
PRTA,2026-09-24,8.32,9.0253,8.8783,9.3845,11.51,-27.72,0.97,-4.15,3790062.0,0,0,0,0,0,0,0,0,0,0,0,0,0,0,0,0,0,0,0,0
PRTH,2026-09-24,7.79,5.9508,6.0181,5.7915,7.8,-0.13,32.26,-0.13,11422145.0,0,1,1,1,1,0,0,0,0,0,0,0,0,0,1,0,0,0,0,0
PRTS,2026-09-24,8.62,8.3985,6.7986,6.6487,10.0,-13.8,-0.12,3.36,793194.0,1,1,0,1,1,1,0,0,0,0,0,0,1,0,0,0,0,0,0,0
PRU,2026-09-24,118.75,119.097,119.6603,106.4258,123.7019,-4.0,1.46,0.99,189577920.0,1,1,1,0,0,0,0,0,0,0,0,0,0,0,0,0,0,0,0,0
PRVA,2026-09-24,19.39,20.3735,22.2788,23.0198,28.1,-31.0,-4.81,1.52,25200697.0,0,0,0,0,0,0,0,0,0,0,1,0,0,0,0,0,0,0,0,0
PRZO,2026-09-24,0.582,0.7606,0.6375,0.8366,1.88,-69.04,-12.87,-8.63,984433.0,0,0,0,0,0,0,0,0,0,0,0,0,0,0,0,0,0,0,0,0
PS,2026-09-24,52.28,41.8505,38.9,,,,27.48,4.58,28249338.0,0,0,0,1,1,1,1,1,0,0,0,0,1,0,1,1,1,0,0,0
PSA,2026-09-24,284.56,298.0019,310.9696,293.4607,327.1138,-13.01,-3.43,-0.76,260643699.0,0,0,0,0,0,0,0,0,0,0,0,0,0,0,0,0,0,0,0,0
PSBD,2026-09-24,10.3,10.3005,10.1452,10.3736,11.6227,-11.38,0.59,-0.68,941660.0,0,0,0,0,1,0,0,0,0,0,0,0,0,0,0,0,0,1,0,0
PSEC,2026-09-24,2.18,2.2153,2.2023,2.3156,2.7269,-20.05,-0.91,0.46,9036333.0,0,0,0,0,0,0,0,0,0,0,0,0,0,0,0,0,0,0,0,0
PSFE,2026-09-24,6.38,6.4655,7.1606,7.4717,13.27,-51.92,1.92,-1.09,2246882.0,0,0,0,0,0,0,0,0,0,0,0,0,0,0,0,0,0,0,0,0
PSHG,2026-09-24,1.76,1.7375,1.7472,1.9104,2.55,-30.98,2.92,-2.22,117211.0,0,0,0,1,1,0,0,0,0,0,0,0,0,0,0,0,0,0,0,0
PSIG,2026-09-24,4.6,2.751,1.9259,4.8962,11.85,-61.18,20.1,5.75,4240077.0,0,0,0,1,1,1,0,0,0,0,0,0,1,1,1,0,0,1,0,0
PSIX,2026-09-24,46.54,40.6105,36.8078,55.3121,115.78,-59.8,16.09,-0.73,16091756.0,0,0,0,1,1,1,0,0,0,0,0,0,0,0,1,0,0,0,0,0
PSKY,2026-09-24,10.18,10.5714,9.7206,10.5867,19.1449,-46.83,-4.14,2.21,221803547.0,0,0,0,0,1,0,0,0,0,0,0,0,0,0,0,0,0,0,0,0
PSMT,2026-09-24,173.18,171.0255,177.8145,160.1,197.1313,-12.15,3.7,0.31,37484442.0,1,1,0,1,0,0,0,0,0,0,0,0,0,0,0,0,0,0,0,0
PSN,2026-09-24,42.44,46.47,48.8692,56.6153,89.29,-52.47,-8.71,-3.15,53263558.0,0,0,0,0,0,0,0,0,0,0,0,0,0,0,0,0,0,0,0,0
PSNL,2026-09-24,16.57,16.569,15.0744,10.2805,18.38,-9.85,2.86,1.35,43709609.0,1,1,0,1,1,1,0,0,0,0,0,0,0,0,0,0,0,0,0,0
PSNY,2026-09-24,6.97,9.2235,12.1752,17.0055,29.61,-76.46,-4.52,-2.92,2957715.0,0,0,0,0,0,0,0,0,0,0,1,0,0,0,0,0,0,0,0,1
PSNYW,2026-09-24,4.2,4.7815,3.5698,3.6311,9.3,-54.84,-5.19,-2.55,2454031.0,0,1,0,0,1,0,0,0,0,0,0,0,0,0,0,0,0,0,0,0
PSO,2026-09-24,16.02,16.0675,16.2949,14.4685,17.5206,-8.56,0.69,0.82,10865951.0,1,1,0,0,0,0,0,0,0,0,0,0,0,0,0,0,0,0,0,0
PSQH,2026-09-24,5.31,5.314,4.6064,9.4144,42.45,-87.49,11.79,0.95,279280.0,0,0,0,0,1,0,0,0,0,0,0,0,0,0,1,0,0,0,0,0
PSQL,2026-09-24,7.34,9.763,10.0306,,19.11,-61.59,-1.48,-1.74,12212867.0,0,0,0,0,0,0,0,0,0,0,0,0,0,0,0,0,0,0,0,0
PSTL,2026-09-24,23.45,23.6455,23.3348,20.593,24.7157,-5.12,-2.33,0.21,9882497.0,1,1,0,0,1,0,0,0,0,0,0,0,0,0,0,0,0,0,0,0
PSUS,2026-09-24,37.71,38.717,38.4076,,,,-0.89,-2.18,11669456.0,0,0,0,0,0,0,0,0,0,0,0,0,0,0,0,0,0,0,0,0
PSX,2026-09-24,255.87,256.8225,232.9342,178.2511,274.21,-6.69,-3.31,-0.24,846199242.0,1,1,0,0,1,0,0,0,0,0,0,0,0,0,0,0,0,0,0,0
PTC,2026-09-24,137.41,141.106,139.488,146.3101,205.87,-33.25,4.77,-2.13,238630547.0,0,0,0,0,0,0,0,0,0,0,0,0,0,0,0,0,0,0,0,0
PTCT,2026-09-24,62.28,67.998,71.4915,72.5441,89.55,-30.45,-7.86,-0.1,74149921.0,0,0,0,0,0,0,0,0,0,0,1,0,0,0,0,0,0,0,0,0
PTEN,2026-09-24,11.18,12.2791,11.2431,9.7141,13.15,-14.98,-7.07,0.99,109250451.0,0,1,0,0,0,0,0,0,0,0,0,0,0,0,0,0,0,0,0,0
PTGX,2026-09-24,137.34,145.314,144.2082,109.4914,158.62,-13.42,-3.85,-0.98,90081721.0,0,1,0,0,0,0,0,0,0,0,0,0,0,0,0,0,0,0,0,0
PTHS,2026-09-24,22.4,23.3615,25.715,25.0783,37.42,-40.14,15.35,-4.76,1016580.0,0,0,0,0,0,0,0,0,0,0,0,0,0,0,1,0,0,0,0,0
PTLE,2026-09-24,7.08,7.255,8.4802,7.8267,22.56,-68.62,1.58,-1.67,318860.0,0,0,0,0,0,0,0,0,0,0,0,0,0,0,0,0,0,0,0,0
PTLO,2026-09-24,3.61,4.1545,4.4644,4.911,6.75,-46.52,-2.96,-1.1,5280052.0,0,0,0,0,0,0,0,0,0,0,1,0,0,0,0,0,0,0,0,1
PTN,2026-09-24,9.83,11.2895,9.7362,15.6421,28.0,-64.89,3.91,-4.28,1867669.0,0,0,0,0,1,0,0,0,0,0,0,0,0,0,0,0,0,0,0,0
PTON,2026-09-24,4.79,5.067,5.5763,5.3876,9.0,-46.78,-2.24,-0.21,46664656.0,0,0,0,0,0,0,0,0,0,0,0,0,0,0,0,0,0,0,0,0
PTOR,2026-09-24,9.97,9.9865,9.9758,,10.04,-0.7,-0.1,-0.1,298475.0,0,0,1,0,0,0,0,0,0,0,0,0,0,0,0,0,0,1,0,0
PTRN,2026-09-24,17.94,20.0455,22.001,16.8632,29.4,-38.98,-8.66,-7.33,32106447.0,0,1,0,0,0,0,0,0,0,0,0,0,0,0,0,0,0,0,0,0
PTY,2026-09-24,10.75,11.4357,11.5079,11.6384,13.0183,-17.42,-4.78,-1.01,18392023.0,0,0,0,0,0,0,0,0,0,0,1,0,0,0,0,0,0,1,0,1
PUBM,2026-09-24,18.55,16.8667,15.6237,10.8887,18.55,0.0,10.09,6.27,11840135.0,0,1,1,1,1,1,0,0,1,0,0,0,1,1,1,0,0,1,0,0
PUK,2026-09-24,25.3,26.8129,27.7933,29.0845,32.9501,-23.22,-3.66,0.16,26975781.0,0,0,0,0,0,0,0,0,0,0,0,0,0,0,0,0,0,0,0,0
PULM,2026-09-24,1.67,1.4859,1.5713,1.9121,5.06,-67.0,19.29,-0.89,62532.0,0,0,0,1,1,0,0,0,0,0,0,0,0,0,1,0,0,0,0,0
PUMP,2026-09-24,9.53,10.9095,11.3974,12.7791,18.2,-47.64,-6.66,-2.76,40982037.0,0,0,0,0,0,0,0,0,0,0,0,0,0,0,0,0,0,0,0,0
PURR,2026-09-24,14.09,12.3917,9.4307,6.7138,14.09,0.0,9.82,1.08,347800019.0,0,1,1,1,1,1,0,0,1,0,0,0,0,0,0,0,0,0,0,0
PUSA,2026-09-24,3.76,3.692,3.4886,3.9304,7.815,-51.89,3.3,1.62,1867675.0,0,0,0,1,1,1,0,0,0,0,0,0,0,0,0,0,0,0,0,0
PVH,2026-09-24,75.79,73.1962,78.4974,76.0692,98.7199,-23.23,5.7,0.53,82679549.0,0,0,0,1,0,0,0,0,0,0,0,0,0,0,0,0,0,0,0,0
PVLA,2026-09-24,146.07,151.7915,149.3579,122.2757,157.77,-7.42,-3.54,-2.33,31802875.0,0,1,0,0,0,0,0,0,0,0,0,0,0,0,0,0,0,0,0,0
PW,2026-09-24,6.74,7.166,7.8798,8.4923,12.92,-47.83,-5.2,-1.75,175052.0,0,0,0,0,0,0,0,0,0,0,0,0,0,0,0,0,0,0,0,0
PWCM,2026-09-24,1.08,1.0825,1.5128,6.7375,35.25,-96.94,22.17,-1.82,262754.0,0,0,0,0,0,0,0,0,0,0,0,0,0,0,1,0,0,0,0,0
PWP,2026-09-24,13.81,15.1461,15.8935,17.8286,24.0619,-42.61,8.31,3.14,19301855.0,0,0,0,0,0,0,0,0,0,0,0,0,1,0,0,0,0,0,0,0
PWR,2026-09-24,643.5,623.962,641.1888,598.6166,785.1201,-18.04,3.91,1.35,553478837.0,0,1,0,1,1,0,0,0,0,0,0,0,0,0,0,0,0,0,0,0
PWRL,2026-09-24,11.05,10.629,11.3898,,,,1.56,-3.16,1812258.0,0,0,0,1,0,0,0,0,0,0,0,0,0,0,0,0,0,0,0,0
PXED,2026-09-24,25.78,27.7625,28.3005,29.6155,37.3386,-30.96,-3.12,-1.41,2167945.0,0,0,0,0,0,0,0,0,0,0,0,0,0,0,0,0,0,0,0,1
PXLW,2026-09-24,7.16,6.959,6.5642,6.2486,15.23,-52.99,7.19,-2.59,201118.0,1,1,0,1,1,1,0,0,0,0,0,0,0,0,0,0,0,0,0,0
PXS,2026-09-24,6.61,6.4635,5.4757,4.3149,7.36,-10.19,-5.44,-1.34,1396661.0,1,1,0,1,1,1,0,0,0,0,0,0,0,0,0,0,0,0,0,0
PYPD,2026-09-24,5.36,5.2155,4.8655,4.5946,5.58,-3.94,2.88,1.71,509425.0,1,1,1,1,1,1,0,0,0,0,0,0,0,0,0,0,0,0,0,0
PYPL,2026-09-24,52.6,53.7364,56.7213,50.2226,75.2904,-30.14,-0.64,0.17,746276847.0,1,1,0,0,0,0,0,0,0,0,0,0,0,0,0,0,0,0,0,0
PYT,2026-09-24,23.77,23.6855,23.4926,23.017,23.9,-0.54,0.0,0.0,19672.0,1,1,1,1,1,1,0,0,0,0,0,0,0,0,0,0,0,0,0,0
PYXS,2026-09-24,2.92,3.3848,3.1109,2.1892,5.34,-45.32,-12.57,-9.32,3185069.0,0,1,0,0,0,0,0,0,0,0,0,0,0,0,0,0,0,0,1,0
PZG,2026-09-24,1.32,1.3725,1.3394,1.5126,2.67,-50.56,3.13,-2.94,429721.0,0,0,0,0,0,0,0,0,0,0,0,0,0,0,0,0,0,0,0,0
PZZA,2026-09-24,20.22,21.715,25.4036,32.4518,53.2508,-62.03,0.15,0.35,30766610.0,0,0,0,0,0,0,0,0,0,0,0,0,0,0,0,0,0,0,0,0
Q,2026-09-24,122.31,120.7536,129.0681,124.0328,175.5232,-30.32,6.49,-1.76,204451979.0,0,0,0,1,0,0,0,0,0,0,0,0,0,0,0,0,0,0,0,0
QADR,2026-09-24,9.99,9.9815,9.9612,,,,0.1,0.1,130957.0,0,0,0,1,1,1,0,0,0,0,0,0,0,0,0,0,0,0,0,0
QBTS,2026-09-24,17.48,17.0315,18.1978,21.1135,44.78,-60.96,-1.19,3.99,279558824.0,0,0,0,1,0,0,0,0,0,0,0,0,1,0,0,0,0,0,0,0
QCLS,2026-09-24,1.02,1.4422,2.3129,3.6244,6.92,-85.26,34.21,16.04,14206344.0,0,0,0,0,0,0,0,0,0,0,0,0,1,1,1,0,0,0,0,0
QCOM,2026-09-24,194.26,179.0682,168.994,167.4994,248.7425,-21.9,2.94,-1.51,2586010257.0,0,1,0,1,1,1,0,0,0,0,0,0,0,0,0,0,0,0,0,0
QCRH,2026-09-24,100.42,100.9724,101.5077,92.2348,106.4315,-5.65,-0.44,1.26,11140761.0,1,1,0,0,0,0,0,0,0,0,0,0,0,0,0,0,0,0,0,0
QDEL,2026-09-24,10.69,12.5535,14.4976,18.6001,35.38,-69.79,-0.74,3.38,16722873.0,0,0,0,0,0,0,0,0,0,0,0,1,1,0,0,0,0,0,0,0
QETA,2026-09-24,11.85,11.806,11.7664,11.632,11.98,-1.09,0.0,0.0,2544.0,0,1,1,1,1,1,0,0,0,0,0,0,0,0,0,0,0,0,0,0
QFIN,2026-09-24,7.48,8.2516,10.5866,13.0946,28.1792,-73.46,-8.56,-1.71,23175261.0,0,0,0,0,0,0,0,0,0,0,1,0,0,0,0,0,0,0,0,1
QGEN,2026-09-24,44.56,43.2975,42.6482,42.2399,55.1624,-19.22,3.87,1.94,74725172.0,1,1,0,1,1,1,0,0,0,0,0,0,0,0,0,0,0,0,0,0
QH,2026-09-24,3.94,4.0363,4.5158,2.7772,11.31,-65.16,-0.25,-0.66,14305.0,1,1,0,0,0,0,0,0,0,0,0,0,0,0,0,0,0,0,0,0
QLEP,2026-09-24,10.04,10.0205,10.0006,,,,0.4,-0.1,27601.0,0,0,0,1,1,1,0,0,0,0,0,0,0,0,0,0,0,0,0,0
QLYS,2026-09-24,182.94,176.3885,169.8404,126.6084,195.88,-6.61,-0.07,-1.0,132132265.0,0,1,0,1,1,1,0,0,0,0,0,0,0,0,0,0,0,0,0,0
QMCO,2026-09-24,29.49,24.308,18.9234,10.716,29.49,0.0,23.75,13.55,34584944.0,0,1,1,1,1,1,1,1,1,0,0,0,1,1,1,1,1,1,0,0
QNBC,2026-09-24,45.55,44.9474,43.9693,40.3761,45.74,-0.42,1.56,0.22,545198.0,0,1,1,1,1,1,0,0,0,0,0,0,0,0,0,0,0,0,0,0
QNC,2026-09-24,1.89,1.849,2.0534,,3.79,-50.13,11.18,-6.9,2150489.0,0,0,0,1,0,0,0,0,0,0,0,0,0,0,1,0,0,0,0,0
QNCX,2026-09-24,30.0,30.3415,27.9002,143.2808,880.0,-96.59,10.42,-0.5,608495.0,0,0,0,0,1,0,0,0,0,0,0,0,0,0,1,0,0,0,0,0
QNME,2026-09-24,0.805,0.4251,0.4037,0.6271,1.46,-44.86,177.59,-4.05,17853802.0,0,1,0,1,1,1,0,0,0,0,0,0,0,0,1,0,0,0,0,0
QNRX,2026-09-24,6.38,6.6773,5.5093,7.1938,22.3,-71.39,-7.54,-5.48,10311496.0,0,0,0,0,1,0,0,0,0,0,0,0,0,0,0,0,0,0,0,0
QNST,2026-09-24,14.4,18.0755,18.0484,14.3233,22.02,-34.6,-21.74,0.84,17575611.0,0,1,0,0,0,0,0,0,0,0,1,0,0,0,0,0,0,0,1,0
QNT,2026-09-24,49.39,50.1485,54.1012,,,,-9.38,-1.44,91459552.0,0,0,0,0,0,0,0,0,0,0,0,0,0,0,0,0,0,0,0,0
QNTM,2026-09-24,4.0,3.3778,3.2759,4.625,18.45,-78.32,9.59,3.09,671244.0,0,0,0,1,1,1,0,0,0,0,0,0,1,0,0,0,0,1,0,0
QQQX,2026-09-24,30.52,29.9742,29.6608,27.8873,30.91,-1.26,3.14,-0.03,2350389.0,1,1,1,1,1,1,0,0,0,0,0,0,0,0,0,0,0,0,0,0
QRED,2026-09-24,10.05,10.0435,10.0176,,,,0.1,0.0,162747.0,0,0,0,1,1,1,0,0,0,0,0,0,0,0,0,0,0,0,0,0
QRHC,2026-09-24,1.37,1.392,1.3784,1.4955,2.41,-43.15,-0.72,-0.72,25975.0,0,0,0,0,0,0,0,0,0,0,0,0,0,0,0,0,0,0,0,0
QRVO,2026-09-24,116.34,107.5267,98.5092,89.6005,119.59,-2.72,2.08,-2.72,156090513.0,0,1,1,1,1,1,0,0,0,0,0,0,0,0,0,0,0,0,0,0
QS,2026-09-24,4.94,5.2832,5.5428,7.5529,18.44,-73.21,-4.45,0.61,62772172.0,0,0,0,0,0,0,0,0,0,0,0,0,0,0,0,0,0,0,0,0
QSEA,2026-09-24,10.65,10.6247,10.6158,10.4278,10.66,-0.09,0.19,0.0,13616.0,1,1,1,1,1,1,0,0,0,0,0,0,0,0,0,0,0,0,0,0
QSI,2026-09-24,0.785,0.7579,0.7714,0.9573,2.63,-70.15,1.95,3.43,1132955.0,0,0,0,1,1,0,0,0,0,0,0,0,1,0,0,0,0,0,0,0
QSR,2026-09-24,70.91,75.9666,75.2476,72.3222,80.8466,-12.29,-4.54,-1.05,251380615.0,0,0,0,0,0,0,0,0,0,0,0,0,0,0,0,0,0,0,0,0
QTEX,2026-09-24,0.76,0.8316,0.9247,0.9272,3.08,-75.32,-12.64,-1.3,1167702.0,0,0,0,0,0,0,0,0,0,0,0,0,0,0,0,0,0,0,0,0
QTI,2026-09-24,2.53,2.7307,2.8428,4.9447,39.0,-93.51,-1.94,-1.94,90051.0,0,0,0,0,0,0,0,0,0,0,0,0,0,0,0,0,0,0,0,1
QTRX,2026-09-24,3.18,2.758,3.1358,4.3844,8.06,-60.55,9.28,0.63,2391249.0,0,0,0,1,1,0,0,0,0,0,0,0,0,0,0,0,0,0,0,0
QTTB,2026-09-24,9.22,12.1665,14.2064,8.5232,21.38,-56.88,-16.03,-3.56,7335605.0,0,1,0,0,0,0,0,0,0,0,1,0,0,0,0,0,0,0,1,0
QTWO,2026-09-24,56.45,61.233,60.8046,56.1221,76.75,-26.45,-5.21,1.42,37251277.0,0,1,0,0,0,0,0,0,0,0,0,0,0,0,0,0,0,0,0,0
QUAD,2026-09-24,9.26,9.938,9.6696,7.5404,10.7408,-13.79,-3.84,0.11,3975497.0,0,1,0,0,0,0,0,0,0,0,0,0,0,0,0,0,0,0,0,0
QUBT,2026-09-24,9.16,8.304,8.3519,9.3019,24.62,-62.79,8.53,0.44,59110224.0,0,0,0,1,1,0,0,0,0,0,0,0,0,0,0,0,0,0,0,0
QUCY,2026-09-24,1.33,1.406,1.3345,1.21,3.56,-62.64,-2.21,0.76,1027286.0,0,1,0,0,0,0,0,0,0,0,0,0,0,0,0,0,0,0,0,0
QUIK,2026-09-24,10.99,10.721,12.0528,12.1814,23.74,-53.71,9.79,-2.14,2466829.0,0,0,0,1,0,0,0,0,0,0,0,0,0,0,0,0,0,0,0,0
QUMS,2026-09-24,10.34,10.3315,10.3065,10.1644,10.34,0.0,0.0,0.0,195355.0,0,1,1,1,1,1,0,0,1,0,0,0,0,0,0,0,0,0,0,0
QURE,2026-09-24,38.32,45.301,44.4294,29.3526,70.59,-45.71,-9.81,-10.38,60199783.0,0,1,0,0,0,0,0,0,0,0,1,0,0,0,0,0,0,1,0,0
QXL,2026-09-24,5.165,4.86,4.7426,3.2638,6.85,-24.6,0.1,-6.09,386070.0,0,1,0,1,1,1,0,0,0,0,0,0,0,0,0,0,0,0,0,0
QXO,2026-09-24,12.26,12.5745,13.6136,18.7209,27.07,-54.71,5.33,-0.16,213467629.0,0,0,0,0,0,0,0,0,0,0,0,0,0,0,0,0,0,0,0,0
R,2026-09-24,236.25,242.7855,253.6847,228.7755,279.2062,-15.39,-0.72,-0.74,59804140.0,0,1,0,0,0,0,0,0,0,0,0,0,0,0,0,0,0,0,0,0
RA,2026-09-24,11.71,12.2094,12.4375,12.2928,12.7396,-8.08,-1.93,-1.18,2718069.0,0,0,0,0,0,0,0,0,0,0,1,0,0,0,0,0,0,0,0,1
RAC,2026-09-24,10.57,10.566,10.5165,10.4365,10.6,-0.28,-0.09,0.0,129268.0,1,1,1,1,1,1,0,0,0,0,0,0,0,0,0,0,0,0,0,0
RACC,2026-09-24,11.06,14.2255,17.6086,,,,-0.36,0.0,1926814.0,0,0,0,0,0,0,0,0,0,0,1,0,0,0,0,0,0,0,0,0
RACE,2026-09-24,411.82,412.1025,404.1006,364.4044,498.3386,-17.36,-0.13,-0.3,146899931.0,1,1,0,0,1,0,0,0,0,0,0,0,0,0,0,0,0,0,0,0
RADX,2026-09-24,1.572,1.9781,2.7054,4.2215,10.63,-85.21,-5.87,-3.26,135488.0,0,0,0,0,0,0,0,0,0,0,1,0,0,0,0,0,0,0,0,0
RAIL,2026-09-24,7.42,7.0805,7.4974,9.2161,14.8,-49.86,3.2,0.27,2044679.0,0,0,0,1,0,0,0,0,0,0,0,0,0,0,0,0,0,0,0,0
RAIN,2026-09-24,1.01,0.8278,1.0801,2.482,8.13,-87.58,48.09,0.0,3639623.0,0,0,0,1,0,0,0,0,0,0,0,0,0,0,1,0,0,0,0,0
RAL,2026-09-24,69.97,65.2578,66.9,55.9779,73.572,-4.9,3.54,-0.03,96874767.0,0,1,1,1,1,0,0,0,0,0,0,0,0,0,0,0,0,0,0,0
RAMP,2026-09-24,37.48,37.7015,37.7406,32.012,38.01,-1.39,-1.03,0.11,46056513.0,1,1,1,0,0,0,0,0,0,0,0,0,0,0,0,0,0,0,0,0
RAND,2026-09-24,9.81,10.648,10.2299,10.5829,15.1408,-35.21,-8.74,-1.8,36597.0,0,0,0,0,0,0,0,0,0,0,0,0,0,0,0,0,0,0,0,0
RANG,2026-09-24,10.85,10.7955,10.7566,10.5872,10.85,0.0,0.28,0.18,38937.0,0,1,1,1,1,1,0,0,1,0,0,0,0,0,0,0,0,0,0,0
RANI,2026-09-24,0.749,0.832,0.8148,1.0318,2.85,-73.72,-0.93,-2.35,445577.0,0,0,0,0,0,0,0,0,0,0,0,0,0,0,0,0,0,0,0,0
RAPP,2026-09-24,33.83,44.3293,44.4576,35.6117,52.5,-35.56,-18.27,-0.88,17172563.0,0,0,0,0,0,0,0,0,0,0,1,0,0,0,0,0,0,1,0,0
RARE,2026-09-24,14.77,17.2973,22.8318,24.7259,36.54,-59.58,1.86,-0.74,106213168.0,0,0,0,0,0,0,0,0,0,0,0,0,0,0,0,0,0,0,0,0
RAVE,2026-09-24,2.29,2.9345,3.061,2.9768,3.64,-37.09,-19.65,-16.73,202080.0,0,0,0,0,0,0,0,0,0,0,1,0,0,0,0,0,0,1,0,1
RAYA,2026-09-24,1.94,2.148,2.3388,10.2941,156.2,-98.76,-13.0,1.57,388490.0,0,0,0,0,0,0,0,0,0,0,0,0,0,0,0,0,0,0,0,0
RBA,2026-09-24,82.46,83.64,93.2433,102.0935,118.3226,-30.31,-2.17,-0.45,145970060.0,0,0,0,0,0,0,0,0,0,0,0,0,0,0,0,0,0,0,0,0
RBB,2026-09-24,26.45,26.4963,26.6375,23.5794,27.7499,-4.68,-0.71,0.65,2530070.0,1,1,1,0,0,0,0,0,0,0,0,0,0,0,0,0,0,0,0,0
RBBN,2026-09-24,1.82,1.9065,2.0216,2.4183,4.04,-54.95,10.98,1.11,1721031.0,0,0,0,0,0,0,0,0,0,0,0,0,0,0,1,0,0,0,0,0
RBC,2026-09-24,503.85,493.485,532.4774,547.2156,648.89,-22.35,3.43,0.72,154178969.0,0,0,0,1,0,0,0,0,0,0,0,0,0,0,0,0,0,0,0,0
RBCAA,2026-09-24,94.13,94.7141,95.1473,79.5613,100.109,-5.97,0.57,0.86,11013079.0,1,1,0,0,0,0,0,0,0,0,0,0,0,0,0,0,0,0,0,0
RBKB,2026-09-24,12.85,12.8102,12.5878,11.1265,13.07,-1.68,-0.16,0.31,2044056.0,1,1,1,1,1,1,0,0,0,0,0,0,0,0,0,0,0,0,0,0
RBLX,2026-09-24,48.83,45.3805,43.4304,56.9221,141.56,-65.51,2.8,-0.33,499414971.0,0,0,0,1,1,1,0,0,0,0,0,0,0,0,0,0,0,0,0,0
RBNE,2026-09-24,2.33,2.5883,2.9205,27.3827,102.75,-97.73,-0.43,-1.69,79370.0,0,0,0,0,0,0,0,0,0,0,0,0,0,0,0,0,0,0,0,1
RBRK,2026-09-24,113.8,98.612,91.0164,70.8942,115.57,-1.53,8.4,-1.53,387162820.0,0,1,1,1,1,1,0,0,0,0,0,0,0,0,0,0,0,0,0,0
RC,2026-09-24,1.39,1.678,1.6582,1.8138,4.0508,-65.69,-12.03,-4.79,2100173.0,0,0,0,0,0,0,0,0,0,0,0,0,0,0,0,0,0,0,0,1
RCAT,2026-09-24,6.8,7.8345,8.4283,11.0002,17.36,-60.83,-4.16,3.19,65214371.0,0,0,0,0,0,0,0,0,0,0,0,0,1,0,0,0,0,0,0,0
RCBC,2026-09-24,50.52,51.9615,49.1119,44.1184,53.18,-5.0,-4.23,-0.98,4747517.0,1,1,0,0,1,0,0,0,0,0,0,0,0,0,0,0,0,0,0,0
RCEL,2026-09-24,11.58,10.555,8.1532,5.1709,11.58,0.0,10.81,5.75,2970216.0,0,1,1,1,1,1,0,0,1,0,0,0,1,1,1,0,0,0,0,0
RCG,2026-09-24,3.01,2.973,2.9512,2.8548,3.3,-8.79,-0.33,-0.33,17317.0,1,1,0,1,1,1,0,0,0,0,0,0,0,0,0,0,0,1,0,0
RCI,2026-09-24,32.26,35.8365,35.0286,35.7539,39.8257,-19.0,-10.14,-3.06,40272684.0,0,0,0,0,0,0,0,0,0,0,1,0,0,0,0,0,0,0,0,0
RCKT,2026-09-24,2.69,3.522,3.4588,3.5913,5.3,-49.25,-22.7,-10.93,6085559.0,0,0,0,0,0,0,0,0,0,0,1,0,0,0,0,0,0,1,0,0
RCKY,2026-09-24,44.67,44.0764,44.9377,38.7369,50.5891,-11.7,3.5,-0.33,2072743.0,1,1,0,1,0,0,0,0,0,0,0,0,0,0,0,0,0,0,0,0
RCL,2026-09-24,238.98,256.2545,283.8667,284.0744,342.3655,-30.2,-4.31,3.77,708595907.0,0,0,0,0,0,0,0,0,0,0,0,1,1,0,0,0,0,0,0,0
RCMT,2026-09-24,40.59,40.477,35.0654,26.1138,42.0,-3.36,3.34,0.64,3387325.0,1,1,1,1,1,1,0,0,0,0,0,0,0,0,0,0,0,0,0,0
RCON,2026-09-24,1.37,1.3885,25.564,156.041,432.0,-99.68,6.2,0.0,419420.0,0,0,0,0,0,0,0,0,0,0,1,0,0,0,0,0,0,0,0,0
RCS,2026-09-24,4.89,5.0633,5.1262,5.362,7.3132,-33.13,-0.61,-1.01,818433.0,0,0,0,0,0,0,0,0,0,0,1,0,0,0,0,0,0,0,0,1
RCT,2026-09-24,0.188,0.2034,0.2083,0.7193,2.12,-91.13,-3.59,-3.09,135609.0,0,0,0,0,0,0,0,0,0,0,0,0,0,0,0,0,0,0,0,0
RCUS,2026-09-24,25.06,27.435,28.2216,24.7355,31.57,-20.62,1.66,-5.04,44220270.0,0,1,0,0,0,0,0,0,0,0,0,0,0,0,0,0,0,0,0,0
RDAC,2026-09-24,5.37,5.5962,5.9716,6.8127,20.51,-73.82,-4.45,-3.07,8477500.0,0,0,0,0,0,0,0,0,0,0,0,0,0,0,0,0,0,0,0,0
RDAG,2026-09-24,10.43,10.4193,10.3885,10.2836,10.45,-0.19,-0.19,0.1,656441.0,1,1,1,1,1,1,0,0,0,0,0,0,0,0,0,0,0,0,0,0
RDCM,2026-09-24,10.3,10.1655,10.8746,12.5631,16.14,-36.18,1.48,0.0,1097327.0,0,0,0,1,0,0,0,0,0,0,0,0,0,0,0,0,0,0,0,0
RDDT,2026-09-24,152.72,153.948,161.0692,171.4924,258.93,-41.02,-3.1,0.49,723992333.0,0,0,0,0,0,0,0,0,0,0,0,0,0,0,0,0,0,0,0,0
RDGT,2026-09-24,0.91,0.911,0.9666,134.8117,760.5,-99.88,-9.9,-2.15,366630.0,0,0,0,0,0,0,0,0,0,0,0,0,0,0,0,0,0,0,0,0
RDHL,2026-09-24,0.52,0.6505,0.647,0.9072,2.52,-79.37,-5.45,-4.24,5010101.0,0,0,0,0,0,0,0,0,0,0,0,0,0,0,0,0,0,0,0,1
RDI,2026-09-24,1.97,2.0935,1.7572,1.2842,2.34,-15.81,-3.9,2.07,201897.0,0,1,0,0,1,0,0,0,0,0,0,0,0,0,0,0,0,0,0,0
RDIB,2026-09-24,17.03,15.9653,11.8319,10.7239,18.42,-7.55,7.11,-4.81,1548429.0,0,1,0,1,1,1,0,0,0,0,0,0,0,0,0,0,0,0,0,0
RDN,2026-09-24,33.54,35.7145,36.8611,34.9921,39.4333,-14.94,-4.91,-2.9,39933156.0,0,0,0,0,0,0,0,0,0,0,1,0,0,0,0,0,0,0,0,0
RDNT,2026-09-24,71.31,74.689,71.1567,65.6753,84.48,-15.59,-5.9,-2.6,58173391.0,0,1,0,0,1,0,0,0,0,0,0,0,0,0,0,0,0,0,0,0
RDNW,2026-09-24,6.08,5.743,6.0818,6.4027,8.26,-26.39,7.8,0.5,399325.0,0,0,0,1,0,0,0,0,0,0,0,0,0,0,0,0,0,0,0,0
RDVT,2026-09-24,79.06,74.9295,70.4759,53.7142,79.06,0.0,1.99,3.75,17146246.0,0,1,1,1,1,1,0,0,1,0,0,0,1,0,0,0,0,0,0,0
RDW,2026-09-24,11.6,10.915,10.8486,10.9435,25.9,-55.21,0.43,2.93,136408430.0,0,1,0,1,1,1,0,0,0,0,0,0,0,0,0,0,0,0,0,0
RDWR,2026-09-24,29.79,28.9015,28.5898,26.8567,32.13,-7.28,1.15,-2.14,8863974.0,0,1,0,1,1,1,0,0,0,0,0,0,0,0,0,0,0,0,0,0
RDY,2026-09-24,12.3,12.0505,12.1003,13.2668,15.2718,-19.46,5.31,-0.73,33418907.0,0,0,0,1,1,0,0,0,0,0,0,0,0,0,0,0,0,0,0,0
RDZN,2026-09-24,1.285,1.2817,1.2919,1.5034,2.41,-46.68,8.9,9.83,431706.0,0,0,0,1,0,0,0,0,0,0,0,0,1,1,0,0,0,0,0,0
REA,2026-09-24,10.89,12.01,12.1426,,,,-0.82,-0.82,1356888.0,0,0,0,0,0,0,0,0,0,0,0,0,0,0,0,0,0,0,0,0
REAL,2026-09-24,8.89,9.854,10.9358,11.7539,16.9,-47.4,-6.22,-2.89,23303832.0,0,0,0,0,0,0,0,0,0,0,1,0,0,0,0,0,0,0,0,0
REAX,2026-09-24,15.48,19.1878,20.3517,25.0664,49.9,-68.98,-18.61,2.31,20102467.0,0,0,0,0,0,0,0,0,0,0,0,0,0,0,0,0,0,0,0,0
REBN,2026-09-24,1.13,1.0174,1.226,1.7171,2.86,-60.49,37.14,3.67,198135.0,0,0,0,1,0,0,0,0,0,0,0,0,1,0,1,0,0,0,0,0
RECT,2026-09-24,1.293,1.2751,1.2005,1.3102,3.604,-64.12,0.23,1.81,5031.0,0,0,0,1,1,1,0,0,0,0,0,0,0,0,0,0,0,0,0,0
REED,2026-09-24,0.65,0.85,0.9018,2.1719,12.0,-94.58,-18.75,3.17,173339.0,0,0,0,0,0,0,0,0,0,0,0,0,1,0,0,0,0,0,0,0
REFI,2026-09-24,10.61,10.8205,10.5037,10.9696,11.9215,-11.0,-3.63,-0.75,2355340.0,0,0,0,0,1,0,0,0,0,0,0,0,0,0,0,0,0,0,0,0
REFR,2026-09-24,0.74,0.4895,0.474,0.853,2.36,-68.64,89.74,4.23,3315420.0,0,0,0,1,1,1,0,0,0,0,0,0,1,0,1,0,0,0,0,0
REG,2026-09-24,72.92,74.2261,76.5946,74.7285,81.8511,-10.91,-0.46,0.26,100197378.0,0,0,0,0,0,0,0,0,0,0,0,1,0,0,0,0,0,0,0,0
REGN,2026-09-24,796.02,803.4145,771.4054,733.2333,852.03,-6.57,2.76,-0.72,564971030.0,1,1,0,0,1,0,0,0,0,0,0,0,0,0,0,0,0,0,0,0
REI,2026-09-24,1.35,1.4705,1.3752,1.2929,1.98,-31.82,-8.78,1.5,6240568.0,0,1,0,0,0,0,0,0,0,0,0,0,0,0,0,0,0,0,0,0
REKR,2026-09-24,0.427,0.4834,0.5706,0.8862,3.2,-86.66,-0.7,-0.47,833374.0,0,0,0,0,0,0,0,0,0,0,0,0,0,0,0,0,0,0,0,1
RELL,2026-09-24,17.13,17.054,18.0651,14.6079,21.7569,-21.27,4.13,-0.75,2050603.0,1,1,0,1,0,0,0,0,0,0,0,0,0,0,0,0,0,0,0,0
RELX,2026-09-24,33.51,34.8165,34.9124,34.4974,46.4773,-27.9,-2.22,0.87,73301586.0,0,0,0,0,0,0,0,0,0,0,0,0,0,0,0,0,0,0,0,0
RELY,2026-09-24,21.16,23.8147,24.1847,19.2629,26.92,-21.4,-4.47,4.8,101882782.0,0,1,0,0,0,0,0,0,0,0,0,0,1,0,0,0,0,0,0,0
RENT,2026-09-24,1.79,2.811,3.219,4.873,9.39,-80.94,-7.73,5.29,575192.0,0,0,0,0,0,0,0,0,0,0,1,0,1,1,0,0,0,0,0,0
RENX,2026-09-24,2.04,1.8728,1.9083,2.6603,31.6,-93.54,25.93,12.71,227177.0,0,0,0,1,1,0,0,0,0,0,0,0,1,1,1,0,0,1,0,0
REPL,2026-09-24,12.6,14.1555,12.7722,8.8113,15.98,-21.15,-2.78,-2.78,28118258.0,0,1,0,0,0,0,0,0,0,0,0,0,0,0,0,0,0,0,0,0
REPX,2026-09-24,41.69,41.5955,37.8151,32.9505,44.9,-7.15,-3.23,1.51,17157477.0,1,1,0,1,1,1,0,0,0,0,0,0,0,0,0,0,0,0,0,0
RERE,2026-09-24,3.93,4.0215,4.1394,4.738,6.1966,-36.58,-0.51,-1.26,2922612.0,0,0,0,0,0,0,0,0,0,0,0,0,0,0,0,0,0,0,0,0
RES,2026-09-24,5.9,6.2525,6.0588,6.2729,7.8987,-25.3,-1.34,0.85,11403580.0,0,0,0,0,0,0,0,0,0,0,0,0,0,0,0,0,0,0,0,0
RETO,2026-09-24,0.166,0.8246,1.6973,3.4841,25.2,-99.34,-20.57,4.4,54191610.0,0,0,0,0,0,0,0,0,0,0,0,0,1,0,0,0,0,1,0,0
REVB,2026-09-24,0.87,0.9749,1.0443,1.5738,6.12,-85.78,-5.43,-6.85,21338.0,0,0,0,0,0,0,0,0,0,0,0,0,0,0,0,0,0,1,0,1
REX,2026-09-24,43.28,42.2975,43.4522,41.3577,51.16,-15.4,2.22,-1.66,9714102.0,1,1,0,1,0,0,0,0,0,0,0,0,0,0,0,0,0,0,0,0
REXR,2026-09-24,37.99,37.658,37.3614,36.2428,42.6477,-10.92,-2.19,-0.42,102604242.0,1,1,0,1,1,1,0,0,0,0,0,0,0,0,0,0,0,0,0,0
REYN,2026-09-24,21.59,22.4135,24.3722,22.9882,26.9419,-19.86,-3.74,-1.6,37257033.0,0,0,0,0,0,0,0,0,0,0,0,0,0,0,0,0,0,0,0,0
REZI,2026-09-24,18.3,19.1415,21.7791,23.6817,30.9673,-40.91,-1.98,-2.03,42600351.0,0,0,0,0,0,0,0,0,0,0,0,0,0,0,0,0,0,0,0,1
RF,2026-09-24,27.26,29.4286,30.3197,28.1939,32.0747,-15.01,-4.25,-0.47,227414045.0,0,0,0,0,0,0,0,0,0,0,1,0,0,0,0,0,0,0,0,0
RFAI,2026-09-24,31.0,39.3932,24.9211,14.3972,58.0,-46.55,-25.3,-9.42,1045173.0,0,1,0,0,1,0,0,0,0,0,0,0,0,0,0,0,0,0,1,0
RFAM,2026-09-24,10.0,9.984,9.9454,,10.02,-0.2,0.1,-0.2,145371.0,0,0,1,1,1,1,0,0,0,0,0,0,0,0,0,0,0,0,0,0
RFI,2026-09-24,10.58,11.0313,11.2375,10.9596,11.5369,-8.29,-1.95,-0.28,893745.0,0,0,0,0,0,0,0,0,0,0,1,0,0,0,0,0,0,0,0,0
RFIL,2026-09-24,8.31,9.534,11.3498,12.2632,21.5,-61.35,1.34,-0.72,2539998.0,0,0,0,0,0,0,0,0,0,0,1,0,0,0,0,0,0,0,0,0
RFL,2026-09-24,1.91,2.2775,2.1476,1.6554,3.78,-49.47,-7.28,-5.45,334401.0,0,1,0,0,0,0,0,0,0,0,0,0,0,0,0,0,0,1,0,0
RFM,2026-09-24,13.125,13.8489,14.2696,13.9635,14.7716,-11.15,-2.78,-1.43,297960.0,0,0,0,0,0,0,0,0,0,0,1,0,0,0,0,0,0,0,0,1
RFMZ,2026-09-24,11.88,12.6094,12.9109,12.6601,13.4125,-11.43,-3.65,-1.33,852886.0,0,0,0,0,0,0,0,0,0,0,1,0,0,0,0,0,0,1,0,0
RGA,2026-09-24,245.41,247.8,243.2606,215.683,255.91,-4.1,-1.08,-0.54,74965214.0,1,1,1,0,1,0,0,0,0,0,0,0,0,0,0,0,0,0,0,0
RGC,2026-09-24,6.17,5.8997,5.6826,19.5194,52.88,-88.33,8.63,3.18,1081250.0,0,0,0,1,1,1,0,0,0,0,0,0,1,0,0,0,0,0,0,0
RGCO,2026-09-24,20.78,21.4815,22.0101,22.0734,26.322,-21.05,-2.94,0.63,287229.0,0,0,0,0,0,0,0,0,0,0,0,0,0,0,0,0,0,0,0,0
RGEN,2026-09-24,190.65,174.49,163.4208,142.5755,190.65,0.0,10.26,3.32,166816211.0,0,1,1,1,1,1,1,1,1,0,0,0,1,0,1,1,1,0,0,0
RGLD,2026-09-24,252.49,256.5255,233.3518,239.4259,303.0175,-16.67,2.84,-0.11,168250267.0,1,1,0,0,1,0,0,0,0,0,0,0,0,0,0,0,0,0,0,0
RGNT,2026-09-24,2.04,1.9755,1.9948,3.6185,9.4,-78.3,13.33,-2.86,107881.0,0,0,0,1,1,0,0,0,0,0,0,0,0,0,1,0,0,0,0,0
RGNX,2026-09-24,7.24,8.6515,9.706,10.0781,15.98,-54.69,-9.27,-3.47,11154631.0,0,0,0,0,0,0,0,0,0,0,0,0,0,0,0,0,0,0,0,0
RGP,2026-09-24,3.75,4.0555,4.1564,4.1533,5.0231,-25.35,-6.95,-3.6,1416392.0,0,0,0,0,0,0,0,0,0,0,0,0,0,0,0,0,0,1,0,0
RGR,2026-09-24,41.9,38.64,38.2252,37.9958,46.5781,-10.04,13.0,0.0,7319371.0,0,1,0,1,1,1,0,0,0,0,0,0,0,0,1,0,0,0,0,0
RGS,2026-09-24,28.52,27.745,27.8112,26.2778,30.79,-7.37,3.26,3.52,264038.0,1,1,0,1,1,0,0,0,0,0,0,0,1,0,0,0,0,0,0,0
RGT,2026-09-24,14.5,14.8415,15.0044,14.233,15.58,-6.93,1.75,-0.07,297636.0,1,1,0,0,0,0,0,0,0,0,0,0,0,0,0,0,0,0,0,0
RGTI,2026-09-24,16.5,15.5933,15.999,18.6463,56.34,-70.71,3.19,3.09,261729212.0,0,0,0,1,1,0,0,0,0,0,0,0,1,0,0,0,0,0,0,0
RH,2026-09-24,121.19,137.027,160.2736,161.2023,232.9,-47.96,-4.21,-2.73,115224800.0,0,0,0,0,0,0,0,0,0,0,1,0,0,0,0,0,0,0,0,0
RHI,2026-09-24,35.79,40.1955,40.4974,30.0894,45.34,-21.06,-3.5,-4.2,74623881.0,0,1,0,0,0,0,0,0,0,0,0,0,0,0,0,0,0,0,0,0
RHLD,2026-09-24,127.5,129.397,130.239,153.5835,226.37,-43.68,6.37,1.52,18843233.0,0,0,0,0,0,0,0,0,0,0,0,0,0,0,0,0,0,0,0,0
RHP,2026-09-24,121.97,123.239,126.2804,108.3141,135.99,-10.31,1.7,1.02,73316817.0,1,1,0,0,0,0,0,0,0,0,0,0,0,0,0,0,0,0,0,0
RIBB,2026-09-24,8.815,9.8312,10.4236,10.5352,13.69,-35.61,15.99,7.76,588490.0,0,0,0,0,0,0,0,0,0,0,0,0,1,1,1,0,0,0,0,0
RICK,2026-09-24,27.24,28.7334,28.0772,25.3627,31.2548,-12.85,-2.54,-0.62,1452819.0,0,1,0,0,0,0,0,0,0,0,0,0,0,0,0,0,0,0,0,0
RIG,2026-09-24,5.43,5.717,5.5534,5.6489,7.58,-28.36,-4.06,-0.73,252802304.0,0,0,0,0,0,0,0,0,0,0,0,0,0,0,0,0,0,0,0,0
RIGL,2026-09-24,47.89,46.9495,43.27,36.3557,50.96,-6.02,7.67,-0.5,11115507.0,1,1,0,1,1,1,0,0,0,0,0,0,0,0,0,0,0,0,0,0
RILY,2026-09-24,5.74,6.53,6.8888,7.3749,10.68,-46.25,-4.65,-0.69,3354688.0,0,0,0,0,0,0,0,0,0,0,1,0,0,0,0,0,0,0,0,0
RIME,2026-09-24,0.17,0.229,0.3334,0.9046,3.48,-95.11,-22.73,-10.53,409332.0,0,0,0,0,0,0,0,0,0,0,1,0,0,0,0,0,0,1,0,1
RIO,2026-09-24,94.47,100.289,97.392,92.475,109.6326,-13.83,-1.38,-0.82,177418820.0,0,1,0,0,0,0,0,0,0,0,0,0,0,0,0,0,0,0,0,0
RIOT,2026-09-24,23.48,21.4445,20.9263,19.1648,28.69,-18.16,7.31,-4.9,353738815.0,0,1,0,1,1,1,0,0,0,0,0,0,0,0,0,0,0,0,0,0
RITM,2026-09-24,9.12,9.76,9.8194,9.6952,11.4332,-20.23,-3.8,-3.18,50481986.0,0,0,0,0,0,0,0,0,0,0,0,0,0,0,0,0,0,0,0,0
RIV,2026-09-24,10.34,10.6625,10.911,10.8813,11.3718,-9.07,-0.48,-2.08,1570663.0,0,0,0,0,0,0,0,0,0,0,0,0,0,0,0,0,0,0,0,0
RIVN,2026-09-24,15.29,15.6905,16.0066,16.2466,22.45,-31.89,-0.71,1.8,337230508.0,0,0,0,0,0,0,0,0,0,0,0,0,0,0,0,0,0,0,0,0
RJET,2026-09-24,18.72,17.7885,18.7302,19.0827,25.35,-26.15,5.58,0.0,1498502.0,0,0,0,1,0,0,0,0,0,0,0,0,0,0,0,0,0,0,0,0
RJF,2026-09-24,158.76,171.65,173.7476,160.3844,181.18,-12.37,-3.53,0.33,232881232.0,0,0,0,0,0,0,0,0,0,0,1,0,0,0,0,0,0,0,0,0
RKDA,2026-09-24,0.316,0.4662,0.5529,1.3839,5.48,-94.23,-31.3,-25.82,582694.0,0,0,0,0,0,0,0,0,0,0,1,0,0,0,0,0,0,0,0,1
RKLB,2026-09-24,73.61,65.569,69.3538,80.9792,150.23,-51.0,8.54,4.69,1300406190.0,0,0,0,1,1,0,1,0,0,0,0,0,1,0,0,0,0,0,0,0
RKT,2026-09-24,11.93,13.176,13.6224,15.779,23.44,-49.1,-5.09,-1.81,426661870.0,0,0,0,0,0,0,0,0,0,0,0,0,0,0,0,0,0,0,0,1
RKTO,2026-09-24,0.76,0.7199,0.7629,0.9134,2.22,-65.77,-15.74,1.06,283364.0,0,0,0,1,0,0,0,0,0,0,0,0,0,0,0,0,0,0,0,0
RL,2026-09-24,351.86,342.9415,366.2834,364.4486,413.2399,-14.85,3.99,4.26,247028871.0,0,0,0,1,0,0,0,0,0,0,0,0,1,0,0,0,0,0,0,0
RLAY,2026-09-24,17.73,18.773,19.2384,13.6405,20.75,-14.55,-5.89,-1.66,66044704.0,0,1,0,0,0,0,0,0,0,0,0,0,0,0,0,0,0,0,0,0
RLGT,2026-09-24,8.55,8.564,8.6342,7.9269,9.81,-12.84,-6.04,-1.38,3710294.0,1,1,0,0,0,0,0,0,0,0,0,0,0,0,0,0,0,0,0,0
RLI,2026-09-24,56.15,61.3934,62.176,57.4129,66.4335,-15.48,-7.25,-1.23,36368268.0,0,0,0,0,0,0,0,0,0,0,1,0,0,0,0,0,0,0,0,0
RLJ,2026-09-24,11.12,11.0015,11.4534,9.1925,12.48,-10.9,2.68,1.92,18784838.0,1,1,0,1,0,0,0,0,0,0,0,0,0,0,0,0,0,0,0,0
RLMD,2026-09-24,3.81,4.283,4.7434,5.4745,7.86,-51.53,-9.72,0.79,5287899.0,0,0,0,0,0,0,0,0,0,0,0,1,0,0,0,0,0,0,0,0
RLTY,2026-09-24,14.32,14.9725,15.387,14.831,15.9815,-10.4,-1.72,-0.62,721953.0,0,0,0,0,0,0,0,0,0,0,1,0,0,0,0,0,0,0,0,0
RLYB,2026-09-24,16.61,16.8723,16.6227,11.4658,17.22,-3.54,-2.81,-1.48,169616.0,1,1,1,0,0,0,0,0,0,0,0,0,0,0,0,0,0,0,0,0
RM,2026-09-24,30.4,32.332,34.6164,35.5557,43.116,-29.49,-5.35,-1.04,2125124.0,0,0,0,0,0,0,0,0,0,0,0,0,0,0,0,0,0,0,0,0
RMBI,2026-09-24,15.23,15.7421,15.6555,14.4197,16.16,-5.75,-3.61,1.26,2405509.0,0,1,0,0,0,0,0,0,0,0,0,0,0,0,0,0,0,0,0,0
RMBS,2026-09-24,104.55,88.1365,93.0798,107.7416,170.66,-38.74,28.42,1.04,230310375.0,0,0,0,1,1,0,0,0,0,0,0,0,0,0,1,0,0,0,0,0
RMCF,2026-09-24,0.87,0.9555,0.9944,1.7899,2.91,-70.1,2.35,2.35,39169.0,0,0,0,0,0,0,0,0,0,0,0,0,0,0,0,0,0,0,0,0
RMCO,2026-09-24,2.585,2.7419,2.6408,2.9836,4.5195,-42.8,-0.96,-1.34,30543.0,0,0,0,0,0,0,0,0,0,0,0,0,0,0,0,0,0,0,0,0
RMD,2026-09-24,221.89,227.6195,219.5384,225.6757,280.3143,-20.84,-2.79,-0.18,315297181.0,0,0,0,0,1,0,0,0,0,0,0,0,0,0,0,0,0,0,0,0
RMI,2026-09-24,13.92,14.6621,15.0862,14.7318,15.6938,-11.3,-1.69,-0.64,159469.0,0,0,0,0,0,0,0,0,0,0,1,0,0,0,0,0,0,0,0,0
RMIX,2026-09-24,12.39,14.9075,16.9074,,24.84,-50.12,-7.74,-2.67,6577954.0,0,0,0,0,0,0,0,0,0,0,1,0,0,0,0,0,0,0,0,0
RMM,2026-09-24,12.91,13.754,14.0832,13.812,14.7059,-12.21,-3.87,-1.22,771944.0,0,0,0,0,0,0,0,0,0,0,1,0,0,0,0,0,0,1,0,0
RMMZ,2026-09-24,13.29,14.2229,14.4591,14.2998,15.0041,-11.42,-4.73,-2.06,319464.0,0,0,0,0,0,0,0,0,0,0,1,0,0,0,0,0,0,0,0,1
RMNI,2026-09-24,4.28,4.8073,4.8267,4.0137,5.65,-24.25,-4.25,-0.47,2327126.0,0,1,0,0,0,0,0,0,0,0,0,0,0,0,0,0,0,0,0,0
RMR,2026-09-24,18.78,19.177,19.5416,17.4423,20.9041,-10.16,-0.74,-0.21,1679092.0,1,1,0,0,0,0,0,0,0,0,0,0,0,0,0,0,0,0,0,0
RMSG,2026-09-24,0.299,0.319,0.3512,0.8665,3.2,-90.66,9.12,-5.68,331574.0,0,0,0,0,0,0,0,0,0,0,0,0,0,0,0,0,0,1,0,0
RMT,2026-09-24,13.39,13.5376,13.7148,12.3872,14.4314,-7.22,0.22,-0.96,1360555.0,1,1,0,0,0,0,0,0,0,0,0,0,0,0,0,0,0,0,0,0
RMTI,2026-09-24,8.57,8.076,7.4698,8.3967,12.7,-32.52,9.87,0.0,196724.0,0,1,0,1,1,1,0,0,0,0,0,0,0,0,0,0,0,0,0,0
RNA,2026-09-24,8.19,11.4,11.92,,16.54,-50.48,-13.79,-1.68,4194447.0,0,0,0,0,0,0,0,0,0,0,1,0,0,0,0,0,0,0,0,1
RNAC,2026-09-24,7.62,8.6615,8.6436,7.7331,10.59,-28.05,-3.67,-3.18,948507.0,0,0,0,0,0,0,0,0,0,0,0,0,0,0,0,0,0,0,0,0
RNAZ,2026-09-24,1.65,1.8812,3.7244,7.0017,15.23,-89.17,-1.79,-1.79,183440.0,0,0,0,0,0,0,0,0,0,0,1,0,0,0,0,0,0,0,0,0
RNG,2026-09-24,79.82,72.288,62.7521,42.4425,79.82,0.0,8.54,0.74,111504316.0,0,1,1,1,1,1,0,0,1,0,0,0,0,0,0,0,0,0,0,0
RNGR,2026-09-24,15.46,16.558,16.3859,15.9832,18.2916,-15.48,-6.08,-1.21,2945673.0,0,0,0,0,0,0,0,0,0,0,0,0,0,0,0,0,0,0,0,0
RNGT,2026-09-24,10.17,10.1685,10.1445,10.0524,10.18,-0.1,-0.1,0.0,277236.0,1,1,1,1,1,1,0,0,0,0,0,0,0,0,0,0,0,0,0,0
RNR,2026-09-24,330.42,328.5438,324.325,301.182,337.5509,-2.11,0.61,0.49,94007458.0,1,1,1,1,1,1,0,0,0,0,0,0,0,0,0,0,0,0,0,0
RNST,2026-09-24,40.05,40.5284,41.9342,39.2782,44.0404,-9.06,-1.18,0.88,27396130.0,1,1,0,0,0,0,0,0,0,0,0,0,0,0,0,0,0,0,0,0
RNTX,2026-09-24,0.744,0.7856,0.7967,1.1181,1.88,-60.43,5.98,-3.38,321050.0,0,0,0,0,0,0,0,0,0,0,0,0,0,0,0,0,0,0,0,0
RNW,2026-09-24,6.85,6.834,6.5826,5.8451,8.19,-16.36,0.0,0.15,14175298.0,1,1,0,1,1,1,0,0,0,0,0,0,0,0,0,0,0,0,0,0
RNXT,2026-09-24,1.68,1.8522,1.3833,1.0459,2.52,-33.33,8.39,3.07,3095351.0,0,1,0,0,1,0,0,0,0,0,0,0,1,0,0,0,0,0,0,0
ROAD,2026-09-24,89.85,100.2715,105.7551,114.1766,140.48,-36.04,-5.49,-3.84,54935078.0,0,0,0,0,0,0,0,0,0,0,0,0,0,0,0,0,0,0,0,1
ROC,2026-09-24,4.14,4.2435,4.421,,7.31,-43.37,-7.17,-0.96,85700.0,0,0,0,0,0,0,0,0,0,0,0,0,0,0,0,0,0,0,0,0
ROCK,2026-09-24,39.7,44.3995,45.6802,44.7365,74.58,-46.77,-11.46,-1.34,14643642.0,0,0,0,0,0,0,0,0,0,0,0,0,0,0,0,0,0,0,0,0
ROG,2026-09-24,136.2,129.697,130.6436,121.2319,167.09,-18.49,5.99,-2.32,27746690.0,0,1,0,1,1,0,0,0,0,0,0,0,0,0,0,0,0,0,0,0
ROIV,2026-09-24,36.13,37.9275,36.3278,29.6422,41.81,-13.59,-8.69,-1.87,407221768.0,0,1,0,0,0,0,0,0,0,0,0,0,0,0,0,0,0,0,0,0
ROK,2026-09-24,432.93,424.857,440.7235,420.5443,493.5596,-12.28,4.34,0.01,306365305.0,1,1,0,1,0,0,0,0,0,0,0,0,0,0,0,0,0,0,0,0
ROKU,2026-09-24,153.33,155.5967,151.9187,121.5915,159.76,-4.02,-1.15,-0.1,362577507.0,1,1,1,0,1,0,0,0,0,0,0,0,0,0,0,0,0,0,0,0
ROL,2026-09-24,30.4,34.531,37.0296,50.2856,64.8632,-53.13,-9.33,-6.43,212599194.0,0,0,0,0,0,0,0,0,0,0,1,0,0,0,0,0,0,1,0,1
ROLR,2026-09-24,6.07,6.185,6.204,5.6241,23.75,-74.44,-1.78,1.0,196163.0,1,1,0,0,0,0,0,0,0,0,0,0,0,0,0,0,0,0,0,0
ROMA,2026-09-24,8.686,9.068,9.1375,5.9366,10.34,-16.0,-7.4,-2.62,24784.0,0,1,0,0,0,0,0,0,0,0,0,0,0,0,0,0,0,0,0,0
ROOT,2026-09-24,47.81,53.273,54.8452,57.8501,98.51,-51.47,-8.83,2.25,10256088.0,0,0,0,0,0,0,0,0,0,0,0,0,0,0,0,0,0,0,0,0
ROP,2026-09-24,364.02,395.5645,390.641,371.1127,516.3226,-29.5,-3.14,-0.64,321310318.0,0,0,0,0,0,0,0,0,0,0,0,0,0,0,0,0,0,0,0,0
ROST,2026-09-24,235.4,229.537,237.3751,215.2309,254.7377,-7.59,4.72,0.61,475237818.0,1,1,0,1,0,0,0,0,0,0,0,0,0,0,0,0,0,0,0,0
RPAY,2026-09-24,3.93,3.7595,3.8288,3.5193,5.34,-26.4,3.42,3.42,1506491.0,0,1,0,1,1,0,0,0,0,0,0,0,1,0,0,0,0,0,0,0
RPC,2026-09-24,7.4,8.1725,8.4651,8.5333,11.5592,-35.98,-6.45,-4.15,4566582.0,0,0,0,0,0,0,0,0,0,0,1,0,0,0,0,0,0,0,0,0
RPD,2026-09-24,12.85,11.996,11.576,9.663,19.65,-34.61,3.13,-1.83,25033781.0,0,1,0,1,1,1,0,0,0,0,0,0,0,0,0,0,0,0,0,0
RPGL,2026-09-24,14.6864,23.1453,27.8917,1762.7508,52480.0,-99.97,-37.98,-8.55,245940.0,0,0,0,0,0,0,0,0,0,0,1,0,0,0,0,0,0,1,0,1
RPID,2026-09-24,1.11,1.29,1.6558,2.5703,4.68,-76.28,0.0,0.0,344953.0,0,0,0,0,0,0,0,0,0,0,1,0,0,0,0,0,0,0,0,0
RPM,2026-09-24,98.71,101.7775,106.656,105.5189,118.9262,-17.0,-1.07,-1.35,160699909.0,0,0,0,0,0,0,0,0,0,0,0,0,0,0,0,0,0,0,0,0
RPRX,2026-09-24,58.29,60.275,59.3145,50.0719,63.96,-8.86,-0.31,1.11,196009798.0,0,1,0,0,0,0,0,0,0,0,0,0,0,0,0,0,0,0,0,0
RPT,2026-09-24,10.95,12.288,12.3016,13.7349,16.6662,-34.3,-6.81,-1.62,239225.0,0,0,0,0,0,0,0,0,0,0,1,0,0,0,0,0,0,0,0,0
RQI,2026-09-24,11.16,11.8007,12.1064,12.0309,13.1463,-15.11,-2.28,-1.67,7680278.0,0,0,0,0,0,0,0,0,0,0,1,0,0,0,0,0,0,0,0,0
RR,2026-09-24,1.64,1.7228,1.6637,2.51,7.06,-76.77,-4.09,-0.61,8965293.0,0,0,0,0,0,0,0,0,0,0,0,0,0,0,0,0,0,0,0,0
RRBI,2026-09-24,100.1,101.8119,100.835,89.9255,103.48,-3.27,-1.62,-0.45,6552474.0,1,1,1,0,0,0,0,0,0,0,0,0,0,0,0,0,0,0,0,0
RRC,2026-09-24,39.14,40.784,39.7721,39.1538,47.4111,-17.45,0.75,0.95,100668429.0,0,0,0,0,0,0,0,0,0,0,0,0,0,0,0,0,0,0,0,0
RREV,2026-09-24,9.92,9.9125,9.9108,,,,0.1,0.1,481809.0,0,0,0,1,1,1,0,0,0,0,0,0,0,0,0,0,0,0,0,0
RRGB,2026-09-24,7.56,8.128,8.2374,5.2634,10.59,-28.61,3.42,-2.2,2380956.0,0,1,0,0,0,0,0,0,0,0,0,0,0,0,0,0,0,0,0,0
RRR,2026-09-24,51.63,54.7495,59.726,58.8704,66.9406,-22.87,-3.1,1.43,62272703.0,0,0,0,0,0,0,0,0,0,0,0,1,0,0,0,0,0,0,0,0
RRX,2026-09-24,151.11,156.812,176.9454,188.0421,238.19,-36.56,1.28,-0.86,195326729.0,0,0,0,0,0,0,0,0,0,0,0,0,0,0,0,0,0,0,0,0
RS,2026-09-24,385.77,391.988,399.6791,351.6792,428.02,-9.87,-2.16,0.3,121807070.0,1,1,0,0,0,0,0,0,0,0,0,0,0,0,0,0,0,0,0,0
RSF,2026-09-24,14.33,14.3449,14.3238,13.8774,14.4221,-0.64,0.35,0.17,118569.0,1,1,1,0,1,0,0,0,0,0,0,0,0,0,0,0,0,0,0,0
RSG,2026-09-24,212.72,220.574,217.9158,214.4668,230.9379,-7.89,-3.22,-0.18,378547173.0,0,0,0,0,0,0,0,0,0,0,0,0,0,0,0,0,0,0,0,0
RSI,2026-09-24,19.54,25.2525,26.9706,23.9596,34.52,-43.4,-24.53,-4.96,81075688.0,0,0,0,0,0,0,0,0,0,0,1,0,0,0,0,0,0,1,0,0
RSKD,2026-09-24,7.91,6.4415,5.907,4.954,7.91,0.0,25.36,10.78,15606073.0,0,1,1,1,1,1,1,1,1,0,0,0,1,1,1,1,1,1,0,0
RSSS,2026-09-24,2.12,2.142,2.1848,2.4287,3.96,-46.46,2.91,0.0,104944.0,0,0,0,0,0,0,0,0,0,0,0,0,0,0,0,0,0,0,0,0
RSVR,2026-09-24,9.49,9.484,9.9043,9.2712,11.1,-14.5,0.42,-0.73,960249.0,1,1,0,1,0,0,0,0,0,0,0,0,0,0,0,0,0,0,0,0
RTAC,2026-09-24,10.43,10.4705,10.4748,10.494,11.48,-9.15,0.19,0.0,3324185.0,0,0,0,0,0,0,0,0,0,0,0,0,0,0,0,0,0,0,0,0
RTB,2026-09-24,10.32,10.044,13.5846,8.6648,19.28,-46.47,16.09,4.88,1596712.0,1,1,0,1,0,0,0,0,0,0,0,0,1,0,1,0,0,0,0,0
RTO,2026-09-24,20.55,22.709,24.6029,29.1954,34.1992,-39.91,-6.16,-4.02,36691705.0,0,0,0,0,0,0,0,0,0,0,1,0,0,0,0,0,0,0,0,1
RTX,2026-09-24,188.61,199.744,207.5305,193.3342,225.49,-16.36,-4.18,-1.86,768741723.0,0,0,0,0,0,0,0,0,0,0,1,0,0,0,0,0,0,0,0,0
RUBI,2026-09-24,1.2,1.5782,1.9764,561.1349,133593.75,-100.0,-18.37,4.35,509635.0,0,0,0,0,0,0,0,0,0,0,1,0,1,0,0,0,0,0,0,0
RUM,2026-09-24,8.6,8.5133,7.5849,6.7408,10.23,-15.93,-3.26,3.99,50116921.0,1,1,0,1,1,1,0,0,0,0,0,0,1,0,0,0,0,0,0,0
RUN,2026-09-24,7.78,8.6368,9.5051,13.8496,21.41,-63.66,-10.83,-6.83,64455579.0,0,0,0,0,0,0,0,0,0,0,0,0,0,0,0,0,0,0,0,1
RUSHA,2026-09-24,47.98,49.3793,51.3163,46.1971,55.0182,-12.79,-2.1,-0.12,30747782.0,1,1,0,0,0,0,0,0,0,0,0,0,0,0,0,0,0,0,0,0
RUSHB,2026-09-24,55.01,52.0688,51.9026,45.4464,57.0,-3.49,2.06,0.35,12400827.0,0,1,1,1,1,1,0,0,0,0,0,0,0,0,0,0,0,0,0,0
RVI,2026-09-24,28.65,27.6255,27.2182,,73.71,-61.13,5.25,1.67,4076339.0,0,0,0,1,1,1,0,0,0,0,0,0,0,0,0,0,0,0,0,0
RVLV,2026-09-24,20.68,21.2775,23.3456,24.3394,31.45,-34.24,0.34,-0.19,18642296.0,0,0,0,0,0,0,0,0,0,0,0,0,0,0,0,0,0,0,0,0
RVMD,2026-09-24,199.86,204.4645,199.6557,141.5798,221.15,-9.63,2.01,4.78,442751206.0,1,1,0,0,1,0,0,0,0,0,0,0,1,0,0,0,0,0,0,0
RVP,2026-09-24,0.68,0.705,0.6948,0.7035,1.06,-35.85,0.0,-1.45,13813.0,0,0,0,0,0,0,0,0,0,0,0,0,0,0,0,0,0,0,0,0
RVSB,2026-09-24,5.9,5.454,5.3474,5.347,6.0569,-2.59,4.98,-0.17,308701.0,0,1,1,1,1,1,0,0,0,1,0,0,0,0,0,0,0,0,0,0
RVSN,2026-09-24,3.64,4.0814,4.3593,65.4318,725.4,-99.5,3.7,-2.93,153528.0,0,0,0,0,0,0,0,0,0,0,0,0,0,0,0,0,0,0,0,0
RVT,2026-09-24,17.3,17.7972,17.9763,17.1355,18.6794,-7.38,-0.97,-0.12,3143532.0,1,1,0,0,0,0,0,0,0,0,0,0,0,0,0,0,0,0,0,0
RVTY,2026-09-24,150.68,133.453,122.2572,104.4399,150.68,0.0,3.4,6.03,286344075.0,0,1,1,1,1,1,1,1,1,0,0,0,1,1,0,0,1,0,0,0
RWAY,2026-09-24,6.73,6.6285,6.1675,6.5183,8.6492,-22.19,2.44,-0.15,2416024.0,1,1,0,1,1,1,0,0,0,0,0,0,0,0,0,0,0,0,0,0
RWT,2026-09-24,3.68,4.159,4.5424,5.0948,6.2275,-40.91,-5.4,-1.08,28834844.0,0,0,0,0,0,0,0,0,0,0,0,0,0,0,0,0,0,0,0,0
RXO,2026-09-24,19.93,20.2605,22.2752,19.3533,29.3,-31.98,4.45,0.25,33438151.0,1,1,0,0,0,0,0,0,0,0,0,0,0,0,0,0,0,0,0,0
RXRX,2026-09-24,3.89,3.4898,3.301,3.5911,6.79,-42.71,9.89,5.14,69990864.0,0,1,0,1,1,1,0,0,0,0,0,0,1,1,0,0,0,0,0,0
RXST,2026-09-24,4.73,6.0715,6.0854,7.2409,13.09,-63.87,-12.41,-2.47,5139222.0,0,0,0,0,0,0,0,0,0,0,1,0,0,0,0,0,0,0,0,0
RXT,2026-09-24,4.2,3.4345,3.8536,2.8911,7.53,-44.22,20.69,3.7,25494310.0,0,1,0,1,1,0,0,0,0,0,0,0,1,0,1,0,0,0,0,0
RY,2026-09-24,199.5,205.2755,208.4039,183.8082,216.5685,-7.88,-1.38,0.03,217823182.0,1,1,0,0,0,0,0,0,0,0,0,0,0,0,0,0,0,0,0,0
RYAAY,2026-09-24,54.04,54.0048,56.6802,61.417,72.7213,-25.69,2.68,-1.19,77323025.0,0,0,0,1,0,0,0,0,0,0,0,0,0,0,0,0,0,0,0,0
RYAM,2026-09-24,8.75,8.49,8.5574,8.5617,11.75,-25.53,5.93,-4.27,6139294.0,0,1,0,1,1,0,0,0,0,0,0,0,0,0,0,0,0,0,0,0
RYAN,2026-09-24,36.74,40.5645,41.8794,40.3971,57.7663,-36.4,-8.81,1.58,79880786.0,0,0,0,0,0,0,0,0,0,0,0,0,0,0,0,0,0,0,0,0
RYDE,2026-09-24,0.75,0.6908,0.7281,0.6756,1.49,-49.66,9.65,-2.6,497245.0,0,1,0,1,1,0,0,0,0,0,0,0,0,0,0,0,0,0,0,0
RYET,2026-09-24,0.84,0.843,0.9599,1.0392,1.56,-46.15,8.53,-3.11,622740.0,0,0,0,0,0,0,0,0,0,0,0,0,0,0,0,0,0,0,0,0
RYM,2026-09-24,22.14,22.98,21.9546,22.5356,48.25,-54.11,6.06,-3.78,331519.0,0,0,0,0,1,0,0,0,0,0,0,0,0,0,0,0,0,0,0,0
RYN,2026-09-24,19.06,20.0853,20.8113,20.8711,24.1389,-21.04,-4.89,-4.03,74913271.0,0,0,0,0,0,0,0,0,0,0,1,0,0,0,0,0,0,0,0,0
RYOJ,2026-09-24,3.85,4.6978,4.6957,3.2407,9.12,-57.79,6.65,3.77,105363.0,0,1,0,0,0,0,0,0,0,0,0,0,1,0,0,0,0,0,0,0
RYTM,2026-09-24,98.31,102.7295,106.7429,99.3124,117.62,-16.42,0.31,0.07,59966500.0,0,0,0,0,0,0,0,0,0,0,0,0,0,0,0,0,0,0,0,0
RYZ,2026-09-24,23.69,24.9509,26.7162,25.9909,30.8081,-23.1,-2.27,-0.42,11057994.0,0,0,0,0,0,0,0,0,0,0,0,0,0,0,0,0,0,0,0,0
RZLT,2026-09-24,3.94,4.319,4.6016,3.7914,10.94,-63.99,-1.01,-1.5,5987446.0,0,1,0,0,0,0,0,0,0,0,0,0,0,0,0,0,0,1,0,0
RZLV,2026-09-24,2.23,2.3805,2.4618,2.6514,6.82,-67.3,-1.76,-2.19,41274702.0,0,0,0,0,0,0,0,0,0,0,0,0,0,0,0,0,0,0,0,0
S,2026-09-24,23.98,21.606,20.8478,16.3781,24.1,-0.5,3.5,-0.5,214348631.0,0,1,1,1,1,1,0,0,0,0,0,0,0,0,0,0,0,0,0,0
SA,2026-09-24,29.98,31.2985,29.8646,30.3839,39.35,-23.81,2.53,-3.91,16648847.0,0,0,0,0,1,0,0,0,0,0,0,0,0,0,0,0,0,0,0,0
SAAQ,2026-09-24,10.07,10.095,10.133,,10.65,-5.45,-0.1,0.0,851715.0,0,0,0,0,0,0,0,0,0,0,0,0,0,0,0,0,0,0,0,0
SABA,2026-09-24,7.98,8.1108,8.1521,8.0098,8.3912,-4.9,-0.37,0.13,487242.0,0,0,1,0,0,0,0,0,0,0,0,0,0,0,0,0,0,0,0,0
SABR,2026-09-24,2.25,2.1808,2.0544,1.6835,2.33,-3.43,-3.02,2.74,12642041.0,0,1,1,1,1,1,0,0,0,0,0,0,0,0,0,0,0,0,0,0
SABS,2026-09-24,3.35,3.577,3.6377,3.7953,4.59,-27.02,-1.18,-1.18,1374890.0,0,0,0,0,0,0,0,0,0,0,0,0,0,0,0,0,0,0,0,0
SAC,2026-09-24,10.095,10.1023,10.099,,10.24,-1.42,-0.05,0.05,1772319.0,0,0,1,0,0,0,0,0,0,0,0,0,0,0,0,0,0,0,0,0
SACH,2026-09-24,0.914,0.915,0.8531,0.9619,1.3529,-32.44,-3.59,0.0,160018.0,0,0,0,0,1,0,0,0,0,0,0,0,0,0,0,0,0,0,0,0
SAFE,2026-09-24,12.38,14.321,15.325,14.8064,17.17,-27.9,-10.42,-4.11,6276359.0,0,0,0,0,0,0,0,0,0,0,1,0,0,0,0,0,0,0,0,0
SAFT,2026-09-24,103.51,103.2631,98.637,79.5861,103.64,-0.13,-0.04,0.0,12783860.0,0,1,1,1,1,1,0,0,0,0,0,0,0,0,0,0,0,0,0,0
SAFX,2026-09-24,0.413,0.4147,0.4068,0.3729,1.44,-71.32,-10.22,-2.82,1626504.0,1,1,0,0,1,0,0,0,0,0,0,0,0,0,0,0,0,0,1,0
SAGT,2026-09-24,0.621,0.6196,0.7057,1.454,2.68,-76.83,3.67,1.64,194449.0,0,0,0,1,0,0,0,0,0,0,0,0,0,0,0,0,0,0,0,0
SAGU,2026-09-24,9.94,10.015,9.9686,,,,-0.7,-0.8,889105.0,0,0,0,0,0,0,0,0,0,0,0,0,0,0,0,0,0,0,0,0
SAH,2026-09-24,62.48,73.7608,82.8978,72.7377,112.0545,-44.24,-14.05,0.18,21578456.0,0,0,0,0,0,0,0,0,0,0,1,0,0,0,0,0,0,0,0,0
SAIA,2026-09-24,333.22,346.6815,369.4792,388.7177,487.14,-31.6,-3.0,-3.09,126758397.0,0,0,0,0,0,0,0,0,0,0,0,0,0,0,0,0,0,0,0,0
SAIC,2026-09-24,132.43,129.7145,124.708,106.1557,133.74,-0.98,-0.14,-0.4,69681844.0,1,1,1,1,1,1,0,0,0,0,0,0,0,0,0,0,0,0,0,0
SAIH,2026-09-24,30.0,25.1817,21.3171,12.5062,30.0,0.0,13.51,0.87,500435.0,0,1,1,1,1,1,1,1,1,0,0,0,0,0,1,1,1,0,0,0
SAIL,2026-09-24,22.12,19.615,18.2335,16.0683,23.63,-6.39,9.56,3.32,108036302.0,0,1,0,1,1,1,1,1,0,0,0,0,1,0,0,0,1,0,0,0
SAM,2026-09-24,166.25,172.431,178.579,201.9187,260.05,-36.07,-2.35,-0.86,43791548.0,0,0,0,0,0,0,0,0,0,0,0,0,0,0,0,0,0,0,0,0
SAMG,2026-09-24,10.12,9.7664,9.8463,12.1384,15.0858,-32.92,4.33,3.27,963392.0,0,0,0,1,1,0,0,0,0,0,0,0,1,0,0,0,0,0,0,0
SAN,2026-09-24,14.28,14.637,14.3714,12.661,15.05,-5.12,-0.83,0.56,119264065.0,1,1,0,0,0,0,0,0,0,0,0,0,0,0,0,0,0,0,0,0
SANA,2026-09-24,2.96,3.45,3.463,3.6551,5.92,-50.0,1.37,-3.9,11845600.0,0,0,0,0,0,0,0,0,0,0,0,0,0,0,0,0,0,0,0,0
SANG,2026-09-24,3.55,3.695,3.9172,4.237,5.4,-34.26,-1.66,0.57,22284.0,0,0,0,0,0,0,0,0,0,0,0,0,0,0,0,0,0,1,0,0
SANM,2026-09-24,221.88,201.249,200.1974,186.4678,282.72,-21.52,13.35,-0.0,124009876.0,0,1,0,1,1,1,0,0,0,0,0,0,0,0,1,0,0,0,0,0
SAP,2026-09-24,209.11,213.065,198.7874,192.9266,275.6678,-24.14,-1.92,-0.72,448308590.0,1,1,0,0,1,0,0,0,0,0,0,0,0,0,0,0,0,0,0,0
SAR,2026-09-24,17.33,17.6734,18.3534,20.4124,22.5115,-23.02,-1.48,-0.74,2522141.0,0,0,0,0,0,0,0,0,0,0,0,0,0,0,0,0,0,0,0,0
SARO,2026-09-24,22.18,23.817,26.2528,27.6415,33.12,-33.03,-4.11,-1.77,86503231.0,0,0,0,0,0,0,0,0,0,0,1,0,0,0,0,0,0,0,0,1
SATL,2026-09-24,5.94,5.086,4.8325,5.0058,10.74,-44.69,7.8,7.8,24510221.0,0,1,0,1,1,1,1,0,0,0,0,0,1,1,0,0,1,0,0,0
SB,2026-09-24,8.25,8.672,8.0618,6.5171,9.18,-10.13,-5.71,-1.43,13804273.0,0,1,0,0,1,0,0,0,0,0,0,0,0,0,0,0,0,0,0,0
SBAC,2026-09-24,166.12,183.547,181.8022,189.9566,220.8819,-24.79,-7.72,-2.59,173684212.0,0,0,0,0,0,0,0,0,0,0,1,0,0,0,0,0,0,0,0,0
SBC,2026-09-24,4.75,4.4273,3.7469,3.7761,5.14,-7.59,6.03,-2.06,924351.0,0,1,0,1,1,1,0,0,0,0,0,0,0,0,0,0,0,0,0,0
SBCF,2026-09-24,32.82,33.7658,34.0956,32.0902,35.9302,-8.66,-2.96,1.23,27280555.0,1,1,0,0,0,0,0,0,0,0,0,0,0,0,0,0,0,0,0,0
SBET,2026-09-24,9.95,8.8665,7.4776,7.4345,19.24,-48.28,20.46,1.43,83783569.0,0,1,0,1,1,1,0,0,0,1,0,0,0,0,1,0,0,0,0,0
SBFG,2026-09-24,30.73,28.9935,27.6205,23.2241,30.73,0.0,4.81,2.03,458517.0,0,1,1,1,1,1,1,1,1,0,0,0,0,0,0,0,1,0,0,0
SBFM,2026-09-24,0.8,1.0598,1.2483,7.209,22.0,-96.36,-22.33,-8.68,808454.0,0,0,0,0,0,0,0,0,0,0,1,0,0,0,0,0,0,0,0,1
SBGI,2026-09-24,12.74,13.7258,13.7996,13.9848,16.2868,-21.78,-9.19,-1.01,6118999.0,0,0,0,0,0,0,0,0,0,0,0,0,0,0,0,0,0,0,0,0
SBH,2026-09-24,17.0,16.246,15.9866,14.8401,17.0,0.0,6.18,1.49,19888106.0,0,1,1,1,1,1,1,0,1,0,0,0,0,0,0,0,1,0,0,0
SBI,2026-09-24,7.01,7.4295,7.5505,7.568,7.784,-9.94,-3.71,-1.41,362643.0,0,0,0,0,0,0,0,0,0,0,1,0,0,0,0,0,0,1,0,1
SBLK,2026-09-24,29.9,31.0885,28.9704,24.1789,32.48,-7.94,-3.14,-1.64,54762110.0,0,1,0,0,1,0,0,0,0,0,0,0,0,0,0,0,0,0,0,0
SBMT,2026-09-24,8.05,8.2355,7.5616,,,,3.6,-2.31,589585.0,0,0,0,0,1,0,0,0,0,0,0,0,0,0,0,0,0,0,0,0
SBR,2026-09-24,72.48,73.9386,72.8324,70.9508,77.1945,-6.11,-0.44,0.21,1945562.0,1,1,0,0,0,0,0,0,0,0,0,0,0,0,0,0,0,0,0,0
SBRA,2026-09-24,19.77,20.4625,20.5725,19.4613,22.0567,-10.37,-1.59,0.41,47769149.0,0,1,0,0,0,0,0,0,0,0,0,0,0,0,0,0,0,0,0,0
SBS,2026-09-24,5.15,5.1395,5.2004,5.5508,7.082,-27.28,-2.46,-0.39,48433122.0,0,0,0,1,0,0,0,0,0,0,0,0,0,0,0,0,0,0,0,0
SBSI,2026-09-24,30.9,31.808,32.359,31.8521,35.3307,-12.54,-2.52,0.62,4152020.0,0,0,0,0,0,0,0,0,0,0,0,0,0,0,0,0,0,0,0,0
SBSW,2026-09-24,10.28,11.6207,10.3026,12.0144,19.6744,-47.75,-7.55,-2.56,64316478.0,0,0,0,0,0,0,0,0,0,0,0,0,0,0,0,0,0,0,0,0
SBUX,2026-09-24,93.65,101.06,103.4599,97.4663,108.49,-13.68,-3.79,-0.52,662505629.0,0,0,0,0,0,0,0,0,0,0,1,0,0,0,0,0,0,0,0,0
SBXD,2026-09-24,11.1,10.8965,10.8674,10.7455,11.29,-1.68,2.12,-1.68,18937.0,1,1,1,1,1,1,0,0,0,0,0,0,0,0,0,0,0,0,0,0
SBXE,2026-09-24,10.1,10.101,10.1107,,10.18,-0.79,-0.1,0.0,373802.0,0,0,1,0,0,0,0,0,0,0,0,0,0,0,0,0,0,0,0,0
SCAG,2026-09-24,0.247,0.2569,0.2982,1.1236,2.96,-91.66,-5.36,1.23,194403.0,0,0,0,0,0,0,0,0,0,0,0,0,0,0,0,0,0,0,0,0
SCCO,2026-09-24,201.58,200.966,193.2937,178.0934,219.7,-8.25,6.16,-0.18,226588912.0,1,1,0,1,1,1,0,0,0,0,0,0,0,0,0,0,0,0,0,0
SCD,2026-09-24,14.88,15.387,15.416,14.8663,15.7681,-5.63,-2.11,-0.07,1023944.0,0,1,0,0,0,0,0,0,0,0,1,0,0,0,0,0,0,0,0,0
SCHL,2026-09-24,34.83,36.4401,39.9756,37.622,47.0362,-25.95,-0.51,-1.5,14250328.0,0,0,0,0,0,0,0,0,0,0,0,0,0,0,0,0,0,0,0,0
SCHW,2026-09-24,99.49,106.4285,106.5961,97.7584,113.65,-12.46,-4.91,-0.01,928655169.0,0,1,0,0,0,0,0,0,0,0,0,0,0,0,0,0,0,0,0,0
SCI,2026-09-24,77.75,80.6196,81.7126,79.1918,86.9327,-10.56,-3.64,-0.13,70684959.0,0,0,0,0,0,0,0,0,0,0,0,0,0,0,0,0,0,0,0,0
SCII,2026-09-24,10.15,10.132,10.113,,10.15,0.0,0.2,0.0,234631.0,0,0,1,1,1,1,0,0,1,0,0,0,0,0,0,0,0,0,0,0
SCKT,2026-09-24,0.49,0.5725,0.6468,0.868,2.13,-77.0,-2.0,-3.92,91003.0,0,0,0,0,0,0,0,0,0,0,0,0,0,0,0,0,0,0,0,0
SCL,2026-09-24,63.82,62.2759,62.0241,54.1499,65.7919,-3.0,3.34,-1.62,9409508.0,1,1,1,1,1,1,0,0,0,0,0,0,0,0,0,0,0,0,0,0
SCLX,2026-09-24,4.94,5.2495,6.2065,6.1007,18.188,-72.84,-4.45,-3.14,179019.0,0,0,0,0,0,0,0,0,0,0,0,0,0,0,0,0,0,0,0,0
SCM,2026-09-24,7.7,8.2871,8.0797,9.2673,12.2805,-37.3,-0.9,-1.41,1349071.0,0,0,0,0,0,0,0,0,0,0,0,0,0,0,0,0,0,0,0,0
SCNI,2026-09-24,1.86,1.958,2.3408,5.4599,16.3,-88.59,14.81,-6.06,7249090.0,0,0,0,0,0,0,0,0,0,0,0,0,0,0,1,0,0,0,0,0
SCNX,2026-09-24,0.287,0.3438,0.3839,0.4182,2.6,-88.96,-8.31,-1.03,489021.0,0,0,0,0,0,0,0,0,0,0,1,0,0,0,0,0,0,0,0,0
SCOR,2026-09-24,4.81,5.052,6.0898,7.0265,8.99,-46.5,-6.78,-2.63,238927.0,0,0,0,0,0,0,0,0,0,0,0,0,0,0,0,0,0,0,0,1
SCPQ,2026-09-24,10.05,10.0345,10.0194,,10.05,0.0,0.2,0.0,170394.0,0,0,1,1,1,1,0,0,1,0,0,0,0,0,0,0,0,0,0,0
SCSC,2026-09-24,58.07,57.341,55.8288,45.2273,58.89,-1.39,2.38,-0.72,15695351.0,1,1,1,1,1,1,0,0,0,0,0,0,0,0,0,0,0,0,0,0
SCWO,2026-09-24,3.09,3.0765,2.5876,2.5825,7.0,-55.86,-3.13,0.65,195709.0,1,1,0,1,1,1,0,0,0,1,0,0,0,0,0,0,0,0,0,0
SCYX,2026-09-24,4.45,4.897,4.7594,5.6567,8.88,-49.89,8.27,-3.99,318733.0,0,0,0,0,0,0,0,0,0,0,0,0,0,0,0,0,0,0,0,0
SCZM,2026-09-24,8.92,9.4605,8.3979,8.999,16.16,-44.8,7.34,0.45,4519559.0,0,0,0,0,1,0,0,0,0,0,0,0,0,0,0,0,0,0,0,0
SD,2026-09-24,14.17,14.331,13.9875,14.649,17.4197,-18.66,-1.32,1.0,4986823.0,0,0,0,0,1,0,0,0,0,0,0,0,0,0,0,0,0,0,0,0
SDA,2026-09-24,0.477,0.5671,0.688,1.3435,2.476,-80.74,-3.25,6.95,942537.0,0,0,0,0,0,0,0,0,0,0,0,0,1,1,0,0,0,0,0,0
SDEV,2026-09-24,1.29,0.95,1.032,6.8336,95.8,-98.65,53.57,15.18,1005934.0,0,0,0,1,1,0,1,0,0,0,0,0,1,1,1,1,0,1,0,0
SDGR,2026-09-24,29.45,22.738,19.2346,15.5356,30.24,-2.61,23.07,0.75,53308482.0,0,1,1,1,1,1,0,0,0,0,0,0,0,0,1,0,0,0,0,0
SDHC,2026-09-24,10.5,10.934,12.9794,14.8331,22.16,-52.62,1.65,1.74,640961.0,0,0,0,0,0,0,0,0,0,0,0,0,0,0,0,0,0,0,0,0
SDHI,2026-09-24,10.53,10.5265,10.4936,10.3731,10.56,-0.28,0.0,0.0,444932.0,1,1,1,1,1,1,0,0,0,0,0,0,0,0,0,0,0,0,0,0
SDHY,2026-09-24,15.13,15.6309,15.8159,15.6712,16.1994,-6.6,-1.5,-0.72,997549.0,0,0,0,0,0,0,0,0,0,0,1,0,0,0,0,0,0,0,0,0
SDOT,2026-09-24,11.23,12.936,14.1356,29.2917,154.4,-92.73,-9.73,1.26,3597886.0,0,0,0,0,0,0,0,0,0,0,0,0,0,0,0,0,0,0,0,0
SDRL,2026-09-24,46.48,48.1105,46.0426,43.1257,54.8,-15.18,-2.84,0.11,28629274.0,0,1,0,0,1,0,0,0,0,0,0,0,0,0,0,0,0,0,0,0
SDST,2026-09-24,0.115,0.2006,0.6399,2.299,7.09,-98.38,-54.37,-0.86,10599898.0,0,0,0,0,0,0,0,0,0,0,1,0,0,0,0,0,0,0,0,1
SE,2026-09-24,100.73,109.073,111.2524,103.885,192.69,-47.72,-2.68,-2.48,374593798.0,0,0,0,0,0,0,0,0,0,0,0,0,0,0,0,0,0,0,0,0
SEAT,2026-09-24,3.74,5.0965,6.4693,6.9289,16.62,-77.5,-12.62,-4.1,451652.0,0,0,0,0,0,0,0,0,0,0,1,0,0,0,0,0,0,0,0,1
SEB,2026-09-24,3944.8799,4175.478,4321.6187,4828.0708,5952.8955,-33.73,-8.79,-0.73,58930224.0,0,0,0,0,0,0,0,0,0,0,0,0,0,0,0,0,0,0,0,0
SECZ,2026-09-25,15.96,9.5055,7.8942,,,,46.96,-3.45,51595781.0,0,0,0,1,1,1,0,0,0,0,0,0,0,0,1,0,0,0,0,0
SEDG,2026-09-24,31.91,34.228,37.0774,42.1109,78.51,-59.36,-7.99,-4.32,118491978.0,0,0,0,0,0,0,0,0,0,0,0,0,0,0,0,0,0,0,0,0
SEED,2026-09-24,0.92,0.9885,1.0064,1.1334,2.0,-54.0,-4.17,0.0,14840.0,0,0,0,0,0,0,0,0,0,0,0,0,0,0,0,0,0,0,0,1
SEER,2026-09-24,1.87,1.9285,2.0326,1.8918,2.37,-21.1,-1.58,3.89,387085.0,0,0,0,0,0,0,0,0,0,0,0,1,1,0,0,0,0,1,0,0
SEG,2026-09-24,23.65,25.518,26.3924,23.2875,29.23,-19.09,-3.82,-0.76,1513013.0,0,1,0,0,0,0,0,0,0,0,1,0,0,0,0,0,0,0,0,0
SEGG,2026-09-24,2.88,2.96,3.2544,6.6465,35.42,-91.87,-13.77,0.35,142889.0,0,0,0,0,0,0,0,0,0,0,0,0,0,0,0,0,0,0,0,0
SEI,2026-09-24,70.1,60.5238,58.641,60.454,82.7172,-15.25,8.51,3.96,171507324.0,0,1,0,1,1,1,0,0,0,0,0,0,1,0,0,0,0,0,0,0
SEIC,2026-09-24,104.78,107.7805,105.358,89.8846,111.63,-6.14,0.2,-0.05,91194943.0,1,1,0,0,0,0,0,0,0,0,0,0,0,0,0,0,0,0,0,0
SELF,2026-09-24,5.05,5.1443,5.1455,5.0208,5.5882,-9.63,-0.98,0.8,149716.0,1,1,0,0,0,0,0,0,0,0,0,0,0,0,0,0,0,0,0,0
SENEA,2026-09-24,184.0,191.073,182.5574,149.0857,207.3,-11.24,-1.24,2.71,18322005.0,0,1,0,0,1,0,0,0,0,0,0,0,0,0,0,0,0,0,0,0
SENEB,2026-09-24,187.42,193.0195,183.0696,148.0018,208.53,-10.12,-0.43,0.0,34549.0,1,1,0,0,1,0,0,0,0,0,0,0,0,0,0,0,0,0,0,0
SENS,2026-09-24,10.34,9.3793,7.6544,6.8622,11.3,-8.5,14.13,3.66,6440884.0,0,1,0,1,1,1,1,1,0,0,0,0,1,0,1,1,1,0,0,0
SEPN,2026-09-24,38.13,38.4135,38.2944,30.4324,48.19,-20.88,-0.81,-0.83,12239354.0,1,1,0,0,0,0,0,0,0,0,0,0,0,0,0,0,0,0,0,0
SER,2026-09-24,2.14,2.4215,2.3902,2.1934,5.63,-61.99,-0.93,-2.28,142431.0,0,0,0,0,0,0,0,0,0,0,0,0,0,0,0,0,0,0,0,0
SERA,2026-09-24,2.11,2.0472,2.0571,2.3086,3.75,-43.73,4.46,2.43,53340.0,0,0,0,1,1,0,0,0,0,0,0,0,0,0,0,0,0,0,0,0
SERV,2026-09-24,4.51,4.607,4.8459,8.3427,17.68,-74.49,4.88,4.64,13946368.0,0,0,0,0,0,0,0,0,0,0,0,0,1,0,0,0,0,0,0,0
SES,2026-09-24,0.529,0.5415,0.5508,1.2015,3.54,-85.06,-0.56,1.15,10456865.0,0,0,0,0,0,0,0,0,0,0,0,0,0,0,0,0,0,0,0,0
SEV,2026-09-24,2.0,2.219,2.0926,2.678,10.84,-81.55,-2.91,2.04,543231.0,0,0,0,0,0,0,0,0,0,0,0,0,0,0,0,0,0,0,0,0
SEVN,2026-09-24,7.31,7.434,7.6548,7.9548,9.6273,-24.07,-0.68,0.83,1325742.0,0,0,0,0,0,0,0,0,0,0,0,0,0,0,0,0,0,0,0,0
SEZL,2026-09-24,109.78,118.3575,136.0814,101.7056,188.55,-41.78,-6.43,2.7,52674561.0,0,1,0,0,0,0,0,0,0,0,0,0,0,0,0,0,0,0,0,0
SF,2026-09-24,69.91,78.2499,80.2576,77.8288,87.6068,-20.2,-7.5,-2.81,93474047.0,0,0,0,0,0,0,0,0,0,0,1,0,0,0,0,0,0,1,0,0
SFBC,2026-09-24,46.0,47.749,46.8285,43.8572,48.9,-5.93,-5.15,-2.95,299728.0,0,1,0,0,0,0,0,0,0,0,0,0,0,0,0,0,0,0,0,0
SFBS,2026-09-24,41.25,42.2035,43.475,40.2055,45.765,-9.87,-0.07,0.19,27690306.0,1,1,0,0,0,0,0,0,0,0,0,0,0,0,0,0,0,0,0,0
SFD,2026-09-24,19.01,20.8695,23.0216,23.9715,28.8207,-34.04,-4.71,0.42,44027481.0,0,0,0,0,0,0,0,0,0,0,1,0,0,0,0,0,0,0,0,0
SFHG,2026-09-24,2.38,2.2875,2.378,2.7522,4.825,-50.67,8.68,6.25,41939.0,0,0,0,1,1,0,0,0,0,0,0,0,1,1,0,0,0,0,0,0
SFIX,2026-09-24,2.21,2.9422,3.426,3.8642,5.64,-60.82,-24.05,-21.63,7565590.0,0,0,0,0,0,0,0,0,0,0,1,0,0,0,0,0,0,1,0,1
SFL,2026-09-24,12.98,12.7495,12.1653,10.4169,13.75,-5.6,-3.92,2.04,20533323.0,1,1,0,1,1,1,0,0,0,0,0,0,0,0,0,0,0,0,0,0
SFM,2026-09-24,65.42,75.292,78.6468,78.4738,119.38,-45.2,-7.94,-0.98,140083221.0,0,0,0,0,0,0,0,0,0,0,1,0,0,0,0,0,0,0,0,1
SFNC,2026-09-24,23.06,22.7827,23.0139,20.8644,23.897,-3.5,1.1,0.74,29735521.0,1,1,1,1,1,0,0,0,0,0,0,0,0,0,0,0,0,0,0,0
SFST,2026-09-24,60.16,62.0935,62.4846,57.9087,64.6,-6.87,-1.83,0.52,5728607.0,0,1,0,0,0,0,0,0,0,0,0,0,0,0,0,0,0,0,0,0
SFWL,2026-09-24,8.75,5.3066,2.6276,1.3432,10.91,-19.8,-2.78,3.18,44344.0,0,1,0,1,1,1,0,0,0,0,0,0,1,0,0,0,0,0,0,0
SG,2026-09-24,8.26,7.0015,6.5464,6.8427,10.21,-19.1,24.77,7.13,33564149.0,0,1,0,1,1,1,1,1,0,0,0,0,1,1,1,1,1,0,0,0
SGA,2026-09-24,8.61,8.9405,9.0984,10.1709,12.1995,-29.42,-3.8,-0.92,138060.0,0,0,0,0,0,0,0,0,0,0,0,0,0,0,0,0,0,0,0,0
SGC,2026-09-24,12.57,12.3925,12.677,11.2564,13.9796,-10.08,1.37,0.32,474396.0,1,1,0,1,0,0,0,0,0,0,0,0,0,0,0,0,0,0,0,0
SGHC,2026-09-24,11.98,13.3782,13.6506,12.0872,15.5277,-22.85,-9.63,-0.42,33560743.0,0,0,0,0,0,0,0,0,0,0,1,0,0,0,0,0,0,0,0,0
SGHT,2026-09-24,8.68,8.2808,7.2295,5.8735,9.05,-4.09,6.63,2.12,1573785.0,0,1,1,1,1,1,0,0,0,0,0,0,0,0,0,0,0,1,0,0
SGI,2026-09-24,62.31,65.5295,66.773,77.1045,97.2915,-35.96,-2.96,-0.89,265653731.0,0,0,0,0,0,0,0,0,0,0,0,0,0,0,0,0,0,0,0,0
SGLY,2026-09-24,1.03,1.444,3.3296,5.6043,18.76,-94.51,-16.26,-0.96,823282.0,0,0,0,0,0,0,0,0,0,0,0,0,0,0,0,0,0,0,0,1
SGML,2026-09-24,9.98,10.8395,10.8284,13.439,23.65,-57.8,10.89,-1.58,20940046.0,0,0,0,0,0,0,0,0,0,0,0,0,0,0,1,0,0,0,0,0
SGMT,2026-09-24,9.11,10.6835,9.4216,7.0524,11.17,-18.44,-12.91,-12.57,11680275.0,0,1,0,0,0,0,0,0,0,0,0,0,0,0,0,0,0,1,1,0
SGP,2026-09-24,27.65,27.9405,25.2674,,29.68,-6.84,-3.32,-1.81,3973224.0,0,0,0,0,1,0,0,0,0,0,0,0,0,0,0,0,0,0,0,0
SGRX,2026-09-24,1.56,2.097,3.3132,16.6073,154.8,-98.99,-8.77,-1.89,2133243.0,0,0,0,0,0,0,0,0,0,0,1,0,0,0,0,0,0,0,0,0
SGRY,2026-09-24,14.2,13.989,14.7564,14.6004,22.94,-38.1,1.94,-2.47,33582132.0,0,0,0,1,0,0,0,0,0,0,0,0,0,0,0,0,0,0,0,0
SGU,2026-09-24,12.65,12.758,12.7116,12.357,13.2459,-4.5,-1.02,-1.09,260745.0,1,1,1,0,0,0,0,0,0,0,0,0,0,0,0,0,0,0,0,0
SHAK,2026-09-24,57.45,63.7155,65.5302,77.7321,104.69,-45.12,1.41,-1.74,79424664.0,0,0,0,0,0,0,0,0,0,0,0,0,0,0,0,0,0,0,0,0
SHAZ,2026-09-24,56.4,55.8345,58.7966,,92.7,-39.16,8.03,-2.3,84297716.0,0,0,0,1,0,0,0,0,0,0,0,0,0,0,0,0,0,0,0,0
SHBI,2026-09-24,22.92,23.1536,23.3967,20.2903,24.4586,-6.29,-1.33,0.79,4152629.0,1,1,0,0,0,0,0,0,0,0,0,0,0,0,0,0,0,0,0,0
SHC,2026-09-24,18.45,18.813,18.5226,16.9312,19.57,-5.72,-4.55,0.87,38243483.0,1,1,0,0,0,0,0,0,0,0,0,0,0,0,0,0,0,0,0,0
SHEL,2026-09-24,95.6,94.3985,91.2501,83.3275,98.95,-3.39,-0.23,0.2,599403349.0,1,1,1,1,1,1,0,0,0,0,0,0,0,0,0,0,0,0,0,0
SHEN,2026-09-24,11.99,12.0795,12.259,13.5543,17.1,-29.88,3.45,-0.83,12153640.0,0,0,0,0,0,0,0,0,0,0,0,0,0,0,0,0,0,0,0,0
SHFS,2026-09-24,0.167,0.1598,0.1741,0.6424,7.41,-97.75,-3.47,0.6,150788.0,0,0,0,1,0,0,0,0,0,0,0,0,0,0,0,0,0,0,0,0
SHG,2026-09-24,79.59,81.2595,76.0918,66.0336,84.47,-5.78,-2.4,-0.3,12411237.0,1,1,0,0,1,0,0,0,0,0,0,0,0,0,0,0,0,0,0,0
SHIM,2026-09-24,3.34,3.557,3.7556,3.8192,6.67,-49.93,-2.34,-2.34,763152.0,0,0,0,0,0,0,0,0,0,0,0,0,0,0,0,0,0,0,0,0
SHIP,2026-09-24,17.28,18.157,17.1454,13.8426,18.92,-8.67,-5.47,-1.59,7559327.0,0,1,0,0,1,0,0,0,0,0,0,0,0,0,0,0,0,0,0,0
SHLS,2026-09-24,7.45,7.2218,8.1805,8.6011,12.77,-41.66,9.24,-3.37,32585777.0,0,0,0,1,0,0,0,0,0,0,0,0,0,0,0,0,0,0,0,0
SHMD,2026-09-24,3.62,3.3213,4.0632,5.9425,10.42,-65.26,9.2,-1.63,2075498.0,0,0,0,1,0,0,0,0,0,0,0,0,0,0,0,0,0,0,0,0
SHO,2026-09-24,11.14,11.054,11.2654,10.1003,11.85,-5.99,1.27,1.0,24454158.0,1,1,0,1,0,0,0,0,0,0,0,0,0,0,0,0,0,0,0,0
SHOE,2026-09-24,13.22,13.289,14.4768,16.7689,21.4396,-38.34,2.24,0.84,19474440.0,0,0,0,0,0,0,0,0,0,0,0,0,0,0,0,0,0,0,0,0
SHOO,2026-09-24,44.23,42.701,44.454,40.8352,48.8221,-9.41,6.55,1.91,47417932.0,0,1,0,1,0,0,0,0,0,0,0,0,0,0,0,0,0,0,0,0
SHOP,2026-09-24,145.16,138.3755,137.6102,130.0099,179.01,-18.91,12.88,1.98,1443569321.0,0,1,0,1,1,1,0,0,0,0,0,0,0,0,1,0,0,0,0,0
SHPH,2026-09-24,4.0,3.5155,3.584,8.7879,47.6,-91.6,27.8,11.42,203345.0,0,0,0,1,1,0,0,0,0,0,0,0,1,1,1,0,0,0,0,0
SHW,2026-09-24,320.4,328.5605,338.3739,331.9,369.9614,-13.4,-0.33,-1.86,554556886.0,0,0,0,0,0,0,0,0,0,0,0,0,0,0,0,0,0,0,0,0
SI,2026-09-24,17.01,19.3515,20.6804,16.4794,24.25,-29.86,-4.92,-2.07,2210525.0,0,1,0,0,0,0,0,0,0,0,1,0,0,0,0,0,0,0,0,0
SIBN,2026-09-24,18.52,18.664,18.423,16.3503,21.4,-13.46,-0.11,-0.43,10518913.0,1,1,0,0,1,0,0,0,0,0,0,0,0,0,0,0,0,0,0,0
SID,2026-09-24,1.1,1.1715,1.0538,1.3439,2.12,-48.11,-9.09,-3.51,9098859.0,0,0,0,0,1,0,0,0,0,0,0,0,0,0,0,0,0,0,0,0
SIDU,2026-09-24,2.07,2.074,2.1162,2.7943,6.2,-66.61,2.48,2.99,7287712.0,0,0,0,0,0,0,0,0,0,0,0,0,0,0,0,0,0,0,0,0
SIEB,2026-09-24,2.23,2.3765,2.009,2.2339,4.06,-45.07,-3.04,2.29,305509.0,0,0,0,0,1,0,0,0,0,0,0,0,0,0,0,0,0,0,0,0
SIF,2026-09-24,21.33,21.447,22.8014,16.0744,28.23,-24.44,1.77,-0.61,1543740.0,1,1,0,0,0,0,0,0,0,0,0,0,0,0,0,0,0,0,0,0
SIFY,2026-09-24,13.41,14.1,14.5586,14.5309,17.35,-22.71,0.6,-2.33,378172.0,0,0,0,0,0,0,0,0,0,0,0,0,0,0,0,0,0,0,0,0
SIG,2026-09-24,100.5,92.4325,91.5972,88.5035,105.1757,-4.45,-2.37,0.38,109899984.0,0,1,1,1,1,1,0,0,0,0,0,0,0,0,0,0,0,0,0,0
SIGA,2026-09-24,3.25,3.1315,3.151,4.5118,8.165,-60.2,4.84,2.52,2211339.0,0,0,0,1,1,0,0,0,0,0,0,0,0,0,0,0,0,0,0,0
SIGI,2026-09-24,85.77,90.0085,92.5476,86.0951,99.6937,-13.97,-3.12,-0.65,38985001.0,0,0,0,0,0,0,0,0,0,0,0,0,0,0,0,0,0,0,0,0
SII,2026-09-24,124.24,129.218,119.6924,124.3095,165.3167,-24.85,0.13,-0.88,16853562.0,0,0,0,0,1,0,0,0,0,0,0,0,0,0,0,0,0,0,0,0
SILC,2026-09-24,51.62,43.703,43.2,31.4355,51.62,0.0,21.52,6.26,7942322.0,0,1,1,1,1,1,1,0,1,0,0,0,1,1,1,1,1,0,0,0
SILO,2026-09-24,1.75,2.154,3.2099,5.1745,12.225,-85.69,-0.57,-1.13,88568.0,0,0,0,0,0,0,0,0,0,0,1,0,0,0,0,0,0,0,0,0
SIM,2026-09-24,29.9,27.9615,28.6572,29.777,34.35,-12.95,13.26,8.93,20675.0,0,1,0,1,1,0,0,0,0,0,0,0,1,1,1,0,0,0,0,0
SIMA,2026-09-24,10.93,11.0427,10.9845,10.8046,11.45,-4.54,-1.35,0.0,40370.0,1,1,1,0,0,0,0,0,0,0,0,0,0,0,0,0,0,0,0,0
SIMO,2026-09-24,275.1,257.2625,255.7618,194.4067,336.217,-18.18,14.08,-0.52,195353537.0,0,1,0,1,1,1,0,0,0,0,0,0,0,0,1,0,0,0,0,0
SIND,2026-09-24,14.0,15.4845,15.1236,,,,-1.48,-1.82,2985778.0,0,0,0,0,0,0,0,0,0,0,0,0,0,0,0,0,0,0,0,0
SINT,2026-09-24,1.87,1.6765,1.6312,2.4816,4.91,-61.91,11.31,5.06,46784.0,0,0,0,1,1,1,0,0,0,0,0,0,1,1,1,0,0,0,0,0
SION,2026-09-24,5.23,6.6995,20.1998,34.8952,51.04,-89.75,-27.16,-5.08,9942969.0,0,0,0,0,0,0,0,0,0,0,1,0,0,0,0,0,0,0,0,0
SIRI,2026-09-24,26.63,28.401,29.129,25.1074,32.2958,-17.54,-6.76,1.33,115136440.0,0,1,0,0,0,0,0,0,0,0,0,0,0,0,0,0,0,0,0,0
SITC,2026-09-24,3.02,2.9225,3.0788,4.0195,5.2502,-42.48,3.07,1.68,3002775.0,0,0,0,1,0,0,0,0,0,0,0,0,0,0,0,0,0,0,0,0
SITE,2026-09-24,92.18,94.4215,97.3228,121.2428,163.25,-43.53,4.25,-1.7,93921841.0,0,0,0,0,0,0,0,0,0,0,0,0,0,0,0,0,0,0,0,0
SITM,2026-09-24,643.24,590.7997,598.3485,518.482,901.48,-28.65,17.19,5.64,258909500.0,0,1,0,1,1,0,0,0,0,0,0,0,1,1,1,0,0,0,0,0
SJ,2026-09-24,0.71,0.8256,0.8709,1.0272,1.59,-55.35,3.95,4.41,44392.0,0,0,0,0,0,0,0,0,0,0,0,0,1,0,0,0,0,0,0,0
SJM,2026-09-24,121.66,125.554,121.2626,106.2934,132.34,-8.07,-1.54,-0.61,189326303.0,0,1,0,0,1,0,0,0,0,0,0,0,0,0,0,0,0,0,0,0
SJT,2026-09-24,3.4,2.982,2.7752,4.2502,6.47,-47.45,11.84,12.58,857197.0,0,0,0,1,1,1,1,1,0,0,0,0,1,1,1,1,1,1,0,0
SKE,2026-09-24,31.43,32.0915,30.7928,29.758,38.12,-17.55,5.36,-0.32,14534875.0,1,1,0,0,1,0,0,0,0,0,0,0,0,0,0,0,0,0,0,0
SKIL,2026-09-24,6.12,6.1295,6.9972,6.7335,17.91,-65.83,0.33,3.38,618399.0,0,0,0,0,0,0,0,0,0,0,0,0,1,0,0,0,0,0,0,0
SKIN,2026-09-24,0.66,0.6868,0.696,0.9562,2.18,-69.72,-2.22,-2.51,253723.0,0,0,0,0,0,0,0,0,0,0,0,0,0,0,0,0,0,0,0,0
SKK,2026-09-24,4.25,4.3808,4.6267,3.7001,12.19,-65.14,-2.3,2.41,84267.0,1,1,0,0,0,0,0,0,0,0,0,0,0,0,0,0,0,1,0,0
SKM,2026-09-24,35.77,37.2245,35.8156,32.0887,46.0,-22.24,1.19,-0.22,53146174.0,0,1,0,0,0,0,0,0,0,0,0,0,0,0,0,0,0,0,0,0
SKT,2026-09-24,35.01,36.697,38.6295,36.0395,41.7885,-16.22,-2.12,-0.34,30643697.0,0,0,0,0,0,0,0,0,0,0,1,0,0,0,0,0,0,0,0,0
SKWD,2026-09-24,54.88,56.943,58.7132,50.3705,65.63,-16.38,-4.19,0.07,22299366.0,0,1,0,0,0,0,0,0,0,0,0,0,0,0,0,0,0,0,0,0
SKY,2026-09-24,85.68,85.988,86.768,83.1493,97.46,-12.09,0.93,0.26,44637340.0,1,1,0,0,0,0,0,0,0,0,0,0,0,0,0,0,0,0,0,0
SKYA,2026-09-24,1.88,1.466,1.3359,1.6705,6.9,-72.75,37.23,3.87,609072.0,0,1,0,1,1,1,0,0,0,0,0,0,1,0,1,0,0,0,0,0
SKYE,2026-09-24,1.7,1.8675,3.2571,5.7155,38.0,-95.53,0.0,-5.56,169579.0,0,0,0,0,0,0,0,0,0,0,0,0,0,0,0,0,0,0,0,0
SKYH,2026-09-24,9.83,10.243,10.4452,9.7266,11.49,-14.45,-1.11,-1.21,1440933.0,0,1,0,0,0,0,0,0,0,0,0,0,0,0,0,0,0,0,0,0
SKYQ,2026-09-24,2.91,2.805,3.3124,3.4585,12.59,-76.89,0.69,14.57,12447453.0,0,0,0,1,0,0,0,0,0,0,0,0,1,1,0,0,0,1,0,0
SKYW,2026-09-24,100.69,97.115,102.0568,96.9021,115.94,-13.15,3.67,1.43,33278224.0,0,1,0,1,0,0,0,0,0,0,0,0,0,0,0,0,0,0,0,0
SKYX,2026-09-24,1.21,1.2968,1.2196,1.5388,3.13,-61.34,-3.59,-2.42,1246771.0,0,0,0,0,0,0,0,0,0,0,0,0,0,0,0,0,0,0,0,0
SLAB,2026-09-24,221.38,219.8985,218.759,199.7547,221.38,0.0,0.76,0.06,66797235.0,1,1,1,1,1,1,0,0,1,0,0,0,0,0,0,0,0,0,0,0
SLB,2026-09-24,51.43,54.9539,52.2969,49.6517,59.7898,-13.98,-1.66,-0.85,804708089.0,0,1,0,0,0,0,0,0,0,0,0,0,0,0,0,0,0,0,0,0
SLBT,2026-09-24,1.56,2.3255,2.7424,7.3142,12.812,-87.82,-13.81,-6.02,191692.0,0,0,0,0,0,0,0,0,0,0,1,0,0,0,0,0,0,0,0,1
SLDB,2026-09-24,7.48,9.2463,8.9236,7.5349,11.15,-32.91,-14.22,-6.73,10319486.0,0,0,0,0,0,0,0,0,0,0,0,0,0,0,0,0,0,0,0,0
SLDE,2026-09-24,23.55,24.3965,22.4366,19.123,26.48,-11.06,-8.26,2.57,36536932.0,0,1,0,0,1,0,0,0,0,0,0,0,0,0,0,0,0,0,0,0
SLDP,2026-09-24,2.35,2.4393,2.3326,3.2885,8.51,-72.39,-7.66,0.0,7049535.0,0,0,0,0,1,0,0,0,0,0,0,0,0,0,0,0,0,0,0,0
SLE,2026-09-24,5.36,4.3898,3.6438,4.6171,102.12,-94.75,26.71,1.9,1259076.0,0,1,0,1,1,1,0,0,0,0,0,0,0,0,1,0,0,0,0,0
SLF,2026-09-24,79.45,79.766,80.2772,69.9695,83.3405,-4.67,-1.02,-0.64,58592744.0,1,1,1,0,0,0,0,0,0,0,0,0,0,0,0,0,0,0,0,0
SLG,2026-09-24,50.88,53.699,54.3294,45.7581,59.83,-14.96,-1.68,1.8,43483141.0,0,1,0,0,0,0,0,0,0,0,0,0,0,0,0,0,0,0,0,0
SLGB,2026-09-24,0.33,0.3957,0.5067,0.9031,5.28,-93.75,-0.6,8.2,1496515.0,0,0,0,0,0,0,0,0,0,0,0,0,1,1,0,0,0,1,0,0
SLGL,2026-09-24,60.74,66.9025,75.8924,70.8971,97.97,-38.0,-4.26,1.73,4383056.0,0,0,0,0,0,0,0,0,0,0,0,1,0,0,0,0,0,0,0,0
SLGN,2026-09-24,35.45,39.4379,41.5928,41.4429,48.1306,-26.35,-8.07,-4.58,48192011.0,0,0,0,0,0,0,0,0,0,0,1,0,0,0,0,0,0,1,0,1
SLI,2026-09-24,2.06,2.3105,2.2794,3.6056,5.65,-63.54,0.49,-3.74,3646618.0,0,0,0,0,0,0,0,0,0,0,0,0,0,0,0,0,0,0,0,0
SLM,2026-09-24,23.05,25.7257,26.0111,24.0759,30.312,-23.96,-8.82,-2.37,49581591.0,0,0,0,0,0,0,0,0,0,0,1,0,0,0,0,0,0,0,0,0
SLMT,2026-09-24,3.76,3.735,4.0783,9.2767,304.0,-98.76,22.88,-2.84,388761.0,0,0,0,1,0,0,0,0,0,0,0,0,0,0,1,0,0,0,0,0
SLN,2026-09-24,11.22,13.2155,12.6548,8.0436,15.43,-27.28,-10.24,-2.52,10146051.0,0,1,0,0,0,0,0,0,0,0,0,0,0,0,0,0,0,0,1,0
SLND,2026-09-24,0.63,0.6142,0.6491,1.4011,4.8,-86.88,14.13,3.28,65409.0,0,0,0,1,0,0,0,0,0,0,0,0,1,0,1,0,0,0,0,0
SLNG,2026-09-24,5.18,5.561,5.187,4.6292,6.59,-21.4,5.07,-1.15,238711.0,0,1,0,0,0,0,0,0,0,0,0,0,0,0,0,0,0,0,0,0
SLNH,2026-09-24,1.25,1.1835,1.212,1.2672,4.42,-71.72,5.04,0.81,9141580.0,0,0,0,1,1,0,0,0,0,0,0,0,0,0,0,0,0,0,0,0
SLP,2026-09-24,18.46,18.4225,18.3596,16.388,20.84,-11.42,0.16,0.22,3406969.0,0,1,0,1,1,1,0,0,0,0,0,0,0,0,0,0,0,1,0,0
SLQT,2026-09-24,0.41,0.5056,0.6358,0.9215,2.13,-80.75,-17.34,-5.31,555407.0,0,0,0,0,0,0,0,0,0,0,1,0,0,0,0,0,0,0,0,1
SLRC,2026-09-24,11.68,12.1274,12.3964,13.2658,15.3468,-23.89,-2.91,-0.76,4234120.0,0,0,0,0,0,0,0,0,0,0,0,0,0,0,0,0,0,0,0,1
SLS,2026-09-24,11.98,12.712,12.4038,7.4897,15.46,-22.51,3.9,3.99,91007076.0,0,1,0,0,0,0,0,0,0,0,0,0,1,0,0,0,0,0,0,0
SLSN,2026-09-24,0.81,0.8585,0.9044,1.2014,4.36,-81.42,-7.95,-1.22,14716.0,0,0,0,0,0,0,0,0,0,0,0,0,0,0,0,0,0,0,0,0
SLSR,2026-09-24,7.25,7.9445,7.8906,8.8567,11.13,-34.86,4.32,0.42,1361031.0,0,0,0,0,0,0,0,0,0,0,0,0,0,0,0,0,0,0,0,0
SLVM,2026-09-24,35.96,35.788,37.1646,41.7175,53.5307,-32.82,-0.06,-1.86,9745509.0,0,0,0,1,0,0,0,0,0,0,0,0,0,0,0,0,0,0,0,0
SLXN,2026-09-24,0.257,0.3691,1.0325,9.7496,40.0,-99.36,-32.37,-18.41,5389992.0,0,0,0,0,0,0,0,0,0,0,0,0,0,0,0,0,0,0,0,1
SM,2026-09-24,35.1,37.171,34.298,27.5426,41.29,-14.99,-8.02,2.3,158134054.0,0,1,0,0,1,0,0,0,0,0,0,0,0,0,0,0,0,0,0,0
SMA,2026-09-24,31.25,32.4593,33.3677,31.7797,36.7051,-14.86,-3.13,-1.36,26485359.0,0,0,0,0,0,0,0,0,0,0,0,0,0,0,0,0,0,0,0,0
SMBC,2026-09-24,72.21,73.0995,75.2134,67.8026,79.0527,-8.66,-0.43,1.23,7254916.0,1,1,0,0,0,0,0,0,0,0,0,0,0,0,0,0,0,0,0,0
SMBK,2026-09-24,50.3,51.2305,51.1528,43.454,53.23,-5.5,-2.63,0.76,5815650.0,1,1,0,0,0,0,0,0,0,0,0,0,0,0,0,0,0,0,0,0
SMC,2026-09-24,31.11,33.585,32.577,30.0634,34.96,-11.01,-4.83,-0.77,2178269.0,0,1,0,0,0,0,0,0,0,0,1,0,0,0,0,0,0,0,0,0
SMCI,2026-09-24,41.51,38.751,34.6604,31.7544,58.68,-29.26,2.87,0.17,1466286000.0,0,1,0,1,1,1,0,0,0,0,0,0,0,0,0,0,0,0,0,0
SMFG,2026-09-24,25.51,26.423,25.916,22.6401,27.56,-7.44,-2.97,-1.32,35948201.0,0,1,0,0,0,0,0,0,0,0,0,0,0,0,0,0,0,0,0,0
SMG,2026-09-24,51.13,56.776,61.5899,61.3824,72.6768,-29.65,-6.68,-3.22,48662988.0,0,0,0,0,0,0,0,0,0,0,1,0,0,0,0,0,0,0,0,0
SMHB,2026-09-24,3.45,3.8962,4.002,3.7174,4.2391,-18.61,-6.5,-1.43,84043.0,0,0,0,0,0,0,0,0,0,0,1,0,0,0,0,0,0,1,0,0
SMHI,2026-09-24,8.81,9.4515,9.1908,7.6946,9.96,-11.55,-6.38,-0.23,883484.0,0,1,0,0,0,0,0,0,0,0,0,0,0,0,0,0,0,0,0,0
SMID,2026-09-24,24.02,24.9435,27.0552,31.407,40.05,-40.02,-3.15,-0.62,365932.0,0,0,0,0,0,0,0,0,0,0,0,0,0,0,0,0,0,0,0,1
SMJF,2026-09-24,1.56,1.652,5.259,4.4554,11.41,-86.33,56.0,-2.5,2912902.0,0,0,0,0,0,0,0,0,0,0,0,0,0,0,1,0,0,0,0,0
SMMT,2026-09-24,16.38,16.5042,14.7794,16.3996,26.38,-37.91,-7.56,-0.43,102790928.0,0,0,0,0,1,0,0,0,0,0,0,0,0,0,0,0,0,0,0,0
SMP,2026-09-24,37.33,38.015,38.4358,38.094,44.0469,-15.25,-0.45,0.05,8359395.0,0,0,0,0,0,0,0,0,0,0,0,0,0,0,0,0,0,0,0,0
SMPL,2026-09-24,9.43,10.454,10.7492,14.1057,25.63,-63.21,-7.46,-1.67,24717179.0,0,0,0,0,0,0,0,0,0,0,0,0,0,0,0,0,0,0,0,1
SMR,2026-09-24,8.47,9.2355,9.0496,12.3089,53.43,-84.15,-6.31,-2.42,343406132.0,0,0,0,0,0,0,0,0,0,0,0,0,0,0,0,0,0,0,0,0
SMRT,2026-09-24,1.19,1.243,1.2147,1.4437,2.12,-43.87,4.39,2.59,993356.0,0,0,0,0,0,0,0,0,0,0,0,0,0,0,0,0,0,0,0,0
SMSI,2026-09-24,2.7,2.8435,2.7842,3.1603,4.55,-40.66,-5.59,1.12,49944.0,0,0,0,0,0,0,0,0,0,0,0,0,0,0,0,0,0,0,0,0
SMTC,2026-09-24,174.5,154.98,139.0752,113.2574,185.0,-5.68,4.15,3.05,573783566.0,0,1,0,1,1,1,0,0,0,0,0,0,1,0,0,0,0,0,0,0
SMTI,2026-09-24,35.1,34.9205,32.656,24.1164,35.17,-0.2,0.0,-0.14,8041050.0,0,1,1,1,1,1,0,0,0,0,0,0,0,0,0,0,0,0,0,0
SMTK,2026-09-24,1.64,2.5155,5.7328,21.5795,141.5,-98.84,-30.21,-2.38,1809016.0,0,0,0,0,0,0,0,0,0,0,1,0,0,0,0,0,0,0,0,1
SMWB,2026-09-24,7.53,8.553,7.9622,5.3436,9.78,-23.01,-9.71,-12.24,6041796.0,0,1,0,0,0,0,0,0,0,0,0,0,0,0,0,0,0,0,0,0
SMX,2026-09-24,8.75,15.9116,16.3123,194.0059,3723.9197,-99.77,-44.59,-9.23,501731.0,0,0,0,0,0,0,0,0,0,0,1,0,0,0,0,0,0,1,0,0
SMXT,2026-09-24,2.2,2.4553,3.4518,6.7857,12.96,-83.02,13.4,-9.84,54495.0,0,0,0,0,0,0,0,0,0,0,0,0,0,0,1,0,0,0,0,0
SN,2026-09-24,176.94,174.1965,171.3492,132.5747,192.86,-8.25,3.67,5.02,373040595.0,1,1,0,1,1,1,0,0,0,0,0,0,1,1,0,0,0,0,0,0
SNA,2026-09-24,367.71,379.255,394.2141,374.6512,416.7245,-11.76,-1.41,-0.69,108834710.0,0,0,0,0,0,0,0,0,0,0,1,0,0,0,0,0,0,0,0,0
SNAL,2026-09-24,2.56,2.6755,3.5634,3.6321,8.5,-69.88,1.99,-3.76,100920.0,0,0,0,0,0,0,0,0,0,0,0,0,0,0,0,0,0,0,0,0
SNAP,2026-09-24,5.43,5.5485,5.2454,5.6968,9.09,-40.26,-3.89,2.65,184025277.0,0,0,0,0,1,0,0,0,0,0,0,0,0,0,0,0,0,0,0,0
SND,2026-09-24,5.08,5.209,4.8544,4.597,5.6967,-10.83,-1.93,0.2,1300411.0,1,1,0,0,1,0,0,0,0,0,0,0,0,0,0,0,0,0,0,0
SNDA,2026-09-24,37.55,38.5955,39.606,35.9059,43.07,-12.82,-4.77,-0.58,18853771.0,1,1,0,0,0,0,0,0,0,0,0,0,0,0,0,0,0,0,0,0
SNDK,2026-09-24,1753.62,1649.1462,1509.4245,1100.1499,2335.0,-24.9,8.62,-3.47,17801947175.0,0,1,0,1,1,1,0,0,0,0,0,0,0,0,0,0,0,0,0,0
SNDL,2026-09-24,1.4,1.38,1.3122,1.4621,2.815,-50.27,1.45,0.0,1724775.0,0,0,0,1,1,1,0,0,0,0,0,0,0,0,0,0,0,0,0,0
SNDR,2026-09-24,31.64,33.6839,35.1064,31.2177,38.5447,-17.91,-3.39,-1.8,22343985.0,0,1,0,0,0,0,0,0,0,0,0,0,0,0,0,0,0,0,0,0
SNDX,2026-09-24,17.97,19.034,19.8745,20.9483,25.15,-28.55,3.99,1.87,32376772.0,0,0,0,0,0,0,0,0,0,0,0,0,0,0,0,0,0,0,0,0
SNES,2026-09-24,0.726,0.9291,1.1751,1.7003,4.64,-84.35,-11.57,-6.8,55973.0,0,0,0,0,0,0,0,0,0,0,1,0,0,0,0,0,0,0,0,1
SNEX,2026-09-24,69.52,68.392,69.9548,63.6134,92.6733,-24.98,2.83,2.57,53045868.0,1,1,0,1,0,0,0,0,0,0,0,0,0,0,0,0,0,0,0,0
SNFCA,2026-09-24,8.67,8.755,9.11,8.9301,9.98,-13.13,0.0,0.58,254222.0,0,0,0,0,0,0,0,0,0,0,0,0,0,0,0,0,0,0,0,0
SNGX,2026-09-24,0.39,0.3745,0.3766,0.8264,1.95,-80.0,8.33,0.0,95636.0,0,0,0,1,1,0,0,0,0,0,0,0,0,0,0,0,0,0,0,0
SNN,2026-09-24,26.68,28.144,29.5104,31.512,36.6148,-27.13,-4.03,-0.52,55081778.0,0,0,0,0,0,0,0,0,0,0,0,0,0,0,0,0,0,0,0,1
SNOA,2026-09-24,1.25,1.294,1.2628,2.0286,4.4,-71.59,1.63,0.0,76124.0,0,0,0,0,0,0,0,0,0,0,0,0,0,0,0,0,0,0,0,0
SNOW,2026-09-24,334.0,330.713,314.4204,223.9531,356.47,-6.3,0.9,-0.24,1830180242.0,1,1,0,1,1,1,0,0,0,0,0,0,0,0,0,0,0,0,0,0
SNPS,2026-09-24,424.91,405.5695,400.8508,445.7794,534.56,-20.51,12.27,2.87,842179543.0,0,0,0,1,1,1,0,0,0,0,0,0,0,0,1,0,0,0,0,0
SNT,2026-09-24,1.6,1.649,1.7324,2.7997,5.3,-69.81,2.56,3.9,16853.0,0,0,0,0,0,0,0,0,0,0,0,0,1,0,0,0,0,0,0,0
SNTG,2026-09-24,1.7,1.7359,1.8324,2.0122,3.38,-49.7,-2.3,0.59,17099.0,0,0,0,0,0,0,0,0,0,0,0,0,0,0,0,0,0,1,0,0
SNTI,2026-09-24,0.343,0.3316,0.3751,0.8586,2.39,-85.65,10.29,1.48,349141.0,0,0,0,1,0,0,0,0,0,0,0,0,0,0,1,0,0,1,0,0
SNWV,2026-09-24,4.85,4.4165,5.2109,16.9185,40.82,-88.12,14.93,3.08,245963.0,0,0,0,1,0,0,0,0,0,0,0,0,1,0,1,0,0,0,0,0
SNX,2026-09-24,259.47,261.747,255.8043,211.1075,289.5683,-10.39,-0.4,-9.87,246216518.0,1,1,0,0,1,0,0,0,0,0,0,0,0,0,0,0,0,1,0,0
SNY,2026-09-24,40.94,43.3695,43.7892,44.0601,49.589,-17.44,-3.87,-1.73,101090594.0,0,0,0,0,0,0,0,0,0,0,0,0,0,0,0,0,0,0,0,1
SO,2026-09-24,82.89,87.1935,90.6294,90.9931,97.4911,-14.98,-3.87,-0.69,540623532.0,0,0,0,0,0,0,0,0,0,0,1,0,0,0,0,0,0,0,0,0
SOAR,2026-09-24,0.184,0.206,0.1712,0.3297,3.5702,-94.85,0.55,0.55,5818701.0,0,0,0,0,1,0,0,0,0,0,0,0,0,0,0,0,0,0,0,0
SOBO,2026-09-24,34.32,36.4855,36.8484,33.0184,38.67,-11.25,-3.46,-0.17,21973779.0,0,1,0,0,0,0,0,0,0,0,0,0,0,0,0,0,0,0,0,0
SOC,2026-09-24,3.97,4.6585,4.5786,9.4901,24.49,-83.79,-13.32,-4.34,35417350.0,0,0,0,0,0,0,0,0,0,0,0,0,0,0,0,0,0,0,0,0
SOCA,2026-09-24,10.34,10.3443,10.3243,10.2023,10.35,-0.1,-0.05,-0.1,237878.0,1,1,1,0,1,0,0,0,0,0,0,0,0,0,0,0,0,0,0,0
SOFI,2026-09-24,16.8,17.467,17.5988,19.2733,32.21,-47.84,0.42,1.51,775430733.0,0,0,0,0,0,0,0,0,0,0,0,0,0,0,0,0,0,0,0,0
SOGP,2026-09-24,11.52,11.9453,11.7897,12.708,18.4024,-37.4,1.23,-1.62,274989.0,0,0,0,0,0,0,0,0,0,0,0,0,0,0,0,0,0,0,0,0
SOHU,2026-09-24,13.18,13.6115,13.7146,14.8008,17.22,-23.46,-3.23,0.53,1400973.0,0,0,0,0,0,0,0,0,0,0,0,0,0,0,0,0,0,0,0,0
SOLS,2026-09-24,56.01,59.9732,59.768,68.7131,88.4821,-36.7,-4.22,-3.4,191798259.0,0,0,0,0,0,0,0,0,0,0,0,0,0,0,0,0,0,0,0,0
SOLV,2026-09-24,88.59,89.887,86.79,77.7297,92.44,-4.16,-0.27,0.25,82535093.0,1,1,1,0,1,0,0,0,0,0,0,0,0,0,0,0,0,0,0,0
SON,2026-09-24,49.96,51.3195,54.7539,50.9034,59.9964,-16.73,3.2,-1.32,62452896.0,0,0,0,0,0,0,0,0,0,0,0,0,0,0,0,0,0,0,0,0
SONM,2026-09-24,3.95,3.33,3.3797,4.2979,16.866,-76.58,30.36,9.42,57808.0,0,0,0,1,1,0,0,0,0,0,0,0,1,1,1,0,0,0,0,0
SONO,2026-09-24,17.84,15.625,15.5416,15.3153,19.16,-6.89,14.36,4.33,30492230.0,0,1,0,1,1,1,1,1,0,0,0,0,1,0,1,1,1,0,0,0
SONY,2026-09-24,22.99,24.008,23.2344,22.4854,30.26,-24.03,-3.12,-0.91,92159146.0,0,1,0,0,0,0,0,0,0,0,0,0,0,0,0,0,0,0,0,0
SOPH,2026-09-24,8.26,8.185,7.3836,5.5775,8.92,-7.4,3.57,2.23,5552774.0,1,1,0,1,1,1,0,0,0,0,0,0,0,0,0,0,0,0,0,0
SOR,2026-09-24,45.41,46.0502,45.9331,45.4823,47.6936,-4.79,-0.57,-0.44,525971.0,0,0,1,0,0,0,0,0,0,0,0,0,0,0,0,0,0,0,0,0
SORA,2026-09-24,2.1,2.1625,2.1463,2.362,6.99,-69.96,-7.49,-6.25,88815.0,0,0,0,0,0,0,0,0,0,0,0,0,0,0,0,0,0,0,0,0
SORN,2026-09-24,10.02,9.9915,9.9698,,10.02,0.0,0.0,0.1,539960.0,0,0,1,1,1,1,0,0,1,0,0,0,0,0,0,0,0,1,0,0
SOS,2026-09-24,0.393,0.7224,0.8406,1.1518,2.2,-82.14,-48.69,14.24,1188107.0,0,0,0,0,0,0,0,0,0,0,1,0,1,1,0,0,0,1,0,0
SOTK,2026-09-24,4.77,4.78,5.088,4.629,6.12,-22.06,6.95,-1.85,292184.0,1,1,0,0,0,0,0,0,0,0,0,0,0,0,0,0,0,0,0,0
SOUL,2026-09-24,10.48,10.4643,10.4306,10.3069,10.48,0.0,0.1,0.1,609181.0,0,1,1,1,1,1,0,0,1,0,0,0,0,0,0,0,0,0,0,0
SOUN,2026-09-24,6.1,6.4535,6.6367,7.9746,21.4,-71.5,1.67,1.5,142458643.0,0,0,0,0,0,0,0,0,0,0,0,0,0,0,0,0,0,0,0,0
SOWG,2026-09-24,2.12,3.076,3.1718,4.8683,14.55,-85.43,-25.87,-15.2,71756.0,0,0,0,0,0,0,0,0,0,0,0,0,0,0,0,0,0,0,0,0
SPAI,2026-09-24,4.44,4.6767,4.5411,4.5821,8.95,-50.39,2.07,-1.99,502034.0,0,0,0,0,0,0,0,0,0,0,0,0,0,0,0,0,0,0,0,0
SPB,2026-09-24,84.77,86.8425,87.7112,77.2681,90.486,-6.32,-2.07,-1.98,25029071.0,1,1,0,0,0,0,0,0,0,0,0,0,0,0,0,0,0,0,0,0
SPCB,2026-09-24,9.47,9.9845,10.4964,9.7109,13.18,-28.15,-3.07,-1.25,761677.0,0,0,0,0,0,0,0,0,0,0,0,0,0,0,0,0,0,0,0,0
SPCE,2026-09-24,3.2,3.038,2.9418,2.9979,7.52,-57.45,2.89,2.56,18086084.0,0,1,0,1,1,1,0,0,0,0,0,0,0,0,0,0,0,0,0,0
SPCX,2026-09-24,148.03,148.005,135.5718,,,,-4.38,-0.22,13392860075.0,0,0,0,1,1,1,0,0,0,0,0,0,0,0,0,0,0,0,0,0
SPE,2026-09-24,12.95,13.2305,13.2013,13.4519,14.0636,-7.92,-0.32,-0.38,474675.0,0,0,0,0,0,0,0,0,0,0,0,0,0,0,0,0,0,0,0,0
SPEG,2026-09-24,10.39,10.3715,10.3456,10.2133,10.39,0.0,0.19,0.0,220686.0,1,1,1,1,1,1,0,0,1,0,0,0,0,0,0,0,0,1,0,0
SPFI,2026-09-24,42.85,44.1652,44.4476,41.9173,45.7746,-6.39,-1.81,-0.58,5541782.0,1,1,0,0,0,0,0,0,0,0,0,0,0,0,0,0,0,0,0,0
SPG,2026-09-24,204.7,207.1569,216.4062,199.0606,234.1864,-12.59,0.87,0.26,269907891.0,1,1,0,0,0,0,0,0,0,0,0,0,0,0,0,0,0,0,0,0
SPGI,2026-09-24,403.25,422.3445,422.9487,424.9663,513.3384,-21.45,-0.86,-0.8,769364596.0,0,0,0,0,0,0,0,0,0,0,0,0,0,0,0,0,0,0,0,0
SPH,2026-09-24,16.48,17.2275,17.6174,18.4497,20.087,-17.96,-3.12,-0.54,3581396.0,0,0,0,0,0,0,0,0,0,0,1,0,0,0,0,0,0,0,0,0
SPHL,2026-09-24,3.13,2.4363,2.5529,3.05,17.41,-82.02,34.33,35.73,2060065.0,0,1,0,1,1,0,1,0,0,0,0,0,1,1,1,1,0,1,0,0
SPHR,2026-09-24,138.44,142.8155,148.6674,127.3205,176.38,-21.51,-4.15,1.88,81399210.0,0,1,0,0,0,0,0,0,0,0,0,0,0,0,0,0,0,0,0,0
SPIR,2026-09-24,12.26,12.125,12.5502,13.6613,25.48,-51.88,6.7,0.41,7844889.0,0,0,0,1,0,0,0,0,0,0,0,0,0,0,0,0,0,0,0,0
SPKL,2026-09-24,11.6,11.5775,11.6797,11.6227,13.685,-15.24,0.13,-0.04,260818.0,0,0,0,1,0,0,0,0,0,0,0,0,0,0,0,0,0,0,0,0
SPMC,2026-09-24,8.5,9.2832,9.5131,9.8722,14.3997,-40.97,-7.51,1.19,200838.0,0,0,0,0,0,0,0,0,0,0,0,1,0,0,0,0,0,0,0,0
SPNT,2026-09-24,25.8,24.5385,24.242,22.5383,26.31,-1.94,5.44,1.49,23551057.0,0,1,1,1,1,1,0,0,0,0,0,0,0,0,0,0,0,0,0,0
SPOK,2026-09-24,10.35,10.558,10.582,10.9918,15.7269,-34.19,-3.0,-0.48,1378502.0,0,0,0,0,0,0,0,0,0,0,0,0,0,0,0,0,0,0,0,0
SPOT,2026-09-24,511.38,535.621,514.7804,503.6233,728.47,-29.8,-6.59,0.19,784612679.0,0,1,0,0,0,0,0,0,0,0,0,0,0,0,0,0,0,0,0,0
SPPL,2026-09-24,1.98,2.0428,2.5077,2.9502,6.62,-70.09,4.76,-8.76,143259.0,0,0,0,0,0,0,0,0,0,0,0,0,0,0,0,0,0,0,0,0
SPRB,2026-09-24,49.02,56.177,50.9324,60.8388,182.6,-73.15,-9.49,-0.8,6125510.0,0,0,0,0,0,0,0,0,0,0,0,0,0,0,0,0,0,0,0,0
SPRC,2026-09-24,5.39,5.3415,5.9422,7.0674,54.81,-90.17,15.17,7.58,193204.0,0,0,0,1,0,0,0,0,0,0,0,0,1,1,1,0,0,1,0,0
SPRO,2026-09-24,1.25,1.1795,1.232,2.1461,2.98,-58.05,12.61,-0.79,466877.0,0,0,0,1,1,0,0,0,0,0,0,0,0,0,1,0,0,0,0,0
SPRU,2026-09-24,2.0,1.791,1.9838,3.4941,6.46,-69.04,22.7,4.17,345221.0,0,0,0,1,1,0,0,0,0,0,0,0,1,0,1,0,0,0,0,0
SPRY,2026-09-24,4.15,5.0563,5.6093,8.3216,13.06,-68.22,-0.36,-0.72,7272485.0,0,0,0,0,0,0,0,0,0,0,1,0,0,0,0,0,0,0,0,0
SPSC,2026-09-24,82.69,81.8275,75.8438,68.7625,113.04,-26.85,2.49,1.72,43552675.0,1,1,0,1,1,1,0,0,0,0,0,0,0,0,0,0,0,0,0,0
SPT,2026-09-24,9.72,10.8628,9.792,8.1877,14.14,-31.26,-13.75,-2.36,13643956.0,0,1,0,0,0,0,0,0,0,0,0,0,0,0,0,0,0,0,1,0
SPTX,2026-09-24,21.12,23.4225,22.7082,,,,-4.61,-0.8,5848277.0,0,0,0,0,0,0,0,0,0,0,0,0,0,0,0,0,0,0,0,0
SPWH,2026-09-24,1.17,1.1988,1.1791,1.3207,3.19,-63.32,6.36,-5.65,821003.0,0,0,0,0,0,0,0,0,0,0,0,0,0,0,0,0,0,0,0,0
SPWR,2026-09-24,0.31,0.318,0.3423,1.0249,2.11,-85.31,-2.21,3.33,7155869.0,0,0,0,0,0,0,0,0,0,0,0,0,1,0,0,0,0,0,0,0
SPXC,2026-09-24,172.48,188.9875,202.9444,212.9577,246.41,-30.0,-3.47,-0.65,92915110.0,0,0,0,0,0,0,0,0,0,0,1,0,0,0,0,0,0,0,0,1
SPXX,2026-09-24,18.66,18.6295,18.4989,17.2354,18.8327,-0.92,1.8,-0.43,3709468.0,1,1,1,1,1,1,0,0,0,0,0,0,0,0,0,0,0,0,0,0
SQFT,2026-09-24,1.41,1.393,1.7187,2.6579,6.24,-77.4,8.46,2.92,1853513.0,0,0,0,1,0,0,0,0,0,0,0,0,0,0,0,0,0,0,0,0
SQM,2026-09-24,67.12,73.4371,71.5655,74.8405,92.8533,-27.71,-2.27,-2.84,74055968.0,0,0,0,0,0,0,0,0,0,0,0,0,0,0,0,0,0,0,0,0
SQNS,2026-09-24,2.85,2.8835,2.8236,3.5311,9.99,-71.47,-2.4,-4.04,106190.0,0,0,0,0,1,0,0,0,0,0,0,0,0,0,0,0,0,0,0,0
SR,2026-09-24,76.79,80.7339,80.8663,83.2184,93.2575,-17.66,-3.89,-0.78,45116130.0,0,0,0,0,0,0,0,0,0,0,0,0,0,0,0,0,0,0,0,0
SRAD,2026-09-24,13.09,12.8265,13.3654,16.2994,30.08,-56.48,-1.06,-0.61,26345779.0,0,0,0,1,0,0,0,0,0,0,0,0,0,0,0,0,0,0,0,0
SRBK,2026-09-24,19.26,19.5385,19.6466,18.0485,20.38,-5.5,-1.43,0.1,410038.0,1,1,0,0,0,0,0,0,0,0,0,0,0,0,0,0,0,0,0,0
SRCE,2026-09-24,85.41,86.1785,86.5846,74.3207,90.82,-5.96,-0.62,1.22,8944191.0,1,1,0,0,0,0,0,0,0,0,0,0,0,0,0,0,0,0,0,0
SRE,2026-09-24,77.74,82.234,85.2764,88.9931,98.2173,-20.85,-4.05,-0.77,331697730.0,0,0,0,0,0,0,0,0,0,0,0,0,0,0,0,0,0,0,0,1
SRFM,2026-09-24,0.922,0.6588,0.7179,1.383,5.45,-83.08,45.2,4.3,4305110.0,0,0,0,1,1,0,0,0,0,0,0,0,1,0,1,0,0,0,0,0
SRG,2026-09-24,1.82,1.989,2.2096,2.7404,4.3,-57.67,-6.67,-1.62,355159.0,0,0,0,0,0,0,0,0,0,0,1,0,0,0,0,0,0,0,0,1
SRI,2026-09-24,6.81,7.139,7.1714,6.8617,9.17,-25.74,-3.81,-2.71,1006106.0,0,0,0,0,0,0,0,0,0,0,0,0,0,0,0,0,0,0,0,0
SRL,2026-09-24,5.0,5.5515,5.5486,6.8839,10.14,-50.69,-4.94,-4.4,31678.0,0,0,0,0,0,0,0,0,0,0,1,0,0,0,0,0,0,0,0,0
SRPT,2026-09-24,18.39,20.828,18.5874,19.231,24.45,-24.79,-6.93,-2.96,71654905.0,0,0,0,0,0,0,0,0,0,0,0,0,0,0,0,0,0,0,0,0
SRRK,2026-09-24,48.61,53.6895,52.4993,48.3091,60.04,-19.04,-1.54,-2.49,105594458.0,0,1,0,0,0,0,0,0,0,0,0,0,0,0,0,0,0,0,0,0
SRTA,2026-09-24,5.27,5.4432,5.5075,5.1549,6.47,-18.55,0.96,-2.04,4164179.0,0,1,0,0,0,0,0,0,0,0,0,0,0,0,0,0,0,0,0,0
SRTS,2026-09-24,2.91,3.188,3.1037,3.6971,5.3,-45.09,-5.21,-3.96,123893.0,0,0,0,0,0,0,0,0,0,0,0,0,0,0,0,0,0,0,0,0
SRV,2026-09-24,42.6,44.9915,45.8725,42.7364,49.3398,-13.66,-2.47,-2.27,2150125.0,0,0,0,0,0,0,0,0,0,0,0,0,0,0,0,0,0,0,0,0
SRXH,2026-09-24,1.73,1.6425,1.7112,7.1225,34.1142,-94.93,6.79,1.76,1198280.0,0,0,0,1,1,0,0,0,0,0,0,0,0,0,0,0,0,0,0,0
SRZN,2026-09-24,33.68,20.691,21.783,24.3327,34.13,-1.32,98.94,108.42,22979735.0,0,1,1,1,1,0,1,1,0,0,0,1,1,1,1,1,0,1,0,0
SSAC,2026-09-24,10.12,10.097,10.0638,,10.12,0.0,0.2,0.1,407158.0,0,0,1,1,1,1,0,0,1,0,0,0,0,0,0,0,0,0,0,0
SSB,2026-09-24,101.9,105.0945,105.8019,98.4582,111.59,-8.68,-1.89,0.28,68709835.0,0,1,0,0,0,0,0,0,0,0,0,0,0,0,0,0,0,0,0,0
SSBI,2026-09-24,12.07,12.5965,12.8766,13.0821,14.0,-13.79,-2.5,-2.19,69031.0,0,0,0,0,0,0,0,0,0,0,0,0,0,0,0,0,0,0,0,0
SSD,2026-09-24,173.61,176.492,185.708,184.0134,209.7502,-17.23,0.84,-0.81,51558155.0,0,0,0,0,0,0,0,0,0,0,0,0,0,0,0,0,0,0,0,0
SSEA,2026-09-24,10.37,10.3253,10.3087,10.1786,10.39,-0.19,0.24,-0.19,78106.0,1,1,1,1,1,1,0,0,0,0,0,0,0,0,0,0,0,0,0,0
SSII,2026-09-24,2.95,3.3173,3.5595,4.2939,9.98,-70.44,-9.79,-5.14,199329.0,0,0,0,0,0,0,0,0,0,0,1,0,0,0,0,0,0,0,0,1
SSL,2026-09-24,14.3,13.3795,12.2668,10.6713,15.11,-5.36,0.07,0.07,26590482.0,0,1,0,1,1,1,0,0,0,0,0,0,0,0,0,0,0,0,0,0
SSM,2026-09-24,1.12,2.4173,2.9948,5.2132,9.3,-87.96,-33.73,-4.27,13160923.0,0,0,0,0,0,0,0,0,0,0,1,0,0,0,0,0,0,0,0,1
SSMR,2026-09-24,15.31,17.0625,16.1222,,,,-2.67,-2.67,10839098.0,0,0,0,0,0,0,0,0,0,0,0,0,0,0,0,0,0,0,0,0
SSNC,2026-09-24,78.5,81.2538,78.6473,74.5478,88.6199,-11.42,-2.55,-1.53,132457438.0,0,1,0,0,0,0,0,0,0,0,0,0,0,0,0,0,0,0,0,0
SSP,2026-09-24,2.87,3.1615,3.1522,3.6121,5.16,-44.38,-8.6,-4.97,2064585.0,0,0,0,0,0,0,0,0,0,0,0,0,0,0,0,0,0,0,0,0
SSRM,2026-09-24,35.82,36.7545,32.6386,28.9741,39.21,-8.65,1.7,-1.32,87830805.0,1,1,0,0,1,0,0,0,0,0,0,0,0,0,0,0,0,0,0,0
SST,2026-09-24,3.08,3.214,2.4106,3.1087,8.02,-61.6,-0.65,-1.91,4805486.0,0,0,0,0,1,0,0,0,0,0,0,0,0,0,0,0,0,0,0,0
SSTI,2026-09-24,5.47,5.9017,6.9308,7.2762,12.42,-55.96,-8.38,-3.7,523819.0,0,0,0,0,0,0,0,0,0,0,0,0,0,0,0,0,0,0,0,1
SSTK,2026-09-24,4.14,5.167,5.6962,13.3671,24.7544,-83.28,-16.19,-3.72,5119199.0,0,0,0,0,0,0,0,0,0,0,1,0,0,0,0,0,0,0,0,1
SSYS,2026-09-24,8.02,7.7845,8.1226,8.9247,12.44,-35.53,5.94,-0.12,5161747.0,0,0,0,1,0,0,0,0,0,0,0,0,0,0,0,0,0,0,0,0
ST,2026-09-24,41.06,41.9615,43.9864,40.7378,53.411,-23.12,-2.03,-1.08,58031405.0,1,1,0,0,0,0,0,0,0,0,0,0,0,0,0,0,0,0,0,0
STAA,2026-09-24,19.08,22.334,23.617,23.7653,33.34,-42.77,-14.86,-3.64,23787253.0,0,0,0,0,0,0,0,0,0,0,1,0,0,0,0,0,0,0,0,0
STAG,2026-09-24,37.29,37.2915,38.038,37.6246,42.04,-11.3,0.57,1.25,56873720.0,0,0,0,0,0,0,0,0,0,0,0,0,0,0,0,0,0,0,0,0
STAK,2026-09-24,1.44,1.2065,1.693,1.5357,9.27,-84.47,25.22,53.19,3666677.0,0,0,0,1,0,0,1,0,0,0,0,0,1,1,1,1,0,1,0,0
STBA,2026-09-24,49.6,49.8735,50.4506,44.7151,52.9729,-6.37,-0.52,1.02,14055600.0,1,1,0,0,0,0,0,0,0,0,0,0,0,0,0,0,0,0,0,0
STC,2026-09-24,59.73,66.1739,67.2009,66.3905,74.765,-20.11,-8.91,-3.63,17052738.0,0,0,0,0,0,0,0,0,0,0,1,0,0,0,0,0,0,0,0,0
STE,2026-09-24,208.77,218.6011,224.0772,228.5885,266.3608,-21.62,-0.54,-0.58,144809291.0,0,0,0,0,0,0,0,0,0,0,0,0,0,0,0,0,0,0,0,0
STEM,2026-09-24,3.9,5.0335,5.4976,10.2211,29.79,-86.91,-12.75,2.09,558865.0,0,0,0,0,0,0,0,0,0,0,1,0,0,0,0,0,0,0,0,0
STEP,2026-09-24,43.55,49.0537,47.3041,51.4625,73.9099,-41.08,-9.82,-3.29,54480090.0,0,0,0,0,0,0,0,0,0,0,0,0,0,0,0,0,0,0,0,0
STEW,2026-09-24,17.6,18.2585,18.3542,17.676,18.9,-6.88,-2.87,-1.12,1014970.0,0,0,0,0,0,0,0,0,0,0,1,0,0,0,0,0,0,1,0,0
STEX,2026-09-24,0.772,0.7045,0.7525,1.6647,6.31,-87.77,27.18,-7.43,683470.0,0,0,0,1,1,0,0,0,0,0,0,0,0,0,1,0,0,0,0,0
STFS,2026-09-24,3.425,3.9345,4.5426,5.8904,18.29,-81.27,0.76,0.44,352189.0,0,0,0,0,0,0,0,0,0,0,0,0,0,0,0,0,0,0,0,0
STG,2026-09-24,2.92,2.9221,3.1959,4.0413,8.5,-65.65,0.69,0.34,22997.0,0,0,0,0,0,0,0,0,0,0,0,0,0,0,0,0,0,0,0,0
STGW,2026-09-24,8.31,8.5865,8.4704,6.7031,9.35,-11.12,-0.24,-2.0,10182298.0,0,1,0,0,0,0,0,0,0,0,0,0,0,0,0,0,0,0,0,0
STHO,2026-09-24,8.58,9.441,9.4473,8.6522,9.93,-13.6,-7.24,-4.56,168017.0,0,0,0,0,0,0,0,0,0,0,1,0,0,0,0,0,0,0,0,0
STI,2026-09-24,6.62,7.1648,7.0778,7.5828,35.72,-81.47,0.76,-1.78,2714668.0,0,0,0,0,0,0,0,0,0,0,0,0,0,0,0,0,0,0,0,0
STIM,2026-09-24,2.82,2.8923,2.5967,1.785,3.3,-14.55,2.17,-2.08,3697654.0,1,1,0,0,1,0,0,0,0,0,0,0,0,0,0,0,0,0,0,0
STK,2026-09-24,53.56,52.3505,51.0417,45.2041,57.1772,-6.33,3.84,-0.26,2360056.0,1,1,0,1,1,1,0,0,0,0,0,0,0,0,0,0,0,0,0,0
STKE,2026-09-24,1.5,1.263,1.1662,1.4292,5.01,-70.06,36.36,-1.96,549179.0,0,1,0,1,1,1,0,0,0,0,0,0,0,0,1,0,0,0,0,0
STKH,2026-09-24,1.75,2.3605,2.5623,4.394,18.99,-90.78,-10.71,-4.37,297172.0,0,0,0,0,0,0,0,0,0,0,0,0,0,0,0,0,0,0,0,0
STKS,2026-09-24,1.63,1.6265,1.7133,1.8805,3.12,-47.76,6.54,-0.61,35602.0,0,0,0,1,0,0,0,0,0,0,0,0,0,0,0,0,0,0,0,0
STLA,2026-09-24,4.47,5.1715,5.4202,7.4919,12.12,-63.12,-9.15,-3.25,114227752.0,0,0,0,0,0,0,0,0,0,0,1,0,0,0,0,0,0,0,0,1
STLD,2026-09-24,235.2,237.9395,243.8686,214.2005,282.1202,-16.63,-1.27,0.39,238483483.0,1,1,0,0,0,0,0,0,0,0,0,0,0,0,0,0,0,0,0,0
STLN,2026-09-24,6.51,6.353,5.9472,4.3013,6.96,-6.47,-0.31,-4.55,8828554.0,1,1,0,1,1,1,0,0,0,0,0,0,0,0,0,0,0,0,0,0
STM,2026-09-24,51.58,50.3282,52.9961,46.792,79.6809,-35.27,7.51,-1.68,397889832.0,1,1,0,1,0,0,0,0,0,0,0,0,0,0,0,0,0,0,0,0
STN,2026-09-24,68.44,71.661,71.7608,83.0281,113.1808,-39.53,-2.8,-3.17,23823812.0,0,0,0,0,0,0,0,0,0,0,0,0,0,0,0,0,0,0,0,0
STNE,2026-09-24,9.16,9.8175,10.2506,11.4982,16.0762,-43.02,-5.76,-3.48,60162246.0,0,0,0,0,0,0,0,0,0,0,0,0,0,0,0,0,0,0,0,0
STNG,2026-09-24,80.96,82.357,79.4195,71.987,87.85,-7.84,-5.46,-0.36,77319381.0,1,1,0,0,1,0,0,0,0,0,0,0,0,0,0,0,0,0,0,0
STOK,2026-09-24,25.29,29.525,30.3072,31.8722,38.35,-34.05,-9.39,-3.14,24610830.0,0,0,0,0,0,0,0,0,0,0,1,0,0,0,0,0,0,0,0,0
STRA,2026-09-24,79.82,81.6539,80.8251,79.5661,86.9781,-8.23,-2.07,2.02,24388141.0,1,1,0,0,0,0,0,0,0,0,0,0,0,0,0,0,0,0,0,0
STRL,2026-09-24,513.72,488.758,544.723,532.7113,993.74,-48.3,6.43,0.34,274452579.0,0,0,0,1,0,0,0,0,0,0,0,0,0,0,0,0,0,0,0,0
STRO,2026-09-24,15.71,18.258,21.268,22.7364,40.91,-61.6,0.71,-0.13,5390893.0,0,0,0,0,0,0,0,0,0,0,1,0,0,0,0,0,0,0,0,0
STRR,2026-09-24,10.17,10.2885,10.5296,10.4084,11.81,-13.89,1.09,-1.55,44514.0,0,0,0,0,0,0,0,0,0,0,0,0,0,0,0,0,0,0,0,0
STRT,2026-09-24,65.78,70.7,78.809,78.9622,90.91,-27.64,-4.01,-1.79,6852921.0,0,0,0,0,0,0,0,0,0,0,0,0,0,0,0,0,0,0,0,0
STRW,2026-09-24,13.27,13.5995,13.7452,12.885,14.4416,-8.11,-2.93,-2.43,589200.0,1,1,0,0,0,0,0,0,0,0,0,0,0,0,0,0,0,0,0,0
STRZ,2026-09-24,22.71,26.1732,26.2289,19.0496,30.21,-24.83,-13.58,-2.99,6186919.0,0,1,0,0,0,0,0,0,0,0,0,0,0,0,0,0,0,1,1,0
STT,2026-09-24,181.09,188.6885,187.1088,152.2519,194.26,-6.78,-0.99,0.63,334161319.0,0,1,0,0,0,0,0,0,0,0,0,0,0,0,0,0,0,0,0,0
STTK,2026-09-24,6.31,6.55,6.9924,5.7224,8.06,-21.71,7.31,-0.79,7416545.0,0,1,0,0,0,0,0,0,0,0,0,0,0,0,0,0,0,0,0,0
STUB,2026-09-24,5.39,6.1,7.4298,9.5384,20.13,-73.22,-8.49,1.51,40852855.0,0,0,0,0,0,0,0,0,0,0,1,0,0,0,0,0,0,0,0,0
STVN,2026-09-24,21.38,21.319,20.8422,18.2168,27.5108,-22.28,-5.1,-1.43,7236168.0,1,1,0,1,1,1,0,0,0,0,0,0,0,0,0,0,0,0,0,0
STWD,2026-09-24,14.36,15.468,16.0418,16.7018,18.0193,-20.31,-4.14,-2.31,67253865.0,0,0,0,0,0,0,0,0,0,0,1,0,0,0,0,0,0,0,0,1
STX,2026-09-24,905.92,841.2195,843.8273,627.8676,1092.3849,-17.07,15.76,-1.86,3118216306.0,0,1,0,1,1,0,0,0,0,0,0,0,0,0,1,0,0,0,0,0
STXS,2026-09-24,1.29,1.3555,1.3878,1.8894,3.57,-63.87,-2.27,-2.27,696425.0,0,0,0,0,0,0,0,0,0,0,0,0,0,0,0,0,0,0,0,0
STZ,2026-09-24,114.21,124.7735,129.4206,142.7592,164.2807,-30.48,-7.17,-2.02,296898781.0,0,0,0,0,0,0,0,0,0,0,1,0,0,0,0,0,0,0,0,1
SU,2026-09-24,68.65,68.0637,65.7998,58.8409,71.87,-4.48,-0.44,0.99,326176900.0,1,1,1,1,1,1,0,0,0,0,0,0,0,0,0,0,0,0,0,0
SUGP,2026-09-24,0.47,0.6184,1.548,16.5969,52.45,-99.1,-5.62,-2.08,5507271.0,0,0,0,0,0,0,0,0,0,0,1,0,0,0,0,0,0,0,0,1
SUI,2026-09-24,111.13,117.6895,119.9888,123.4291,134.7064,-17.5,-3.27,-1.06,141450439.0,0,0,0,0,0,0,0,0,0,0,1,0,0,0,0,0,0,0,0,1
SUIG,2026-09-24,1.49,1.075,1.0059,1.3744,4.58,-67.47,60.91,1.36,1076483.0,0,1,0,1,1,1,0,0,0,0,0,0,0,0,1,0,0,0,0,0
SUJA,2026-09-24,8.2,9.2525,8.7998,,,,-9.89,1.61,5020271.0,0,0,0,0,0,0,0,0,0,0,0,0,0,0,0,0,0,0,0,0
SUMA,2026-09-24,9.95,9.9415,9.9284,,,,-0.1,0.0,35623.0,0,0,0,1,1,1,0,0,0,0,0,0,0,0,0,0,0,0,0,0
SUNB,2026-09-24,72.74,71.5239,74.6156,,84.8304,-14.25,0.95,-1.41,622820133.0,0,0,0,1,0,0,0,0,0,0,0,0,0,0,0,0,0,0,0,0
SUNE,2026-09-24,2.45,2.6825,2.5218,1.8491,5.88,-58.33,-15.81,-4.67,32697592.0,0,1,0,0,0,0,0,0,0,0,0,0,0,0,0,0,0,0,1,0
SUNS,2026-09-24,7.23,7.419,7.6808,8.0756,9.6361,-24.97,-3.21,-1.63,489780.0,0,0,0,0,0,0,0,0,0,0,0,0,0,0,0,0,0,0,0,0
SUPN,2026-09-24,43.29,42.932,45.3434,48.3207,57.0,-24.05,4.62,-0.23,25899080.0,0,0,0,1,0,0,0,0,0,0,0,0,0,0,0,0,0,0,0,0
SUPV,2026-09-24,7.46,8.442,8.7626,9.652,12.86,-41.99,-10.87,-1.97,4161928.0,0,0,0,0,0,0,0,0,0,0,1,0,0,0,0,0,0,0,0,0
SUPX,2026-09-24,6.99,8.221,7.6014,10.3451,75.0,-90.68,-14.55,-4.12,6751463.0,0,0,0,0,0,0,0,0,0,0,0,0,0,0,0,0,0,0,0,0
SURG,2026-09-24,0.15,0.1612,0.2143,0.7229,2.93,-94.88,-4.46,-0.66,4137474.0,0,0,0,0,0,0,0,0,0,0,0,0,0,0,0,0,0,0,0,0
SUZ,2026-09-24,8.78,9.1225,8.6358,9.1209,11.4587,-23.38,-3.52,-4.67,24990152.0,0,0,0,0,1,0,0,0,0,0,0,0,0,0,0,0,0,0,0,0
SVAQ,2026-09-24,10.1,10.068,10.0474,,10.11,-0.1,0.2,0.0,576300.0,0,0,1,1,1,1,0,0,0,0,0,0,0,0,0,0,0,0,0,0
SVC,2026-09-24,6.48,7.1265,7.7956,8.6987,13.4571,-51.85,-2.11,-1.07,11308942.0,0,0,0,0,0,0,0,0,0,0,1,0,0,0,0,0,0,0,0,0
SVCC,2026-09-24,10.71,10.6755,10.6473,10.5067,10.71,0.0,0.19,0.47,202880.0,0,1,1,1,1,1,1,1,1,0,0,0,0,0,0,0,1,0,0,0
SVCO,2026-09-24,8.46,6.8595,7.3852,7.3092,13.79,-38.65,30.35,2.42,2403338.0,0,1,0,1,1,0,1,0,0,0,0,0,0,0,1,1,0,0,0,0
SVIA,2026-09-24,3.96,2.9475,2.3074,2.3681,10.3,-61.55,21.85,-1.74,8451674.0,0,1,0,1,1,1,0,0,0,0,0,0,0,0,1,0,0,0,0,0
SVIV,2026-09-24,10.16,10.1815,10.1972,,10.41,-2.4,-0.1,0.1,229286.0,0,0,1,0,0,0,0,0,0,0,0,1,0,0,0,0,0,0,0,0
SVM,2026-09-24,11.34,12.1905,11.3214,11.1133,15.6935,-27.74,1.43,-1.48,24762166.0,0,1,0,0,1,0,0,0,0,0,0,0,0,0,0,0,0,0,0,0
SVRA,2026-09-24,5.07,5.3453,5.4623,5.5784,6.94,-26.95,-1.17,1.4,8030875.0,0,0,0,0,0,0,0,0,0,0,0,0,0,0,0,0,0,0,0,0
SVRE,2026-09-24,2.18,2.4788,3.0154,4.077,19.68,-88.92,-1.36,-0.46,170928.0,0,0,0,0,0,0,0,0,0,0,0,0,0,0,0,0,0,0,0,0
SVRN,2026-09-24,42.23,14.6742,10.0732,12.1862,44.0,-4.02,260.94,29.74,3635791.0,0,1,1,1,1,1,1,1,0,0,0,0,1,1,1,1,1,1,0,0
SVV,2026-09-24,9.26,9.845,10.2198,9.4407,13.71,-32.46,1.54,2.77,11615466.0,0,0,0,0,0,0,0,0,0,0,0,0,0,0,0,0,0,0,0,0
SW,2026-09-24,46.0,45.345,46.4034,42.3187,50.7913,-9.43,3.19,-1.05,208723253.0,1,1,0,1,0,0,0,0,0,0,0,0,0,0,0,0,0,0,0,0
SWAG,2026-09-24,1.542,1.6621,1.8497,1.857,3.35,-53.97,-3.02,0.13,21893.0,0,0,0,0,0,0,0,0,0,0,1,0,0,0,0,0,0,0,0,0
SWBI,2026-09-24,14.08,13.0989,13.8458,13.2361,16.3614,-13.94,8.89,0.72,9076349.0,0,1,0,1,1,0,0,0,0,0,0,0,0,0,0,0,0,0,0,0
SWIM,2026-09-24,6.23,6.6157,6.5435,6.1841,7.98,-21.93,-0.95,-1.74,5663982.0,0,1,0,0,0,0,0,0,0,0,0,0,0,0,0,0,0,0,0,0
SWK,2026-09-24,90.17,92.5752,94.5445,81.7994,103.1027,-12.54,1.26,-1.73,155971550.0,1,1,0,0,0,0,0,0,0,0,0,0,0,0,0,0,0,0,0,0
SWKS,2026-09-24,87.81,78.9305,70.475,64.6322,91.45,-3.98,2.59,-3.98,655634550.0,0,1,1,1,1,1,0,0,0,0,0,0,0,0,0,0,0,0,0,0
SWMR,2026-09-24,21.97,30.4145,36.06,,78.52,-72.02,-12.5,-3.39,24124740.0,0,0,0,0,0,0,0,0,0,0,0,0,0,0,0,0,0,0,0,1
SWVL,2026-09-24,4.03,4.7042,2.7473,1.9773,7.94,-49.24,-4.73,5.22,3390622.0,0,1,0,0,1,0,0,0,0,0,0,0,1,1,0,0,0,0,0,0
SWX,2026-09-24,81.38,87.157,89.4041,86.5015,92.7221,-12.23,-6.18,-1.17,63038093.0,0,0,0,0,0,0,0,0,0,0,1,0,0,0,0,0,0,0,0,0
SWZ,2026-09-24,5.84,5.9385,5.9282,6.0145,6.31,-7.45,-1.02,-0.34,166486.0,0,0,0,0,0,0,0,0,0,0,0,0,0,0,0,0,0,0,0,1
SXC,2026-09-24,9.75,9.971,9.3888,7.7487,10.57,-7.76,1.46,-2.01,10012847.0,1,1,0,0,1,0,0,0,0,0,0,0,0,0,0,0,0,0,0,0
SXI,2026-09-24,279.6,274.931,297.4228,272.168,357.3098,-21.75,7.84,0.97,35035042.0,1,1,0,1,0,0,0,0,0,0,0,0,0,0,0,0,0,0,0,0
SXT,2026-09-24,128.22,131.809,127.8863,108.4135,137.45,-6.72,-0.07,-0.49,42671269.0,1,1,0,0,1,0,0,0,0,0,0,0,0,0,0,0,0,0,0,0
SXTC,2026-09-24,2.55,2.5023,27.2281,2294.9154,24000.0,-99.99,16.44,1.59,2063411.0,0,0,0,1,0,0,0,0,0,0,1,0,0,0,1,0,0,0,0,0
SXTP,2026-09-24,1.15,0.9877,1.1672,2.0118,7.2,-84.03,24.46,-0.86,68664.0,0,0,0,1,0,0,0,0,0,0,0,0,0,0,1,0,0,0,0,0
SY,2026-09-24,2.7,2.6895,2.3071,2.5688,4.47,-39.6,-3.91,-4.93,3264514.0,1,1,0,1,1,1,0,0,0,0,0,0,0,0,0,0,0,0,0,0
SYBT,2026-09-24,78.06,78.9731,81.2563,71.9206,87.664,-10.96,-0.9,1.09,12751336.0,1,1,0,0,0,0,0,0,0,0,0,0,0,0,0,0,0,0,0,0
SYF,2026-09-24,71.55,76.5255,76.7917,74.5571,87.3779,-18.11,-4.45,1.25,237298418.0,0,0,0,0,0,0,0,0,0,0,0,1,0,0,0,0,0,0,0,0
SYK,2026-09-24,269.75,293.255,317.2964,331.9065,385.3856,-30.01,-5.27,-1.34,880955373.0,0,0,0,0,0,0,0,0,0,0,1,0,0,0,0,0,0,0,0,1
SYM,2026-09-24,44.04,41.9372,41.9461,51.0727,87.3,-49.55,2.16,0.8,72149715.0,0,0,0,1,1,0,0,0,0,0,0,0,0,0,0,0,0,0,0,0
SYNA,2026-09-24,96.82,95.61,103.0706,97.9038,147.57,-34.39,8.49,-1.3,67484392.0,0,0,0,1,0,0,0,0,0,0,0,0,0,0,0,0,0,0,0,0
SYNX,2026-09-24,1.01,0.8897,0.9785,1.0645,1.81,-44.2,26.09,7.45,49998.0,0,0,0,1,1,0,0,0,0,0,0,0,1,1,1,0,0,0,0,0
SYPR,2026-09-24,1.77,1.7995,1.8804,2.7038,4.18,-57.66,4.12,0.0,55681.0,0,0,0,0,0,0,0,0,0,0,0,0,0,0,0,0,0,0,0,0
SYRE,2026-09-24,87.09,89.943,97.4824,65.7124,108.92,-20.04,-4.48,-1.22,127479929.0,0,1,0,0,0,0,0,0,0,0,0,0,0,0,0,0,0,0,0,0
SYY,2026-09-24,78.19,80.722,82.2672,79.0341,89.8822,-13.01,-0.66,1.36,339793522.0,0,0,0,0,0,0,0,0,0,0,0,0,0,0,0,0,0,0,0,0
SZZL,2026-09-24,10.49,10.4667,10.427,10.3122,10.5,-0.1,0.19,0.1,550973.0,1,1,1,1,1,1,0,0,0,0,0,0,0,0,0,0,0,0,0,0
T,2026-09-24,25.45,25.7345,24.6914,24.7574,28.4181,-10.44,0.24,0.59,982254940.0,1,1,0,0,1,0,0,0,0,0,0,0,0,0,0,0,0,0,0,0
TAC,2026-09-24,11.77,12.0696,12.5075,12.8943,17.5271,-32.85,-1.51,-1.51,24446495.0,0,0,0,0,0,0,0,0,0,0,0,0,0,0,0,0,0,0,0,0
TACH,2026-09-24,10.51,10.5005,10.4711,10.3622,10.515,-0.05,0.0,0.0,255508.0,1,1,1,1,1,1,0,0,0,0,0,0,0,0,0,0,0,1,0,0
TACO,2026-09-24,10.45,10.4732,10.4663,10.325,10.6,-1.42,0.1,0.0,443335.0,1,1,1,0,0,0,0,0,0,0,0,0,0,0,0,0,0,1,0,0
TACT,2026-09-24,4.91,5.1315,5.1606,4.248,5.84,-15.92,-2.96,-2.0,81869.0,0,1,0,0,0,0,0,0,0,0,0,0,0,0,0,0,0,0,0,0
TAK,2026-09-24,18.59,18.459,17.8096,17.0211,19.05,-2.41,-0.27,-1.17,42094175.0,1,1,1,1,1,1,0,0,0,0,0,0,0,0,0,0,0,0,0,0
TAL,2026-09-24,12.22,11.864,11.5798,11.0407,12.91,-5.34,2.35,2.0,63686337.0,0,1,0,1,1,1,0,0,0,0,0,0,0,0,0,0,0,0,0,0
TALO,2026-09-24,17.02,17.1735,16.0204,14.1743,18.33,-7.15,-2.3,2.78,35680802.0,1,1,0,0,1,0,0,0,0,0,0,0,0,0,0,0,0,0,0,0
TANH,2026-09-24,14.5,17.4895,19.2798,30.2082,95.0,-84.74,-2.95,0.35,2906671.0,0,0,0,0,0,0,0,0,0,0,0,0,0,0,0,0,0,0,0,0
TAOP,2026-09-24,0.59,0.768,0.8508,1.2991,3.25,-81.85,-15.71,-7.81,184354.0,0,0,0,0,0,0,0,0,0,0,0,0,0,0,0,0,0,1,0,1
TAOX,2026-09-24,4.47,4.0488,3.7405,4.474,9.6,-53.44,20.81,3.35,911033.0,0,0,0,1,1,1,0,0,0,0,0,0,1,0,1,0,0,0,0,0
TAP,2026-09-24,36.35,39.2333,40.4855,42.6805,52.5761,-30.86,-7.06,-0.74,209519199.0,0,0,0,0,0,0,0,0,0,0,1,0,0,0,0,0,0,0,0,1
TARA,2026-09-24,3.35,3.7795,3.9092,4.9385,7.56,-55.69,-7.46,-5.37,2794041.0,0,0,0,0,0,0,0,0,0,0,1,0,0,0,0,0,0,0,0,1
TARS,2026-09-24,75.96,78.5217,69.8533,68.717,90.78,-16.33,-2.16,2.25,63411526.0,0,1,0,0,1,0,0,0,0,0,0,0,0,0,0,0,0,0,0,0
TASK,2026-09-24,7.98,8.0693,7.2448,6.7731,11.7505,-32.09,-2.27,-5.11,3946218.0,1,1,0,0,1,0,0,0,0,0,0,0,0,0,0,0,0,0,0,0
TATT,2026-09-24,37.39,38.0375,39.2632,43.7876,61.11,-38.82,-0.24,-2.04,4271764.0,0,0,0,0,0,0,0,0,0,0,0,0,0,0,0,0,0,0,0,0
TAVI,2026-09-24,10.765,10.7333,10.7177,10.5863,10.83,-0.6,0.05,0.05,26034.0,0,1,1,1,1,1,0,0,0,0,0,0,0,0,0,0,0,0,0,0
TAYD,2026-09-24,63.57,60.5,57.104,62.1223,89.95,-29.33,6.11,1.1,2728778.0,0,1,0,1,1,1,1,1,0,0,0,0,0,0,0,0,1,0,0,0
TBBB,2026-09-24,53.02,50.5615,46.276,38.9644,53.02,0.0,5.18,2.49,29508328.0,0,1,1,1,1,1,1,1,1,0,0,0,0,0,0,0,1,1,0,0
TBBK,2026-09-24,49.99,57.295,63.9088,61.1022,80.34,-37.78,-1.46,0.91,33727337.0,0,0,0,0,0,0,0,0,0,0,1,0,0,0,0,0,0,0,0,0
TBCH,2026-09-24,12.77,12.529,12.6354,12.4801,17.09,-25.28,1.51,0.0,4979071.0,1,1,0,1,1,0,0,0,0,0,0,0,0,0,0,0,0,0,0,0
TBI,2026-09-24,9.53,9.6375,9.3174,6.198,10.85,-12.17,5.3,-2.85,2771727.0,1,1,0,0,1,0,0,0,0,0,0,0,0,0,0,0,0,0,0,0
TBLA,2026-09-24,3.45,3.7335,4.1988,4.1129,5.58,-38.17,-9.45,1.47,7535531.0,0,0,0,0,0,0,0,0,0,0,0,0,0,0,0,0,0,0,0,0
TBLD,2026-09-24,20.34,21.457,21.7326,21.0656,22.4076,-9.23,-2.26,-0.68,1636180.0,0,0,0,0,0,0,0,0,0,0,1,0,0,0,0,0,0,0,0,0
TBN,2026-09-24,36.25,38.2865,36.0496,33.009,49.99,-27.49,-5.45,1.37,5942533.0,0,1,0,0,1,0,0,0,0,0,0,0,0,0,0,0,0,0,0,0
TC,2026-09-24,1.9,1.967,2.0132,7.8438,18.82,-89.9,-4.52,-2.06,181692.0,0,0,0,0,0,0,0,0,0,0,0,0,0,0,0,0,0,0,0,0
TCBI,2026-09-24,94.63,96.9206,98.921,98.3938,107.5183,-11.99,-0.73,0.49,47694184.0,0,0,0,0,0,0,0,0,0,0,0,0,0,0,0,0,0,0,0,0
TCBK,2026-09-24,52.1,53.2981,55.7444,50.8341,61.2067,-14.88,-2.49,1.28,13918085.0,1,1,0,0,0,0,0,0,0,0,0,1,0,0,0,0,0,0,0,0
TCBS,2026-09-24,17.0,17.2505,17.3452,17.014,18.4166,-7.69,-0.06,0.0,28061.0,0,0,0,0,0,0,0,0,0,0,0,0,0,0,0,0,0,0,0,0
TCBX,2026-09-24,42.81,44.637,44.0936,40.5388,46.13,-7.2,-3.36,-0.28,4947854.0,0,1,0,0,0,0,0,0,0,0,0,0,0,0,0,0,0,0,0,0
TCI,2026-09-24,43.31,39.1095,39.6088,42.4715,58.91,-26.48,7.23,4.21,3126482.0,0,1,0,1,1,0,1,0,0,0,0,0,1,0,0,0,0,0,0,0
TCMD,2026-09-24,22.89,22.4975,25.1106,26.732,33.05,-30.74,3.25,2.05,6458503.0,0,0,0,1,0,0,0,0,0,0,0,0,0,0,0,0,0,0,0,0
TCOM,2026-09-24,40.04,41.409,43.7146,52.3956,78.96,-49.29,-0.96,-1.45,172489092.0,0,0,0,0,0,0,0,0,0,0,0,0,0,0,0,0,0,0,0,0
TCPC,2026-09-24,4.0,3.929,3.6634,3.8384,5.2545,-23.88,3.9,-0.99,2790477.0,1,1,0,1,1,1,0,0,0,0,0,0,0,0,0,0,0,0,0,0
TCRT,2026-09-24,1.13,1.504,1.7634,2.5813,4.36,-74.08,-11.72,-1.74,3258041.0,0,0,0,0,0,0,0,0,0,0,0,0,0,0,0,0,0,0,0,1
TCRX,2026-09-24,0.349,0.418,0.6463,0.9543,2.52,-86.15,4.49,-4.12,510683.0,0,0,0,0,0,0,0,0,0,0,0,0,0,0,0,0,0,0,0,0
TCX,2026-09-24,10.2,10.402,10.804,15.9047,24.9,-59.04,-0.1,-2.76,782702.0,0,0,0,0,0,0,0,0,0,0,0,0,0,0,0,0,0,0,0,0
TD,2026-09-24,119.26,120.9605,120.8252,106.0653,124.8,-4.44,-1.11,-0.13,217628810.0,1,1,1,0,0,0,0,0,0,0,0,0,0,0,0,0,0,0,0,0
TDAC,2026-09-24,10.86,10.8612,10.831,10.6499,10.9,-0.37,-0.09,-0.18,133272.0,1,1,1,0,1,0,0,0,0,0,0,0,0,0,0,0,0,0,0,0
TDAY,2026-09-24,6.45,6.375,7.2352,6.8896,9.03,-28.57,-0.46,0.94,14069584.0,0,0,0,1,0,0,0,0,0,0,0,0,0,0,0,0,0,0,0,0
TDC,2026-09-24,29.46,28.6035,28.7582,29.84,37.88,-22.23,0.99,0.86,48616130.0,0,0,0,1,1,0,0,0,0,0,0,0,0,0,0,0,0,0,0,0
TDF,2026-09-24,9.92,10.4545,10.6814,10.9368,11.85,-16.29,-2.36,-0.8,423632.0,0,0,0,0,0,0,0,0,0,0,1,0,0,0,0,0,0,0,0,1
TDG,2026-09-24,1105.28,1133.863,1194.9472,1255.0043,1450.0,-23.77,2.33,0.0,429698747.0,0,0,0,0,0,0,0,0,0,0,0,0,0,0,0,0,0,0,0,0
TDIC,2026-09-24,1.97,2.2138,2.5281,18.4861,908.75,-99.78,0.51,2.6,61545.0,0,0,0,0,0,0,0,0,0,0,0,0,0,0,0,0,0,0,0,0
TDOC,2026-09-24,6.14,6.312,7.095,6.6251,9.72,-36.83,-4.51,0.16,21058608.0,0,0,0,0,0,0,0,0,0,0,0,0,0,0,0,0,0,0,0,0
TDS,2026-09-24,36.33,36.1597,34.9314,40.2418,47.448,-23.43,-2.0,-0.27,52927784.0,0,0,0,1,1,1,0,0,0,0,0,0,0,0,0,0,0,0,0,0
TDTH,2026-09-24,1.91,1.8016,2.1794,5.1989,29.64,-93.56,11.05,2.14,135124.0,0,0,0,1,0,0,0,0,0,0,0,0,0,0,1,0,0,0,0,0
TDUP,2026-09-24,2.23,2.5755,3.8346,4.7946,9.75,-77.13,-9.35,-2.19,5867923.0,0,0,0,0,0,0,0,0,0,0,1,0,0,0,0,0,0,0,0,1
TDW,2026-09-24,86.82,91.227,86.532,75.4535,100.61,-13.71,-1.53,1.06,55646451.0,0,1,0,0,1,0,0,0,0,0,0,0,0,0,0,0,0,0,0,0
TDWD,2026-09-24,10.13,10.1065,10.0764,,10.13,0.0,0.2,0.0,478437.0,0,0,1,1,1,1,0,0,1,0,0,0,0,0,0,0,0,0,0,0
TDY,2026-09-24,612.02,608.7635,637.543,620.1972,691.3,-11.47,1.82,-1.45,163862208.0,0,0,0,1,0,0,0,0,0,0,0,0,0,0,0,0,0,0,0,0
TE,2026-09-24,3.81,4.447,4.7986,6.5444,12.04,-68.36,-11.4,-5.69,89214957.0,0,0,0,0,0,0,0,0,0,0,0,0,0,0,0,0,0,0,0,0
TEAD,2026-09-24,0.457,0.4843,0.6279,0.7815,1.72,-73.43,-0.87,1.33,97808.0,0,0,0,0,0,0,0,0,0,0,0,0,0,0,0,0,0,0,0,0
TEAM,2026-09-24,192.61,187.5302,150.4566,111.5557,195.67,-1.56,1.22,-1.27,686674115.0,1,1,1,1,1,1,0,0,0,0,0,0,0,0,0,0,0,0,0,0
TECH,2026-09-24,72.57,72.3455,72.1242,61.4607,72.57,0.0,0.33,0.07,201830925.0,0,1,1,1,1,1,0,0,1,0,0,0,0,0,0,0,0,0,0,0
TECK,2026-09-24,66.51,67.5149,64.5084,57.9601,71.8722,-7.46,3.52,-0.43,200344962.0,1,1,0,0,1,0,0,0,0,0,0,0,0,0,0,0,0,0,0,0
TECX,2026-09-24,24.12,29.7555,31.3638,27.8374,37.93,-36.41,-13.58,-3.44,6367148.0,0,0,0,0,0,0,0,0,0,0,1,0,0,0,0,0,0,0,0,0
TEI,2026-09-24,6.18,6.6135,6.6491,6.3407,6.82,-9.38,-4.04,-2.68,1006620.0,0,0,0,0,0,0,0,0,0,0,1,0,0,0,0,0,0,0,0,0
TEL,2026-09-24,213.67,206.3775,207.025,213.6747,246.3216,-13.26,5.67,-0.34,419269021.0,0,0,0,1,1,0,0,0,0,0,0,0,0,0,0,0,0,0,0,0
TELA,2026-09-24,1.27,0.963,0.8235,0.8632,1.57,-19.11,7.63,-2.31,282961.0,0,1,0,1,1,1,0,0,0,0,0,0,0,0,0,0,0,0,0,0
TELO,2026-09-24,1.21,1.1705,1.1548,1.264,1.93,-37.31,7.08,-0.82,86562.0,0,0,0,1,1,1,0,0,0,0,0,0,0,0,0,0,0,0,0,0
TEM,2026-09-24,82.24,68.3935,58.7438,56.2147,103.25,-20.35,2.34,7.38,489757328.0,0,1,0,1,1,1,1,1,0,0,0,0,1,1,0,0,1,0,0,0
TEN,2026-09-24,46.75,46.1705,42.3718,35.4178,52.81,-11.48,-10.63,-0.53,23680341.0,1,1,0,1,1,1,0,0,0,0,0,0,0,0,0,0,0,0,1,0
TENB,2026-09-24,35.88,35.22,35.2952,26.5784,42.65,-15.87,-1.35,-0.97,215667284.0,1,1,0,1,1,0,0,0,0,0,0,0,0,0,0,0,0,0,0,0
TENX,2026-09-24,1.89,1.9255,6.5011,11.4759,18.32,-89.68,3.85,-0.53,9909326.0,0,0,0,0,0,0,0,0,0,0,1,0,0,0,0,0,0,0,0,0
TEO,2026-09-24,13.38,13.4375,13.5208,12.4856,15.98,-16.27,-3.04,-4.29,4158274.0,1,1,0,0,0,0,0,0,0,0,0,0,0,0,0,0,0,0,0,0
TER,2026-09-24,387.7,360.1779,366.2394,327.5227,483.6542,-19.84,13.65,-0.37,912387904.0,0,1,0,1,1,0,0,0,0,0,0,0,0,0,1,0,0,0,0,0
TEVA,2026-09-24,40.22,37.785,35.8,33.3269,40.22,0.0,4.39,3.1,196660109.0,0,1,1,1,1,1,0,0,1,0,0,0,1,0,0,0,0,0,0,0
TEX,2026-09-24,56.62,60.8015,63.8818,61.7244,74.3889,-23.89,-3.74,-2.73,60918076.0,0,0,0,0,0,0,0,0,0,0,0,0,0,0,0,0,0,0,0,0
TFC,2026-09-24,47.18,49.7555,50.8739,49.0616,54.1385,-12.85,-2.6,0.38,358826307.0,0,0,0,0,0,0,0,0,0,0,0,0,0,0,0,0,0,0,0,0
TFII,2026-09-24,121.77,130.4345,138.4206,127.8711,162.828,-25.22,-3.43,-2.55,27677243.0,0,0,0,0,0,0,0,0,0,0,0,0,0,0,0,0,0,0,0,0
TFIN,2026-09-24,60.85,66.9285,72.917,67.5092,81.08,-24.95,-4.41,-0.85,14422841.0,0,0,0,0,0,0,0,0,0,0,1,0,0,0,0,0,0,0,0,0
TFPM,2026-09-24,32.04,33.3833,31.6468,33.1832,41.1536,-22.15,0.28,-1.48,16970749.0,0,0,0,0,1,0,0,0,0,0,0,0,0,0,0,0,0,0,0,0
TFSL,2026-09-24,16.72,17.0544,17.3828,15.0949,18.2697,-8.48,-0.36,1.33,12275191.0,1,1,0,0,0,0,0,0,0,0,0,0,0,0,0,0,0,0,0,0
TFX,2026-09-24,120.09,132.886,134.1793,123.536,142.05,-15.46,-6.18,-1.36,95507455.0,0,0,0,0,0,0,0,0,0,0,1,0,0,0,0,0,0,0,0,0
TG,2026-09-24,7.05,7.349,7.623,8.1006,10.35,-31.88,2.32,0.57,1199264.0,0,0,0,0,0,0,0,0,0,0,0,0,0,0,0,0,0,0,0,0
TGB,2026-09-24,8.97,8.611,8.1886,7.2826,9.68,-7.33,12.83,-0.99,46875827.0,0,1,0,1,1,1,0,0,0,0,0,0,0,0,1,0,0,0,0,0
TGE,2026-09-24,0.833,0.8975,0.9133,1.1098,2.66,-68.68,-3.03,-3.48,10395.0,0,0,0,0,0,0,0,0,0,0,0,0,0,0,0,0,0,1,0,0
TGEN,2026-09-24,3.02,3.082,3.3598,4.2113,12.07,-74.98,2.72,-4.13,439528.0,0,0,0,0,0,0,0,0,0,0,0,0,0,0,0,0,0,0,0,0
TGHL,2026-09-24,0.83,0.845,0.8527,0.5231,1.76,-52.84,1.1,0.48,106550.0,1,1,0,0,0,0,0,0,0,0,0,0,0,0,0,0,0,0,0,0
TGL,2026-09-24,2.11,2.611,2.8183,4.4143,25.44,-91.71,-4.52,3.43,1243394.0,0,0,0,0,0,0,0,0,0,0,0,0,1,0,0,0,0,0,0,0
TGLS,2026-09-24,34.79,38.1115,41.4954,44.9722,68.5071,-49.22,-5.69,-1.28,11263044.0,0,0,0,0,0,0,0,0,0,0,0,0,0,0,0,0,0,0,0,1
TGS,2026-09-24,27.18,28.9435,29.2806,30.4476,35.32,-23.05,-6.47,-0.84,6645487.0,0,0,0,0,0,0,0,0,0,0,0,0,0,0,0,0,0,0,0,0
TGT,2026-09-24,156.15,159.865,152.6,125.0518,169.89,-8.09,0.95,-0.07,557230636.0,1,1,0,0,1,0,0,0,0,0,0,0,0,0,0,0,0,0,0,0
TGTX,2026-09-24,57.52,55.5623,53.5214,40.4448,59.06,-2.61,2.99,2.71,99581381.0,0,1,1,1,1,1,0,0,0,0,0,0,0,0,0,0,0,0,0,0
TH,2026-09-24,21.45,19.3545,17.6118,13.5743,21.45,0.0,14.34,1.18,46408231.0,0,1,1,1,1,1,0,0,1,0,0,0,0,0,1,0,0,0,0,0
THC,2026-09-24,249.54,263.2415,253.0584,211.5001,280.77,-11.12,-6.11,-2.69,218570845.0,0,1,0,0,0,0,0,0,0,0,0,0,0,0,0,0,0,0,0,0
THCH,2026-09-24,1.151,1.3302,1.5066,1.9026,2.74,-57.99,-10.78,-10.78,6953.0,0,0,0,0,0,0,0,0,0,0,0,0,0,0,0,0,0,0,0,0
THFF,2026-09-24,75.22,77.68,78.8766,68.9636,82.79,-9.14,-2.15,0.97,9760147.0,0,1,0,0,0,0,0,0,0,0,0,1,0,0,0,0,0,0,0,0
THG,2026-09-24,217.93,226.0784,223.3214,192.3543,232.83,-6.4,-5.97,0.17,67752325.0,0,1,0,0,0,0,0,0,0,0,0,0,0,0,0,0,0,0,0,0
THH,2026-09-24,1.57,1.7323,2.127,29.8819,550.5,-99.71,7.53,1.95,38244.0,0,0,0,0,0,0,0,0,0,0,0,0,0,0,0,0,0,0,0,0
THM,2026-09-24,2.81,2.5465,2.4104,2.3968,3.61,-22.16,15.64,0.0,2120089.0,0,1,0,1,1,1,0,0,0,0,0,0,0,0,1,0,0,0,0,0
THO,2026-09-24,70.93,73.263,76.0686,85.9183,118.7041,-40.25,1.71,-1.91,55771065.0,0,0,0,0,0,0,0,0,0,0,0,0,0,0,0,0,0,0,0,0
THQ,2026-09-24,18.76,19.1814,18.9384,17.8494,19.7541,-5.03,0.09,-0.53,2112126.0,1,1,0,0,0,0,0,0,0,0,0,0,0,0,0,0,0,0,0,0
THRM,2026-09-24,33.89,38.339,39.8032,34.8036,45.61,-25.7,-10.75,-3.86,12308144.0,0,0,0,0,0,0,0,0,0,0,1,0,0,0,0,0,0,1,0,0
THRY,2026-09-24,1.79,1.8987,2.5807,3.6739,12.46,-85.63,-9.14,-2.72,1409418.0,0,0,0,0,0,0,0,0,0,0,0,0,0,0,0,0,0,0,0,1
THW,2026-09-24,13.32,13.6214,13.4647,12.2898,14.1762,-6.04,0.88,-0.37,1278707.0,1,1,0,0,0,0,0,0,0,0,0,0,0,0,0,0,0,0,0,0
TIC,2026-09-24,8.87,9.331,8.7664,8.9455,14.49,-38.79,0.23,-0.67,13164671.0,0,0,0,0,1,0,0,0,0,0,0,0,0,0,0,0,0,0,0,0
TIGO,2026-09-24,91.0,94.628,94.8016,77.6884,104.31,-12.76,-4.76,-0.98,75444456.0,0,1,0,0,0,0,0,0,0,0,0,0,0,0,0,0,0,0,0,0
TIGR,2026-09-24,4.7,4.9102,4.8715,6.5363,11.12,-57.73,0.21,-0.21,11210829.0,0,0,0,0,0,0,0,0,0,0,0,0,0,0,0,0,0,0,0,0
TII,2026-09-24,2.92,2.9855,2.5812,2.8573,5.14,-43.19,4.29,-8.46,892740.0,1,1,0,0,1,0,0,0,0,0,0,0,0,0,0,0,0,0,0,0
TIL,2026-09-24,7.12,7.46,7.3936,8.1698,21.1,-66.26,-0.84,-1.59,108826.0,0,0,0,0,0,0,0,0,0,0,0,0,0,0,0,0,0,0,0,0
TILE,2026-09-24,35.19,35.7371,35.7492,31.119,39.2876,-10.43,1.53,0.72,19657035.0,1,1,0,0,0,0,0,0,0,0,0,0,0,0,0,0,0,0,0,0
TIMB,2026-09-24,18.33,18.583,19.024,22.2793,27.7544,-33.96,-3.83,-0.05,8523825.0,0,0,0,0,0,0,0,0,0,0,0,0,0,0,0,0,0,0,0,0
TIPT,2026-09-24,16.98,17.9295,17.9226,17.4088,24.4015,-30.41,-3.14,-1.96,3403509.0,0,0,0,0,0,0,0,0,0,0,1,0,0,0,0,0,0,1,0,0
TISI,2026-09-24,28.97,26.5205,22.0208,17.1464,28.97,0.0,7.62,0.24,1125984.0,0,1,1,1,1,1,0,0,1,0,0,0,0,0,0,0,0,0,0,0
TITN,2026-09-24,23.48,22.789,20.3952,18.9983,26.22,-10.45,-1.22,-3.06,7659748.0,0,1,0,1,1,1,0,0,0,0,0,0,0,0,0,0,0,0,0,0
TJGC,2026-09-24,28.2,12.397,7.7559,4.6118,28.2,0.0,155.9,21.13,18648500.0,0,1,1,1,1,1,1,1,1,0,0,0,1,1,1,1,1,0,0,0
TJX,2026-09-24,131.63,129.8905,143.9205,152.5687,167.8803,-21.59,7.16,0.03,1202106965.0,0,0,0,1,0,0,0,0,0,0,0,0,0,0,0,0,0,0,0,0
TK,2026-09-24,13.66,13.697,12.5278,11.1884,14.71,-7.14,-5.07,1.04,8212391.0,1,1,0,0,1,0,0,0,0,0,0,0,0,0,0,0,0,0,0,0
TKC,2026-09-24,5.13,5.1885,5.4002,5.9665,7.15,-28.25,4.06,-0.58,12817568.0,0,0,0,0,0,0,0,0,0,0,0,0,0,0,0,0,0,0,0,0
TKLF,2026-09-24,1.691,1.7212,1.8842,2.3436,3.91,-56.75,1.93,0.65,29746.0,0,0,0,0,0,0,0,0,0,0,0,0,0,0,0,0,0,0,0,0
TKNO,2026-09-24,9.29,7.3792,6.6051,4.3871,9.29,0.0,30.66,4.03,1622850.0,0,1,1,1,1,1,0,0,1,0,0,0,1,0,1,0,0,0,0,0
TKO,2026-09-24,185.06,188.1725,187.8807,195.8197,222.2776,-16.74,-3.83,-2.13,210961396.0,0,0,0,0,0,0,0,0,0,0,0,0,0,0,0,0,0,0,0,0
TKR,2026-09-24,117.19,119.4565,127.5448,112.9703,144.9294,-19.14,0.42,-0.38,110761689.0,1,1,0,0,0,0,0,0,0,0,0,0,0,0,0,0,0,0,0,0
TLF,2026-09-24,2.58,2.6235,2.5228,2.34,2.68,-3.73,-2.64,-1.15,64699.0,1,1,1,0,1,0,0,0,0,0,0,0,0,0,0,0,0,0,0,0
TLIH,2026-09-24,5.76,5.7755,5.761,4.2062,7.36,-21.74,-2.37,0.17,11028.0,1,1,0,0,0,0,0,0,0,0,0,0,0,0,0,0,0,0,0,0
TLK,2026-09-24,13.3,14.5775,14.6748,16.6138,21.6251,-38.5,-9.28,-1.26,9935859.0,0,0,0,0,0,0,0,0,0,0,1,0,0,0,0,0,0,0,0,0
TLN,2026-09-24,300.01,301.6467,328.0384,353.4712,445.84,-32.71,4.32,-0.11,227929098.0,0,0,0,0,0,0,0,0,0,0,0,0,0,0,0,0,0,0,0,0
TLNC,2026-09-24,10.21,10.235,10.2456,10.2024,10.38,-1.64,0.0,0.0,1059161.0,1,1,1,0,0,0,0,0,0,0,0,0,0,0,0,0,0,0,0,0
TLPH,2026-09-24,1.17,1.2,1.2652,1.0177,1.47,-20.41,-1.68,0.86,144432.0,1,1,0,0,0,0,0,0,0,0,0,0,0,0,0,0,0,0,0,0
TLRY,2026-09-24,4.07,4.2465,4.3674,6.3325,21.0,-80.62,3.3,-0.97,14639211.0,0,0,0,0,0,0,0,0,0,0,0,0,0,0,0,0,0,0,0,0
TLS,2026-09-24,4.07,4.4455,4.4885,4.6426,7.76,-47.55,-0.25,-0.49,3235887.0,0,0,0,0,0,0,0,0,0,0,0,0,0,0,0,0,0,0,0,0
TLSA,2026-09-24,1.04,0.966,1.0054,1.2854,2.29,-54.59,35.06,-0.95,600139.0,0,0,0,1,1,0,0,0,0,0,0,0,0,0,1,0,0,0,0,0
TLSI,2026-09-24,4.61,4.8927,4.8853,4.7612,7.5,-38.53,-5.92,-7.8,2082481.0,0,0,0,0,0,0,0,0,0,0,0,0,0,0,0,0,0,0,0,0
TLX,2026-09-24,11.31,11.69,11.2946,9.5898,12.83,-11.85,-4.4,0.35,4641444.0,0,1,0,0,1,0,0,0,0,0,0,0,0,0,0,0,0,1,0,0
TLYS,2026-09-24,4.24,4.2075,4.0372,3.3844,5.45,-22.2,-3.2,2.66,6261770.0,1,1,0,1,1,1,0,0,0,0,0,0,0,0,0,0,0,0,0,0
TM,2026-09-24,186.72,194.0775,189.5722,201.9367,248.29,-24.8,-2.86,-1.91,65942815.0,0,0,0,0,0,0,0,0,0,0,0,0,0,0,0,0,0,0,0,0
TMC,2026-09-24,4.0,4.2278,4.1306,5.4194,10.69,-62.58,6.95,-1.6,22427863.0,0,0,0,0,0,0,0,0,0,0,0,0,0,0,0,0,0,0,0,0
TMCI,2026-09-24,4.54,4.6,4.4944,3.0166,6.95,-34.68,-0.44,0.67,1035705.0,1,1,0,0,1,0,0,0,0,0,0,0,0,0,0,0,0,0,0,0
TMCR,2026-09-24,4.2,5.435,5.7962,,,,-13.4,-4.98,259657.0,0,0,0,0,0,0,0,0,0,0,0,0,0,0,0,0,0,0,0,0
TMDE,2026-09-24,0.71,0.7264,0.7631,0.9552,4.04,-82.43,0.0,1.43,118010.0,0,0,0,0,0,0,0,0,0,0,0,0,0,0,0,0,0,0,0,0
TMDX,2026-09-24,83.9,86.7715,83.9216,101.6581,150.42,-44.22,-4.18,-3.56,63323916.0,0,0,0,0,0,0,0,0,0,0,0,0,0,0,0,0,0,0,0,0
TME,2026-09-24,8.34,8.167,8.7334,11.3672,23.1103,-63.91,6.65,1.46,66166103.0,0,0,0,1,0,0,0,0,0,0,0,0,0,0,0,0,0,0,0,0
TMO,2026-09-24,678.39,628.8099,598.7672,538.3308,678.39,0.0,4.62,1.97,1347761152.0,0,1,1,1,1,1,1,1,1,0,0,0,0,0,0,0,1,0,0,0
TMP,2026-09-24,98.14,97.9975,97.8812,84.8607,101.21,-3.03,0.55,1.5,11998376.0,1,1,1,1,1,1,0,0,0,0,0,0,0,0,0,0,0,0,0,0
TMQ,2026-09-24,3.25,3.3675,3.4142,4.071,10.6,-69.34,0.31,-1.81,4337668.0,0,0,0,0,0,0,0,0,0,0,0,0,0,0,0,0,0,0,0,0
TMS,2026-09-24,9.14,7.0438,6.9231,9.3797,12.5,-26.88,32.85,7.53,1631692.0,0,0,0,1,1,1,1,0,0,0,0,0,1,1,1,1,1,0,0,0
TMTS,2026-09-24,10.03,10.0575,10.0636,,10.09,-0.59,-0.3,0.0,459920.0,0,0,1,0,0,0,0,0,0,0,1,0,0,0,0,0,0,0,0,0
TMUS,2026-09-24,165.35,177.259,179.2079,190.5801,234.5354,-29.5,-6.19,-0.19,868491042.0,0,0,0,0,0,0,0,0,0,0,0,0,0,0,0,0,0,0,0,0
TNC,2026-09-24,66.21,69.0022,74.405,76.6092,90.7439,-27.04,-2.59,0.39,12992322.0,0,0,0,0,0,0,0,0,0,0,0,0,0,0,0,0,0,0,0,0
TNDM,2026-09-24,15.22,18.8365,19.5757,19.6046,28.26,-46.14,-13.18,-7.08,33532209.0,0,0,0,0,0,0,0,0,0,0,1,0,0,0,0,0,0,0,0,0
TNET,2026-09-24,65.54,67.8815,66.9194,51.9714,71.67,-8.55,-5.3,0.46,22806654.0,0,1,0,0,0,0,0,0,0,0,0,0,0,0,0,0,0,0,0,0
TNGX,2026-09-24,24.63,23.458,25.4638,20.4202,32.9,-25.14,5.48,0.74,61635806.0,0,1,0,1,0,0,0,0,0,0,0,0,0,0,0,0,0,0,0,0
TNK,2026-09-24,94.08,94.5355,85.6968,72.3125,100.92,-6.78,-6.51,-0.49,54046302.0,1,1,0,0,1,0,0,0,0,0,0,0,0,0,0,0,0,0,0,0
TNL,2026-09-24,62.83,65.8072,70.7852,70.1312,77.7303,-19.17,-2.47,-0.41,44350338.0,0,0,0,0,0,0,0,0,0,0,0,0,0,0,0,0,0,0,0,0
TNMG,2026-09-24,5.01,2.196,1.1222,1.8107,10.92,-54.12,74.56,10.35,14365623.0,0,1,0,1,1,1,0,0,0,0,0,0,1,1,1,0,0,0,0,0
TNON,2026-09-24,2.96,4.302,5.6544,21.6361,45.15,-93.44,-24.3,-9.48,74990330.0,0,0,0,0,0,0,0,0,0,0,0,0,0,0,0,0,0,0,0,0
TNXP,2026-09-24,9.7,12.348,11.8886,13.8397,25.29,-61.64,-17.52,-5.27,5552262.0,0,0,0,0,0,0,0,0,0,0,1,0,0,0,0,0,0,0,0,0
TNYA,2026-09-24,0.62,0.6736,0.72,0.7611,2.1,-70.48,-5.78,-6.2,1376777.0,0,0,0,0,0,0,0,0,0,0,0,0,0,0,0,0,0,0,0,0
TOL,2026-09-24,135.92,138.0705,145.0862,144.0986,165.5212,-17.88,2.47,0.48,135120305.0,0,0,0,0,0,0,0,0,0,0,0,0,0,0,0,0,0,0,0,0
TOMZ,2026-09-24,1.42,1.607,1.7112,2.0796,3.27,-56.57,-11.25,-1.39,185427.0,0,0,0,0,0,0,0,0,0,0,0,0,0,0,0,0,0,0,0,1
TONT,2026-09-24,10.905,10.8793,10.8517,10.7755,11.3,-3.5,0.23,0.0,286983.0,0,1,1,1,1,1,0,0,0,0,0,0,0,0,0,0,0,0,0,0
TONX,2026-09-24,3.87,3.291,3.1644,2.8474,7.08,-45.34,31.63,-4.21,1377032.0,0,1,0,1,1,1,0,0,0,0,0,0,0,0,1,0,0,0,0,0
TOON,2026-09-24,0.586,0.6108,0.6103,0.6687,1.25,-53.12,4.27,1.03,167038.0,0,0,0,0,0,0,0,0,0,0,0,0,0,0,0,0,0,1,0,0
TOP,2026-09-24,14.99,15.2342,13.1338,7.2372,16.73,-10.4,-0.07,-0.07,1691232.0,1,1,0,0,1,0,0,0,0,0,0,0,0,0,0,0,0,0,0,0
TOPP,2026-09-24,0.139,0.1534,0.3185,0.7946,2.75,-94.95,-12.03,-2.11,486684.0,0,0,0,0,0,0,0,0,0,0,1,0,0,0,0,0,0,0,0,0
TOPS,2026-09-24,0.68,0.744,0.763,2.5995,6.16,-88.96,-6.85,-4.23,7216944.0,0,0,0,0,0,0,0,0,0,0,0,0,0,0,0,0,0,0,0,0
TORO,2026-09-24,5.34,6.217,5.733,4.4894,6.78,-21.24,-13.87,-6.97,200993.0,0,1,0,0,0,0,0,0,0,0,0,0,0,0,0,0,0,0,1,0
TOST,2026-09-24,30.11,32.6525,32.9544,29.9642,39.02,-22.83,-3.25,1.01,284735831.0,0,1,0,0,0,0,0,0,0,0,0,0,0,0,0,0,0,0,0,0
TOUR,2026-09-24,5.06,5.0338,5.0432,5.4849,7.9422,-36.29,1.2,-0.1,31192.0,0,0,0,1,1,0,0,0,0,0,0,0,0,0,0,0,0,0,0,0
TOVX,2026-09-24,0.23,0.242,0.2334,0.2397,0.84,-72.62,0.0,0.0,122465.0,0,0,0,0,0,0,0,0,0,0,0,0,0,0,0,0,0,0,0,0
TOWN,2026-09-24,36.4,37.0795,37.314,34.8312,38.76,-6.09,-2.05,0.91,18381015.0,1,1,0,0,0,0,0,0,0,0,0,0,0,0,0,0,0,0,0,0
TOYO,2026-09-24,4.35,4.373,4.8556,8.2236,16.99,-74.4,2.59,0.23,2242900.0,0,0,0,0,0,0,0,0,0,0,0,0,0,0,0,0,0,0,0,0
TPB,2026-09-24,60.12,73.2336,78.7505,92.646,142.5361,-57.82,-14.16,-0.63,24164849.0,0,0,0,0,0,0,0,0,0,0,1,0,0,0,0,0,0,0,0,1
TPC,2026-09-24,83.32,87.0245,87.729,79.7114,99.0128,-15.85,-2.95,-1.23,40108057.0,0,1,0,0,0,0,0,0,0,0,0,0,0,0,0,0,0,0,0,0
TPCS,2026-09-24,5.26,5.523,5.2048,4.4156,6.23,-15.57,-1.13,-0.57,145232.0,0,1,0,0,1,0,0,0,0,0,0,0,0,0,0,0,0,0,0,0
TPET,2026-09-24,1.71,1.8445,2.1753,4.9039,17.55,-90.26,-7.07,-2.84,3030257.0,0,0,0,0,0,0,0,0,0,0,0,0,0,0,0,0,0,0,0,1
TPG,2026-09-24,43.63,49.4788,48.1079,47.5377,67.139,-35.02,-6.27,-2.89,131726281.0,0,0,0,0,0,0,0,0,0,0,1,0,0,0,0,0,0,0,0,0
TPL,2026-09-24,338.25,362.9461,376.0616,394.3922,538.102,-37.14,-2.96,0.75,139536094.0,0,0,0,0,0,0,0,0,0,0,0,0,0,0,0,0,0,0,0,0
TPR,2026-09-24,112.12,118.7227,133.8589,137.9408,164.1577,-31.7,-4.93,1.46,406477166.0,0,0,0,0,0,0,0,0,0,0,0,1,0,0,0,0,0,0,0,0
TPST,2026-09-24,0.85,0.9564,0.9796,1.8008,11.83,-92.81,-5.03,-7.81,8338379.0,0,0,0,0,0,0,0,0,0,0,0,0,0,0,0,0,0,0,0,0
TPVG,2026-09-24,4.81,4.9396,4.7815,4.9127,5.8028,-17.11,-0.41,-2.24,1262246.0,0,0,0,0,1,0,0,0,0,0,0,0,0,0,0,0,0,0,0,0
TR,2026-09-24,37.76,38.953,39.4246,39.2713,44.7015,-15.53,-0.53,-0.55,6016403.0,0,0,0,0,0,0,0,0,0,0,0,0,0,0,0,0,0,0,0,0
TRAD,2026-09-24,10.05,10.037,10.0052,,,,0.3,0.0,14101.0,0,0,0,1,1,1,0,0,0,0,0,0,0,0,0,0,0,1,0,0
TRAK,2026-09-24,8.27,8.0735,8.307,9.4145,17.3855,-52.43,0.36,1.1,750360.0,0,0,0,1,0,0,0,0,0,0,0,0,0,0,0,0,0,0,0,0
TRAW,2026-09-24,0.56,0.5485,0.547,1.3233,3.13,-82.11,5.66,12.0,825292.0,0,0,0,1,1,1,0,0,0,0,0,0,1,1,0,0,0,1,0,0
TRAX,2026-09-24,35.83,40.108,41.5834,,,,-8.13,-2.26,28725708.0,0,0,0,0,0,0,0,0,0,0,0,0,0,0,0,0,0,0,0,0
TRC,2026-09-24,16.26,16.1555,16.67,17.6965,20.48,-20.61,1.69,0.0,2664962.0,0,0,0,1,0,0,0,0,0,0,0,0,0,0,0,0,0,0,0,0
TRDA,2026-09-24,6.22,6.9335,6.9354,9.493,16.03,-61.2,-9.72,-4.31,2216325.0,0,0,0,0,0,0,0,0,0,0,0,0,0,0,0,0,0,0,0,0
TREE,2026-09-24,24.34,27.141,32.2892,42.0495,70.56,-65.5,-8.43,1.42,11810930.0,0,0,0,0,0,0,0,0,0,0,0,1,0,0,0,0,0,0,0,0
TREX,2026-09-24,43.22,44.3315,45.4552,41.7688,53.57,-19.32,0.26,-0.92,65312536.0,1,1,0,0,0,0,0,0,0,0,0,0,0,0,0,0,0,0,0,0
TRGP,2026-09-24,283.15,289.7935,281.5893,243.2991,302.25,-6.32,-0.57,0.05,328181686.0,1,1,0,0,1,0,0,0,0,0,0,0,0,0,0,0,0,0,0,0
TRGS,2026-09-24,9.96,9.968,9.9378,,,,-0.1,0.0,49791.0,0,0,0,0,1,0,0,0,0,0,0,0,0,0,0,0,0,1,0,0
TRI,2026-09-24,100.32,101.855,100.547,97.6927,156.8398,-36.04,-0.98,1.9,161024538.0,1,1,0,0,0,0,0,0,0,0,0,0,0,0,0,0,0,0,0,0
TRIB,2026-09-24,6.95,8.3725,10.0136,18.1544,38.4,-81.9,-1.14,-0.86,112160.0,0,0,0,0,0,0,0,0,0,0,1,0,0,0,0,0,0,0,0,1
TRIN,2026-09-24,17.49,17.9824,17.7696,15.6797,18.5537,-5.73,-0.63,-0.34,16226426.0,1,1,0,0,0,0,0,0,0,0,0,0,0,0,0,0,0,0,0,0
TRIP,2026-09-24,8.52,9.141,11.1514,11.7873,18.33,-53.52,-4.7,5.97,38582027.0,0,0,0,0,0,0,0,0,0,0,0,1,1,1,0,0,0,0,0,0
TRLV,2026-09-24,12.27,11.6975,10.17,8.462,13.0,-5.62,6.23,-2.15,26571635.0,0,1,0,1,1,1,0,0,0,0,0,0,0,0,0,0,0,0,0,0
TRMB,2026-09-24,57.69,58.749,57.4386,63.5143,83.52,-30.93,0.65,-2.75,216016440.0,0,0,0,0,1,0,0,0,0,0,0,0,0,0,0,0,0,0,0,0
TRMD,2026-09-24,34.3,33.5432,30.1349,25.8804,38.23,-10.28,-6.28,-0.35,63945881.0,1,1,0,1,1,1,0,0,0,0,0,0,0,0,0,0,0,0,0,0
TRMK,2026-09-24,46.09,46.3237,46.7088,43.6685,48.2558,-4.49,-2.29,0.88,18328932.0,1,1,1,0,0,0,0,0,0,0,0,0,0,0,0,0,0,0,0,0
TRN,2026-09-24,27.84,28.3575,30.9578,31.2921,38.07,-26.87,-1.73,-0.75,16680228.0,0,0,0,0,0,0,0,0,0,0,0,0,0,0,0,0,0,0,0,0
TRNO,2026-09-24,66.43,65.9755,68.797,64.5953,75.08,-11.52,1.25,0.62,49258307.0,1,1,0,1,0,0,0,0,0,0,0,0,0,0,0,0,0,0,0,0
TRNR,2026-09-24,2.44,2.9046,3.1124,22.1125,250.6,-99.03,-11.59,-7.92,92137.0,0,0,0,0,0,0,0,0,0,0,0,0,0,0,0,0,0,0,0,1
TRNS,2026-09-24,86.13,85.437,88.0298,77.9718,97.76,-11.9,2.98,-3.28,8406704.0,1,1,0,1,0,0,0,0,0,0,0,0,0,0,0,0,0,0,0,0
TRON,2026-09-24,1.47,1.6242,1.5904,1.7149,4.13,-64.41,2.8,0.0,1813302.0,0,0,0,0,0,0,0,0,0,0,0,0,0,0,0,0,0,0,0,0
TROO,2026-09-24,1.8,2.118,2.0282,2.7955,5.02,-64.14,-13.88,-1.64,737721.0,0,0,0,0,0,0,0,0,0,0,0,0,0,0,0,0,0,0,0,0
TROW,2026-09-24,104.27,106.6431,110.6464,101.3772,120.1849,-13.24,1.83,-0.29,154184563.0,1,1,0,0,0,0,0,0,0,0,0,0,0,0,0,0,0,0,0,0
TROX,2026-09-24,4.03,4.7035,5.476,6.7055,10.3406,-61.03,-6.06,-6.28,11222446.0,0,0,0,0,0,0,0,0,0,0,1,0,0,0,0,0,0,0,0,0
TRP,2026-09-24,59.65,61.855,64.2168,62.3031,70.59,-15.5,-2.55,-0.91,151582905.0,0,0,0,0,0,0,0,0,0,0,0,0,0,0,0,0,0,0,0,0
TRS,2026-09-24,39.47,38.86,39.406,38.0589,44.986,-12.26,1.02,0.69,12654727.0,1,1,0,1,1,0,0,0,0,0,0,0,0,0,0,0,0,0,0,0
TRSG,2026-09-24,1.4,1.4632,1.472,1.3235,1.7,-17.65,-2.37,0.0,3281.0,0,1,0,0,0,0,0,0,0,0,0,0,0,0,0,0,0,0,0,0
TRST,2026-09-24,56.3,57.1243,56.5,48.6326,59.11,-4.75,-1.87,1.37,9082036.0,1,1,1,0,0,0,0,0,0,0,0,0,0,0,0,0,0,0,0,0
TRT,2026-09-24,7.26,10.2925,10.4582,8.9103,20.05,-63.79,-28.05,-36.59,2628001.0,0,0,0,0,0,0,0,0,0,0,0,0,0,0,0,0,0,1,0,0
TRTX,2026-09-24,6.62,7.4755,7.9018,8.1021,8.7786,-24.59,-9.56,-2.93,6256336.0,0,0,0,0,0,0,0,0,0,0,1,0,0,0,0,0,0,0,0,1
TRU,2026-09-24,67.54,78.2955,79.3638,75.8578,87.6688,-22.96,-9.54,-4.81,184605006.0,0,0,0,0,0,0,0,0,0,0,1,0,0,0,0,0,0,0,0,0
TRUG,2026-09-24,0.406,0.4633,0.7898,3.9258,27.3,-98.51,5.73,-10.77,27735613.0,0,0,0,0,0,0,0,0,0,0,0,0,0,0,0,0,0,0,0,0
TRUP,2026-09-24,22.42,26.5625,27.1306,27.9932,44.18,-49.25,-12.52,-2.01,12238265.0,0,0,0,0,0,0,0,0,0,0,1,0,0,0,0,0,0,0,0,0
TRV,2026-09-24,362.39,369.7891,370.4584,315.232,395.8665,-8.46,-4.36,0.55,550821141.0,1,1,0,0,0,0,0,0,0,0,0,0,0,0,0,0,0,0,0,0
TRVG,2026-09-24,5.545,5.8728,5.5434,3.8574,6.69,-17.12,-0.81,5.42,1403127.0,0,1,0,0,1,0,0,0,0,0,0,0,1,1,0,0,0,0,0,0
TRVI,2026-09-24,14.675,16.1302,17.3223,14.2208,19.5,-24.74,-2.23,1.49,24607121.0,0,1,0,0,0,0,0,0,0,0,1,0,0,0,0,0,0,0,0,0
TRX,2026-09-24,1.29,1.2015,1.0452,1.1875,2.18,-40.83,8.4,-3.01,4650473.0,0,1,0,1,1,1,0,0,0,0,0,0,0,0,0,0,0,0,0,0
TS,2026-09-24,55.88,56.033,55.5462,53.1947,64.02,-12.71,-0.75,0.2,63211353.0,1,1,0,0,1,0,0,0,0,0,0,0,0,0,0,0,0,0,0,0
TSAT,2026-09-24,48.04,46.6455,45.5602,40.8339,61.4,-21.76,-1.54,1.97,6313996.0,1,1,0,1,1,1,0,0,0,0,0,0,0,0,0,0,0,0,0,0
TSBK,2026-09-24,45.1,46.056,45.3514,40.6089,47.0,-4.04,-2.42,0.62,1569999.0,1,1,1,0,0,0,0,0,0,0,0,0,0,0,0,0,0,0,0,0
TSCO,2026-09-24,31.44,33.752,33.1622,40.1097,57.1833,-45.02,-4.09,-2.63,298857523.0,0,0,0,0,0,0,0,0,0,0,0,0,0,0,0,0,0,0,0,0
TSEM,2026-09-24,217.28,212.8685,225.8334,192.7506,316.85,-31.42,7.46,-5.74,400709508.0,1,1,0,1,0,0,0,0,0,0,0,0,0,0,0,0,0,0,0,0
TSHA,2026-09-24,4.79,5.3505,5.7534,5.4786,6.98,-31.38,-5.52,-2.44,17289113.0,0,0,0,0,0,0,0,0,0,0,1,0,0,0,0,0,0,0,0,0
TSI,2026-09-24,4.23,4.3184,4.3391,4.4417,4.6937,-9.88,-1.67,-1.17,675949.0,0,0,0,0,0,0,0,0,0,0,0,0,0,0,0,0,0,0,0,0
TSLA,2026-09-24,377.94,364.8195,348.6276,395.9594,489.88,-22.85,3.21,-0.57,14182775564.0,0,0,0,1,1,1,0,0,0,0,0,0,0,0,0,0,0,0,0,0
TSLX,2026-09-24,18.15,17.9593,17.749,17.9186,21.0529,-13.79,1.06,-0.55,6978370.0,1,1,0,1,1,1,0,0,0,0,0,0,0,0,0,0,0,0,0,0
TSM,2026-09-24,451.15,428.2868,418.4025,380.5876,476.2923,-5.28,4.86,1.03,4310933780.0,0,1,0,1,1,1,0,0,0,0,0,0,0,0,0,0,0,0,0,0
TSN,2026-09-24,51.14,53.0636,55.804,59.2843,67.5448,-24.29,-1.88,-0.43,201686041.0,0,0,0,0,0,0,0,0,0,0,0,0,0,0,0,0,0,0,0,0
TSQ,2026-09-24,4.91,5.4045,5.7717,5.8882,7.2477,-32.25,-3.91,-3.54,333583.0,0,0,0,0,0,0,0,0,0,0,1,0,0,0,0,0,0,0,0,0
TSSI,2026-09-24,10.19,8.514,9.4284,10.8032,20.42,-50.1,22.04,9.81,8310060.0,0,0,0,1,1,0,1,0,0,0,0,0,1,1,1,1,0,1,0,0
TT,2026-09-24,438.54,439.0132,456.446,443.864,502.2726,-12.69,4.0,0.33,457803400.0,0,0,0,0,0,0,0,0,0,0,0,0,0,0,0,0,0,0,0,0
TTAM,2026-09-24,13.53,14.497,15.4854,16.4194,19.32,-29.97,-2.1,0.22,3968502.0,0,0,0,0,0,0,0,0,0,0,0,0,0,0,0,0,0,0,0,0
TTAN,2026-09-24,59.98,73.626,79.8615,76.623,110.31,-45.63,2.23,-2.71,256276220.0,0,0,0,0,0,0,0,0,0,0,0,0,0,0,0,0,0,0,0,0
TTC,2026-09-24,96.84,95.2955,95.841,92.1928,100.8852,-4.01,4.9,0.27,99681670.0,1,1,1,1,1,0,0,0,0,0,0,0,0,0,0,0,0,0,0,0
TTD,2026-09-24,12.63,13.989,15.2372,23.3732,54.13,-76.67,-11.43,-0.39,366021520.0,0,0,0,0,0,0,0,0,0,0,0,0,0,0,0,0,0,0,0,1
TTE,2026-09-24,91.89,90.262,87.9996,81.8283,93.6,-1.83,0.33,0.24,139847538.0,1,1,1,1,1,1,0,0,0,0,0,0,0,0,0,0,0,0,0,0
TTEC,2026-09-24,1.22,1.2965,1.7372,2.5354,3.88,-68.56,0.83,-0.81,473306.0,0,0,0,0,0,0,0,0,0,0,1,0,0,0,0,0,0,0,0,0
TTEK,2026-09-24,33.64,35.9655,34.798,32.9241,42.3422,-20.55,-7.76,-3.61,74721921.0,0,1,0,0,0,0,0,0,0,0,0,0,0,0,0,0,0,0,0,0
TTGT,2026-09-24,3.75,3.864,3.9118,4.4579,6.54,-42.66,-3.6,-0.53,1049866.0,0,0,0,0,0,0,0,0,0,0,0,0,0,0,0,0,0,0,0,0
TTI,2026-09-24,6.03,6.5995,7.5634,9.2207,12.32,-51.06,-3.98,1.01,13048370.0,0,0,0,0,0,0,0,0,0,0,0,1,0,0,0,0,0,0,0,0
TTMI,2026-09-24,126.98,120.377,124.8686,123.4572,221.47,-42.66,11.39,0.92,224550285.0,0,1,0,1,1,0,0,0,0,0,0,0,0,0,1,0,0,0,0,0
TTRX,2026-09-24,13.26,12.126,10.4674,5.9273,15.34,-13.56,-3.35,-1.85,2260879.0,0,1,0,1,1,1,0,0,0,0,0,0,0,0,0,0,0,0,0,0
TTWO,2026-09-24,202.98,216.098,230.8636,226.0312,262.29,-22.61,-4.17,-1.62,630651966.0,0,0,0,0,0,0,0,0,0,0,0,0,0,0,0,0,0,0,0,0
TU,2026-09-24,8.52,9.1916,9.6028,11.5136,14.8789,-42.74,-4.05,0.24,57996485.0,0,0,0,0,0,0,0,0,0,0,1,0,0,0,0,0,0,0,0,0
TULP,2026-09-24,2.94,3.406,3.4716,3.7656,5.45,-46.06,-16.95,-7.26,1980.0,0,0,0,0,0,0,0,0,0,0,0,0,0,0,0,0,0,0,0,1
TURB,2026-09-24,1.12,1.1317,1.2763,1.4707,7.25,-84.55,25.28,7.69,5963740.0,0,0,0,0,0,0,0,0,0,0,0,0,1,1,1,0,0,0,0,0
TUSK,2026-09-24,2.94,3.1077,3.0164,2.6593,3.84,-23.44,-2.65,0.68,285401.0,0,1,0,0,0,0,0,0,0,0,0,0,0,0,0,0,0,0,0,0
TUYA,2026-09-24,1.72,1.8075,1.7724,2.0783,2.6219,-34.4,-1.71,-0.58,1398685.0,0,0,0,0,0,0,0,0,0,0,0,0,0,0,0,0,0,0,0,0
TV,2026-09-24,2.39,2.513,2.6792,2.8822,3.44,-30.52,9.13,-1.65,4299126.0,0,0,0,0,0,0,0,0,0,0,0,0,0,0,0,0,0,0,0,0
TVA,2026-09-24,10.57,10.5538,10.5379,10.5349,11.65,-9.27,0.09,0.09,5945472.0,1,1,0,1,1,1,0,0,0,0,0,0,0,0,0,0,0,0,0,0
TVAI,2026-09-24,10.4,10.3858,10.374,10.2565,10.4,0.0,0.19,0.0,433662.0,1,1,1,1,1,1,0,0,1,0,0,0,0,0,0,0,0,0,0,0
TVC,2026-09-24,23.75,23.8885,23.8876,23.8973,24.2301,-1.98,-0.38,-0.08,233051.0,0,0,1,0,0,0,0,0,0,0,0,0,0,0,0,0,0,0,0,0
TVE,2026-09-24,23.05,23.392,23.4409,23.7029,24.4027,-5.54,-1.5,-0.65,187495.0,0,0,0,0,0,0,0,0,0,0,0,0,0,0,0,0,0,0,0,0
TVGN,2026-09-24,7.85,7.358,6.51,9.8417,40.0,-80.38,0.64,0.51,58928.0,0,0,0,1,1,1,0,0,0,0,0,0,0,0,0,0,0,0,0,0
TVRD,2026-09-24,1.06,1.732,2.0092,3.1838,42.98,-97.53,-38.73,-19.7,269063.0,0,0,0,0,0,0,0,0,0,0,1,0,0,0,0,0,0,1,0,1
TVTX,2026-09-24,60.62,64.9955,61.8492,44.1415,67.52,-10.22,-4.51,1.32,91620631.0,0,1,0,0,0,0,0,0,0,0,0,0,0,0,0,0,0,0,0,0
TW,2026-09-24,101.13,104.1574,103.3355,108.2122,126.2289,-19.88,-1.21,0.9,130672468.0,0,0,0,0,0,0,0,0,0,0,0,0,0,0,0,0,0,0,0,0
TWAV,2026-09-24,1.53,1.3515,1.3152,1.5125,3.05,-49.84,23.39,-3.77,73558.0,0,1,0,1,1,1,0,0,0,0,0,0,0,0,1,0,0,0,0,0
TWFG,2026-09-24,23.92,27.8167,27.5603,23.4579,31.15,-23.21,-11.57,-3.2,5214141.0,0,1,0,0,0,0,0,0,0,0,0,0,0,0,0,0,0,0,1,0
TWG,2026-09-24,0.205,0.3933,1.1572,2.9466,22.01,-99.07,-40.92,-24.07,3498224.0,0,0,0,0,0,0,0,0,0,0,1,0,0,0,0,0,0,1,0,1
TWI,2026-09-24,7.07,7.324,7.3282,8.0227,11.4,-37.98,-0.28,-2.35,4376824.0,0,0,0,0,0,0,0,0,0,0,0,0,0,0,0,0,0,0,0,0
TWIN,2026-09-24,25.94,24.1355,23.7099,19.1645,25.94,0.0,6.66,0.35,2155075.0,0,1,1,1,1,1,0,0,1,0,0,0,0,0,0,0,0,0,0,0
TWLO,2026-09-24,299.66,242.1525,224.5538,170.5939,299.66,0.0,25.44,3.08,516899572.0,0,1,1,1,1,1,1,1,1,0,0,0,1,0,1,1,1,0,0,0
TWLV,2026-09-24,10.07,10.0705,10.0387,,10.38,-2.99,0.0,0.0,183314.0,0,0,1,0,1,0,0,0,0,0,0,0,0,0,0,0,0,1,0,0
TWN,2026-09-24,101.27,101.389,94.7214,78.8542,104.46,-3.05,3.12,1.07,2812028.0,1,1,1,0,1,0,0,0,0,0,0,0,0,0,0,0,0,0,0,0
TWST,2026-09-24,184.03,142.7255,123.005,71.7577,184.03,0.0,28.63,16.11,271259936.0,0,1,1,1,1,1,1,1,1,0,0,0,1,1,1,1,1,0,0,0
TX,2026-09-24,55.53,56.7365,53.1228,44.6152,58.11,-4.44,-2.54,-0.82,27013410.0,1,1,1,0,1,0,0,0,0,0,0,0,0,0,0,0,0,0,0,0
TXG,2026-09-24,84.11,68.902,58.8424,32.2519,84.11,0.0,15.73,11.23,190599144.0,0,1,1,1,1,1,1,1,1,0,0,0,1,1,1,1,1,0,0,0
TXMD,2026-09-24,2.13,2.1785,2.107,2.0967,2.77,-23.1,-2.29,-1.84,55578.0,1,1,0,0,1,0,0,0,0,0,0,0,0,0,0,0,0,0,0,0
TXN,2026-09-24,270.65,262.137,271.5175,243.5634,330.5874,-18.13,3.83,-0.72,1559719941.0,0,1,0,1,0,0,0,0,0,0,0,0,0,0,0,0,0,0,0,0
TXNM,2026-09-24,58.17,58.0195,57.6768,57.8131,59.0456,-1.48,-0.63,-0.26,99885125.0,1,1,1,1,1,1,0,0,0,0,0,0,0,0,0,0,0,0,0,0
TXRH,2026-09-24,161.55,181.4064,193.9637,178.52,213.4584,-24.32,-5.01,-2.0,174696515.0,0,0,0,0,0,0,0,0,0,0,1,0,0,0,0,0,0,0,0,0
TXT,2026-09-24,76.02,80.0453,85.0779,89.8588,100.701,-24.51,-5.81,-1.03,149992411.0,0,0,0,0,0,0,0,0,0,0,1,0,0,0,0,0,0,0,0,1
TY,2026-09-24,34.44,34.8746,34.9782,33.0975,35.7543,-3.68,0.12,-0.46,1178086.0,1,1,1,0,0,0,0,0,0,0,0,0,0,0,0,0,0,0,0,0
TYG,2026-09-24,40.42,42.919,42.9742,43.107,48.1196,-16.0,-3.62,0.1,5524926.0,0,0,0,0,0,0,0,0,0,0,0,0,0,0,0,0,0,0,0,0
TYGO,2026-09-24,0.88,1.0275,1.2916,2.727,5.16,-82.95,-14.56,-1.12,830773.0,0,0,0,0,0,0,0,0,0,0,1,0,0,0,0,0,0,0,0,1
TYL,2026-09-24,326.85,352.9985,333.3502,350.1096,529.72,-38.3,-5.65,-1.71,369639717.0,0,0,0,0,0,0,0,0,0,0,0,0,0,0,0,0,0,0,0,0
TYRA,2026-09-24,22.41,24.8435,27.2057,30.5181,39.61,-43.42,-7.97,-3.53,31515018.0,0,0,0,0,0,0,0,0,0,0,0,0,0,0,0,0,0,0,0,0
TZOO,2026-09-24,5.51,6.045,7.3102,7.681,12.11,-54.5,-2.82,-1.25,321203.0,0,0,0,0,0,0,0,0,0,0,1,0,0,0,0,0,0,0,0,0
U,2026-09-24,41.42,42.529,39.6448,32.1273,49.47,-16.27,-1.69,-6.08,425106082.0,1,1,0,0,1,0,0,0,0,0,0,0,0,0,0,0,0,1,0,0
UA,2026-09-24,4.43,4.844,5.5926,5.8042,7.88,-43.78,-8.47,-0.45,11621811.0,0,0,0,0,0,0,0,0,0,0,1,0,0,0,0,0,0,0,0,0
UAA,2026-09-24,4.5,4.9765,5.7672,5.9651,8.14,-44.72,-10.0,-0.66,41639256.0,0,0,0,0,0,0,0,0,0,0,1,0,0,0,0,0,0,0,0,0
UAC,2026-09-24,9.99,9.9635,9.9536,,9.99,0.0,0.2,0.2,771147.0,0,0,1,1,1,1,0,0,1,0,0,0,0,0,0,0,0,0,0,0
UAL,2026-09-24,111.19,109.2665,116.5444,108.9088,136.11,-18.31,4.6,0.42,401521048.0,1,1,0,1,0,0,0,0,0,0,0,0,0,0,0,0,0,0,0,0
UAMY,2026-09-24,4.57,4.8905,5.3028,7.5958,17.47,-73.84,-0.87,-0.65,29517572.0,0,0,0,0,0,0,0,0,0,0,0,0,0,0,0,0,0,0,0,0
UAVS,2026-09-24,1.0,1.03,0.9136,1.0219,2.89,-65.4,6.38,2.04,1226435.0,0,0,0,0,1,0,0,0,0,0,0,0,0,0,0,0,0,0,0,0
UBCP,2026-09-24,15.18,15.552,15.4585,14.8586,16.5965,-8.54,-1.11,-1.11,99647.0,1,1,0,0,0,0,0,0,0,0,0,0,0,0,0,0,0,0,0,0
UBER,2026-09-24,69.22,72.952,73.3898,75.2662,100.1,-30.85,-2.33,-0.29,1356583240.0,0,0,0,0,0,0,0,0,0,0,0,0,0,0,0,0,0,0,0,0
UBS,2026-09-24,48.46,53.0785,53.0886,46.2844,55.72,-13.03,-3.89,1.51,108404505.0,0,1,0,0,0,0,0,0,0,0,0,1,0,0,0,0,0,1,0,0
UBSI,2026-09-24,46.53,46.9971,47.4823,43.0963,48.9736,-4.99,-1.67,0.67,48488182.0,1,1,1,0,0,0,0,0,0,0,0,0,0,0,0,0,0,0,0,0
UCAR,2026-09-24,4.2,2.6046,1.5959,6.1057,21.9,-80.82,9.09,-8.7,184603.0,0,0,0,1,1,1,0,0,0,0,0,0,0,0,0,0,0,0,0,0
UCB,2026-09-24,33.88,34.7432,35.2286,33.2534,36.8174,-7.98,-2.76,1.1,26668747.0,1,1,0,0,0,0,0,0,0,0,0,0,0,0,0,0,0,0,0,0
UCFI,2026-09-24,5.51,5.51,5.51,5.51,10.425,-47.15,0.0,0.0,0.0,0,0,0,0,0,0,0,0,0,0,0,0,0,0,0,0,0,1,0,0
UCIB,2026-09-24,38.207,37.9925,36.4909,32.9592,40.09,-4.7,0.72,-2.31,50646.0,1,1,1,1,1,1,0,0,0,0,0,0,0,0,0,0,0,0,0,0
UCL,2026-09-24,0.361,0.388,0.5944,1.1996,2.44,-85.2,1.69,1.12,280812.0,0,0,0,0,0,0,0,0,0,0,0,0,0,0,0,0,0,0,0,0
UCTT,2026-09-24,76.52,70.7375,79.9106,69.9778,142.59,-46.34,15.02,-1.0,55011818.0,0,1,0,1,0,0,0,0,0,0,0,0,0,0,1,0,0,0,0,0
UDR,2026-09-24,33.55,35.4572,37.1424,36.4361,40.7677,-17.7,-2.47,-0.71,139132283.0,0,0,0,0,0,0,0,0,0,0,1,0,0,0,0,0,0,0,0,0
UE,2026-09-24,19.8,20.5443,21.5263,20.7683,23.4681,-15.63,-1.15,0.1,16908286.0,0,0,0,0,0,0,0,0,0,0,1,0,0,0,0,0,0,0,0,0
UEC,2026-09-24,9.47,10.988,10.8102,13.1489,20.14,-52.98,-6.42,-4.82,96662470.0,0,0,0,0,0,0,0,0,0,0,0,0,0,0,0,0,0,0,0,0
UEIC,2026-09-24,5.25,4.81,4.6768,4.0219,5.589,-6.07,2.14,-0.19,330443.0,0,1,0,1,1,1,0,0,0,0,0,0,0,0,0,0,0,0,0,0
UFCS,2026-09-24,53.43,54.4296,53.1599,43.732,55.98,-4.56,-2.54,-0.3,8676808.0,1,1,1,0,1,0,0,0,0,0,0,0,0,0,0,0,0,0,0,0
UFG,2026-09-24,0.515,0.5693,0.6062,0.8452,8.3,-93.8,-7.37,2.59,4050366.0,0,0,0,0,0,0,0,0,0,0,0,0,0,0,0,0,0,0,0,0
UFI,2026-09-24,6.6,6.956,6.8658,4.6743,8.09,-18.42,-0.15,-1.64,507017.0,0,1,0,0,0,0,0,0,0,0,0,0,0,0,0,0,0,0,0,0
UFPI,2026-09-24,78.81,82.2251,86.0879,90.8302,114.2149,-31.0,-3.9,-3.63,36146166.0,0,0,0,0,0,0,0,0,0,0,0,0,0,0,0,0,0,0,0,0
UFPT,2026-09-24,298.48,286.597,285.632,240.9472,334.84,-10.86,6.83,3.86,34680642.0,0,1,0,1,1,1,0,0,0,0,0,0,1,0,0,0,0,0,0,0
UG,2026-09-24,7.25,7.158,7.214,6.6028,7.9,-8.23,1.68,1.83,57446.0,1,1,0,1,1,0,0,0,0,0,0,0,0,0,0,0,0,0,0,0
UGI,2026-09-24,36.37,37.6421,36.6864,35.9655,39.3935,-7.68,-4.74,-0.68,75219297.0,0,1,0,0,0,0,0,0,0,0,0,0,0,0,0,0,0,0,0,0
UGP,2026-09-24,7.49,7.233,6.5861,5.3131,7.66,-2.22,-0.93,-2.22,24286989.0,0,1,1,1,1,1,0,0,0,0,0,0,0,0,0,0,0,0,0,0
UHAL,2026-09-24,60.79,65.055,69.4468,57.6987,75.27,-19.24,-4.0,-1.28,9598345.0,0,1,0,0,0,0,0,0,0,0,1,0,0,0,0,0,0,0,0,0
UHS,2026-09-24,176.99,174.3318,168.8214,182.0835,243.1212,-27.2,-2.33,-2.43,135653901.0,0,0,0,1,1,1,0,0,0,0,0,0,0,0,0,0,0,0,0,0
UHT,2026-09-24,38.68,39.9932,41.0343,39.8634,44.9563,-13.96,-3.4,0.73,4114902.0,0,0,0,0,0,0,0,0,0,0,0,0,0,0,0,0,0,0,0,0
UI,2026-09-24,563.11,576.6768,563.8754,655.6706,1081.3008,-47.92,-1.27,-1.79,99186376.0,0,0,0,0,0,0,0,0,0,0,0,0,0,0,0,0,0,0,0,0
UIS,2026-09-24,2.36,2.522,2.8568,2.8806,4.78,-50.63,-3.67,-0.42,1503257.0,0,0,0,0,0,0,0,0,0,0,0,0,0,0,0,0,0,0,0,0
UK,2026-09-24,2.095,2.0251,2.0809,4.1511,11.0,-80.95,4.23,6.35,17742.0,0,0,0,1,1,0,0,0,0,0,0,0,1,1,0,0,0,0,0,0
UL,2026-09-24,62.25,63.272,62.9369,61.8655,72.7099,-14.39,-0.3,0.14,217615569.0,1,1,0,0,0,0,0,0,0,0,0,0,0,0,0,0,0,0,0,0
ULBI,2026-09-24,6.05,5.927,6.0238,6.2748,7.95,-23.9,11.01,2.54,239837.0,0,0,0,1,1,0,0,0,0,0,0,0,0,0,1,0,0,1,0,0
ULCC,2026-09-24,5.85,5.7595,6.223,5.3404,8.06,-27.42,4.28,0.17,13574303.0,1,1,0,1,0,0,0,0,0,0,0,0,0,0,0,0,0,0,0,0
ULH,2026-09-24,16.5,18.3056,17.6178,17.0718,24.5176,-32.7,-12.42,1.54,995218.0,0,0,0,0,0,0,0,0,0,0,0,0,0,0,0,0,0,1,0,0
ULS,2026-09-24,65.81,70.3976,77.4534,83.573,104.5332,-37.04,2.59,0.66,52670596.0,0,0,0,0,0,0,0,0,0,0,1,0,0,0,0,0,0,0,0,0
ULTA,2026-09-24,548.78,544.4335,525.3542,557.4546,706.82,-22.36,3.44,0.91,371692373.0,0,0,0,1,1,1,0,0,0,0,0,0,0,0,0,0,0,0,0,0
UMAC,2026-09-24,23.93,23.743,23.757,18.2604,34.06,-29.74,0.21,5.46,63398383.0,1,1,0,1,1,0,0,0,0,0,0,0,1,1,0,0,0,0,0,0
UMBF,2026-09-24,134.99,139.0912,142.901,128.641,151.5017,-10.9,0.59,0.85,88267627.0,1,1,0,0,0,0,0,0,0,0,0,0,0,0,0,0,0,0,0,0
UMC,2026-09-24,24.1,22.209,20.4924,15.1418,27.5257,-12.45,-1.51,-2.35,270670523.0,0,1,0,1,1,1,0,0,0,0,0,0,0,0,0,0,0,0,0,0
UMH,2026-09-24,15.32,15.883,15.7632,15.1853,16.66,-8.04,-1.67,-0.52,11860928.0,0,1,0,0,0,0,0,0,0,0,0,0,0,0,0,0,0,0,0,0
UNB,2026-09-24,23.5,23.7135,23.942,23.5425,25.8197,-8.98,-0.47,0.43,90256.0,0,0,0,0,0,0,0,0,0,0,0,0,0,0,0,0,0,0,0,0
UNCY,2026-09-24,4.81,5.0723,5.203,6.364,8.56,-43.81,0.63,0.0,4093628.0,0,0,0,0,0,0,0,0,0,0,0,0,0,0,0,0,0,0,0,0
UNF,2026-09-24,257.86,271.735,282.9295,250.4414,300.7904,-14.27,-3.1,0.09,99724995.0,0,1,0,0,0,0,0,0,0,0,1,0,0,0,0,0,0,0,0,0
UNFI,2026-09-24,46.15,45.259,47.2112,43.986,55.52,-16.88,-0.32,5.51,31271157.0,1,1,0,1,0,0,0,0,0,0,0,0,1,1,0,0,0,0,0,0
UNH,2026-09-24,375.01,385.7735,399.139,350.9181,433.6796,-13.53,-0.07,1.0,1946181518.0,1,1,0,0,0,0,0,0,0,0,0,0,0,0,0,0,0,0,0,0
UNIT,2026-09-24,8.93,9.8045,10.0286,9.5415,12.75,-29.96,-6.39,-2.51,19216143.0,0,0,0,0,0,0,0,0,0,0,0,0,0,0,0,0,0,0,0,0
UNM,2026-09-24,91.11,93.9285,90.8791,81.4998,96.57,-5.65,-3.91,-3.55,188352264.0,0,1,0,0,1,0,0,0,0,0,0,0,0,0,0,0,0,0,0,0
UNP,2026-09-24,274.07,287.7827,292.7786,261.2287,309.1852,-11.36,-2.44,-0.53,694264251.0,0,1,0,0,0,0,0,0,0,0,0,0,0,0,0,0,0,0,0,0
UNTY,2026-09-24,55.33,58.5859,58.813,54.833,61.6412,-10.24,-6.62,-3.03,3495247.0,0,1,0,0,0,0,0,0,0,0,0,0,0,0,0,0,0,0,0,0
UONE,2026-09-24,4.28,4.582,4.8672,7.4484,15.11,-71.67,0.47,-0.7,26830.0,0,0,0,0,0,0,0,0,0,0,0,0,0,0,0,0,0,0,0,0
UONEK,2026-09-24,3.7,4.148,4.5838,6.0231,10.9,-66.06,-8.87,-5.61,21165.0,0,0,0,0,0,0,0,0,0,0,0,0,0,0,0,0,0,0,0,1
UP,2026-09-24,3.96,4.0785,5.0004,9.1704,46.0,-91.39,25.32,3.39,547669.0,0,0,0,0,0,0,0,0,0,0,0,0,1,0,1,0,0,0,0,0
UPB,2026-09-24,5.17,5.9488,6.4908,12.6218,32.6,-84.14,-3.0,-0.39,3643400.0,0,0,0,0,0,0,0,0,0,0,1,0,0,0,0,0,0,0,0,1
UPBD,2026-09-24,15.87,18.0755,19.3704,18.6859,23.195,-31.58,-10.74,-0.75,15444095.0,0,0,0,0,0,0,0,0,0,0,1,0,0,0,0,0,0,0,0,0
UPC,2026-09-24,4.68,4.5751,4.8233,3.8535,12.18,-61.58,-1.68,-0.23,1560153.0,1,1,0,1,0,0,0,0,0,0,0,0,0,0,0,0,0,0,0,0
UPLD,2026-09-24,3.52,3.8152,4.3906,8.0455,26.1,-86.51,-10.77,-0.56,148314.0,0,0,0,0,0,0,0,0,0,0,0,0,0,0,0,0,0,0,0,0
UPS,2026-09-24,92.05,100.3975,103.8277,102.4514,115.8725,-20.56,-8.11,-3.93,450982235.0,0,0,0,0,0,0,0,0,0,0,1,0,0,0,0,0,0,0,0,0
UPST,2026-09-24,24.64,26.7525,28.3022,33.0966,62.38,-60.5,-0.85,0.78,113019732.0,0,0,0,0,0,0,0,0,0,0,0,0,0,0,0,0,0,0,0,0
UPWK,2026-09-24,8.07,8.643,8.8876,12.2238,22.11,-63.5,-5.61,-1.34,23843232.0,0,0,0,0,0,0,0,0,0,0,0,0,0,0,0,0,0,0,0,0
UPXI,2026-09-24,1.17,1.0927,0.9501,1.2236,7.7,-84.81,10.9,0.0,5949928.0,0,0,0,1,1,1,0,0,0,0,0,0,0,0,1,0,0,0,0,0
URBN,2026-09-24,74.78,77.948,76.3816,72.3478,82.95,-9.85,-2.98,-0.05,102464959.0,0,1,0,0,0,0,0,0,0,0,0,0,0,0,0,0,0,0,0,0
URG,2026-09-24,1.13,1.3035,1.3136,1.5145,2.1,-46.19,-7.38,-2.59,7951910.0,0,0,0,0,0,0,0,0,0,0,0,0,0,0,0,0,0,0,0,1
URGN,2026-09-24,41.23,43.4713,43.8559,29.2742,50.29,-18.02,-5.2,-0.96,31816670.0,0,1,0,0,0,0,0,0,0,0,0,0,0,0,0,0,0,0,0,0
URI,2026-09-24,1021.67,1012.423,1066.1367,937.0056,1164.8199,-12.29,1.53,-1.0,434049244.0,1,1,0,1,0,0,0,0,0,0,0,0,0,0,0,0,0,0,0,0
UROY,2026-09-24,4.25,4.384,3.8945,3.7607,5.46,-22.16,-3.19,-3.85,19667701.0,0,1,0,0,1,0,0,0,0,0,0,0,0,0,0,0,0,0,0,0
USA,2026-09-24,5.83,5.9175,5.9072,5.6949,6.08,-4.11,-1.19,-0.51,6943061.0,1,1,1,0,0,0,0,0,0,0,0,0,0,0,0,0,0,0,0,0
USAR,2026-09-24,15.38,16.699,16.8845,19.3846,38.68,-60.24,-1.6,-2.84,218428977.0,0,0,0,0,0,0,0,0,0,0,0,0,0,0,0,0,0,0,0,0
USAS,2026-09-24,4.68,5.152,4.7986,5.9074,10.03,-53.34,2.18,-3.51,20903777.0,0,0,0,0,0,0,0,0,0,0,0,0,0,0,0,0,0,0,0,0
USAU,2026-09-24,15.56,15.64,15.0196,16.4971,22.6,-31.15,3.66,-0.58,2484944.0,0,0,0,0,1,0,0,0,0,0,0,0,0,0,0,0,0,0,0,0
USB,2026-09-24,58.4,61.612,62.8606,56.8799,65.42,-10.73,-2.23,-0.14,467446545.0,0,1,0,0,0,0,0,0,0,0,0,0,0,0,0,0,0,0,0,0
USBC,2026-09-24,0.51,0.479,0.4094,0.4387,1.35,-62.22,8.51,2.0,174394.0,0,1,0,1,1,1,0,0,0,0,0,0,0,0,0,0,0,0,0,0
USCB,2026-09-24,22.67,22.8355,22.2223,19.6978,23.48,-3.45,-1.13,1.02,2056833.0,1,1,1,0,1,0,0,0,0,0,0,0,0,0,0,0,0,0,0,0
USDE,2026-09-24,14.22,8.796,5.1552,,,,84.44,10.49,58848859.0,0,0,0,1,1,1,1,1,0,0,0,0,1,1,1,1,1,0,0,0
USEA,2026-09-24,3.03,2.956,2.7715,2.1988,3.15,-3.81,-0.98,0.0,430391.0,1,1,1,1,1,1,0,0,0,0,0,0,0,0,0,0,0,0,0,0
USFD,2026-09-24,93.82,99.353,101.7376,91.5438,110.94,-15.43,1.42,-0.12,240795254.0,0,1,0,0,0,0,0,0,0,0,0,0,0,0,0,0,0,0,0,0
USGO,2026-09-24,7.23,8.2515,8.3007,10.4145,15.83,-54.33,-5.98,2.12,687540.0,0,0,0,0,0,0,0,0,0,0,0,1,0,0,0,0,0,0,0,0
USIO,2026-09-24,2.28,2.552,2.4032,1.6895,2.94,-22.45,2.24,0.44,760428.0,0,1,0,0,0,0,0,0,0,0,0,0,0,0,0,0,0,0,0,0
USLM,2026-09-24,109.42,115.7555,114.8833,117.1953,139.3114,-21.46,-4.13,0.01,17680397.0,0,0,0,0,0,0,0,0,0,0,0,0,0,0,0,0,0,0,0,0
USNA,2026-09-24,14.26,14.515,16.6308,18.8223,29.03,-50.88,-3.06,1.57,3153631.0,0,0,0,0,0,0,0,0,0,0,0,0,0,0,0,0,0,0,0,0
USPH,2026-09-24,83.76,80.04,78.348,75.1789,90.816,-7.77,0.44,1.34,13648509.0,0,1,0,1,1,1,0,0,0,0,0,0,0,0,0,0,0,0,0,0
UTF,2026-09-24,24.22,25.9034,26.6567,25.5477,27.7276,-12.65,-2.57,-1.54,9003862.0,0,0,0,0,0,0,0,0,0,0,1,0,0,0,0,0,0,0,0,0
UTG,2026-09-24,34.95,37.0379,38.1447,38.6121,42.549,-17.86,-2.86,-0.82,12826121.0,0,0,0,0,0,0,0,0,0,0,1,0,0,0,0,0,0,0,0,0
UTHR,2026-09-24,472.21,500.346,513.571,524.4281,596.76,-20.87,-5.27,-3.52,357716412.0,0,0,0,0,0,0,0,0,0,0,0,0,0,0,0,0,0,0,0,0
UTI,2026-09-24,20.67,21.07,28.1018,33.0964,51.2,-59.63,-1.01,1.22,37195644.0,0,0,0,0,0,0,0,0,0,0,0,0,0,0,0,0,0,0,0,0
UTL,2026-09-24,50.84,52.9085,53.4703,51.1477,55.5026,-8.4,-2.92,-0.02,7286281.0,0,0,0,0,0,0,0,0,0,0,0,0,0,0,0,0,0,0,0,0
UTMD,2026-09-24,74.75,71.8652,70.9178,65.2935,75.01,-0.35,1.36,-0.35,2463484.0,0,1,1,1,1,1,0,0,0,0,0,0,0,0,0,0,0,0,0,0
UTSI,2026-09-24,2.25,2.2815,2.3734,2.4673,3.29,-31.61,2.74,-3.85,9879.0,0,0,0,0,0,0,0,0,0,0,0,0,0,0,0,0,0,0,0,0
UTZ,2026-09-24,14.24,14.1745,13.5697,9.6979,14.24,0.0,0.3,0.07,23340206.0,0,1,1,1,1,1,0,0,1,0,0,0,0,0,0,0,0,0,0,0
UUU,2026-09-24,5.07,5.2045,4.5126,5.1754,7.48,-32.22,3.47,0.4,145234.0,0,0,0,0,1,0,0,0,0,0,0,0,0,0,0,0,0,0,0,0
UUUU,2026-09-24,11.32,13.2605,13.2408,17.2471,27.72,-59.16,-5.51,-2.41,87716445.0,0,0,0,0,0,0,0,0,0,0,0,0,0,0,0,0,0,0,0,0
UVE,2026-09-24,42.49,43.8085,42.7875,36.8827,45.08,-5.75,-3.76,0.05,6427503.0,0,1,0,0,0,0,0,0,0,0,0,0,0,0,0,0,0,0,0,0
UVSP,2026-09-24,41.79,42.0905,42.8759,37.9109,44.9782,-7.09,-2.09,0.92,10008797.0,1,1,0,0,0,0,0,0,0,0,0,0,0,0,0,0,0,0,0,0
UVV,2026-09-24,42.71,45.0445,47.9278,50.9432,56.9224,-24.97,-4.22,-0.23,14754599.0,0,0,0,0,0,0,0,0,0,0,1,0,0,0,0,0,0,0,0,1
UWMC,2026-09-24,1.22,1.3465,1.541,3.114,5.8672,-79.21,-3.17,0.0,15991031.0,0,0,0,0,0,0,0,0,0,0,0,0,0,0,0,0,0,0,0,0
UXIN,2026-09-24,1.3,1.146,1.2532,2.5104,4.03,-67.74,20.37,19.27,1107355.0,0,0,0,1,1,0,1,0,0,0,0,0,1,1,1,1,0,1,0,0
UYSC,2026-09-24,11.0,10.9635,10.8612,10.5565,11.0,0.0,0.0,0.0,29440.0,0,1,1,1,1,1,0,0,1,0,0,0,0,0,0,0,0,0,0,0
UZX,2026-09-24,1.51,2.2439,3.5154,21.0278,56.12,-97.31,-17.93,-7.36,1747845.0,0,0,0,0,0,0,0,0,0,0,1,0,0,0,0,0,0,0,0,1
V,2026-09-24,367.98,373.1305,367.5593,335.4796,384.14,-4.21,-0.8,1.79,2239465810.0,1,1,1,0,1,0,0,0,0,0,0,0,0,0,0,0,0,0,0,0
VABK,2026-09-24,47.07,47.2685,46.5862,42.1945,49.22,-4.37,-0.17,0.13,324794.0,1,1,1,0,1,0,0,0,0,0,0,0,0,0,0,0,0,1,0,0
VAC,2026-09-24,100.75,102.9669,105.1175,78.5217,123.7633,-18.59,-0.69,-0.1,49106887.0,1,1,0,0,0,0,0,0,0,0,0,0,0,0,0,0,0,0,0,0
VACI,2026-09-24,7.36,8.256,9.4013,9.8903,10.546,-30.21,-13.41,-0.81,241969.0,0,0,0,0,0,0,0,0,0,0,0,0,0,0,0,0,0,0,0,0
VAI,2026-09-24,2.29,2.0095,1.6734,1.3674,2.47,-7.29,11.17,6.51,169708.0,0,1,0,1,1,1,0,0,0,0,0,0,1,1,1,0,0,0,0,0
VAL,2026-09-24,81.79,85.2315,82.6334,81.448,113.42,-27.89,-0.88,-0.94,106928427.0,0,1,0,0,0,0,0,0,0,0,0,0,0,0,0,0,0,0,0,0
VALE,2026-09-24,13.56,14.8475,14.4772,14.9136,17.3257,-21.73,-4.03,-1.88,449715116.0,0,0,0,0,0,0,0,0,0,0,0,0,0,0,0,0,0,0,0,0
VALN,2026-09-24,6.22,6.6307,6.0083,7.2466,12.2,-49.02,-5.33,-2.05,221449.0,0,0,0,0,1,0,0,0,0,0,0,0,0,0,0,0,0,0,0,0
VALU,2026-09-24,39.32,38.4045,37.7133,36.1525,41.0,-4.1,1.79,3.01,183278.0,1,1,1,1,1,1,0,0,0,0,0,0,1,0,0,0,0,0,0,0
VANI,2026-09-24,1.23,1.3143,1.3445,1.2777,1.87,-34.22,0.82,0.0,324026.0,0,0,0,0,0,0,0,0,0,0,0,0,0,0,0,0,0,0,0,0
VATE,2026-09-24,7.52,7.4555,7.8678,8.7068,20.06,-62.51,0.27,-2.08,850209.0,0,0,0,1,0,0,0,0,0,0,0,0,0,0,0,0,0,0,0,0
VBF,2026-09-24,14.29,14.4619,14.5559,14.7072,15.0175,-4.84,-0.42,0.21,1325007.0,0,0,1,0,0,0,0,0,0,0,0,1,0,0,0,0,0,0,0,0
VBIO,2026-09-24,3.48,2.696,5.1574,20.7502,78.5,-95.57,67.31,27.47,2654998.0,0,0,0,1,0,0,0,0,0,0,0,0,1,1,1,0,0,1,0,0
VBNK,2026-09-24,23.31,21.6265,20.5578,17.6762,23.7006,-1.65,3.05,1.08,3198591.0,0,1,1,1,1,1,0,0,0,0,0,0,0,0,0,0,0,0,0,0
VC,2026-09-24,89.85,98.9348,102.3319,101.3803,123.4437,-27.21,-7.82,-3.42,48091015.0,0,0,0,0,0,0,0,0,0,0,1,0,0,0,0,0,0,0,0,0
VCEL,2026-09-24,39.3,39.901,42.9836,38.171,48.31,-18.65,-2.26,1.31,19719512.0,1,1,0,0,0,0,0,0,0,0,0,0,0,0,0,0,0,0,0,0
VCIG,2026-09-24,1.72,1.8895,4.676,169.448,7740.0,-99.98,4.24,4.88,3290884.0,0,0,0,0,0,0,0,0,0,0,1,0,1,0,0,0,0,0,0,0
VCTR,2026-09-24,106.1,111.0214,107.9342,82.318,120.5886,-12.01,2.29,-0.2,89357815.0,0,1,0,0,0,0,0,0,0,0,0,0,0,0,0,0,0,0,0,0
VCV,2026-09-24,9.07,9.9597,10.2788,10.3941,10.8444,-16.36,-6.49,-2.99,1528083.0,0,0,0,0,0,0,0,0,0,0,1,0,0,0,0,0,0,1,0,1
VCX,2026-09-24,30.0,33.9985,38.8364,,380.0,-92.11,-3.75,-1.96,17440896.0,0,0,0,0,0,0,0,0,0,0,0,0,0,0,0,0,0,0,0,1
VCYT,2026-09-24,48.54,42.7442,46.8331,42.4534,60.49,-19.76,26.08,10.77,62765405.0,0,1,0,1,1,0,1,0,0,0,0,0,1,1,1,1,0,0,0,0
VECA,2026-09-24,10.02,10.0205,10.0038,,,,-0.1,0.0,3759.0,0,0,0,0,1,0,0,0,0,0,0,0,0,0,0,0,0,0,0,0
VECO,2026-09-24,45.45,43.7825,48.0896,44.736,83.04,-45.27,10.75,-1.02,23530042.0,0,1,0,1,0,0,0,0,0,0,0,0,0,0,1,0,0,0,0,0
VEEA,2026-09-24,3.04,2.8365,2.947,8.6124,18.46,-83.53,-42.96,-5.59,70743212.0,0,0,0,1,1,0,0,0,0,0,0,0,0,0,0,0,0,0,0,0
VEEE,2026-09-24,14.15,10.2973,13.181,23.3732,103.6,-86.34,64.53,10.72,26145452.0,0,0,0,1,1,0,0,0,0,0,0,0,1,1,1,0,0,0,0,0
VEEV,2026-09-24,274.84,269.2955,238.6616,199.5969,306.22,-10.25,3.75,1.51,527992014.0,1,1,0,1,1,1,0,0,0,0,0,0,0,0,0,0,0,0,0,0
VEL,2026-09-24,15.4,17.369,17.644,18.3721,20.76,-25.82,-6.95,-2.65,2708912.0,0,0,0,0,0,0,0,0,0,0,1,0,0,0,0,0,0,0,0,1
VELO,2026-09-24,11.02,11.169,11.7892,14.1545,30.61,-64.0,10.31,0.46,10028778.0,0,0,0,0,0,0,0,0,0,0,0,0,0,0,1,0,0,0,0,0
VENU,2026-09-24,1.5,1.7755,1.9974,4.2823,13.88,-89.19,-11.24,2.04,824428.0,0,0,0,0,0,0,0,0,0,0,0,0,0,0,0,0,0,0,0,0
VEON,2026-09-24,72.54,66.252,59.362,54.0949,72.54,0.0,5.88,3.1,11431025.0,0,1,1,1,1,1,1,1,1,0,0,0,1,0,0,0,1,0,0,0
VERA,2026-09-24,33.34,34.3285,33.8681,39.5046,55.67,-40.11,4.94,0.88,90816908.0,0,0,0,0,0,0,0,0,0,0,0,0,0,0,0,0,0,0,0,0
VERI,2026-09-24,1.33,1.0013,1.0636,2.3921,8.39,-84.15,23.15,3.1,2841599.0,0,0,0,1,1,0,0,0,0,0,0,0,1,0,1,0,0,0,0,0
VERU,2026-09-24,2.51,2.5455,2.4882,2.493,4.43,-43.34,8.19,2.03,548942.0,1,1,0,0,1,0,0,0,0,0,0,0,0,0,0,0,0,0,0,0
VERX,2026-09-24,11.68,12.9613,12.7684,14.1863,25.94,-54.97,-7.15,-0.34,17817883.0,0,0,0,0,0,0,0,0,0,0,0,0,0,0,0,0,0,0,0,0
VET,2026-09-24,11.87,12.7134,11.7676,10.8942,14.1902,-16.35,-5.94,1.63,18896700.0,0,1,0,0,1,0,0,0,0,0,0,0,0,0,0,0,0,0,0,0
VFC,2026-09-24,13.69,13.1499,14.4864,17.1486,21.2865,-35.69,7.54,1.26,87430131.0,0,0,0,1,0,0,0,0,0,0,0,0,0,0,0,0,0,0,0,0
VFF,2026-09-24,3.12,2.901,2.4923,2.8138,4.18,-25.36,10.25,2.8,1967729.0,0,1,0,1,1,1,1,1,0,0,0,0,0,0,1,1,1,0,0,0
VFS,2026-09-24,3.13,3.138,3.1297,3.3886,4.76,-34.24,0.32,-2.03,1188200.0,0,0,0,0,1,0,0,0,0,0,0,0,0,0,0,0,0,0,0,0
VG,2026-09-24,13.23,14.4806,13.9845,11.8125,17.46,-24.23,-8.25,-0.3,213835734.0,0,1,0,0,0,0,0,0,0,0,0,0,0,0,0,0,0,0,0,0
VGAS,2026-09-24,1.13,1.3113,1.2462,1.6202,3.35,-66.27,-15.67,2.73,17401.0,0,0,0,0,0,0,0,0,0,0,0,0,0,0,0,0,0,0,0,0
VGI,2026-09-24,6.79,7.1112,7.1426,7.1401,7.3721,-7.9,-2.44,-2.3,295128.0,0,0,0,0,0,0,0,0,0,0,1,0,0,0,0,0,0,1,0,0
VGM,2026-09-24,9.07,9.8243,10.0435,9.9482,10.4748,-13.41,-7.07,-2.68,2085148.0,0,0,0,0,0,0,0,0,0,0,1,0,0,0,0,0,0,1,0,1
VGNT,2026-09-24,45.22,46.8628,44.9984,,50.22,-9.96,-0.44,-2.12,35172694.0,0,0,0,0,1,0,0,0,0,0,0,0,0,0,0,0,0,0,0,0
VGZ,2026-09-24,2.71,2.3275,2.1372,2.1966,3.05,-11.15,20.44,-1.09,4732338.0,0,1,0,1,1,1,0,0,0,0,0,0,0,0,1,0,0,0,0,0
VHC,2026-09-24,12.23,11.8815,12.8126,15.1264,24.84,-50.76,5.7,-3.32,1611549.0,0,0,0,1,0,0,0,0,0,0,0,0,0,0,0,0,0,0,0,0
VHCP,2026-09-24,10.06,10.073,10.0364,,10.1,-0.4,-0.3,0.0,376777.0,0,0,1,0,1,0,0,0,0,0,0,0,0,0,0,0,0,0,0,0
VHI,2026-09-24,16.05,17.6269,16.0845,14.3097,18.66,-13.99,-2.61,-1.71,313269.0,0,1,0,0,0,0,0,0,0,0,0,0,0,0,0,0,0,0,0,0
VHUB,2026-09-24,0.52,0.777,0.7692,,8.08,-93.56,-28.77,-1.89,222514.0,0,0,0,0,0,0,0,0,0,0,1,0,0,0,0,0,0,0,0,1
VIA,2026-09-24,29.98,27.484,24.2912,20.6563,53.93,-44.41,12.62,1.49,23844378.0,0,1,0,1,1,1,0,0,0,0,0,0,0,0,1,0,0,0,0,0
VIAV,2026-09-24,37.23,36.0785,37.9876,36.0607,55.33,-32.71,7.17,2.2,174541953.0,0,1,0,1,0,0,0,0,0,0,0,0,0,0,0,0,0,0,0,0
VICI,2026-09-24,23.27,24.5803,25.4347,26.6159,30.7538,-24.33,-3.32,-1.81,256523975.0,0,0,0,0,0,0,0,0,0,0,1,0,0,0,0,0,0,0,0,1
VICR,2026-09-24,276.06,201.459,211.4094,209.7214,379.78,-27.31,50.11,-2.51,170635836.0,0,1,0,1,1,0,0,0,0,0,0,0,0,0,1,0,0,0,0,0
VIDA,2026-09-24,1.68,2.207,2.3674,,,,-8.7,-8.7,360252.0,0,0,0,0,0,0,0,0,0,0,0,0,0,0,0,0,0,0,0,0
VIK,2026-09-24,79.52,85.551,94.4842,83.5801,108.26,-26.55,-6.86,-0.97,340988221.0,0,0,0,0,0,0,0,0,0,0,0,0,0,0,0,0,0,0,0,0
VINP,2026-09-24,9.28,9.5042,9.5178,10.5217,12.7245,-27.07,0.32,-0.54,469502.0,0,0,0,0,0,0,0,0,0,0,0,0,0,0,0,0,0,0,0,0
VIOT,2026-09-24,1.36,1.2075,0.934,1.1466,3.3143,-58.97,7.94,4.62,6299254.0,0,1,0,1,1,1,0,0,0,0,0,0,1,0,0,0,0,0,0,0
VIP,2026-09-24,1.73,1.823,1.9568,1.5578,2.94,-41.16,-5.46,-0.57,259809.0,0,1,0,0,0,0,0,0,0,0,0,0,0,0,0,0,0,0,0,0
VIPS,2026-09-24,12.37,12.783,13.9564,15.1748,19.8555,-37.7,0.98,0.0,41501270.0,0,0,0,0,0,0,0,0,0,0,0,0,0,0,0,0,0,0,0,0
VIR,2026-09-24,10.72,10.9625,9.9123,8.8696,11.63,-7.82,1.9,-3.34,25225801.0,1,1,0,0,1,0,0,0,0,0,0,0,0,0,0,0,0,0,0,0
VIRC,2026-09-24,6.56,6.1789,6.0718,6.1587,7.7348,-15.19,6.75,-0.15,159566.0,0,1,0,1,1,1,0,0,0,0,0,0,0,0,0,0,0,0,0,0
VIRT,2026-09-24,52.66,61.1276,59.784,48.7539,67.6816,-22.19,-8.02,-0.66,58658784.0,0,1,0,0,0,0,0,0,0,0,1,0,0,0,0,0,0,0,0,0
VISN,2026-09-24,6.35,6.435,6.545,5.9735,7.3426,-13.52,-1.55,-1.55,61782123.0,1,1,0,0,0,0,0,0,0,0,0,0,0,0,0,0,0,0,0,0
VIST,2026-09-24,68.3,73.5045,69.7518,64.2644,79.25,-13.82,-8.03,-2.78,89013844.0,0,1,0,0,0,0,0,0,0,0,0,0,0,0,0,0,0,0,0,0
VITL,2026-09-24,10.09,10.4545,11.5278,17.0778,44.61,-77.38,0.6,-2.13,17435134.0,0,0,0,0,0,0,0,0,0,0,0,0,0,0,0,0,0,0,0,0
VIV,2026-09-24,11.69,11.7549,12.1981,13.3051,16.2568,-28.09,-1.43,0.34,17822681.0,0,0,0,0,0,0,0,0,0,0,0,0,0,0,0,0,0,0,0,0
VIVK,2026-09-24,0.5339,0.7382,1.3059,41.2757,1736.0,-99.97,-17.86,0.45,4638589.0,0,0,0,0,0,0,0,0,0,0,1,0,0,0,0,0,0,0,0,0
VIVO,2026-09-24,4.065,3.9565,4.0205,3.4124,6.6,-38.41,8.4,5.31,1206069.0,1,1,0,1,1,0,0,0,0,0,0,0,1,1,0,0,0,0,0,0
VIVS,2026-09-24,0.23,0.269,0.3312,1.315,3.54,-93.5,-11.54,0.0,243320.0,0,0,0,0,0,0,0,0,0,0,1,0,0,0,0,0,0,0,0,1
VKI,2026-09-24,7.96,8.56,8.7526,8.7204,9.3634,-14.99,-6.02,-2.45,951066.0,0,0,0,0,0,0,0,0,0,0,1,0,0,0,0,0,0,1,0,1
VKQ,2026-09-24,8.76,9.3723,9.5661,9.4188,9.8764,-11.3,-4.37,-2.23,2263645.0,0,0,0,0,0,0,0,0,0,0,1,0,0,0,0,0,0,1,0,1
VKTX,2026-09-24,36.75,33.201,33.8864,33.3148,42.13,-12.77,25.17,-11.76,229271860.0,0,1,0,1,1,0,0,0,0,0,0,0,0,0,1,0,0,1,0,0
VLGEA,2026-09-24,45.78,43.783,43.5306,40.8413,46.8935,-2.37,3.69,2.51,2471747.0,0,1,1,1,1,1,1,1,0,0,0,0,0,0,0,0,1,0,0,0
VLN,2026-09-24,1.85,1.724,1.7258,1.8368,3.53,-47.59,13.5,-3.65,1184191.0,0,1,0,1,1,0,0,0,0,0,0,0,0,0,1,0,0,0,0,0
VLO,2026-09-24,382.86,379.2045,342.8597,251.1089,413.28,-7.36,-5.06,1.87,1379631256.0,1,1,0,1,1,1,0,0,0,0,0,0,0,0,0,0,0,0,0,0
VLOS,2026-09-24,10.78,10.7145,10.7533,10.7456,11.139,-3.22,0.84,0.0,141377.0,1,1,1,1,1,0,0,0,0,0,0,0,0,0,0,0,0,0,0,0
VLRS,2026-09-24,6.73,6.627,7.2914,8.0264,10.63,-36.69,6.49,0.0,2380788.0,0,0,0,1,0,0,0,0,0,0,0,0,0,0,0,0,0,0,0,0
VLT,2026-09-24,9.1,9.5942,9.7922,10.0136,10.4468,-12.89,-3.29,-1.94,272213.0,0,0,0,0,0,0,0,0,0,0,1,0,0,0,0,0,0,0,0,1
VLTO,2026-09-24,96.2,96.2485,96.07,92.9558,106.6836,-9.83,0.47,0.33,162709590.0,1,1,0,0,1,0,0,0,0,0,0,0,0,0,0,0,0,0,0,0
VLY,2026-09-24,12.96,13.6145,14.129,13.0862,15.0693,-14.0,-4.28,0.7,90820800.0,0,0,0,0,0,0,0,0,0,0,0,1,0,0,0,0,0,0,0,0
VMAR,2026-09-24,8.06,7.88,7.621,291.2653,6560.0,-99.88,11.17,8.04,2116545.0,0,0,0,1,1,1,0,0,0,0,0,0,1,1,1,0,0,0,0,0
VMC,2026-09-24,241.7,255.568,270.3077,284.8842,328.4807,-26.42,-1.06,-1.1,290722050.0,0,0,0,0,0,0,0,0,0,0,0,0,0,0,0,0,0,0,0,0
VMD,2026-09-24,8.82,8.891,9.8371,9.2668,12.33,-28.47,-1.34,0.23,2487056.0,0,0,0,0,0,0,0,0,0,0,0,0,0,0,0,0,0,0,0,0
VMET,2026-09-24,9.13,9.846,9.7292,,13.53,-32.52,1.22,-0.98,3461971.0,0,0,0,0,0,0,0,0,0,0,0,0,0,0,0,0,0,0,0,0
VMI,2026-09-24,465.35,474.527,486.5798,471.8171,582.78,-20.15,-2.1,-1.2,84475931.0,0,0,0,0,0,0,0,0,0,0,0,0,0,0,0,0,0,0,0,0
VMO,2026-09-24,8.6,9.3038,9.4945,9.3848,9.7607,-11.89,-7.23,-2.82,2948920.0,0,0,0,0,0,0,0,0,0,0,1,0,0,0,0,0,0,0,0,1
VMRK,2026-09-24,61.05,64.4055,65.9684,63.2568,70.15,-12.97,-3.08,-0.39,402634217.0,0,0,0,0,0,0,0,0,0,0,0,0,0,0,0,0,0,0,0,0
VNCE,2026-09-24,11.14,7.687,6.8472,4.6081,11.14,0.0,29.23,0.27,4512503.0,0,1,1,1,1,1,0,0,1,0,0,0,0,0,1,0,0,0,0,0
VNDA,2026-09-24,4.98,5.2235,5.2494,6.5769,9.56,-47.91,-0.4,-1.19,4007856.0,0,0,0,0,0,0,0,0,0,0,0,0,0,0,0,0,0,0,0,0
VNET,2026-09-24,6.92,6.4245,6.9162,8.9303,14.03,-50.68,14.38,0.0,24702493.0,0,0,0,1,1,0,0,0,0,0,0,0,0,0,1,0,0,0,0,0
VNME,2026-09-24,10.28,10.2825,10.2483,10.1491,10.3,-0.19,-0.19,0.0,248264.0,1,1,1,0,1,0,0,0,0,0,0,0,0,0,0,0,0,0,0,0
VNO,2026-09-24,34.38,35.8775,37.987,33.3442,40.91,-15.96,-1.26,0.64,45733146.0,0,1,0,0,0,0,0,0,0,0,0,0,0,0,0,0,0,0,0,0
VNOM,2026-09-24,41.64,44.0325,43.3874,42.6688,49.4366,-15.77,-3.59,1.73,73744108.0,0,0,0,0,0,0,0,0,0,0,0,0,0,0,0,0,0,0,0,0
VNRX,2026-09-24,0.25,0.33,0.5788,2.8674,13.6,-98.16,-10.71,0.0,10183063.0,0,0,0,0,0,0,0,0,0,0,1,0,0,0,0,0,0,0,0,1
VNT,2026-09-24,30.91,32.1385,32.2578,34.3227,43.0811,-28.25,-1.97,-1.31,41575118.0,0,0,0,0,0,0,0,0,0,0,0,0,0,0,0,0,0,0,0,0
VNTG,2026-09-24,0.75,0.6215,0.6446,0.7743,7.65,-90.2,27.12,3.88,159740.0,0,0,0,1,1,0,0,0,0,0,0,0,1,0,1,0,0,0,0,0
VOD,2026-09-24,16.49,16.7835,16.2138,14.8169,17.68,-6.73,-5.56,0.86,55279452.0,1,1,0,0,1,0,0,0,0,0,0,0,0,0,0,0,0,0,0,0
VOR,2026-09-24,18.44,22.6167,21.8994,16.4759,48.72,-62.15,-15.99,-4.8,25006972.0,0,1,0,0,0,0,0,0,0,0,0,0,0,0,0,0,0,0,1,0
VOXR,2026-09-24,5.4,5.6448,5.1505,5.2748,6.3897,-15.49,-2.0,-3.05,2282842.0,0,1,0,0,1,0,0,0,0,0,0,0,0,0,0,0,0,0,0,0
VOYA,2026-09-24,96.09,101.5515,100.0368,82.7113,104.86,-8.36,-4.18,-1.31,118771933.0,0,1,0,0,0,0,0,0,0,0,0,0,0,0,0,0,0,0,0,0
VOYG,2026-09-24,31.1,34.218,33.736,31.7414,51.77,-39.93,-15.03,-0.96,73875979.0,0,0,0,0,0,0,0,0,0,0,0,0,0,0,0,0,0,1,0,0
VPG,2026-09-24,68.57,63.3705,75.7508,70.201,149.91,-54.26,12.34,-1.8,19895773.0,0,0,0,1,0,0,0,0,0,0,0,0,0,0,1,0,0,0,0,0
VPV,2026-09-24,10.62,10.9815,10.9455,10.5385,11.2904,-5.94,-1.39,-1.21,322263.0,0,1,0,0,0,0,0,0,0,0,0,0,0,0,0,0,0,0,0,0
VRA,2026-09-24,4.07,3.548,3.5018,3.2591,4.26,-4.46,1.24,0.74,3625304.0,0,1,1,1,1,1,0,0,0,0,0,0,0,0,0,0,0,0,0,0
VRAX,2026-09-24,2.44,2.631,2.9196,5.0235,17.2,-85.81,-2.01,-4.31,99595.0,0,0,0,0,0,0,0,0,0,0,0,0,0,0,0,0,0,0,0,0
VRCA,2026-09-24,4.36,4.953,5.1058,6.1764,9.1,-52.09,-3.75,-5.63,466547.0,0,0,0,0,0,0,0,0,0,0,0,0,0,0,0,0,0,0,0,0
VRDN,2026-09-24,20.66,22.4785,21.743,23.2505,33.78,-38.84,-7.93,-3.59,34624630.0,0,0,0,0,0,0,0,0,0,0,0,0,0,0,0,0,0,0,0,0
VREX,2026-09-24,18.47,18.4835,15.879,12.7594,18.58,-0.59,0.0,0.11,13059148.0,0,1,1,0,1,0,0,0,0,0,0,0,0,0,0,0,0,0,0,0
VRM,2026-09-24,9.735,9.8445,9.0363,13.4918,28.43,-65.76,-3.99,4.12,706946.0,0,0,0,0,1,0,0,0,0,0,0,0,1,0,0,0,0,0,0,0
VRME,2026-09-24,1.17,0.7592,0.7169,0.8078,1.43,-18.18,51.95,1.74,9569381.0,0,1,0,1,1,1,0,0,0,0,0,0,0,0,1,0,0,0,0,0
VRNS,2026-09-24,47.95,45.9792,44.5415,33.4859,63.31,-24.26,2.54,-0.83,94240807.0,0,1,0,1,1,1,0,0,0,0,0,0,0,0,0,0,0,0,0,0
VRRM,2026-09-24,3.25,3.844,4.3196,12.1117,24.79,-86.89,-8.19,-3.85,24763890.0,0,0,0,0,0,0,0,0,0,0,1,0,0,0,0,0,0,0,0,1
VRSK,2026-09-24,168.65,181.7821,187.7191,190.7396,249.0065,-32.27,-7.21,-1.83,216126618.0,0,0,0,0,0,0,0,0,0,0,0,0,0,0,0,0,0,0,0,0
VRSN,2026-09-24,291.88,293.761,286.581,263.1596,309.0927,-5.57,-2.2,-0.48,215873178.0,1,1,0,0,1,0,0,0,0,0,0,0,0,0,0,0,0,0,0,0
VRT,2026-09-24,245.3,255.8142,267.7287,261.9877,376.0595,-34.77,2.46,-1.4,1372823936.0,0,0,0,0,0,0,0,0,0,0,0,0,0,0,0,0,0,0,0,0
VRTS,2026-09-24,129.82,148.287,158.4566,146.8882,182.2906,-28.78,-0.72,1.42,19420589.0,0,0,0,0,0,0,0,0,0,0,1,0,0,0,0,0,0,0,0,0
VRTX,2026-09-24,522.38,529.5535,512.7452,471.1331,557.96,-6.38,1.78,1.17,536864009.0,1,1,0,0,1,0,0,0,0,0,0,0,0,0,0,0,0,0,0,0
VRXA,2026-09-24,1.41,1.5075,1.7532,8.2429,24.79,-94.31,-6.62,1.44,627403.0,0,0,0,0,0,0,0,0,0,0,0,0,0,0,0,0,0,0,0,0
VS,2026-09-24,1.08,1.1712,1.2884,1.2261,2.35,-54.04,-1.82,-2.7,17123.0,0,0,0,0,0,0,0,0,0,0,0,0,0,0,0,0,0,0,0,0
VSA,2026-09-24,2.96,3.0058,3.2257,11.4083,1720.0,-99.83,14.29,-18.68,3064453.0,0,0,0,0,0,0,0,0,0,0,0,0,0,0,1,0,0,0,0,0
VSAT,2026-09-24,73.72,72.355,75.1166,59.6196,89.81,-17.92,3.9,0.05,125983114.0,1,1,0,1,0,0,0,0,0,0,0,0,0,0,0,0,0,0,0,0
VSEC,2026-09-24,180.44,195.274,205.9646,198.3551,243.48,-25.89,-2.36,1.06,70965965.0,0,0,0,0,0,0,0,0,0,0,0,0,0,0,0,0,0,0,0,0
VSH,2026-09-24,31.8,31.3747,33.4613,29.8187,64.6952,-50.85,1.53,-2.45,118150052.0,1,1,0,1,0,0,0,0,0,0,0,0,0,0,0,0,0,0,0,0
VSME,2026-09-24,0.807,0.9949,1.1347,1.3177,59.6,-98.65,-16.46,-2.89,1747271.0,0,0,0,0,0,0,0,0,0,0,0,0,0,0,0,0,0,0,0,0
VSNT,2026-09-24,33.5,37.8908,37.5535,,46.4802,-27.93,-11.12,1.39,63895298.0,0,0,0,0,0,0,0,0,0,0,0,1,0,0,0,0,0,0,0,0
VST,2026-09-24,137.94,142.3904,145.6645,155.294,209.6322,-34.2,-3.76,-0.02,627768316.0,0,0,0,0,0,0,0,0,0,0,0,0,0,0,0,0,0,0,0,0
VSTM,2026-09-24,7.8,7.6555,6.887,6.1065,10.64,-26.69,6.56,-4.65,18394462.0,1,1,0,1,1,1,0,0,0,0,0,0,0,0,0,0,0,0,0,0
VSTS,2026-09-24,13.84,13.161,13.907,10.4401,16.5,-16.12,0.51,-0.22,20826625.0,0,1,0,1,0,0,0,0,0,0,0,0,0,0,0,0,0,0,0,0
VSXY,2026-09-24,83.81,80.022,84.9658,65.1978,99.97,-16.16,13.32,0.56,172991121.0,0,1,0,1,0,0,0,0,0,0,0,0,0,0,1,0,0,0,0,0
VTAK,2026-09-24,0.16,0.1765,0.254,1.1,3.0,-94.67,6.67,0.0,477910.0,0,0,0,0,0,0,0,0,0,0,0,0,0,0,0,0,0,0,0,0
VTEX,2026-09-24,3.6,3.6065,3.853,3.7349,4.57,-21.23,-1.91,-0.28,2516782.0,0,0,0,0,0,0,0,0,0,0,0,0,0,0,0,0,0,0,0,0
VTGN,2026-09-24,0.3,0.252,0.2514,0.6359,4.9,-93.88,30.43,-18.92,11097733.0,0,0,0,1,1,1,0,0,0,0,0,0,0,0,1,0,0,0,0,0
VTIX,2026-09-24,1.19,1.1926,1.6223,,24.39,-95.12,19.48,5.31,357239.0,0,0,0,0,0,0,0,0,0,0,0,0,1,1,1,0,0,0,0,0
VTMX,2026-09-24,32.61,33.7915,34.1188,33.3867,36.3754,-10.35,-0.94,-0.67,2034152.0,0,0,0,0,0,0,0,0,0,0,0,0,0,0,0,0,0,0,0,0
VTN,2026-09-24,9.35,10.1784,10.657,10.846,11.4873,-18.61,-5.56,-1.68,468783.0,0,0,0,0,0,0,0,0,0,0,1,0,0,0,0,0,0,0,0,1
VTOL,2026-09-24,42.3,43.2825,44.5787,43.445,49.7292,-14.94,2.35,-1.19,13839277.0,0,0,0,0,0,0,0,0,0,0,0,0,0,0,0,0,0,0,0,0
VTR,2026-09-24,86.83,89.8165,92.15,85.0995,100.53,-13.63,-1.56,0.22,324427348.0,0,1,0,0,0,0,0,0,0,0,0,0,0,0,0,0,0,0,0,0
VTRS,2026-09-24,17.42,16.809,16.7961,14.9043,17.727,-1.73,2.35,1.75,139397706.0,0,1,1,1,1,1,0,0,0,0,0,0,0,0,0,0,0,0,0,0
VTS,2026-09-24,17.05,17.3987,16.3514,17.4409,21.8942,-22.13,-2.68,1.61,9897187.0,0,0,0,0,1,0,0,0,0,0,0,0,0,0,0,0,0,0,0,0
VTSI,2026-09-24,2.9,2.978,3.0466,3.8535,6.25,-53.6,0.35,0.69,60744.0,0,0,0,0,0,0,0,0,0,0,0,0,0,0,0,0,0,0,0,0
VTVT,2026-09-24,30.73,32.049,32.3104,34.5851,42.715,-28.06,0.89,0.49,1508499.0,0,0,0,0,0,0,0,0,0,0,0,0,0,0,0,0,0,0,0,0
VUZI,2026-09-24,2.74,2.5985,2.5838,2.8519,5.14,-46.69,6.61,-3.86,1756477.0,0,0,0,1,1,1,0,0,0,0,0,0,0,0,0,0,0,0,0,0
VVOS,2026-09-24,0.146,0.1775,0.2826,0.9998,3.48,-95.8,-17.05,-2.01,6162519.0,0,0,0,0,0,0,0,0,0,0,1,0,0,0,0,0,0,0,0,1
VVR,2026-09-24,2.85,2.8946,2.9055,2.9344,3.0496,-6.55,-1.72,-0.35,2213042.0,0,0,0,0,0,0,0,0,0,0,0,0,0,0,0,0,0,0,0,0
VVV,2026-09-24,28.35,30.062,34.039,34.2898,40.27,-29.6,4.5,-1.39,74543995.0,0,0,0,0,0,0,0,0,0,0,0,0,0,0,0,0,0,0,0,0
VVX,2026-09-24,76.19,75.515,79.2046,71.8179,90.81,-16.1,1.17,1.67,54850880.0,1,1,0,1,0,0,0,0,0,0,0,0,0,0,0,0,0,0,0,0
VWAV,2026-09-24,5.79,9.6036,28.3214,116.9104,283.6,-97.96,1435.81,1.22,1838433.0,0,0,0,0,0,0,0,0,0,0,0,0,0,0,1,0,0,0,0,0
VXX,2026-09-24,17.57,18.0655,19.6561,25.9597,39.97,-56.04,-4.67,0.46,149670080.0,0,0,0,0,0,0,0,0,0,0,0,0,0,0,0,0,0,0,0,0
VXZ,2026-09-24,45.771,46.9075,49.0143,53.2298,61.87,-26.02,-1.88,0.53,725560.0,0,0,0,0,0,0,0,0,0,0,1,0,0,0,0,0,0,0,0,0
VYGR,2026-09-24,2.8,3.2505,3.209,3.7164,5.33,-47.47,-8.2,-2.44,1527045.0,0,0,0,0,0,0,0,0,0,0,1,0,0,0,0,0,0,1,0,1
VYX,2026-09-24,7.07,8.13,8.1414,8.1993,12.91,-45.24,-0.56,-0.84,26039287.0,0,0,0,0,0,0,0,0,0,0,0,0,0,0,0,0,0,0,0,0
VZ,2026-09-24,47.32,49.421,48.0248,45.3294,51.45,-8.03,-2.09,1.72,1050749218.0,0,1,0,0,0,0,0,0,0,0,0,0,0,0,0,0,0,0,0,0
VZLA,2026-09-24,3.94,3.9965,3.7024,4.0232,6.86,-42.57,6.78,-2.48,19880331.0,0,0,0,0,1,0,0,0,0,0,0,0,0,0,0,0,0,0,0,0
W,2026-09-24,97.67,100.589,98.4332,88.0563,119.05,-17.96,-5.4,-1.84,242735314.0,1,1,0,0,0,0,0,0,0,0,0,0,0,0,0,0,0,0,0,0
WAB,2026-09-24,290.23,284.274,287.8662,258.406,305.4747,-4.99,5.02,-0.68,215000623.0,1,1,1,1,1,0,0,0,0,0,0,0,0,0,0,0,0,0,0,0
WABC,2026-09-24,59.85,59.1135,59.3808,53.9024,61.9616,-3.41,0.3,1.05,13151742.0,1,1,1,1,1,0,0,0,0,0,0,0,0,0,0,0,0,0,0,0
WAFD,2026-09-24,30.91,34.11,35.8315,33.9615,39.0303,-20.81,-5.73,0.68,40199966.0,0,0,0,0,0,0,0,0,0,0,1,0,0,0,0,0,0,0,0,0
WAFDP,2026-09-24,16.24,16.4644,16.4695,16.1835,16.71,-2.81,-1.4,-0.25,318668.0,1,1,1,0,0,0,0,0,0,0,0,0,0,0,0,0,0,1,0,0
WAFU,2026-09-24,1.56,1.3998,1.4593,1.5965,2.07,-24.64,5.41,-2.5,2942297.0,0,0,0,1,1,0,0,0,0,0,0,0,0,0,0,0,0,0,0,0
WAL,2026-09-24,76.26,78.798,80.3248,80.6962,94.6181,-19.4,-1.98,0.87,85887329.0,0,0,0,0,0,0,0,0,0,0,0,0,0,0,0,0,0,0,0,0
WALD,2026-09-24,1.03,1.253,1.4195,1.5102,3.08,-66.56,-9.65,0.98,369738.0,0,0,0,0,0,0,0,0,0,0,1,0,0,0,0,0,0,0,0,0
WASH,2026-09-24,38.72,39.4615,39.1448,33.924,40.26,-3.83,-1.3,1.26,5389262.0,1,1,1,0,0,0,0,0,0,0,0,0,0,0,0,0,0,0,0,0
WAT,2026-09-24,430.3,414.7655,401.4796,362.0297,430.3,0.0,2.79,2.31,270372492.0,0,1,1,1,1,1,0,0,1,0,0,0,0,0,0,0,0,0,0,0
WATR,2026-09-24,1.76,1.9715,4.6607,8.8387,10.505,-83.25,3.53,-2.22,176487.0,0,0,0,0,0,0,0,0,0,0,1,0,0,0,0,0,0,0,0,0
WATT,2026-09-24,13.16,11.4095,13.6655,15.5657,35.33,-62.75,20.18,1.39,1700416.0,0,0,0,1,0,0,0,0,0,0,0,0,0,0,1,0,0,0,0,0
WAVE,2026-09-24,6.09,5.984,6.8737,6.8151,9.92,-38.61,0.5,5.91,123190.0,0,0,0,1,0,0,0,0,0,0,0,0,1,1,0,0,0,0,0,0
WAY,2026-09-24,24.64,25.227,24.1719,24.6233,39.62,-37.81,-7.33,-0.48,54952977.0,1,1,0,0,1,0,0,0,0,0,0,0,0,0,0,0,0,0,0,0
WB,2026-09-24,6.53,6.7065,7.3362,8.3876,11.9857,-45.52,0.46,-0.46,7407549.0,0,0,0,0,0,0,0,0,0,0,0,0,0,0,0,0,0,0,0,0
WBD,2026-09-24,30.84,28.6585,27.5968,27.5982,30.84,0.0,9.87,0.26,1044600471.0,0,1,1,1,1,1,0,0,1,0,0,0,0,0,0,0,0,0,0,0
WBI,2026-09-24,29.94,31.6175,32.488,27.7185,36.1527,-17.18,-2.79,3.74,21514843.0,0,1,0,0,0,0,0,0,0,0,0,1,1,0,0,0,0,0,0,0
WBTN,2026-09-24,10.9,10.4555,9.7114,11.2075,20.7,-47.34,4.61,1.49,4802556.0,0,0,0,1,1,1,0,0,0,0,0,0,0,0,0,0,0,0,0,0
WBUY,2026-09-24,0.79,0.8912,0.8659,1.1238,4.06,-80.54,-12.42,-1.74,1927330.0,0,0,0,0,0,0,0,0,0,0,0,0,0,0,0,0,0,0,0,0
WBX,2026-09-24,2.93,3.0783,3.3214,3.1383,7.19,-59.25,-5.79,3.53,46848.0,0,0,0,0,0,0,0,0,0,0,0,0,1,0,0,0,0,0,0,0
WCC,2026-09-24,361.33,345.6366,345.7316,314.2508,373.5563,-3.27,7.76,-1.24,166309975.0,0,1,1,1,1,0,0,0,0,0,0,0,0,0,0,0,0,0,0,0
WCCB,2026-09-24,60.13,57.6325,55.561,49.1834,60.13,0.0,0.89,0.03,494507.0,0,1,1,1,1,1,0,0,1,0,0,0,0,0,0,0,0,1,0,0
WCN,2026-09-24,155.93,161.089,165.1313,164.0123,177.3886,-12.1,-0.36,0.33,174523414.0,0,0,0,0,0,0,0,0,0,0,0,0,0,0,0,0,0,0,0,0
WCT,2026-09-24,7.75,4.6305,2.4059,4.1194,20.5,-62.2,0.65,3.06,5702307.0,0,1,0,1,1,1,0,0,0,0,0,0,1,0,0,0,0,1,0,0
WD,2026-09-24,37.31,40.001,43.2039,50.1755,81.7829,-54.38,-4.99,0.95,19345823.0,0,0,0,0,0,0,0,0,0,0,0,0,0,0,0,0,0,0,0,0
WDAY,2026-09-24,190.99,193.6325,179.1252,158.3986,247.69,-22.89,1.72,-0.72,688002437.0,1,1,0,0,1,0,0,0,0,0,0,0,0,0,0,0,0,0,0,0
WDC,2026-09-24,450.31,450.2455,474.0228,391.6299,745.9905,-39.64,6.24,-4.94,2921669462.0,1,1,0,1,0,0,0,0,0,0,0,0,0,0,0,0,0,0,0,0
WDFC,2026-09-24,197.19,202.2055,219.5636,217.3156,263.856,-25.27,3.98,-1.08,24395164.0,0,0,0,0,0,0,0,0,0,0,0,0,0,0,0,0,0,0,0,0
WDI,2026-09-24,11.85,12.4765,12.7967,12.8998,13.4702,-12.03,-3.19,-1.0,3990051.0,0,0,0,0,0,0,0,0,0,0,1,0,0,0,0,0,0,0,0,1
WDS,2026-09-24,22.3,23.141,22.5698,20.2955,24.19,-7.81,-3.34,0.54,14787566.0,0,1,0,0,0,0,0,0,0,0,0,0,0,0,0,0,0,0,0,0
WEA,2026-09-24,9.87,10.2585,10.3453,10.4054,10.7409,-8.11,-2.37,-0.9,462328.0,0,0,0,0,0,0,0,0,0,0,1,0,0,0,0,0,0,0,0,1
WEAV,2026-09-24,7.34,7.3155,6.837,6.1077,7.59,-3.29,0.27,-0.27,18822581.0,1,1,1,1,1,1,0,0,0,0,0,0,0,0,0,0,0,0,0,0
WEC,2026-09-24,100.9,105.008,107.8226,109.8137,117.8229,-14.36,-2.4,-0.27,261089517.0,0,0,0,0,0,0,0,0,0,0,0,0,0,0,0,0,0,0,0,0
WELL,2026-09-24,233.61,235.7545,237.0779,211.5766,251.122,-6.97,-0.38,1.63,656936900.0,1,1,0,0,0,0,0,0,0,0,0,0,0,0,0,0,0,0,0,0
WEN,2026-09-24,6.51,7.4712,7.7456,7.4291,9.0431,-28.01,-6.87,-3.27,51629481.0,0,0,0,0,0,0,0,0,0,0,0,0,0,0,0,0,0,0,0,0
WENC,2026-09-24,10.0,9.9985,9.9826,,,,0.0,-0.1,64113.0,0,0,0,1,1,1,0,0,0,0,0,0,0,0,0,0,0,0,0,0
WENN,2026-09-24,10.41,10.394,10.3682,10.2428,10.41,0.0,0.14,0.0,597162.0,0,1,1,1,1,1,0,0,1,0,0,0,0,0,0,0,0,0,0,0
WERN,2026-09-24,33.48,37.4665,38.8824,35.8249,47.29,-29.2,-6.58,-2.7,32949764.0,0,0,0,0,0,0,0,0,0,0,1,0,0,0,0,0,0,0,0,0
WEST,2026-09-24,7.97,7.8365,7.9659,6.2768,9.73,-18.09,2.57,-1.36,2435158.0,1,1,0,1,1,0,0,0,0,0,0,0,0,0,0,0,0,0,0,0
WETH,2026-09-24,1.035,1.1461,1.1657,1.4196,3.4179,-69.72,-9.61,-0.48,64010.0,0,0,0,0,0,0,0,0,0,0,0,0,0,0,0,0,0,1,0,0
WETO,2026-09-24,1.9,3.2345,13.3597,54.8014,210.0,-99.1,2.15,31.03,29907382.0,0,0,0,0,0,0,0,0,0,0,0,0,1,1,0,0,0,1,0,0
WEX,2026-09-24,185.43,192.7085,187.2746,160.9465,203.25,-8.77,-5.95,0.48,105259654.0,0,1,0,0,0,0,0,0,0,0,0,0,0,0,0,0,0,0,0,0
WEYS,2026-09-24,47.42,44.852,43.2344,35.5825,47.42,0.0,8.19,2.93,1258297.0,0,1,1,1,1,1,1,0,1,0,0,0,0,0,0,0,1,0,0,0
WF,2026-09-24,76.83,76.269,71.2348,66.4133,84.47,-9.04,-1.83,-0.77,6177229.0,1,1,0,1,1,1,0,0,0,0,0,0,0,0,0,0,0,0,0,0
WFC,2026-09-24,82.18,87.2615,86.8361,84.3437,94.8289,-13.34,-5.59,0.34,1234040229.0,0,0,0,0,0,0,0,0,0,0,0,0,0,0,0,0,0,0,0,0
WFCF,2026-09-24,12.15,12.9375,12.6504,12.2602,18.13,-32.98,-7.25,6.86,51872.0,0,0,0,0,0,0,0,0,0,0,0,0,1,1,0,0,0,0,0,0
WFF,2026-09-24,2.07,1.997,2.1027,2.0901,4.94,-58.1,5.61,0.0,1017935.0,0,0,0,1,0,0,0,0,0,0,0,0,0,0,0,0,0,0,0,0
WFG,2026-09-24,70.76,69.4965,69.0068,66.2115,75.9511,-6.83,-2.74,-3.16,16249822.0,1,1,0,1,1,1,0,0,0,0,0,0,0,0,0,0,0,0,0,0
WFRD,2026-09-24,84.13,89.441,88.3755,92.6576,111.0699,-24.25,2.22,-0.63,97362019.0,0,0,0,0,0,0,0,0,0,0,0,0,0,0,0,0,0,0,0,0
WGO,2026-09-24,26.9,28.5981,30.1041,33.8537,48.1373,-44.12,-0.81,-1.93,16168304.0,0,0,0,0,0,0,0,0,0,0,0,0,0,0,0,0,0,0,0,0
WGS,2026-09-24,88.48,89.8257,78.911,81.0745,167.515,-47.18,-9.18,3.85,56256510.0,1,1,0,0,1,0,0,0,0,0,0,0,1,0,0,0,0,1,0,0
WH,2026-09-24,69.25,70.396,72.908,77.4774,88.8674,-22.07,1.58,-0.09,87660653.0,0,0,0,0,0,0,0,0,0,0,0,0,0,0,0,0,0,0,0,0
WHD,2026-09-24,65.2,68.656,65.6003,55.9527,73.5712,-11.38,-2.98,-1.26,54646923.0,0,1,0,0,0,0,0,0,0,0,0,0,0,0,0,0,0,0,0,0
WHF,2026-09-24,7.06,6.9121,6.6655,6.5217,7.1973,-1.91,-0.17,-0.56,669766.0,1,1,1,1,1,1,0,0,0,0,0,0,0,0,0,0,0,0,0,0
WHG,2026-09-24,19.02,18.937,19.1356,17.4212,20.1825,-5.76,2.53,2.04,368317.0,1,1,0,1,0,0,0,0,0,0,0,0,0,0,0,0,0,0,0,0
WHK,2026-09-24,26.35,27.408,26.6207,,,,-3.55,-0.49,7433480.0,0,0,0,0,0,0,0,0,0,0,0,0,0,0,0,0,0,0,0,0
WHLR,2026-09-24,3.74,3.8983,18.3519,3724.4473,90072.0,-100.0,10.23,-31.25,30770186.0,0,0,0,0,0,0,0,0,0,0,1,0,0,0,1,0,0,0,0,0
WHR,2026-09-24,32.98,36.2535,38.4822,54.6881,91.6116,-64.0,1.73,0.15,97393564.0,0,0,0,0,0,0,0,0,0,0,0,0,0,0,0,0,0,0,0,0
WHWK,2026-09-24,3.86,4.32,4.2898,3.7218,5.1,-24.31,-4.46,1.05,1486593.0,0,1,0,0,0,0,0,0,0,0,0,0,0,0,0,0,0,0,0,0
WIA,2026-09-24,7.61,7.8465,7.8858,7.893,8.0419,-5.37,-2.93,-0.52,294762.0,0,0,0,0,0,0,0,0,0,0,1,0,0,0,0,0,0,0,0,1
WIMI,2026-09-24,0.811,1.1297,1.2168,1.8,4.97,-83.68,-21.26,-8.36,195616.0,0,0,0,0,0,0,0,0,0,0,1,0,0,0,0,0,0,0,0,1
WINA,2026-09-24,292.82,311.048,336.3219,393.9936,500.9051,-41.54,-0.7,0.54,29257280.0,0,0,0,0,0,0,0,0,0,0,0,1,0,0,0,0,0,0,0,0
WING,2026-09-24,97.84,108.132,118.8734,180.6375,282.7601,-65.4,-3.19,-0.04,139167189.0,0,0,0,0,0,0,0,0,0,0,0,0,0,0,0,0,0,0,0,1
WIT,2026-09-24,1.64,1.743,1.8471,2.1876,3.0256,-45.8,-2.38,-2.96,17298629.0,0,0,0,0,0,0,0,0,0,0,0,0,0,0,0,0,0,0,0,1
WIW,2026-09-24,7.92,8.214,8.2452,8.2166,8.36,-5.26,-3.65,-0.5,2721802.0,0,0,0,0,0,0,0,0,0,0,1,0,0,0,0,0,0,0,0,1
WIX,2026-09-24,77.53,80.9003,70.8345,73.9452,181.46,-57.27,-3.57,0.95,114746041.0,0,1,0,0,1,0,0,0,0,0,0,0,0,0,0,0,0,0,0,0
WK,2026-09-24,71.48,74.671,67.9684,64.5133,93.31,-23.4,-1.72,0.97,71607568.0,0,1,0,0,1,0,0,0,0,0,0,0,0,0,0,0,0,0,0,0
WKC,2026-09-24,35.97,35.5415,36.5842,28.9886,40.25,-10.63,1.41,-0.19,41302211.0,1,1,0,1,0,0,0,0,0,0,0,0,0,0,0,0,0,0,0,0
WKEY,2026-09-24,5.98,6.2105,6.3935,7.3564,17.8,-66.4,3.46,0.5,208948.0,0,0,0,0,0,0,0,0,0,0,0,0,0,0,0,0,0,0,0,0
WKHS,2026-09-24,2.91,3.0935,3.0622,3.6413,13.8,-78.91,-3.96,-3.64,333945.0,0,0,0,0,0,0,0,0,0,0,0,0,0,0,0,0,0,0,0,0
WKSP,2026-09-24,0.443,0.4986,0.5871,1.1841,3.785,-88.3,0.68,-0.23,6383484.0,0,0,0,0,0,0,0,0,0,0,0,0,0,0,0,0,0,0,0,0
WLDN,2026-09-24,79.63,83.5085,80.0914,91.6864,134.94,-40.99,1.59,-2.13,16239121.0,0,0,0,0,0,0,0,0,0,0,0,0,0,0,0,0,0,0,0,0
WLDS,2026-09-24,1.51,1.823,2.3366,5.1384,51.75,-97.08,-1.31,-7.93,638573.0,0,0,0,0,0,0,0,0,0,0,0,0,0,0,0,0,0,0,0,0
WLFC,2026-09-24,52.87,54.967,59.651,60.7042,79.782,-33.73,-4.12,-2.78,9268613.0,0,0,0,0,0,0,0,0,0,0,0,0,0,0,0,0,0,0,0,0
WLII,2026-09-24,10.26,10.259,10.2592,,,,0.0,0.0,158363.0,0,0,0,1,1,0,0,0,0,0,0,0,0,0,0,0,0,0,0,0
WLK,2026-09-24,66.76,72.02,74.4433,87.467,121.7986,-45.19,-5.52,-2.43,47827758.0,0,0,0,0,0,0,0,0,0,0,0,0,0,0,0,0,0,0,0,0
WLTH,2026-09-24,10.19,9.814,9.5388,,13.95,-26.95,0.2,3.56,36591464.0,0,0,0,1,1,1,0,0,0,0,0,0,1,0,0,0,0,0,0,0
WLY,2026-09-24,48.61,49.44,50.9052,40.5105,55.72,-12.76,-1.52,1.8,30370891.0,1,1,0,0,0,0,0,0,0,0,0,0,0,0,0,0,0,0,0,0
WLYB,2026-09-23,47.76,50.026,51.1174,40.755,54.73,-12.74,-2.01,1.29,66662.0,0,1,0,0,0,0,0,0,0,0,0,0,0,0,0,0,0,0,0,0
WM,2026-09-24,207.96,215.2807,223.4501,223.2464,243.3986,-14.56,-2.82,0.04,500602411.0,0,0,0,0,0,0,0,0,0,0,0,0,0,0,0,0,0,0,0,0
WMB,2026-09-24,70.58,72.9195,72.3607,69.8928,78.2497,-9.8,-0.45,-0.75,602300552.0,0,1,0,0,0,0,0,0,0,0,0,0,0,0,0,0,0,0,0,0
WMG,2026-09-24,27.29,28.2038,27.3338,28.2916,34.306,-20.45,-3.57,0.48,52511774.0,0,0,0,0,0,0,0,0,0,0,0,0,0,0,0,0,0,0,0,0
WMK,2026-09-24,72.31,71.5865,73.2671,70.9668,82.247,-12.08,-0.93,-0.22,15446914.0,1,1,0,1,0,0,0,0,0,0,0,0,0,0,0,0,0,0,0,0
WMS,2026-09-24,128.84,131.1603,138.8982,145.9459,174.6862,-26.24,1.58,-0.69,100023945.0,0,0,0,0,0,0,0,0,0,0,0,0,0,0,0,0,0,0,0,0
WMT,2026-09-24,107.59,106.8395,109.3835,118.1308,133.8795,-19.64,0.75,-2.66,2478141084.0,0,0,0,1,0,0,0,0,0,0,0,0,0,0,0,0,0,0,0,0
WNC,2026-09-24,11.71,12.7925,12.726,10.294,14.31,-18.17,-1.01,-0.43,8768715.0,0,1,0,0,0,0,0,0,0,0,0,0,0,0,0,0,0,0,0,0
WNEB,2026-09-24,13.87,13.758,13.853,13.3965,14.736,-5.88,0.58,1.17,760945.0,1,1,0,1,1,0,0,0,0,0,0,0,0,0,0,0,0,0,0,0
WNW,2026-09-24,2.45,2.4555,2.586,55.6302,215.0,-98.86,-2.78,1.66,4826665.0,0,0,0,0,0,0,0,0,0,0,0,0,0,0,0,0,0,0,0,0
WOK,2026-09-24,1.84,2.0275,2.053,905.6529,912000.0,-100.0,1.1,-1.08,113735.0,0,0,0,0,0,0,0,0,0,0,0,0,0,0,0,0,0,0,0,0
WOLF,2026-09-24,26.3,26.233,27.2518,29.1975,73.5,-64.22,11.11,-3.1,63705991.0,0,0,0,1,0,0,0,0,0,0,0,0,0,0,1,0,0,0,0,0
WOOF,2026-09-24,2.29,2.5055,2.6621,2.7545,3.91,-41.43,-2.55,-0.87,7457414.0,0,0,0,0,0,0,0,0,0,0,0,0,0,0,0,0,0,0,0,1
WOR,2026-09-24,60.33,58.483,57.3616,54.9304,62.2638,-3.11,0.65,1.06,28566587.0,0,1,1,1,1,1,0,0,0,0,0,0,0,0,0,0,0,0,0,0
WPAC,2026-09-24,10.06,10.05,10.0298,,10.24,-1.76,0.0,0.0,177077.0,0,0,1,1,1,1,0,0,0,0,0,0,0,0,0,0,0,0,0,0
WPC,2026-09-24,65.95,68.9045,71.3942,69.9452,76.69,-14.0,-0.96,-0.81,103629122.0,0,0,0,0,0,0,0,0,0,0,1,0,0,0,0,0,0,0,0,0
WPM,2026-09-24,143.88,151.4605,135.3763,131.7355,164.9926,-12.8,-1.94,-1.08,285339545.0,0,1,0,0,1,0,0,0,0,0,0,0,0,0,0,0,0,0,0,0
WPP,2026-09-24,25.27,25.3695,23.9034,19.666,27.55,-8.28,-0.39,0.6,8201591.0,1,1,0,0,1,0,0,0,0,0,0,0,0,0,0,0,0,0,0,0
WPRT,2026-09-24,2.04,1.8945,1.856,1.938,2.51,-18.73,2.51,3.03,112243.0,0,1,0,1,1,1,0,0,0,0,0,0,1,0,0,0,0,0,0,0
WRAP,2026-09-24,1.43,1.6012,1.7175,1.7708,3.1,-53.87,-7.14,-3.05,1087859.0,0,0,0,0,0,0,0,0,0,0,0,0,0,0,0,0,0,0,0,0
WRB,2026-09-24,67.29,69.0688,70.5135,68.3299,76.3302,-11.84,-3.67,-0.56,246456584.0,0,0,0,0,0,0,0,0,0,0,0,0,0,0,0,0,0,0,0,0
WRBY,2026-09-24,26.27,24.379,25.5594,25.1799,30.34,-13.41,11.55,12.51,71466081.0,0,1,0,1,1,0,0,0,0,0,0,0,1,1,1,0,0,1,0,0
WRD,2026-09-24,5.79,5.7833,5.8897,7.1186,12.38,-53.23,5.08,-1.03,13116668.0,0,0,0,1,0,0,0,0,0,0,0,0,0,0,0,0,0,0,0,0
WRLD,2026-09-24,170.75,185.4735,187.792,159.8498,223.83,-23.71,-8.0,0.4,12289511.0,0,1,0,0,0,0,0,0,0,0,0,0,0,0,0,0,0,0,0,0
WRN,2026-09-24,2.35,2.4225,2.3396,2.7128,4.05,-41.98,4.44,-1.67,2780623.0,0,0,0,0,1,0,0,0,0,0,0,0,0,0,0,0,0,0,0,0
WS,2026-09-24,35.48,34.1615,35.358,36.9395,48.0346,-26.14,6.45,2.22,10224250.0,0,0,0,1,1,0,0,0,0,0,0,0,0,0,0,0,0,0,0,0
WSBC,2026-09-24,38.42,39.84,40.5614,35.948,42.3072,-9.19,-2.83,0.87,41394568.0,0,1,0,0,0,0,0,0,0,0,0,0,0,0,0,0,0,0,0,0
WSBF,2026-09-24,20.32,20.9955,20.7352,18.5856,21.52,-5.58,-2.35,-0.05,2093075.0,0,1,0,0,0,0,0,0,0,0,0,0,0,0,0,0,0,0,0,0
WSBK,2026-09-24,12.7,12.9504,12.9868,12.4326,13.265,-4.26,-1.55,-0.86,111733.0,0,1,1,0,0,0,0,0,0,0,1,0,0,0,0,0,0,0,0,0
WSC,2026-09-24,17.75,19.1833,22.4129,22.181,28.9667,-38.72,-1.77,-0.84,50831838.0,0,0,0,0,0,0,0,0,0,0,1,0,0,0,0,0,0,0,0,0
WSE,2026-09-24,11.3,12.304,12.4002,,,,-3.5,-0.44,19257703.0,0,0,0,0,0,0,0,0,0,0,0,0,0,0,0,0,0,0,0,0
WSFS,2026-09-24,77.27,78.7615,79.7028,69.7166,82.0885,-5.87,-2.93,0.36,29459085.0,1,1,0,0,0,0,0,0,0,0,0,0,0,0,0,0,0,0,0,0
WSHP,2026-09-24,5.76,5.386,5.1078,25.9591,200.0,-97.12,7.06,-0.35,4674525.0,0,0,0,1,1,1,0,0,0,0,0,0,0,0,0,0,0,0,0,0
WSM,2026-09-24,228.66,226.719,232.5448,206.2638,251.78,-9.18,4.79,0.36,303720839.0,1,1,0,1,0,0,0,0,0,0,0,0,0,0,0,0,0,0,0,0
WSO,2026-09-24,320.21,312.608,325.8866,368.9319,452.9667,-29.31,5.26,-1.59,151326294.0,0,0,0,1,0,0,0,0,0,0,0,0,0,0,0,0,0,0,0,0
WST,2026-09-24,373.6,351.3055,349.9963,298.5314,375.87,-0.6,3.2,-0.6,209669277.0,0,1,1,1,1,1,0,0,0,0,0,0,0,0,0,0,0,0,0,0
WSTN,2026-09-24,10.185,10.1698,10.1529,,10.2,-0.15,0.39,0.0,20928.0,0,0,1,1,1,1,0,0,0,0,0,0,0,0,0,0,0,0,0,0
WT,2026-09-24,23.99,23.8325,22.3041,17.6732,25.04,-4.19,7.77,1.14,74955215.0,1,1,1,1,1,1,0,0,0,0,0,0,0,0,0,0,0,0,0,0
WTBA,2026-09-24,29.03,28.955,28.4244,24.859,30.0,-3.23,-1.46,1.79,1481105.0,1,1,1,1,1,1,0,0,0,0,0,0,0,0,0,0,0,0,0,0
WTF,2026-09-24,2.35,2.621,2.8007,3.2901,6.67,-64.77,-10.98,-2.49,7793.0,0,0,0,0,0,0,0,0,0,0,0,0,0,0,0,0,0,1,0,1
WTFC,2026-09-24,144.32,150.305,155.6303,148.948,166.3314,-13.23,-2.64,0.42,66269684.0,0,0,0,0,0,0,0,0,0,0,1,0,0,0,0,0,0,0,0,0
WTG,2026-09-24,10.588,10.5768,10.5175,10.3383,10.59,-0.02,0.08,0.0,128590.0,0,1,1,1,1,1,0,0,0,0,0,0,0,0,0,0,0,0,0,0
WTI,2026-09-24,3.86,3.8675,3.7022,3.1216,4.8862,-21.0,-0.77,3.21,14120453.0,1,1,0,0,1,0,0,0,0,0,0,0,1,0,0,0,0,0,0,0
WTM,2026-09-24,2029.33,2077.6355,2119.3408,2128.2724,2319.4099,-12.51,-1.6,-0.13,45433519.0,0,0,0,0,0,0,0,0,0,0,0,0,0,0,0,0,0,0,0,0
WTRG,2026-09-24,39.74,41.207,40.2952,38.5668,42.0,-5.38,-3.94,-1.1,104367666.0,0,1,0,0,0,0,0,0,0,0,0,0,0,0,0,0,0,0,0,0
WTS,2026-09-24,354.4,357.2238,359.8945,319.9253,391.5544,-9.49,1.61,-0.81,74071467.0,1,1,0,0,0,0,0,0,0,0,0,0,0,0,0,0,0,0,0,0
WTTR,2026-09-24,19.53,20.0755,20.0058,16.1677,22.1847,-11.97,-3.84,1.24,30707627.0,1,1,0,0,0,0,0,0,0,0,0,0,0,0,0,0,0,0,0,0
WTW,2026-09-24,293.63,323.154,323.2066,298.6515,350.75,-16.29,-6.16,-1.79,158706372.0,0,0,0,0,0,0,0,0,0,0,1,0,0,0,0,0,0,0,0,0
WU,2026-09-24,6.03,6.6732,7.079,7.9615,9.3777,-35.7,-7.8,-0.99,58774243.0,0,0,0,0,0,0,0,0,0,0,1,0,0,0,0,0,0,0,0,1
WULF,2026-09-24,16.29,16.165,16.894,18.0546,28.98,-43.79,-1.09,-0.37,461032777.0,0,0,0,1,0,0,0,0,0,0,0,0,0,0,0,0,0,0,0,0
WVE,2026-09-24,3.96,4.6615,5.2368,9.1401,21.31,-81.42,-12.2,0.25,15147561.0,0,0,0,0,0,0,0,0,0,0,1,0,0,0,0,0,0,0,0,0
WVVI,2026-09-24,1.85,2.0995,2.33,2.6393,3.9,-52.56,-1.6,-2.12,24683.0,0,0,0,0,0,0,0,0,0,0,0,0,0,0,0,0,0,0,0,1
WW,2026-09-24,13.99,16.0897,15.4051,17.9337,34.92,-59.94,-9.39,-6.92,3660428.0,0,0,0,0,0,0,0,0,0,0,0,0,0,0,0,0,0,0,0,0
WWD,2026-09-24,325.88,333.145,358.1501,361.9239,436.052,-25.27,2.33,-0.11,245216894.0,0,0,0,0,0,0,0,0,0,0,0,0,0,0,0,0,0,0,0,0
WWR,2026-09-24,0.52,0.5635,0.5236,0.691,3.48,-85.06,0.0,-1.89,502131.0,0,0,0,0,0,0,0,0,0,0,0,0,0,0,0,0,0,0,0,0
WWW,2026-09-24,19.3,19.5905,19.549,17.7791,28.4059,-32.06,0.05,0.99,13679503.0,1,1,0,0,0,0,0,0,0,0,0,0,0,0,0,0,0,0,0,0
WXM,2026-09-24,3.96,4.158,4.095,4.6555,39.0,-89.85,5.6,-1.0,254503.0,0,0,0,0,0,0,0,0,0,0,0,0,0,0,0,0,0,0,0,0
WY,2026-09-24,20.14,22.3391,23.5191,23.863,26.396,-23.7,-7.66,-4.87,137500468.0,0,0,0,0,0,0,0,0,0,0,1,0,0,0,0,0,0,0,0,1
WYFI,2026-09-24,20.26,18.72,22.5794,21.5349,44.77,-54.75,17.38,6.35,32556756.0,0,0,0,1,0,0,0,0,0,0,0,0,1,1,1,0,0,0,0,0
WYHG,2026-09-24,4.1,4.492,4.6029,3.2029,9.83,-58.29,-5.96,0.0,6701409.0,0,1,0,0,0,0,0,0,0,0,0,0,0,0,0,0,0,0,0,0
WYNN,2026-09-24,80.19,88.4705,95.0098,104.2666,132.1289,-39.31,-4.8,-1.55,183171170.0,0,0,0,0,0,0,0,0,0,0,1,0,0,0,0,0,0,1,0,1
WYY,2026-09-24,11.07,11.031,10.741,8.4458,20.2,-45.2,-10.15,-0.9,1104425.0,1,1,0,1,1,1,0,0,0,0,0,0,0,0,0,0,0,0,1,0
XAIR,2026-09-24,3.17,3.559,4.7873,12.8325,54.0,-94.13,2.92,5.32,2403808.0,0,0,0,0,0,0,0,0,0,0,0,1,1,1,0,0,0,0,0,0
XBIO,2026-09-24,2.47,3.7123,3.2783,2.8584,10.36,-76.16,12.79,-1.98,477350.0,0,0,0,0,0,0,0,0,0,0,0,0,0,0,1,0,0,0,0,0
XBIT,2026-09-24,2.16,2.2058,2.252,2.3765,2.94,-26.53,0.47,-0.92,118282.0,0,0,0,0,0,0,0,0,0,0,0,0,0,0,0,0,0,0,0,0
XBP,2026-09-24,3.37,3.0135,2.9697,4.3019,9.3,-63.76,15.02,3.22,100166.0,0,0,0,1,1,1,0,0,0,0,0,0,1,0,1,0,0,0,0,0
XCBE,2026-09-24,10.01,10.0045,9.981,,10.01,0.0,0.0,0.0,405521.0,0,0,1,1,1,1,0,0,1,0,0,0,0,0,0,0,0,0,0,0
XCH,2026-09-24,3.16,3.358,6.1956,16.6288,39.4,-91.98,1.41,0.0,40899.0,0,0,0,0,0,0,0,0,0,0,1,0,0,0,0,0,0,0,0,0
XCUR,2026-09-24,1.23,1.3135,1.4327,3.3562,7.29,-83.13,-7.52,-0.81,51338.0,0,0,0,0,0,0,0,0,0,0,0,0,0,0,0,0,0,0,0,0
XE,2026-09-24,15.72,16.7795,17.556,,,,-3.74,-4.03,123291124.0,0,0,0,0,0,0,0,0,0,0,0,0,0,0,0,0,0,0,0,0
XEL,2026-09-24,69.56,74.1938,76.5104,77.0318,82.0098,-15.18,-4.33,-1.56,434964797.0,0,0,0,0,0,0,0,0,0,0,1,0,0,0,0,0,0,0,0,1
XELB,2026-09-24,0.79,0.8928,1.0258,1.5207,2.43,-67.49,-10.23,-6.51,65233.0,0,0,0,0,0,0,0,0,0,0,0,0,0,0,0,0,0,0,0,0
XENE,2026-09-24,38.06,55.208,60.494,53.313,70.96,-46.36,-32.95,4.1,88356190.0,0,0,0,0,0,0,0,0,0,0,1,0,1,0,0,0,0,0,0,0
XERS,2026-09-24,8.95,8.2625,8.3542,7.1126,9.9,-9.6,15.04,3.35,15510592.0,0,1,0,1,1,0,0,0,0,0,0,0,1,0,1,0,0,0,0,0
XFLH,2026-09-24,10.04,10.0155,10.0118,,10.23,-1.86,0.4,0.0,26359.0,0,0,1,1,1,1,0,0,0,0,0,0,0,0,0,0,0,0,0,0
XFLT,2026-09-24,19.36,19.1213,18.5911,18.0162,22.8816,-15.39,0.89,-0.31,1325281.0,1,1,0,1,1,1,0,0,0,0,0,0,0,0,0,0,0,0,0,0
XFOR,2026-09-24,3.0,3.7055,3.9207,3.9324,4.67,-35.76,-14.53,-3.54,3643912.0,0,0,0,0,0,0,0,0,0,0,1,0,0,0,0,0,0,0,0,0
XGN,2026-09-24,8.74,7.6545,6.5738,4.7864,11.96,-26.92,12.34,2.22,2010784.0,0,1,0,1,1,1,0,0,0,0,0,0,0,0,1,0,0,0,0,0
XHG,2026-09-24,2.19,3.044,2.3686,1.294,4.62,-52.6,-15.77,-3.95,53178.0,0,1,0,0,0,0,0,0,0,0,0,0,0,0,0,0,0,0,1,0
XHLD,2026-09-24,12.7,9.9205,6.0995,2.7454,12.7,0.0,31.61,5.13,37778773.0,0,1,1,1,1,1,0,0,1,0,0,0,1,1,1,0,0,0,0,0
XHR,2026-09-24,17.93,18.095,19.3512,16.8548,21.82,-17.83,2.22,0.62,16239260.0,1,1,0,0,0,0,0,0,0,0,0,0,0,0,0,0,0,0,0,0
XLAB,2026-09-24,2.58,3.8657,5.5281,9.0988,10.99,-76.52,-12.24,-6.18,1976446.0,0,0,0,0,0,0,0,0,0,0,1,0,0,0,0,0,0,0,0,1
XLO,2026-09-24,9.0,8.978,9.0252,8.6094,12.082,-25.51,0.22,0.67,99576.0,1,1,0,1,0,0,0,0,0,0,0,0,0,0,0,0,0,0,0,0
XMAX,2026-09-24,8.75,8.758,8.7768,7.5087,9.34,-6.32,-0.34,0.46,4736147.0,1,1,0,0,0,0,0,0,0,0,0,0,0,0,0,0,0,0,0,0
XMTR,2026-09-24,97.38,92.4608,91.1192,70.8803,105.01,-7.27,4.54,-7.27,71350777.0,0,1,0,1,1,1,0,0,0,0,0,0,0,0,0,0,0,1,0,0
XNCR,2026-09-24,23.88,25.6047,23.212,15.6089,29.3,-18.5,0.72,-1.57,39247447.0,0,1,0,0,1,0,0,0,0,0,0,0,0,0,0,0,0,0,0,0
XNDU,2026-09-24,5.1,8.474,9.7856,,36.12,-85.88,-33.42,-4.32,32676153.0,0,0,0,0,0,0,0,0,0,0,1,0,0,0,0,0,0,1,0,1
XNET,2026-09-24,5.01,4.9253,5.1711,5.9141,10.78,-53.53,2.04,-1.18,1044094.0,0,0,0,1,0,0,0,0,0,0,0,0,0,0,0,0,0,0,0,0
XOM,2026-09-24,162.14,162.249,158.3921,146.0305,169.32,-4.24,-0.72,0.56,2387223644.0,1,1,1,0,1,0,0,0,0,0,0,0,0,0,0,0,0,0,0,0
XOS,2026-09-24,2.5,2.8685,2.6849,2.3974,7.46,-66.49,-0.4,-1.96,1354602.0,0,1,0,0,0,0,0,0,0,0,0,0,0,0,0,0,0,0,0,0
XP,2026-09-24,20.52,19.5038,17.7465,17.9566,22.6565,-9.43,3.85,-1.72,145427602.0,0,1,0,1,1,1,0,0,0,0,0,0,0,0,0,0,0,0,0,0
XPEL,2026-09-24,43.75,47.803,47.2198,47.1622,54.95,-20.38,-4.35,-1.73,9110048.0,0,0,0,0,0,0,0,0,0,0,0,0,0,0,0,0,0,0,0,0
XPER,2026-09-24,5.45,5.752,6.5632,6.5496,8.64,-36.92,-1.27,-0.91,2442535.0,0,0,0,0,0,0,0,0,0,0,1,0,0,0,0,0,0,0,0,0
XPEV,2026-09-24,10.25,10.7465,11.7032,15.8333,28.07,-63.48,-3.3,-0.39,71382239.0,0,0,0,0,0,0,0,0,0,0,0,0,0,0,0,0,0,0,0,0
XPL,2026-09-24,0.63,0.6585,0.7196,0.7673,0.95,-33.68,5.0,-1.56,147575.0,0,0,0,0,0,0,0,0,0,0,0,0,0,0,0,0,0,0,0,0
XPO,2026-09-24,176.12,183.3765,196.187,191.4887,228.37,-22.88,0.98,-2.11,195560336.0,0,0,0,0,0,0,0,0,0,0,0,0,0,0,0,0,0,0,0,0
XPOF,2026-09-24,3.75,4.4585,5.3084,6.5111,9.0,-58.33,-0.53,1.35,2967420.0,0,0,0,0,0,0,0,0,0,0,0,1,0,0,0,0,0,0,0,0
XPON,2026-09-24,4.77,5.5898,4.596,7.3147,20.88,-77.16,-6.1,1.27,4259982.0,0,0,0,0,1,0,0,0,0,0,0,0,0,0,0,0,0,0,0,0
XPRO,2026-09-24,16.72,17.4145,17.1442,16.1771,18.96,-11.81,1.7,1.27,14379116.0,0,1,0,0,0,0,0,0,0,0,0,0,0,0,0,0,0,0,0,0
XRAY,2026-09-24,9.53,10.4905,11.7434,11.6771,14.68,-35.08,-6.02,-2.56,44724943.0,0,0,0,0,0,0,0,0,0,0,0,0,0,0,0,0,0,0,0,0
XRN,2026-09-24,35.78,36.3245,36.3178,34.7212,37.6062,-4.86,0.87,0.59,3491063.0,1,1,1,0,0,0,0,0,0,0,0,0,0,0,0,0,0,0,0,0
XRPN,2026-09-24,10.57,10.5448,10.5004,10.3665,10.57,0.0,0.38,0.0,1670381.0,0,1,1,1,1,1,0,0,1,0,0,0,0,0,0,0,0,0,0,0
XRTX,2026-09-24,1.72,2.0987,2.0896,2.3339,5.5,-68.73,-3.37,1.18,1340532.0,0,0,0,0,0,0,0,0,0,0,0,0,0,0,0,0,0,0,0,0
XRX,2026-09-24,3.33,3.278,3.072,2.4734,3.7496,-11.19,-4.31,-4.03,8868967.0,1,1,0,1,1,1,0,0,0,0,0,0,0,0,0,0,0,0,0,0
XSLL,2026-09-24,9.98,9.9885,9.96,,10.0,-0.2,-0.2,0.0,624490.0,0,0,1,0,1,0,0,0,0,0,0,0,0,0,0,0,0,0,0,0
XTIA,2026-09-24,0.958,1.0749,1.3246,1.7222,3.06,-68.69,0.95,-0.1,1076371.0,0,0,0,0,0,0,0,0,0,0,0,0,0,0,0,0,0,0,0,0
XTLB,2026-09-24,2.41,2.4685,2.6958,2.8521,8.2,-70.61,0.84,9.55,12605.0,0,0,0,0,0,0,0,0,0,0,0,0,1,1,0,0,0,1,0,0
XTNT,2026-09-24,0.38,0.3555,0.3794,0.5174,0.92,-58.7,18.75,0.0,1890294.0,0,0,0,1,1,0,0,0,0,0,0,0,0,0,1,0,0,0,0,0
XWEL,2026-09-24,0.89,0.941,0.9922,0.9817,1.7,-47.65,-2.2,-1.11,33231.0,0,0,0,0,0,0,0,0,0,0,0,0,0,0,0,0,0,0,0,0
XXI,2026-09-24,6.63,5.954,5.3668,6.9721,24.61,-73.06,24.62,-2.5,15928747.0,0,0,0,1,1,1,0,0,0,0,0,0,0,0,1,0,0,0,0,0
XXII,2026-09-24,1.51,2.272,3.394,75.6588,594.0,-99.75,-12.21,-35.47,493764.0,0,0,0,0,0,0,0,0,0,0,0,0,0,0,0,0,0,1,0,1
XYF,2026-09-24,5.22,5.1429,4.9697,4.7598,13.0918,-60.13,9.21,-0.19,424629.0,1,1,0,1,1,1,0,0,0,0,0,0,0,0,0,0,0,0,0,0
XYL,2026-09-24,102.66,108.0095,114.3987,121.4186,150.8356,-31.94,-4.3,-5.5,289640940.0,0,0,0,0,0,0,0,0,0,0,0,0,0,0,0,0,0,0,0,1
XYZ,2026-09-24,76.74,79.715,80.3368,69.716,84.85,-9.56,0.14,2.76,321981868.0,0,1,0,0,0,0,0,0,0,0,0,0,0,0,0,0,0,0,0,0
XZO,2026-09-24,15.65,16.3715,16.1762,16.6662,24.25,-35.46,-4.69,2.22,5264549.0,0,0,0,0,0,0,0,0,0,0,0,0,0,0,0,0,0,0,0,0
YAAS,2026-09-24,1.37,1.6385,1.8287,1.3351,8.48,-83.84,9.6,4.58,3814212.0,0,1,0,0,0,0,0,0,0,0,0,0,1,0,0,0,0,0,0,0
YALA,2026-09-24,5.51,5.4845,5.4496,6.2551,7.72,-28.63,0.92,0.92,1702629.0,0,0,0,1,1,1,0,0,0,0,0,0,0,0,0,0,0,0,0,0
YARW,2026-09-24,26.07,30.0647,32.5566,20.937,42.94,-39.29,0.5,-6.49,4002678.0,0,1,0,0,0,0,0,0,0,0,0,0,0,0,0,0,0,0,0,0
YB,2026-09-24,12.13,13.1505,13.4938,15.7945,22.1538,-45.25,-2.49,-0.66,464025.0,0,0,0,0,0,0,0,0,0,0,0,0,0,0,0,0,0,0,0,0
YCBD,2026-09-24,0.459,0.4802,0.5149,0.7759,2.27,-79.78,-8.2,0.44,457275.0,0,0,0,0,0,0,0,0,0,0,0,0,0,0,0,0,0,0,0,0
YCY,2026-09-24,10.28,10.251,10.2334,10.1113,10.28,0.0,0.49,0.49,246557.0,1,1,1,1,1,1,0,0,1,0,0,0,0,0,0,0,0,1,0,0
YDDL,2026-09-24,1.42,1.6375,1.7436,4.7486,15.34,-90.74,-5.33,-2.74,4156036.0,0,0,0,0,0,0,0,0,0,0,0,0,0,0,0,0,0,0,0,1
YDES,2026-09-24,4.77,3.804,3.2202,6.3644,21.06,-77.35,28.92,47.68,2549524.0,0,0,0,1,1,1,0,0,0,0,0,0,1,1,1,0,0,1,0,0
YDKG,2026-09-24,0.9,0.897,0.974,0.9315,372.0,-99.76,9.76,2.27,10440.0,0,0,0,1,0,0,0,0,0,0,0,0,0,0,0,0,0,0,0,0
YELP,2026-09-24,18.37,21.1025,23.5804,25.2495,33.83,-45.7,-11.51,3.61,27894723.0,0,0,0,0,0,0,0,0,0,0,1,0,1,0,0,0,0,0,0,0
YETI,2026-09-24,41.99,41.096,45.7206,44.4664,52.68,-20.29,3.55,0.31,72844515.0,0,0,0,1,0,0,0,0,0,0,0,0,0,0,0,0,0,0,0,0
YEXT,2026-09-24,6.47,6.457,6.005,5.5205,8.87,-27.06,1.25,0.47,8118069.0,1,1,0,1,1,1,0,0,0,0,0,0,0,0,0,0,0,0,0,0
YFOR,2026-09-24,1.6,1.5375,1.3524,110.9168,579.0,-99.72,-6.98,-3.03,12256414.0,0,0,0,1,1,1,0,0,0,0,0,0,0,0,0,0,0,0,0,0
YHC,2026-09-24,1.35,1.4372,1.645,63.5512,111.0,-98.78,9.76,3.85,104409.0,0,0,0,0,0,0,0,0,0,0,1,0,1,0,0,0,0,0,0,0
YHGJ,2026-09-24,2.6,2.768,2.9756,3.2491,9.32,-72.1,-1.89,-3.35,5191.0,0,0,0,0,0,0,0,0,0,0,0,0,0,0,0,0,0,0,0,0
YHNA,2026-09-24,11.05,11.079,10.9938,10.8089,11.35,-2.64,-1.34,0.0,372893.0,1,1,1,0,1,0,0,0,0,0,0,0,0,0,0,0,0,0,0,0
YI,2026-09-24,3.59,3.4695,3.6348,5.0925,8.38,-57.16,6.21,-3.23,69137.0,0,0,0,1,0,0,0,0,0,0,0,0,0,0,0,0,0,0,0,0
YIBO,2026-09-24,1.16,1.1975,1.2102,1.0509,1.47,-21.09,-6.45,-0.85,2223.0,0,1,0,0,0,0,0,0,0,0,0,0,0,0,0,0,0,1,0,0
YJ,2026-09-24,1.79,2.1733,2.0223,1.6788,4.25,-57.88,-9.6,0.0,1579409.0,0,1,0,0,0,0,0,0,0,0,0,0,0,0,0,0,0,0,0,0
YMAT,2026-09-24,1.43,1.7259,1.8824,2.4648,9.35,-84.71,3.62,11.72,6961518.0,0,0,0,0,0,0,0,0,0,0,0,0,1,1,0,0,0,1,0,0
YMM,2026-09-24,8.16,8.375,8.8628,9.049,13.7222,-40.53,1.12,-2.16,45548965.0,0,0,0,0,0,0,0,0,0,0,0,0,0,0,0,0,0,0,0,0
YMT,2026-09-24,1.78,2.191,3.9119,118.638,504.0,-99.65,-11.88,-3.26,738932.0,0,0,0,0,0,0,0,0,0,0,1,0,0,0,0,0,0,0,0,1
YORW,2026-09-24,30.75,33.28,32.5342,31.3993,34.58,-11.08,-6.79,-0.58,4195469.0,0,0,0,0,0,0,0,0,0,0,1,0,0,0,0,0,0,0,0,0
YOU,2026-09-24,38.55,42.0753,47.2985,46.3952,61.9681,-37.79,-5.21,-0.9,83143928.0,0,0,0,0,0,0,0,0,0,0,1,0,0,0,0,0,0,0,0,0
YOUL,2026-09-24,0.498,0.476,0.4847,0.9057,2.11,-76.4,-0.2,5.51,30761.0,0,0,0,1,1,0,0,0,0,0,0,0,1,1,0,0,0,0,0,0
YPF,2026-09-24,53.61,53.5995,51.7438,44.3473,57.61,-6.94,-1.9,-0.59,68608603.0,1,1,0,1,1,1,0,0,0,0,0,0,0,0,0,0,0,0,0,0
YQ,2026-09-24,3.69,3.1925,2.6005,2.771,6.23,-40.77,2.93,3.8,687660.0,0,1,0,1,1,1,0,0,0,0,0,0,1,0,0,0,0,0,0,0
YRD,2026-09-24,0.984,1.0058,1.1111,2.3089,6.6,-85.09,0.41,-1.6,45481.0,0,0,0,0,0,0,0,0,0,0,0,0,0,0,0,0,0,0,0,0
YSG,2026-09-24,2.48,2.672,3.0526,3.4913,9.31,-73.36,-4.98,-10.14,260686.0,0,0,0,0,0,0,0,0,0,0,0,0,0,0,0,0,0,1,0,0
YSS,2026-09-24,9.81,8.6935,11.751,,43.45,-77.42,19.2,2.08,33172441.0,0,0,0,1,0,0,0,0,0,0,0,0,0,0,1,0,0,0,0,0
YSWY,2026-09-24,19.45,22.896,22.324,,,,-10.53,-0.61,6814072.0,0,0,0,0,0,0,0,0,0,0,1,0,0,0,0,0,0,0,0,0
YSXT,2026-09-24,1.32,1.2742,1.0822,1.183,2.98,-55.7,6.45,-5.71,31284.0,0,1,0,1,1,1,0,0,0,0,0,0,0,0,0,0,0,0,0,0
YTRA,2026-09-24,1.0,1.016,0.9455,1.1649,1.91,-47.64,-3.85,-3.85,41369.0,0,0,0,0,1,0,0,0,0,0,0,0,0,0,0,0,0,0,0,0
YUM,2026-09-24,137.34,145.3773,147.6479,152.9361,166.6498,-17.59,-0.45,-2.34,325402642.0,0,0,0,0,0,0,0,0,0,0,0,0,0,0,0,0,0,0,0,0
YUMC,2026-09-24,40.99,43.026,44.9262,46.9375,56.8993,-27.96,-0.89,0.34,62969461.0,0,0,0,0,0,0,0,0,0,0,0,1,0,0,0,0,0,0,0,0
YXT,2026-09-24,2.4,2.502,3.6081,5.2536,23.43,-89.76,3.9,0.84,52101.0,0,0,0,0,0,0,0,0,0,0,0,0,0,0,0,0,0,0,0,0
YYAI,2026-09-24,0.769,0.7829,28.398,476.4346,100400.0,-100.0,11.77,4.2,379798.0,0,0,0,0,0,0,0,0,0,0,1,0,1,0,1,0,0,0,0,0
Z,2026-09-24,28.14,32.5785,33.4685,44.3456,80.54,-65.06,-10.12,-1.78,121914602.0,0,0,0,0,0,0,0,0,0,0,0,0,0,0,0,0,0,0,0,1
ZBAO,2026-09-24,0.093,0.1379,0.1784,0.639,1.27,-92.68,-19.83,-4.12,1310702.0,0,0,0,0,0,0,0,0,0,0,1,0,0,0,0,0,0,1,0,1
ZBH,2026-09-24,89.69,96.4345,96.059,91.1375,103.1494,-13.05,-7.33,-1.31,191269367.0,0,0,0,0,0,0,0,0,0,0,0,0,0,0,0,0,0,0,0,0
ZBIO,2026-09-24,27.5,31.8515,31.5296,25.6354,43.17,-36.3,-14.91,-7.19,21185545.0,0,1,0,0,0,0,0,0,0,0,0,0,0,0,0,0,0,0,1,0
ZBRA,2026-09-24,365.1,352.7435,335.4818,263.5227,383.06,-4.69,7.01,-1.6,200578238.0,0,1,1,1,1,1,0,0,0,0,0,0,0,0,0,0,0,0,0,0
ZCMD,2026-09-24,0.978,0.8644,1.1028,143.4412,930.0,-99.89,24.11,-1.01,945807.0,0,0,0,1,0,0,0,0,0,0,0,0,0,0,1,0,0,0,0,0
ZD,2026-09-24,56.47,56.576,54.9474,44.5396,59.21,-4.63,-3.88,-0.49,40300957.0,1,1,1,0,1,0,0,0,0,0,0,0,0,0,0,0,0,0,0,0
ZDAI,2026-09-24,1.585,1.6019,1.6793,3.4616,11.744,-86.5,0.32,-2.16,14222.0,0,0,0,0,0,0,0,0,0,0,0,0,0,0,0,0,0,0,0,0
ZDGE,2026-09-24,3.02,3.007,2.9832,3.0766,4.1322,-26.91,0.67,-0.33,326042.0,0,0,0,1,1,1,0,0,0,0,0,0,0,0,0,0,0,0,0,0
ZENA,2026-09-24,1.46,1.5873,1.6157,2.2368,6.69,-78.18,-2.67,-2.01,2735115.0,0,0,0,0,0,0,0,0,0,0,0,0,0,0,0,0,0,0,0,0
ZEO,2026-09-24,0.385,0.2793,0.4237,0.7744,1.99,-80.65,49.81,-3.02,14408718.0,0,0,0,1,0,0,0,0,0,0,0,0,0,0,1,0,0,0,0,0
ZEPP,2026-09-24,4.12,4.6495,4.8864,13.4866,61.27,-93.28,-3.29,-2.83,237231.0,0,0,0,0,0,0,0,0,0,0,0,0,0,0,0,0,0,0,0,0
ZETA,2026-09-24,29.57,30.6925,27.2636,20.9133,32.68,-9.52,-2.63,-0.74,210410115.0,0,1,0,0,1,0,0,0,0,0,0,0,0,0,0,0,0,0,0,0
ZG,2026-09-24,28.91,33.3075,33.9752,44.3051,77.95,-62.91,-9.66,-1.5,28389382.0,0,0,0,0,0,0,0,0,0,0,0,0,0,0,0,0,0,0,0,1
ZGN,2026-09-24,12.47,12.4735,13.5458,11.9897,15.25,-18.23,5.68,0.24,16131260.0,1,1,0,0,0,0,0,0,0,0,0,0,0,0,0,0,0,0,0,0
ZH,2026-09-24,3.75,2.9655,3.1168,3.2545,5.23,-28.3,23.76,7.14,1871998.0,0,1,0,1,1,0,1,1,0,0,0,0,1,1,1,1,0,0,0,0
ZIM,2026-09-24,29.38,28.9555,27.2062,25.0387,30.46,-3.55,0.17,-2.36,37804085.0,1,1,1,1,1,1,0,0,0,0,0,0,0,0,0,0,0,0,0,0
ZION,2026-09-24,62.82,67.065,68.7791,62.5018,72.8207,-13.73,-4.05,0.27,99975683.0,0,1,0,0,0,0,0,0,0,0,1,0,0,0,0,0,0,0,0,0
ZIP,2026-09-24,3.45,3.9665,4.2384,3.37,5.49,-37.16,-9.92,-3.63,3648826.0,0,1,0,0,0,0,0,0,0,0,0,0,0,0,0,0,0,0,0,0
ZJK,2026-09-24,2.16,2.208,1.9999,2.158,3.815,-43.38,0.93,3.35,34627.0,1,1,0,0,1,0,0,0,0,0,0,0,1,0,0,0,0,0,0,0
ZJYL,2026-09-24,2.0,2.1375,2.3372,2.6734,11.76,-82.99,1.52,-2.44,290024.0,0,0,0,0,0,0,0,0,0,0,0,0,0,0,0,0,0,1,0,0
ZKH,2026-09-24,2.86,2.9105,2.9144,3.0724,3.79,-24.54,-1.38,1.78,775208.0,0,0,0,0,0,0,0,0,0,0,0,0,0,0,0,0,0,0,0,0
ZKIN,2026-09-24,1.8,1.2188,1.2037,1.4662,3.09,-41.75,56.52,5.88,88335.0,0,1,0,1,1,1,0,0,0,0,0,0,1,1,1,0,0,1,0,0
ZKP,2026-09-24,10.03,10.0305,10.0042,,10.05,-0.2,-0.1,0.0,392064.0,0,0,1,0,1,0,0,0,0,0,0,0,0,0,0,0,0,0,0,0
ZLAB,2026-09-24,25.28,25.5955,23.475,20.1405,34.44,-26.6,2.47,-4.39,22441100.0,1,1,0,0,1,0,0,0,0,0,0,0,0,0,0,0,0,0,0,0
ZM,2026-09-24,90.35,94.877,97.09,91.0454,111.88,-19.24,-1.73,-1.69,312351946.0,0,0,0,0,0,0,0,0,0,0,0,0,0,0,0,0,0,0,0,0
ZNB,2026-09-24,1.43,1.524,2.1164,147.5099,2720.0,-99.95,8.33,3.62,61149.0,0,0,0,0,0,0,0,0,0,0,0,0,1,0,0,0,0,0,0,0
ZNTL,2026-09-24,2.75,3.5205,4.042,3.371,6.61,-58.4,-11.29,-4.18,3147394.0,0,0,0,0,0,0,0,0,0,0,1,0,0,0,0,0,0,0,0,0
ZONE,2026-09-24,0.133,0.1446,0.2771,0.4076,2.38,-94.41,-7.64,-8.28,1085137.0,0,0,0,0,0,0,0,0,0,0,0,0,0,0,0,0,0,0,0,0
ZOOZ,2026-09-24,7.61,7.1474,6.051,6.9076,47.2,-83.88,12.41,-0.13,313440.0,0,1,0,1,1,1,0,0,0,0,0,0,0,0,1,0,0,0,0,0
ZS,2026-09-24,214.64,184.6592,171.6742,167.8553,336.27,-36.17,12.04,0.09,683913418.0,0,1,0,1,1,1,0,0,0,0,0,0,0,0,1,0,0,0,0,0
ZSQR,2026-09-24,3.71,3.0778,3.9103,10.3637,18.8,-80.27,62.01,25.34,1252621.0,0,0,0,1,0,0,0,0,0,0,0,0,1,1,1,0,0,1,0,0
ZSTK,2026-09-24,3.99,4.7523,3.2844,5.6665,24.04,-83.4,-3.86,1.79,630147.0,0,0,0,0,1,0,0,0,0,0,0,0,0,0,0,0,0,0,0,0
ZTG,2026-09-24,1.56,1.0494,3.138,2.4218,10.5,-85.14,30.0,-9.83,15174668.0,0,0,0,1,0,0,0,0,0,0,0,0,0,0,1,0,0,0,0,0
ZTO,2026-09-24,19.47,20.698,22.3168,22.9181,25.88,-24.77,-3.66,-0.71,55874821.0,0,0,0,0,0,0,0,0,0,0,0,0,0,0,0,0,0,1,0,0
ZTR,2026-09-24,6.09,6.5118,6.6146,6.416,6.8028,-10.48,-3.64,0.16,769287.0,0,0,0,0,0,0,0,0,0,0,1,0,0,0,0,0,0,0,0,0
ZTS,2026-09-24,70.27,74.1465,75.0464,99.1322,144.75,-51.45,-3.74,-1.87,349826063.0,0,0,0,0,0,0,0,0,0,0,0,0,0,0,0,0,0,0,0,1
ZUMZ,2026-09-24,13.44,15.9745,17.8194,22.1842,30.62,-56.11,0.45,-2.25,5512796.0,0,0,0,0,0,0,0,0,0,0,1,0,0,0,0,0,0,0,0,0
ZURA,2026-09-24,4.16,5.2865,5.4817,5.3128,7.04,-40.91,-9.76,-3.93,8354341.0,0,0,0,0,0,0,0,0,0,0,1,0,0,0,0,0,0,1,0,0
ZVIA,2026-09-24,1.33,1.351,1.4456,1.5691,2.73,-51.28,0.0,3.1,538242.0,0,0,0,0,0,0,0,0,0,0,0,0,1,0,0,0,0,0,0,0
ZVRA,2026-09-24,11.26,11.909,11.5538,10.4723,14.75,-23.66,-4.58,-0.53,10561653.0,0,1,0,0,0,0,0,0,0,0,0,0,0,0,0,0,0,0,0,0
ZWS,2026-09-24,46.6,46.8795,48.5702,48.1035,53.062,-12.18,1.55,-0.38,41757030.0,0,0,0,0,0,0,0,0,0,0,0,0,0,0,0,0,0,0,0,0
ZYBT,2026-09-24,1.31,1.54,1.7044,1.1815,8.01,-83.65,-4.38,-4.38,50428.0,0,1,0,0,0,0,0,0,0,0,0,0,0,0,0,0,0,0,0,0
ZYME,2026-09-24,26.81,27.9025,25.7928,25.0774,31.05,-13.66,2.17,-2.51,20181295.0,0,1,0,0,1,0,0,0,0,0,0,0,0,0,0,0,0,0,0,0
